{"type": "FeatureCollection", "features": [{"type": "Feature", "id": 1, "geometry": {"type": "MultiPolygon", "coordinates": [[[[8.545022172859925, 56.69704429149634], [8.544302681606172, 56.69847901866975], [8.545249504118996, 56.700265179966], [8.544134320253933, 56.70159972627292], [8.543672165786333, 56.703285146349096], [8.541945893966092, 56.70441340573075], [8.538667649541862, 56.70310518617395], [8.53405168340388, 56.702874730732894], [8.530762042053643, 56.70225263942738], [8.530947463311461, 56.700212792570014], [8.532952236225972, 56.698720617050704], [8.537163196918101, 56.69773972968018], [8.540514651343047, 56.696803059681876], [8.545036721974283, 56.695256071396585], [8.544008504011856, 56.69660800446858], [8.545600812768749, 56.69626380322653], [8.545022172859925, 56.69704429149634]]], [[[10.285485388414875, 56.705009425051635], [10.274089861980466, 56.706109949733616], [10.269462828598177, 56.70652869863718], [10.271977231044723, 56.705173126576746], [10.275256583990005, 56.704447236444814], [10.278850934782927, 56.70328459993611], [10.282378263170807, 56.70350486094452], [10.282950159426786, 56.704553071452814], [10.287004370390058, 56.704470917877245], [10.285485388414875, 56.705009425051635]]], [[[8.543558802889054, 56.71457881623332], [8.542019425563671, 56.715624119210155], [8.541766505793747, 56.71706341684744], [8.541915317110455, 56.718503831158515], [8.541437452905182, 56.71922582599117], [8.54077924112683, 56.71752982656149], [8.540901251207039, 56.716111071692296], [8.542117104774425, 56.7142942149816], [8.544760193580373, 56.712808507720666], [8.543558802889054, 56.71457881623332]]], [[[9.082912154868527, 56.905027348130616], [9.080374692668622, 56.90389733734277], [9.068353651335583, 56.89370545560158], [9.072627143754666, 56.88909605060256], [9.082790771812395, 56.88437537744601], [9.095174786419163, 56.88059009612198], [9.09871570002908, 56.8790421578265], [9.112596054574258, 56.869518054104546], [9.13081204968481, 56.86041096720909], [9.13241587664025, 56.86024128240179], [9.129952494010253, 56.86130286779522], [9.112508753600002, 56.86983543671383], [9.09940935124369, 56.87913117527281], [9.096998607194413, 56.88368069095827], [9.097734295072732, 56.88513205702934], [9.101423407348372, 56.888437978401846], [9.097464240837104, 56.89562499451317], [9.093206831854856, 56.899830879167894], [9.0873679307301, 56.90494274168655], [9.082912154868527, 56.905027348130616]]], [[[8.935211137887286, 56.97769299269834], [8.931634771366353, 56.97739283709218], [8.911526955708498, 56.95780429474817], [8.88345352689804, 56.95111162586463], [8.852672662957843, 56.94690754758829], [8.828019419573021, 56.920808007082826], [8.797727914680491, 56.90236408922391], [8.75146429396771, 56.89594537891263], [8.709385766060137, 56.88991864614689], [8.672569934701263, 56.889974402854065], [8.637561095977446, 56.8846151977716], [8.64777331301061, 56.86532622062726], [8.641097045497103, 56.84895137366951], [8.648079369027913, 56.839036708056355], [8.621859007443408, 56.8339450302813], [8.621884669616124, 56.82048555378114], [8.662897511729101, 56.816914646093515], [8.661818096083703, 56.8040441933911], [8.635863911606119, 56.79451153046797], [8.587740857306953, 56.796212412505234], [8.562801113330243, 56.78584348280698], [8.550228112052345, 56.778628551024354], [8.55758491178405, 56.75727112451602], [8.51031102863476, 56.74644997590082], [8.506355954847903, 56.723018110327246], [8.550051405351136, 56.73622375916055], [8.57501269721652, 56.72491067921352], [8.553897536850197, 56.7193840630253], [8.558151188179588, 56.712961275996996], [8.562217277565844, 56.70121303198068], [8.582497176296181, 56.71859785937703], [8.576028290255937, 56.72295176576218], [8.581704637636788, 56.72763138384589], [8.59205722900949, 56.73075743636806], [8.605318826681897, 56.71666348579311], [8.626956088789692, 56.71735882371378], [8.612301476301122, 56.710476390111296], [8.611976319405935, 56.70627967428839], [8.633525206154411, 56.68866215061956], [8.626401768970588, 56.682458370187106], [8.62467978570752, 56.68341888702972], [8.63561786484642, 56.68329809394249], [8.658829895206846, 56.67185574805417], [8.712454588937128, 56.68228019729481], [8.772150643533163, 56.69252269136323], [8.775369477876087, 56.71068159153911], [8.805006560084156, 56.72791304498867], [8.828619801406662, 56.74284365859436], [8.838496776158895, 56.75943458613], [8.840162241915873, 56.77004063117722], [8.864908468119125, 56.78471315364722], [8.862855982984911, 56.79356418361561], [8.874401933211983, 56.79179979326768], [8.87467265309926, 56.806537789359936], [8.844014234023867, 56.830529777507685], [8.8286099477863, 56.863552175853556], [8.83530378095685, 56.875858596938826], [8.852404253537468, 56.88717450967149], [8.871730266301908, 56.877815544500386], [8.884574599219809, 56.88169940284898], [8.88820458168847, 56.866510316587444], [8.896962287936072, 56.87769462165836], [8.910181446499505, 56.908974653876996], [8.914332289237914, 56.93019936692977], [8.9133383599699, 56.957780318919426], [8.935211137887286, 56.97769299269834]], [[8.637045241120491, 56.68758386295844], [8.636729534502104, 56.68778526261754], [8.634909473176306, 56.688946336499775], [8.635731039097477, 56.689836361449345], [8.636962201753933, 56.68862998900715], [8.638223347479645, 56.68699560261655], [8.637594430661006, 56.686307665545385], [8.636959074718437, 56.68561260920201], [8.636011431145436, 56.68475195986236], [8.635871618252917, 56.68462505638177], [8.63553811061888, 56.6843221286183], [8.633919733650787, 56.68314955074077], [8.632949211784107, 56.684201418852794], [8.632297548724198, 56.68490752759944], [8.633353159912877, 56.68578684986397], [8.634701932701256, 56.68691031039451], [8.634845761063099, 56.68680840380069], [8.6363635410924, 56.685733952881094], [8.637045241120491, 56.68758386295844]]], [[[9.59991044411579, 56.983584173726776], [9.595114456493176, 56.985350090212215], [9.591329659266771, 56.98503482471213], [9.591429256380628, 56.98333544551754], [9.594966922580806, 56.98213561264217], [9.59776470307533, 56.98043801315853], [9.602458732811515, 56.9801278450322], [9.607534083012746, 56.98092010816389], [9.61154089437007, 56.98080392756314], [9.609917664702786, 56.982548851620706], [9.607737460694747, 56.98342584783359], [9.605340898348846, 56.98249552050382], [9.603699226268821, 56.98129298444576], [9.601610974711573, 56.98128516315765], [9.59991044411579, 56.983584173726776]]], [[[9.264795709632544, 56.989346474348565], [9.266033669840738, 56.99051072188408], [9.263514459610793, 56.99073219462823], [9.257748467551126, 56.989309619751246], [9.253750040170381, 56.98934671660042], [9.24945352213393, 56.98873674693572], [9.2480203768791, 56.98817623717781], [9.247352523482803, 56.98623217325265], [9.24591527831702, 56.98582903910158], [9.246260250250746, 56.984418842807784], [9.247940162714114, 56.983412064201374], [9.248679253410772, 56.98209881992422], [9.251963626141865, 56.98337465208895], [9.261930413557904, 56.98763664659051], [9.264795709632544, 56.989346474348565]]], [[[10.343275960884782, 56.997338953764], [10.342156742685754, 56.99616042553277], [10.342286426175134, 56.99437174875623], [10.34011921090779, 56.99053442559948], [10.337830365547614, 56.988744135981676], [10.33719669753946, 56.9874537268374], [10.339953972099462, 56.987131427980856], [10.338003863466627, 56.984212654230234], [10.336432656135788, 56.982996771151036], [10.333916093240957, 56.9817089215891], [10.332727967073144, 56.982384278380394], [10.332766525460091, 56.98102711846824], [10.330652255098977, 56.98098618978482], [10.332709010824027, 56.979297495312856], [10.336036005022075, 56.981226117714755], [10.339134710356978, 56.984619684853485], [10.3413780362851, 56.989880972512104], [10.34485084591837, 56.99567652999277], [10.343895761599876, 56.99575435292302], [10.343275960884782, 56.997338953764]]], [[[9.565101003537265, 57.011283026911485], [9.56254734920438, 57.01152405914314], [9.557746605900665, 57.012724191032284], [9.554013870536542, 57.01276403083505], [9.550561759884026, 57.01151283415817], [9.550330538919791, 57.01056329185007], [9.555384771525322, 57.00903971666126], [9.558821729395634, 57.00715447649282], [9.561383100256819, 57.002929323175216], [9.563759792766952, 57.00224882059046], [9.56560649992069, 57.00292648325853], [9.569895120867455, 57.003905298466066], [9.572520907222742, 57.00550354927637], [9.569932582411447, 57.0056016924169], [9.567929831604637, 57.006928426997945], [9.56707636021949, 57.00857774234603], [9.56858149646121, 57.00842771596071], [9.565101003537265, 57.011283026911485]]], [[[9.513641840733168, 57.017002501986916], [9.51374000413586, 57.01726576809654], [9.51068629182028, 57.01812173036491], [9.508289242587486, 57.018010025483655], [9.507251084766445, 57.017750656297814], [9.506396261416834, 57.01757722886139], [9.506085804552951, 57.01699472928003], [9.506451726995717, 57.01645989331016], [9.507435980509827, 57.016198617774776], [9.51019944715709, 57.01612540137571], [9.513641840733168, 57.017002501986916]]], [[[9.489206666976843, 57.0310683923067], [9.487954737067655, 57.030706835890875], [9.48733911082367, 57.03015719206764], [9.487615045431166, 57.02932504704706], [9.489891767128281, 57.02883059969007], [9.490559243232166, 57.028912881746386], [9.492013853730707, 57.02971668613402], [9.493460151219606, 57.030335983734304], [9.491125473813616, 57.03081176770712], [9.492633778413335, 57.030748528735586], [9.491623648029167, 57.03104581187684], [9.490067115576814, 57.03098839844091], [9.489206666976843, 57.0310683923067]]], [[[9.850086952304466, 57.05474009166351], [9.857277341824727, 57.05509752454119], [9.865398825255497, 57.0584006511489], [9.867545094505351, 57.05918599750362], [9.87541598210782, 57.06170655524392], [9.870732391693572, 57.06485927172564], [9.868363707664196, 57.06626793079175], [9.861743163546107, 57.06974760542159], [9.861288607029191, 57.07224634041817], [9.859641316885353, 57.073123150098105], [9.844209426317445, 57.0749223968914], [9.839925907801458, 57.07486394580593], [9.826272368882384, 57.07324500847566], [9.818994909254888, 57.07238191573557], [9.814539657111125, 57.071817126646984], [9.813191947928008, 57.06837899097915], [9.816214247954752, 57.063295372735524], [9.821307988466495, 57.05965555187234], [9.839858613206893, 57.05378357507284], [9.850086952304466, 57.05474009166351]]], [[[9.785739324149166, 57.073707290673376], [9.788105801017908, 57.07404854624677], [9.789266451314429, 57.075240480313084], [9.789296549368046, 57.076137495540294], [9.786629402780465, 57.07654577539782], [9.784017685839187, 57.076487665228065], [9.781489969461793, 57.07543438999211], [9.780934926498894, 57.07481554720231], [9.781735381112576, 57.07325179136785], [9.783097805598345, 57.07312541871967], [9.785739324149166, 57.073707290673376]]], [[[10.032152343149955, 57.06752192434482], [9.978862271863006, 57.06901279281959], [9.958968950538798, 57.05291057846332], [9.94128952274071, 57.04932487449774], [9.906747170160765, 57.05770117024195], [9.898379308491968, 57.05927325441611], [9.874143646068665, 57.05564470466806], [9.863788063306064, 57.051234588102226], [9.814962340503456, 57.047492429483505], [9.740274447657795, 57.0456202820305], [9.679044814361538, 57.03440811073789], [9.672101819073887, 57.015200400381474], [9.651435608838762, 56.99826042262832], [9.630507731039476, 56.9858476913141], [9.62103567279985, 56.971088062069335], [9.588719659904308, 56.96307169673546], [9.575485167098954, 56.95817811858066], [9.572981083600066, 56.93919204760418], [9.563467570805019, 56.929124230949256], [9.549427208341442, 56.94329092505321], [9.537491456654724, 56.95604011033022], [9.556178012667282, 56.96524246802405], [9.570769942511953, 56.96252915789082], [9.565933821755713, 56.973113458364885], [9.576001673234504, 56.991346829070224], [9.539501374220878, 57.00430687296287], [9.45898014980523, 57.0157612514119], [9.398212645823723, 57.013042948853546], [9.32803452746969, 57.002238945522], [9.313041750480627, 57.001613809459364], [9.284291930685425, 56.98435224551103], [9.249712528888221, 56.96909180425558], [9.232689209014081, 56.9545157116938], [9.2186991099856, 56.943332667405876], [9.196115463742837, 56.92889717464371], [9.167465975883381, 56.89180865869758], [9.179094706762182, 56.88226301823118], [9.20702001146711, 56.867188986546026], [9.20209481197066, 56.8377130066603], [9.169606838173573, 56.805354952677405], [9.18712840862005, 56.776183465761726], [9.21794426463548, 56.764117809983844], [9.242937850935387, 56.74158345797192], [9.22818329009166, 56.72232387713532], [9.193324192440882, 56.700610808398636], [9.162617251763699, 56.68322041365438], [9.184812973127453, 56.66757396295541], [9.215849741040932, 56.67970947029074], [9.253473480335407, 56.6906772107183], [9.298018616723153, 56.69661028570366], [9.312897405587522, 56.684882315684355], [9.333904565998838, 56.66973337642951], [9.362218557354145, 56.66413715022855], [9.391854935283025, 56.66092735236344], [9.419990086438318, 56.642510168513205], [9.456162697104304, 56.6418622553759], [9.464357319568888, 56.656090197119454], [9.479479262617701, 56.67427276268606], [9.513183043269823, 56.6826592466002], [9.528312743271107, 56.67854434932305], [9.52692923442733, 56.66977938116338], [9.532485638751393, 56.65682956332602], [9.538726202690837, 56.65293729199843], [9.569459195409541, 56.64325655219311], [9.580411269402255, 56.63158159276668], [9.667853187530312, 56.62871568326301], [9.64572227691938, 56.60301544472088], [9.645269889833854, 56.58051767970153], [9.679829488270611, 56.589897770196266], [9.697152460970708, 56.58965158386649], [9.717984832583952, 56.5816380738906], [9.747313832175434, 56.562838475124124], [9.753411792156744, 56.55549275093955], [9.814312192003086, 56.559801562120214], [9.861718020599612, 56.55511044527409], [9.899531558642265, 56.57248979730414], [9.938474306844823, 56.579132530976295], [9.96974597612031, 56.59544646829912], [10.009224162453014, 56.5965743031751], [10.042245760681737, 56.601738637309765], [10.08746061536829, 56.61910321830127], [10.124630894988806, 56.63665501918612], [10.156963452156926, 56.66155948075498], [10.196796695809072, 56.67852759035664], [10.18143807003907, 56.69372781983397], [10.152361590467237, 56.706781905348564], [10.133001631266515, 56.71013155144815], [10.112384982882249, 56.70340428984124], [10.101823881752331, 56.69140299006322], [10.082581221866501, 56.682343008623846], [10.051204932098086, 56.690873400703175], [10.03453848863181, 56.679154156756255], [10.015846174418295, 56.669942997025], [9.99064009253625, 56.66391556685346], [9.979663686775755, 56.65464333781433], [9.940149159996537, 56.649943712588694], [9.901267313976964, 56.64584792066641], [9.875780239972398, 56.64466670566309], [9.847902194736239, 56.63740345823061], [9.820211370083415, 56.63961730727479], [9.80213554000494, 56.63953546101864], [9.838491209359512, 56.64736126112825], [9.861215441944262, 56.649049021113605], [9.887983550374909, 56.65091302217825], [9.924967672119086, 56.654176439879066], [9.951709556031666, 56.660025321196294], [9.959665453904426, 56.66549231798567], [9.985793202776405, 56.678826237958816], [10.013588531141167, 56.68292424825313], [10.032745622004642, 56.69421244683981], [10.064985824276704, 56.70134706269391], [10.090154038576236, 56.69811794618615], [10.11054363058591, 56.71242110918673], [10.146944601980273, 56.71972112902923], [10.158220309325461, 56.719498341983424], [10.176948636998748, 56.70497393545922], [10.209620122235357, 56.71560279143492], [10.24350370697978, 56.714564346547604], [10.27792906207879, 56.71069969012685], [10.311797780603584, 56.70793072585872], [10.332957976210063, 56.70913780374943], [10.330289271045485, 56.72658005931124], [10.301270337550712, 56.751139678806304], [10.291992601975045, 56.76687168915239], [10.282626965350493, 56.78965313290847], [10.28178793528185, 56.805738493461426], [10.27024887333639, 56.8462175767839], [10.26788278543819, 56.8522188025262], [10.263853499130786, 56.887963640500416], [10.266524584830908, 56.910911175915196], [10.273030407799006, 56.939073640856236], [10.286888403276757, 56.95564750954942], [10.293926610103036, 56.965873260028474], [10.307210318009574, 56.9829485097492], [10.30259817779636, 56.986451308458385], [10.266372254813232, 56.98158353596126], [10.229829313671356, 56.97961263659343], [10.188535557589274, 56.988266723175016], [10.162767397139028, 56.99892890777193], [10.113641692727093, 57.025493123346116], [10.077425873994251, 57.03983826269652], [10.052031714536138, 57.048616645401374], [10.032152343149955, 57.06752192434482]]], [[[9.832368130686197, 57.08158463463586], [9.83320282458695, 57.08188094277479], [9.832772130917265, 57.08226004514242], [9.828762423391467, 57.08310854582068], [9.827195008747774, 57.08310802934292], [9.825428206738524, 57.08268791817515], [9.825239094303232, 57.08183930047467], [9.827722631534938, 57.08128515627645], [9.82996070142031, 57.08126712211005], [9.832368130686197, 57.08158463463586]]], [[[11.002252212727551, 57.211016550966825], [11.006003808221068, 57.212561468775796], [11.007832702681059, 57.21264356499966], [11.008162556866866, 57.21278331539815], [11.007750025335566, 57.21302694892649], [11.006682868998855, 57.212926209708826], [11.003644363364405, 57.21282512775136], [10.999872126382282, 57.21129214985745], [11.001462560355165, 57.21094135331065], [11.002252212727551, 57.211016550966825]]], [[[10.958099636525738, 57.21304300187439], [10.959544433828084, 57.21404425275498], [10.959671382845734, 57.21491753441521], [10.957019461803926, 57.21454215492825], [10.956374674449165, 57.21303889134748], [10.9546054317173, 57.213111821755675], [10.955021982311182, 57.21204839084616], [10.955183138276537, 57.21064003429126], [10.958416501072517, 57.20971222170744], [10.962098747524406, 57.20919279275765], [10.96382923873155, 57.21007739215435], [10.9647485386607, 57.21048460312872], [10.965131387160076, 57.2116715091411], [10.962351938585556, 57.21195066651394], [10.959749463511914, 57.21231083343914], [10.958099636525738, 57.21304300187439]]], [[[11.040495655719102, 57.21047621999101], [11.036307037924717, 57.21293365683848], [11.024275391979742, 57.213662761937016], [11.006374851959288, 57.2106410982329], [11.006074595465483, 57.21126903786489], [11.002137546374815, 57.210422015117494], [10.996766756446279, 57.21003608069443], [10.987887052694898, 57.20725942300638], [10.987406508815116, 57.20541666268085], [10.9884727344972, 57.20374726905802], [10.992748790708099, 57.20444026267179], [10.99852280112999, 57.20890203175816], [10.99541921075657, 57.20751786051592], [10.993435739592398, 57.20177182235209], [10.997452951644046, 57.19940688174856], [11.002929218159979, 57.20167399441442], [11.004273458049436, 57.20192048608377], [11.02892456074894, 57.20296495412014], [11.039416136767437, 57.206831973101714], [11.040495655719102, 57.21047621999101]]], [[[11.014536936545973, 57.21347893111168], [11.018334586867448, 57.21422133290632], [11.021936063995511, 57.21522268753119], [11.022663490068192, 57.21554433311241], [11.0217841489995, 57.215778909818106], [11.018434442696137, 57.2153220667656], [11.016539728675282, 57.21467096218834], [11.012935640144686, 57.21408013252707], [11.01176700382527, 57.21330239076209], [11.014536936545973, 57.21347893111168]]], [[[10.988227231218278, 57.21489352917811], [10.992253647408322, 57.215604520228446], [10.989449997321767, 57.21608530540579], [10.988617316545573, 57.217098751929974], [10.98565742427825, 57.21658876787567], [10.98368953259604, 57.21598999562094], [10.982468131931775, 57.21391541752605], [10.980314004219814, 57.21285058640329], [10.981877790568095, 57.21251402924341], [10.988227231218278, 57.21489352917811]]], [[[10.96292527214599, 57.21674132349042], [10.96339334920622, 57.217393620174214], [10.963021532018566, 57.218036045776856], [10.961496581636633, 57.218419020571915], [10.961577818982747, 57.2186046468217], [10.960193187244831, 57.21814267771408], [10.959024285024073, 57.217431758913165], [10.960173011981853, 57.216788002204304], [10.960165537100371, 57.216406601036816], [10.960745927825672, 57.216251796821574], [10.96292527214599, 57.21674132349042]]], [[[10.974595658802828, 57.216646039233794], [10.97578567412767, 57.21685132556203], [10.97485550188865, 57.21804987229888], [10.972133585018204, 57.2196073158291], [10.971396317901588, 57.21806343470769], [10.970283789456479, 57.216742615379665], [10.97097977808747, 57.216206407391766], [10.972156855875614, 57.21603023176639], [10.974467018257513, 57.21554321969726], [10.974595658802828, 57.216646039233794]]], [[[10.955137761676589, 57.21655111904972], [10.955147468871555, 57.21799320478101], [10.957486427648178, 57.21886904617569], [10.959278099516037, 57.219629567568546], [10.958506885963143, 57.220391514844984], [10.95433349730778, 57.22070372197452], [10.95123321902279, 57.21999977197777], [10.949717163758818, 57.218658899016035], [10.95082537669727, 57.2171811221174], [10.953524366765063, 57.216169823903655], [10.955137761676589, 57.21655111904972]]], [[[10.91452938242705, 57.22630584705115], [10.9114670561662, 57.22619489233939], [10.911770960718389, 57.224573374259016], [10.914882691624905, 57.22317898811898], [10.918209405548591, 57.222956599490495], [10.915703531707356, 57.22438477851847], [10.919723250058674, 57.22362964428667], [10.920953193701267, 57.22530895972487], [10.918909976485843, 57.2260740210513], [10.915735295237491, 57.22611880459466], [10.91452938242705, 57.22630584705115]]], [[[10.920545466360108, 57.229227822205445], [10.917021957608823, 57.231048061093055], [10.912952370182836, 57.23225806294323], [10.911368019601065, 57.2319143284606], [10.913070713340055, 57.230960051603894], [10.914350740754692, 57.23087333864767], [10.915639664185584, 57.23002857219053], [10.916455065867305, 57.22941430139412], [10.92230910180796, 57.227652681802766], [10.920545466360108, 57.229227822205445]]], [[[10.917815558975217, 57.24070720002689], [10.914528004411402, 57.24168372461072], [10.911451634787696, 57.24203687897795], [10.90817789092306, 57.24267356379496], [10.905421966530895, 57.24365398933264], [10.89840306090682, 57.24501215912654], [10.89866111993847, 57.24616590963719], [10.896567356318666, 57.24722031786298], [10.893014734965641, 57.246608548170556], [10.892499582591217, 57.244833383219365], [10.894711020123374, 57.242222652762344], [10.89872909096445, 57.240110397532824], [10.90498682260729, 57.23959838124544], [10.911939042694565, 57.23968108668079], [10.913705826737473, 57.239413378810575], [10.917117937207035, 57.239578701854995], [10.917815558975217, 57.24070720002689]]], [[[10.864095195565486, 57.26842064008026], [10.86023379180827, 57.26610552787373], [10.861173399052738, 57.26205534092331], [10.864223110272047, 57.257630983626164], [10.885375264160107, 57.24448792338325], [10.896729238122742, 57.23655615109815], [10.902841897237092, 57.235995840414475], [10.902233605737376, 57.23814496845996], [10.895061786190679, 57.24080983399784], [10.889680003578027, 57.2450475334473], [10.880709017519054, 57.248408537856136], [10.87414600510501, 57.25275711361879], [10.867696221739275, 57.25788256463973], [10.86583760292486, 57.26104678228863], [10.862534962952488, 57.26150082488269], [10.866170741351356, 57.26290273685035], [10.86244221639096, 57.265034323412166], [10.86120271287709, 57.26605173746314], [10.864042095250724, 57.26689396447057], [10.864095195565486, 57.26842064008026]]], [[[11.176553213942462, 57.28004228881896], [11.179699112270816, 57.28266373574623], [11.180248513813746, 57.28445396939396], [11.176941044498378, 57.28107783262365], [11.174048892390012, 57.279470467628144], [11.171511900907321, 57.278655288016324], [11.170524354169418, 57.27933316028788], [11.1692405035249, 57.27903345596204], [11.170403920632516, 57.27809906833334], [11.171629939535661, 57.27812147076879], [11.176553213942462, 57.28004228881896]]], [[[11.18949797401754, 57.28789334791926], [11.190366307130736, 57.28878839189227], [11.192340888566864, 57.291149763659995], [11.193551569634865, 57.29339378441575], [11.191964525005567, 57.292743578820605], [11.189815181720776, 57.291181926310934], [11.187389259736442, 57.29021946221551], [11.18769653746253, 57.28911389418957], [11.18794303876976, 57.28779552107883], [11.18949797401754, 57.28789334791926]]], [[[11.17369107993764, 57.3236051087751], [11.131407997555035, 57.321458942810864], [11.10976190410968, 57.318415151099266], [11.032164529755542, 57.318851082041625], [10.986756606453149, 57.30525708130177], [10.95227814924275, 57.30346436819305], [10.9268177902364, 57.29694659518593], [10.890542086213484, 57.27177704720178], [10.890554752458995, 57.24901812235748], [10.919550119550577, 57.24467149473831], [10.944494968653022, 57.243489333927464], [10.961198331080842, 57.233649337588915], [10.974220972396113, 57.2215716047536], [10.994943520474271, 57.21896962520433], [11.01671680368577, 57.221218439657044], [11.052524806144241, 57.23215088641443], [11.0672577238778, 57.24130859895665], [11.09212085144223, 57.26294564956948], [11.094880052888538, 57.273684817496914], [11.077623295008028, 57.285320561777525], [11.100229433268884, 57.29501232042045], [11.122028569994246, 57.29816627867463], [11.139772578576434, 57.299771836729626], [11.173548497539105, 57.300711391004064], [11.185301122265257, 57.30494941563781], [11.193244036787233, 57.290717157084195], [11.197850183440844, 57.29471941087849], [11.17369107993764, 57.3236051087751]]], [[[10.929743888781045, 57.360301580542234], [10.930737426383594, 57.362253450927085], [10.93163615219782, 57.36374709108226], [10.9288777277942, 57.36310688660935], [10.93020949727092, 57.36209173012952], [10.929692213194317, 57.36103375982666], [10.928222023213815, 57.360538301805846], [10.927276700887514, 57.35973720410614], [10.922699805176158, 57.361131429204086], [10.919660675212592, 57.35970022424156], [10.922446516198661, 57.35979508357828], [10.922755097380238, 57.3587207852316], [10.925308739136694, 57.359932201136125], [10.928087968522293, 57.3588321986372], [10.929743888781045, 57.360301580542234]]], [[[10.579516197995051, 57.45223157099372], [10.577527750164194, 57.45267046534473], [10.576169067161603, 57.452105189855644], [10.577080461017928, 57.45203683072895], [10.578967086607985, 57.45059351921972], [10.579422055451602, 57.4500288181982], [10.58164156165162, 57.44935996127016], [10.581974203309755, 57.449892507715376], [10.581621400761698, 57.45099292730412], [10.581197784019812, 57.45131044519231], [10.580277731302463, 57.451281822708474], [10.579516197995051, 57.45223157099372]]], [[[10.619672093141045, 57.487955808833824], [10.618524443263317, 57.48748799360716], [10.619090346857991, 57.48568665572262], [10.621763495988311, 57.48540057247452], [10.623015041418576, 57.48447310542354], [10.62456773357307, 57.484122942056096], [10.624667401653866, 57.48307669233371], [10.623373609354106, 57.48250119563633], [10.626635579000322, 57.482284691552344], [10.626329320862071, 57.48374068704168], [10.627426956138068, 57.48555205227924], [10.623964837354988, 57.487376737843796], [10.621640975665018, 57.48704726430958], [10.619672093141045, 57.487955808833824]]], [[[10.6111423820075, 57.49285879238484], [10.606944787348484, 57.49372361473759], [10.603858292813227, 57.49477092897882], [10.600670098208036, 57.4978332774155], [10.600480579734223, 57.49633612048369], [10.602380454576403, 57.495713022117506], [10.603660236750963, 57.494314530960516], [10.605963126372297, 57.49268926879823], [10.6010072494089, 57.492529096515085], [10.603235397401964, 57.49220557467903], [10.602669933981765, 57.491051723746914], [10.604170594816713, 57.490261618506565], [10.607887762376937, 57.48960326994955], [10.610554428365836, 57.4905976801444], [10.61445966901061, 57.48973036685101], [10.614253062783478, 57.49212202297552], [10.616385440485782, 57.492964395736216], [10.612703594682499, 57.49252484192243], [10.6111423820075, 57.49285879238484]]], [[[10.60691070346998, 57.724127567022634], [10.635711854797126, 57.74968780342509], [10.557366718308884, 57.74277925406387], [10.451341178523448, 57.6962396874621], [10.365856562737049, 57.65612655779886], [10.298002351887037, 57.62769821354813], [10.250450339546012, 57.61348985310851], [10.137787829049161, 57.590630561543726], [10.054386164759839, 57.59131148979387], [10.0023849701914, 57.59029098046899], [9.979548578451881, 57.594748578070494], [9.967169485714576, 57.593865474387435], [9.961024736083349, 57.59236068806385], [9.95579706754254, 57.597744419219005], [9.932325148282207, 57.579907282150614], [9.885007014121996, 57.53157071683413], [9.8545122860577, 57.509439321572586], [9.826784474171353, 57.49372085873238], [9.795720519644085, 57.47698447182564], [9.768384049828105, 57.444365585509225], [9.731121554550414, 57.39639785607448], [9.69743342973707, 57.36477049072921], [9.660335450123878, 57.3277848523234], [9.637007518227175, 57.30511798160915], [9.608286031296059, 57.28057940771469], [9.584552090535345, 57.26131439572787], [9.475166471599895, 57.19647525615911], [9.399501863003731, 57.164052432797305], [9.337488705641922, 57.15520599627107], [9.259216346166395, 57.14279451996412], [9.148348527673416, 57.13886976190154], [9.073256736106357, 57.1497551877812], [9.027286877966231, 57.15886817369036], [8.953860894414245, 57.15101047562069], [8.823706814506483, 57.108339162769575], [8.742668074248913, 57.098697420349716], [8.691731529717552, 57.11083803077956], [8.627401410625477, 57.12313324630971], [8.602980462589986, 57.121641999832846], [8.596420590686193, 57.11889828298416], [8.589159430091236, 57.124071429169824], [8.539662812196793, 57.07200906191166], [8.475560001007564, 57.04482692581442], [8.407600061143572, 56.982218401876175], [8.36901402136392, 56.96010657251259], [8.335740473545805, 56.93143569824337], [8.29003913352217, 56.87873582486722], [8.242341824073812, 56.808285024118135], [8.23037399624327, 56.7866792319619], [8.227466221533781, 56.76536094704296], [8.225233221739863, 56.749527684940894], [8.22099372785936, 56.72313318165718], [8.234602817239889, 56.71316388733251], [8.244726157653757, 56.70108625795439], [8.250815841456376, 56.72427748543419], [8.25327334101958, 56.775286203848], [8.265269476561393, 56.775904299543505], [8.298995060223733, 56.75781053586349], [8.310447971038492, 56.724144846961494], [8.336569517043415, 56.70320945771454], [8.353926539486027, 56.68282414320601], [8.383158908200732, 56.67451445670659], [8.40519577687949, 56.67563487442591], [8.403871891916063, 56.6829920410478], [8.424990339218034, 56.68778848126962], [8.45396684168867, 56.69743085500472], [8.494878551466915, 56.68375941584966], [8.523846838844296, 56.69741185679548], [8.516384252606429, 56.709270624339695], [8.505513333314765, 56.714459279700456], [8.478668624641521, 56.71545437912715], [8.469912273951707, 56.7172012278933], [8.482506337129752, 56.731735517634405], [8.488455245045898, 56.74559355779893], [8.49697640511624, 56.75759516364606], [8.47058063938768, 56.78280768541855], [8.492717799578056, 56.79675719654161], [8.520461132555887, 56.80682653552342], [8.535193534656477, 56.817529154751114], [8.58054388942388, 56.82309491046996], [8.613199536463696, 56.84814076003476], [8.624681372132295, 56.86733772910634], [8.627131910650359, 56.8843104196265], [8.63986408351516, 56.91183997399463], [8.660835064278409, 56.92951002840415], [8.66995117496817, 56.95197482203827], [8.69545513640177, 56.949843379965635], [8.698210783214497, 56.954678209143474], [8.71996979938266, 56.949276032773156], [8.75984207213893, 56.94618153232911], [8.800237344053638, 56.96222474018266], [8.840484631101669, 56.97188908796127], [8.824813756328808, 56.99084036200578], [8.84252404664681, 56.992379864432024], [8.861882203827056, 56.99462101978645], [8.890625681516353, 56.98235603827054], [8.907463234281291, 56.977520315474266], [8.905185802915135, 56.98167995797782], [8.914784077147111, 56.98174516449709], [8.922093559917833, 56.99763842798428], [8.961019959680549, 57.004953439329825], [8.978004503775445, 57.01366220342761], [9.013320353425712, 57.021338718331926], [9.032500718739886, 57.01000041032272], [9.063765666820391, 57.01894428149157], [9.135817826265608, 57.04075582721784], [9.148858475209092, 57.03179044015938], [9.165965915123063, 57.02241086453749], [9.170232955841758, 57.022509524396334], [9.196866582881126, 57.00784725517229], [9.25397796791079, 56.992005201923526], [9.278506630237047, 56.999227178318826], [9.300789877153866, 57.00769641139527], [9.314187675593029, 57.01350702210678], [9.360809865139672, 57.024480689823534], [9.399032795101704, 57.02942569781426], [9.429351995952779, 57.037046692751716], [9.470953669361416, 57.04206128899105], [9.50595922114962, 57.04436706196143], [9.582509304511259, 57.0426233416775], [9.600644018258274, 57.04889540881394], [9.630749274544657, 57.069050354710384], [9.623170342104451, 57.08198988495414], [9.64090530105848, 57.08875718503323], [9.66844695237353, 57.09625686743722], [9.679311410981638, 57.09621104650075], [9.686565428173477, 57.094153361778375], [9.672284384587401, 57.08505570574223], [9.652435721210898, 57.07218115574404], [9.690580158180016, 57.06720006848514], [9.710776487537775, 57.06399433064531], [9.763191304192256, 57.07630708891942], [9.781530608346918, 57.09431249951119], [9.780909250851419, 57.1003499076103], [9.786795527327634, 57.1059532443946], [9.823425220573107, 57.095373645576174], [9.863289016826366, 57.077409758989674], [9.904032266437724, 57.06350073338547], [9.92390218664881, 57.0558180536851], [9.9542292235041, 57.059110814637926], [9.970836245210975, 57.080020057348996], [10.007541185836216, 57.089399587290366], [10.03629940667594, 57.07411500303458], [10.072500608920778, 57.05806552881306], [10.10345259832935, 57.0477606112711], [10.137078352214186, 57.031456056321026], [10.163950732591452, 57.01827775652251], [10.20178115626651, 56.99757877239982], [10.262907452762391, 56.98742912209038], [10.305656174177532, 56.990341152475], [10.32442310695015, 56.99082991182637], [10.350669551118914, 57.00898208629512], [10.368682320362742, 57.0366882459212], [10.379453082890088, 57.05626127120192], [10.382667996985113, 57.066689139242015], [10.388295522726878, 57.08733967360543], [10.400553718396614, 57.11334316878196], [10.409029078760536, 57.12764405148232], [10.426353647766874, 57.14342801779245], [10.426639288671042, 57.15340061911397], [10.46200859526725, 57.18428574308228], [10.488471393282286, 57.20176333407608], [10.499442649899583, 57.20700873463588], [10.534507590209529, 57.22046600310882], [10.550088004633274, 57.24753682549473], [10.527832719576308, 57.32630451414314], [10.518506495636542, 57.35736254421341], [10.518586550799712, 57.39351076697931], [10.528500926010532, 57.418710677516266], [10.541381959599349, 57.42977677891547], [10.535702458233555, 57.43355875976392], [10.542521641420521, 57.43793291415888], [10.55237289021968, 57.439944729403244], [10.560288416905282, 57.436880205430036], [10.5526874514861, 57.449390203458734], [10.536246277645322, 57.46783825691952], [10.504306994823727, 57.487724230884545], [10.5039457948244, 57.49469893208878], [10.47760330009052, 57.51124516937108], [10.440429647296103, 57.543558138712086], [10.427786024063824, 57.59311241428021], [10.46229922541446, 57.63917796341704], [10.55663222069832, 57.70625159759878], [10.590283533449607, 57.715109709819274], [10.584851988661809, 57.71743458037689], [10.595737633137562, 57.71650205618715], [10.60691070346998, 57.724127567022634]], [[10.417082856168339, 57.14131313039415], [10.418051187942325, 57.142697287352995], [10.418481705542247, 57.1433924850848], [10.420994579954497, 57.144821766658005], [10.421731495829848, 57.14465645902006], [10.422273298523795, 57.14378691489342], [10.420724684720655, 57.142312061890074], [10.420290395094856, 57.14091954325752], [10.419157408417517, 57.14067882625884], [10.417082856168339, 57.14131313039415]], [[8.855052501368114, 57.017946208712814], [8.856158923964184, 57.02455644347628], [8.865051575133764, 57.02581522250055], [8.872481795071943, 57.021210449188224], [8.879191108909806, 57.01499218544755], [8.880790453271965, 57.007952107222515], [8.880475865056098, 57.00418592957558], [8.882878667998265, 57.00288307873727], [8.88461768511576, 56.997067520662476], [8.888043830863305, 57.00212573453612], [8.886673890173554, 56.994414774188655], [8.885851799636246, 56.993649620956326], [8.88411751574199, 56.992388449723656], [8.864864300651568, 56.99874509774319], [8.86905468004223, 57.00279949106168], [8.864651858070024, 57.0043940499352], [8.858317979833823, 57.00843895557293], [8.853783228584026, 57.010679253878415], [8.855230433371363, 57.01568383662437], [8.855052501368114, 57.017946208712814]], [[8.243850952428632, 56.714466902066896], [8.24197578844331, 56.71562786051738], [8.24179500428901, 56.716176415244846], [8.246293362091695, 56.7146870759279], [8.247613649302448, 56.712489968550805], [8.246287062206617, 56.706677069729], [8.245280869138329, 56.70494897368285], [8.243667625143782, 56.70503199954732], [8.243049944452737, 56.706453955902994], [8.244424709095567, 56.70703459407674], [8.245725991548127, 56.709208213434], [8.243850952428632, 56.714466902066896]], [[9.145941133441816, 57.03363611042767], [9.145226432005154, 57.035125768350944], [9.14235487467298, 57.036692723589155], [9.140459574052255, 57.037295496547486], [9.14035517274825, 57.03779446424892], [9.137989002205053, 57.03884402398204], [9.138511680664893, 57.03883742834486], [9.139465750785462, 57.03882540957088], [9.141519775632036, 57.037947759264085], [9.14396918586611, 57.03668980071459], [9.144035467161048, 57.03665783334756], [9.145558759252939, 57.035922933128454], [9.145824696509635, 57.03579469964287], [9.147541028471261, 57.03389556480857], [9.148113249917355, 57.03289970254494], [9.147887995563243, 57.03297605838015], [9.147886186356255, 57.032976689451765], [9.145941133441816, 57.03363611042767]], [[9.955975864623428, 57.069913853106286], [9.955347457149577, 57.07036918780064], [9.956355927447072, 57.0714420785076], [9.95701263544565, 57.07173353374073], [9.958147909233732, 57.07203354529505], [9.959212818883902, 57.0719582888342], [9.95950344543789, 57.07122962596813], [9.95864502972542, 57.070318579977354], [9.956751841043936, 57.069771465222175], [9.955975864623428, 57.069913853106286]], [[10.37425166491853, 57.05178020650166], [10.37556310013045, 57.05158261830903], [10.375700951102372, 57.05082542095432], [10.375709575827406, 57.050777798147486], [10.374721611372886, 57.050564572107575], [10.374402172254491, 57.04869625293559], [10.373496477310317, 57.047311617762105], [10.371982540273766, 57.04578225161911], [10.37192415517018, 57.045723234214364], [10.372019897613162, 57.04738548077715], [10.372631198469085, 57.048213800048096], [10.37281986893324, 57.05007466206421], [10.37425166491853, 57.05178020650166]]]]}, "properties": {"OBJECTID": 1, "REGIONNAVN": "Region Nordjylland", "REGIONCODE": 1081, "Shape_Length": 2430539.696516235, "Shape_Area": 26678316606.26222, "regionskode": "1081", "region_code": "1081", "region_name": "Region Nordjylland"}}, {"type": "Feature", "id": 2, "geometry": {"type": "MultiPolygon", "coordinates": [[[[11.866148854858206, 54.56348608239999], [11.861211037625255, 54.56456701713663], [11.853361106820039, 54.56641229330053], [11.841173848413334, 54.571588942698455], [11.840859394046431, 54.5713908932778], [11.851933811394343, 54.56659691975508], [11.855054608997031, 54.565675807177534], [11.86256038084386, 54.563631779303165], [11.868866935024048, 54.56248900926744], [11.872052447259803, 54.56280556112667], [11.87957191212652, 54.56252574629522], [11.883414974980566, 54.563426113977776], [11.889225881007809, 54.56399767268095], [11.888538897987551, 54.56485670584557], [11.883596305310569, 54.56440322571056], [11.882939777873375, 54.563530410339325], [11.881030081750229, 54.563144101259475], [11.875974886150708, 54.56322488991935], [11.87316477807555, 54.56400520606859], [11.866148854858206, 54.56348608239999]]], [[[11.512858954592348, 54.62272742323415], [11.512629248187686, 54.6246779515094], [11.51166490134029, 54.625474059887054], [11.508685437477869, 54.625199187287535], [11.506597102377324, 54.624794314627806], [11.505446453923152, 54.624167637247744], [11.502582582576542, 54.62347696102405], [11.50638730353767, 54.62269585188293], [11.511919100311177, 54.62213562587271], [11.512858954592348, 54.62272742323415]]], [[[11.592110317827414, 54.64804935453333], [11.594867846610661, 54.64669356112619], [11.596392868857793, 54.646480971502655], [11.598397886114082, 54.6455408385987], [11.601011058326124, 54.64363457430117], [11.602738944418917, 54.644592359241464], [11.600515754227937, 54.64592481243598], [11.598792389355934, 54.6462983178108], [11.596543810978384, 54.64755698329743], [11.593668760098064, 54.64761331272268], [11.592110317827414, 54.64804935453333]]], [[[11.601969567022488, 54.654458259361796], [11.601513928035668, 54.65521350150319], [11.600927838398217, 54.655014739752176], [11.600276704445962, 54.65431231398946], [11.599140765006265, 54.65398870415247], [11.598350217911834, 54.654273575257214], [11.596782882319888, 54.65415545315482], [11.599354034936201, 54.652292927224146], [11.600397102050247, 54.652813792484906], [11.601478011593953, 54.65384626551263], [11.601969567022488, 54.654458259361796]]], [[[11.65666687076159, 54.64977233194678], [11.659127357223078, 54.65348526680007], [11.6593190801626, 54.65560317720713], [11.658734588628052, 54.655984071054725], [11.65713607520751, 54.65471092224173], [11.656820424284676, 54.65373531857018], [11.655712788962925, 54.65220567792948], [11.654722417023448, 54.65030234409043], [11.656534890280033, 54.64893779681722], [11.65666687076159, 54.64977233194678]]], [[[11.83488394001536, 54.71552731700614], [11.8337298420305, 54.717219000367216], [11.83315478999295, 54.717637742074885], [11.831615598618834, 54.717680112153246], [11.832000605769803, 54.717070277731], [11.831156330438242, 54.716521452687346], [11.830878092550353, 54.71599436912868], [11.831737785667135, 54.715134564123936], [11.834903543051487, 54.71373514076793], [11.83488394001536, 54.71552731700614]]], [[[11.857966206936362, 54.725864157293756], [11.854985372244808, 54.726061113575625], [11.854352035715015, 54.7247662938017], [11.863438125606278, 54.72156782539869], [11.868251520782481, 54.7211315583324], [11.870723134675414, 54.72057673502066], [11.871522268765663, 54.720546557490174], [11.86745405935529, 54.72159457068046], [11.865894667565406, 54.72264839440933], [11.86455231593465, 54.72561879983641], [11.861705462272786, 54.7252016657682], [11.857966206936362, 54.725864157293756]]], [[[11.094702251140966, 54.82842334436018], [11.092010187982359, 54.82784156174739], [11.089283694195537, 54.827990283445274], [11.084852273457937, 54.8252718240489], [11.086860199459126, 54.82524252455526], [11.087898321347515, 54.825743404903534], [11.091463950305878, 54.82623552894023], [11.092647686406906, 54.82653700752791], [11.093460984234225, 54.82773969006693], [11.094702251140966, 54.82842334436018]]], [[[11.057039786372918, 54.83785259596023], [11.059429014872848, 54.83907803602955], [11.062060394139062, 54.83918239066916], [11.061728606778765, 54.84043025411499], [11.059016886685107, 54.84207715684498], [11.057948870660672, 54.84258730581344], [11.055087087897116, 54.84134943323785], [11.054056245955769, 54.84041229294282], [11.054160340035931, 54.83960110756531], [11.056510582550828, 54.83711730660921], [11.057039786372918, 54.83785259596023]]], [[[11.020425688779087, 54.84487247521373], [11.021079852748784, 54.8463486480981], [11.023463475761325, 54.84690155209754], [11.022347537311433, 54.84938237754444], [11.019047618336039, 54.852252243145514], [11.016164432312502, 54.851533530917806], [11.014431441093937, 54.845750505156346], [11.014062096968258, 54.84161382347745], [11.014450665939355, 54.83776244284304], [11.017189633732208, 54.83052531146567], [11.019065301672402, 54.828602032127286], [11.021144006833095, 54.82888248001087], [11.019320304635459, 54.82980216532455], [11.018905371009087, 54.83090971635883], [11.020530693750972, 54.83686077125917], [11.023496204082077, 54.84042647110102], [11.025699578336217, 54.841727574218574], [11.022765384174262, 54.842616396157105], [11.0207901424764, 54.842292091797354], [11.020425688779087, 54.84487247521373]]], [[[11.055455966695497, 54.85473358661849], [11.054684953466918, 54.85529188551098], [11.053973631492338, 54.8562279490759], [11.052912830736258, 54.85861815707261], [11.051888004812376, 54.858681773288914], [11.05127135808219, 54.85680477323641], [11.053251804618835, 54.854161639825385], [11.053389905322417, 54.85278324184353], [11.049670825248906, 54.84871242385318], [11.051688017372221, 54.84819808645254], [11.054828320094687, 54.84806470131435], [11.057512756556536, 54.849536685629424], [11.05964598945498, 54.852040238157116], [11.058821443822001, 54.85396448122988], [11.056495917553812, 54.853931450287476], [11.055455966695497, 54.85473358661849]]], [[[11.452657753057528, 54.882439099499805], [11.45339070915907, 54.88320564860153], [11.453064454522632, 54.88356884879514], [11.45031661137476, 54.883545855108224], [11.443863566226229, 54.88170759716698], [11.443798960289312, 54.881366762761004], [11.44557121776727, 54.881579815092124], [11.447911546474698, 54.88103527245944], [11.450308411552852, 54.8813639401359], [11.452657753057528, 54.882439099499805]]], [[[11.497698943636737, 54.899470094681966], [11.492067609936477, 54.902332328638856], [11.490298938533133, 54.902310176719624], [11.489555105630098, 54.898986478578045], [11.486308361529655, 54.89929660617602], [11.48225045579559, 54.89747035132528], [11.480711520441346, 54.89672394225048], [11.476038852642606, 54.8968646997024], [11.478282469624887, 54.88695627487994], [11.482701984990022, 54.88454195076144], [11.483835534012744, 54.88608643783693], [11.494137718219916, 54.8861345144723], [11.496486847722174, 54.88695803787158], [11.512061753676619, 54.888090329160875], [11.515240211442435, 54.88658441005869], [11.519838959571382, 54.88796235445081], [11.51760691738157, 54.89041883449073], [11.503731954524705, 54.89444740790501], [11.501698937679354, 54.89544884373491], [11.497698943636737, 54.899470094681966]]], [[[11.641552487934183, 54.90957998644668], [11.636954510559743, 54.90998052479243], [11.63491750788947, 54.90936965031994], [11.633007869258506, 54.90803697904517], [11.630372099027179, 54.90410731123791], [11.630648860084737, 54.90322724090133], [11.632000377226316, 54.902983819872], [11.630709073259917, 54.90394934347196], [11.633243885429714, 54.907202465427204], [11.636387137321252, 54.907873141921144], [11.639894970470854, 54.90951111598582], [11.644458200111767, 54.90883181876712], [11.647347330287497, 54.90658758812999], [11.64742956835681, 54.907730737297584], [11.644661876034437, 54.90932029488137], [11.641552487934183, 54.90957998644668]]], [[[11.505542886272268, 54.912784094352794], [11.50014773403325, 54.91399773203351], [11.49567950752184, 54.913812565673155], [11.48500285609691, 54.912376331386646], [11.48024430756039, 54.91217766095054], [11.47495012056941, 54.91328248474963], [11.47281376782198, 54.91308642851085], [11.473755214816137, 54.909804558907005], [11.477178759042623, 54.909233355046226], [11.478860353152221, 54.90698936060345], [11.480723698901661, 54.905854068479066], [11.484210280606566, 54.906933450083095], [11.48514182816631, 54.9082190279471], [11.489680112490088, 54.91047709085865], [11.493311384939515, 54.91115564820743], [11.494233982584076, 54.91235828089985], [11.495998056409775, 54.912049483406584], [11.498101953026007, 54.910519466235584], [11.500098665357495, 54.91025769135897], [11.505542886272268, 54.912784094352794]]], [[[11.043154291667681, 54.92656991926227], [11.045281009983709, 54.92776376383267], [11.046856488803709, 54.92980116840055], [11.051088333529593, 54.931502609226904], [11.05602324920415, 54.93189047939578], [11.05271732409276, 54.93216101360231], [11.049959925565226, 54.931438237213406], [11.045971015834896, 54.92973077994752], [11.043505800641723, 54.92790014450105], [11.041950592306089, 54.92592833264106], [11.042802834795907, 54.9252741185418], [11.043154291667681, 54.92656991926227]]], [[[11.183267789212929, 54.960774432555276], [11.156573204294986, 54.95603053083001], [11.131993876088405, 54.952206142243575], [11.111069268156754, 54.94682237151992], [11.120862838826474, 54.93261688164154], [11.098690014621, 54.94172614598247], [11.068829533079892, 54.93664080640955], [11.045346330979582, 54.92097187061052], [11.01779664064104, 54.88030053383408], [11.029030015776772, 54.87584885848521], [11.045969981874002, 54.87322050254271], [11.055300030840275, 54.86146328082433], [11.07770707728132, 54.84787498704101], [11.090243327582632, 54.830643038828214], [11.094951005422953, 54.83380004068602], [11.125137880839382, 54.83452060025414], [11.122303121196211, 54.830969224487966], [11.112057255967464, 54.82460489228155], [11.081083570448163, 54.81530847179847], [11.06804615274477, 54.81374703852357], [11.058283597308572, 54.79989244608015], [11.029458781661887, 54.81054193100512], [10.994417503874818, 54.82047975982813], [10.998656067999024, 54.797812026941564], [10.974861843994557, 54.79484898327765], [10.96342375987356, 54.80480216569858], [10.965504772806229, 54.83030048371793], [10.986614927759796, 54.8282298120557], [10.9567169307758, 54.821686033369794], [10.980054471951089, 54.78820514119317], [11.036451725075949, 54.752644582182825], [11.097051500119175, 54.74022428259785], [11.155737342584374, 54.72860021450197], [11.217715013797509, 54.71219624720888], [11.250870877821841, 54.70775434026875], [11.279093073033252, 54.693443228589246], [11.328008400090505, 54.663694365832754], [11.34675036239317, 54.65414281026127], [11.383914412197184, 54.64203588426523], [11.426730139847724, 54.6241642105181], [11.483608697725408, 54.59930495519429], [11.524289360812622, 54.59592168474044], [11.48669017516981, 54.60168589773576], [11.460426389024482, 54.61031475120456], [11.490316926398378, 54.62883373583082], [11.521748290978543, 54.637553762211816], [11.550261624783623, 54.64565310739626], [11.569078001727778, 54.651946801895335], [11.565714323028464, 54.658716430041494], [11.588444594088537, 54.65955925489817], [11.606871784919027, 54.66138577155754], [11.629517215490393, 54.663217750940596], [11.65794155589522, 54.65946349325268], [11.663658770333292, 54.66557537911239], [11.67583154879592, 54.66176385530691], [11.701968529654035, 54.661580643670376], [11.724242841028726, 54.6563829757413], [11.727829829229572, 54.66516924274257], [11.735133975109205, 54.65181197459773], [11.774905835979654, 54.64936529486759], [11.808428021298765, 54.64233998003689], [11.817529316074529, 54.650027089918574], [11.823969153293435, 54.65788993288695], [11.838812890793722, 54.665452834806594], [11.852356634923856, 54.675224645037964], [11.858550496349967, 54.68512881151342], [11.844555333518214, 54.694726109681625], [11.817600138353228, 54.7065335353077], [11.807118980097075, 54.71262148079968], [11.82025751935533, 54.7171801524731], [11.816170264762661, 54.72825185313658], [11.816439950689047, 54.73325694557397], [11.846676723027954, 54.7282588078398], [11.865387498518924, 54.74419890516264], [11.859444735079324, 54.75772860221806], [11.856459552541816, 54.768230138638856], [11.830298049473067, 54.78323350425121], [11.81040453321442, 54.790439840375754], [11.789291228767468, 54.80388236558497], [11.779909281432284, 54.81871359499517], [11.779769551184799, 54.83143618606688], [11.744320242426017, 54.84539201961381], [11.73847728989932, 54.86375837106226], [11.74339911801853, 54.87468157490022], [11.700563139646558, 54.87886644043216], [11.658921336697517, 54.90138295033217], [11.640689968717503, 54.89646105121754], [11.6445383478014, 54.877217101189636], [11.65179322018938, 54.85980666182238], [11.615614666269497, 54.84924793039959], [11.579654702102628, 54.85566496576253], [11.571289978249096, 54.8388802532867], [11.59919392101658, 54.82547558840315], [11.633943358625713, 54.80351773758034], [11.61639944887475, 54.811796752069256], [11.590022443562578, 54.82655344469326], [11.547953548289815, 54.82878546928662], [11.513027758814026, 54.83314296487561], [11.489939191109613, 54.83552022531176], [11.488141136711642, 54.83812864798634], [11.465271271049682, 54.8525820107242], [11.441575293092871, 54.86482315218263], [11.426233134340363, 54.863922319951214], [11.417252191354763, 54.872880182499834], [11.381589649496991, 54.884086919224345], [11.363066344321023, 54.90386585507878], [11.3502894775759, 54.91915291620633], [11.318156946475444, 54.92419373322954], [11.285807136263971, 54.94809361942219], [11.247046236719342, 54.9576445843045], [11.183267789212929, 54.960774432555276]]], [[[11.35861620089625, 54.968199362897465], [11.354301082343568, 54.96775598548018], [11.35025579614263, 54.96828983136109], [11.349606481278864, 54.96635904226715], [11.349797788298398, 54.96507871971423], [11.352400506815487, 54.96228303013114], [11.354621469184599, 54.95769964964967], [11.356746395361617, 54.95676387256214], [11.35972467614279, 54.95841472890645], [11.362249067855293, 54.95817835979627], [11.364187607085611, 54.956087739024824], [11.366032946105168, 54.95700934723753], [11.368314127937673, 54.9588217958095], [11.368520463771915, 54.96016191435028], [11.367766443075267, 54.96185927380951], [11.366110262305051, 54.96399200516171], [11.35861620089625, 54.968199362897465]]], [[[11.418356421163251, 54.96533580196968], [11.408026551777366, 54.96249634035644], [11.410432523077532, 54.949708715484], [11.40385101075856, 54.94768949501465], [11.391847468607248, 54.95343633773032], [11.377395775659888, 54.95540364885787], [11.376584768536533, 54.94977083576743], [11.366381678386679, 54.953410605044084], [11.364244106625389, 54.948393232536255], [11.372995908246637, 54.93751408827791], [11.373973625618731, 54.9359940736233], [11.39859521955945, 54.924760969812304], [11.412636794748673, 54.93066545274886], [11.431774079556744, 54.94276344866976], [11.440657376569254, 54.943640779042276], [11.459240590391548, 54.943826590363095], [11.470253074290504, 54.94658444161185], [11.464234781400148, 54.95538681387121], [11.448853106656589, 54.96476071356943], [11.418356421163251, 54.96533580196968]]], [[[12.045983548291867, 54.95495287762489], [12.044017854787155, 54.95558420992644], [12.044501490668111, 54.95381609618103], [12.046238095809066, 54.95207896453544], [12.047495529696002, 54.95164850515192], [12.049784587956923, 54.95173365665295], [12.05078064802879, 54.95186598693677], [12.056076149255023, 54.952293199200255], [12.056872742011318, 54.95235749192025], [12.056091568836868, 54.95231933446049], [12.052798495922254, 54.952158568009864], [12.04770092499415, 54.9517698538404], [12.045983548291867, 54.95495287762489]]], [[[11.313753433698803, 54.9635256987765], [11.315826498337824, 54.9657936006066], [11.318565143635517, 54.96682861146494], [11.317581554874726, 54.96850951930707], [11.312989405769855, 54.97121609692892], [11.31192656404147, 54.97183650719748], [11.308894751754195, 54.972099885122255], [11.302637040772622, 54.97078573889605], [11.302012109778904, 54.97039963405097], [11.303968948589862, 54.96667080324568], [11.304372924566408, 54.963540564426346], [11.307222286324532, 54.962160283044796], [11.310963542209125, 54.96174448387012], [11.313753433698803, 54.9635256987765]]], [[[12.000533221813114, 54.941701185992194], [11.997102273672088, 54.94621164197321], [11.992940224450521, 54.957234319368986], [11.983727905092152, 54.953890359287854], [11.993949250805187, 54.94445610066298], [11.998293201685279, 54.939564025081346], [11.995307990401665, 54.929234181475344], [12.019290295575521, 54.918506139699566], [12.040000819703598, 54.91530693506547], [12.055940695886587, 54.91179310747157], [12.0669855451869, 54.90971348004779], [12.081729265161789, 54.91136241294209], [12.077218967850648, 54.911523645145635], [12.086739508166154, 54.92553177861949], [12.077551826002784, 54.931514117932856], [12.06594551437851, 54.93956563199367], [12.03579105826236, 54.93848799088737], [12.021273723620565, 54.93283953412882], [12.007787048562104, 54.936197575097], [12.000533221813114, 54.941701185992194]]], [[[11.292975256548354, 54.9772198837925], [11.289868533749521, 54.975520478479424], [11.290904129575374, 54.9744250856209], [11.290037067578305, 54.973194031275284], [11.290364086681073, 54.97034710497964], [11.292664620919714, 54.96945329791219], [11.294663332901008, 54.9696825570261], [11.296831878573286, 54.97123857649886], [11.298417901818118, 54.97249401707136], [11.297268913450615, 54.973265860533466], [11.29070958233261, 54.973541636297774], [11.292212312885969, 54.97427781843456], [11.290493533913516, 54.975384298489416], [11.29181129775662, 54.976372783372426], [11.293804265011678, 54.97557185880529], [11.292975256548354, 54.9772198837925]]], [[[11.842445095694401, 54.95849426825286], [11.829149779757776, 54.95929541426565], [11.813953168742522, 54.93803047611704], [11.792286879372986, 54.94668374258174], [11.754785114226099, 54.961710261167596], [11.736650765195073, 54.942165107387055], [11.710255329148252, 54.935551543760205], [11.744347612296085, 54.92953123203196], [11.744366268507905, 54.9036068538685], [11.756811468266978, 54.88119051419633], [11.757229606183964, 54.8632087660087], [11.783537276827532, 54.853724678166124], [11.806389620849876, 54.840119287422034], [11.813999960189067, 54.832068945148066], [11.802780840418572, 54.8153575764797], [11.827206103062357, 54.79750454176872], [11.850789514927543, 54.78208524557974], [11.866359294196654, 54.76296759776459], [11.87699045673223, 54.753368234084846], [11.874557997707551, 54.73703568532904], [11.880014312641014, 54.7249648885346], [11.899971059515888, 54.70382403013386], [11.868818058587772, 54.66445638896531], [11.886618268469068, 54.63404932187673], [11.920569854782173, 54.594739946590195], [11.917904561419036, 54.574683611068984], [11.961113681993718, 54.56256252964611], [11.964321107732536, 54.62312306993502], [11.980106207785354, 54.70215648424997], [12.03369205207453, 54.74627244742949], [12.05848730203778, 54.7704908886349], [12.088139020496756, 54.79156983491173], [12.129061068985632, 54.815339175042375], [12.14987814947608, 54.82642172104459], [12.14746005810611, 54.85169806166174], [12.120776757824775, 54.88678377931103], [12.07382371516575, 54.8933312227412], [12.040566820316327, 54.89240079053928], [11.99627147756134, 54.89807357788545], [11.980910680563323, 54.91643495562418], [11.972341390556663, 54.937481166555656], [11.928426063912937, 54.93834489264986], [11.918363194490716, 54.922609172788576], [11.908963939314988, 54.91695795296105], [11.889230386957284, 54.931826010454856], [11.877778435543256, 54.94392181938351], [11.864187914339633, 54.95518528712858], [11.842445095694401, 54.95849426825286]]], [[[12.104188190208806, 54.96031041490981], [12.103837704415861, 54.961535398773215], [12.098583245418348, 54.96068878496828], [12.092628193025655, 54.96091262092256], [12.083733148744173, 54.956612863408054], [12.080494615245401, 54.95693822650707], [12.074068833067416, 54.9548594657048], [12.059623274715138, 54.95272331843362], [12.06583034766416, 54.95060943214065], [12.077129876534045, 54.94711956097702], [12.076182577914095, 54.94786606294124], [12.077498067222916, 54.950028863593644], [12.08688990051779, 54.95162994041592], [12.090983781083981, 54.95344298497714], [12.095439255111629, 54.95228308360206], [12.09868203584508, 54.94955823647407], [12.09632465172366, 54.95305792877921], [12.096646015033402, 54.9555935499281], [12.101372782073476, 54.95596190492589], [12.104188190208806, 54.96031041490981]]], [[[11.52346925285714, 54.9900283398256], [11.517949924699746, 54.99163707772616], [11.505873168056162, 54.9882917301062], [11.49958073808717, 54.98464509864812], [11.498279490668866, 54.979029042031705], [11.503497252588751, 54.97673638215256], [11.510867792052695, 54.97415579011666], [11.515223429116295, 54.972311818109134], [11.522868808141435, 54.96424123441155], [11.525104457067131, 54.95722564461705], [11.530806302228994, 54.95379388077443], [11.536700942020486, 54.94966688024721], [11.540865624204146, 54.9530007353578], [11.545771515311884, 54.95688149200147], [11.557198812462937, 54.96498286937116], [11.567700101066315, 54.9725934298488], [11.560196566024526, 54.98047325031635], [11.549005691083202, 54.98836835497323], [11.535414841096209, 54.989070819392545], [11.52346925285714, 54.9900283398256]]], [[[12.132311073072275, 54.988143720053706], [12.130594998927151, 54.98903866659765], [12.12756569383784, 54.98705286037501], [12.125831305738988, 54.98634214574846], [12.12050025188876, 54.98783174795999], [12.113970531039145, 54.98619086995945], [12.111011246032959, 54.984928351157265], [12.114996589451614, 54.98021865844249], [12.110493510103817, 54.977436298692126], [12.109722393568973, 54.97639150268661], [12.101885762321517, 54.97236766048153], [12.101358976764182, 54.97028972063027], [12.10576498865398, 54.96893454205023], [12.107276309796417, 54.97178910882552], [12.108041912472011, 54.97285761642797], [12.116150305652475, 54.97093375004575], [12.116674563350612, 54.97681030748872], [12.117941482548636, 54.978368045393616], [12.124227324273315, 54.98202247982061], [12.132311073072275, 54.988143720053706]]], [[[11.898109238207487, 54.97991848870937], [11.89664065082144, 54.98335518420668], [11.894922310226839, 54.98503812245519], [11.893672464409084, 54.99066132315019], [11.890991252899115, 54.99274174363991], [11.890880386420003, 54.9943392670011], [11.886909958628356, 54.99640304334227], [11.886834832521128, 54.99677217172746], [11.881078644674483, 54.99888866203383], [11.87444172516707, 54.99436982474188], [11.875135959388333, 54.993007469429564], [11.878704418938113, 54.98917891258622], [11.879073536688356, 54.988558649648944], [11.881390479554012, 54.98627954440716], [11.884553236565294, 54.98476077208731], [11.886068551617493, 54.982160307457946], [11.889275944118616, 54.98181538436946], [11.89252614493629, 54.97761869557144], [11.894478122963253, 54.97811380362132], [11.898109238207487, 54.97991848870937]]], [[[12.225697265606215, 55.004846182650034], [12.225017458328441, 55.00575633676319], [12.225358443538918, 55.005950582303434], [12.223651716364325, 55.0077917751336], [12.222859828085161, 55.00815066526823], [12.22147036341103, 55.00830941701949], [12.220829275318616, 55.00754901913164], [12.221930867673459, 55.00607618718011], [12.2253339680407, 55.00467590727844], [12.225697265606215, 55.004846182650034]]], [[[11.348618655164898, 55.02460514857422], [11.354143095634539, 55.02829611757965], [11.357486805683408, 55.02985747314314], [11.361357558207786, 55.03023535685022], [11.36478013674532, 55.03133474805396], [11.368527428410312, 55.03292113003141], [11.372347611174083, 55.0336068066392], [11.375280394082765, 55.03598245955998], [11.374515766079224, 55.03849165707806], [11.372265334477227, 55.040258479686564], [11.366825069742939, 55.03977412318758], [11.363091338147166, 55.03859794828903], [11.356716945891668, 55.036527020033496], [11.351925200113817, 55.033801973689826], [11.345503467541146, 55.03094044672284], [11.342835135177397, 55.02878237786655], [11.344249581101282, 55.023404091832646], [11.348231695076471, 55.023160270657], [11.348618655164898, 55.02460514857422]]], [[[12.235946208463115, 55.02917552548108], [12.236749236750084, 55.02971745686298], [12.237269001075173, 55.0311909604974], [12.23551527943479, 55.03235849251092], [12.23426471137157, 55.03243249251196], [12.233346590930376, 55.031519387757136], [12.233127808039583, 55.03059937234725], [12.233729243597017, 55.0295861553402], [12.234649749065273, 55.02900717813778], [12.235946208463115, 55.02917552548108]]], [[[12.236373985303091, 55.05871929928924], [12.237114570796354, 55.05990595143318], [12.232412566715402, 55.06081925451467], [12.221851642553577, 55.05862208064492], [12.21403248533506, 55.05884484896933], [12.20695502841907, 55.05604792280642], [12.20222328740727, 55.05313887319836], [12.196027429026246, 55.04992232931947], [12.19019975774087, 55.04756733575432], [12.185809429537631, 55.04747444956629], [12.186694268295861, 55.04079783063825], [12.196099260113018, 55.040177530271336], [12.207821538850556, 55.03582707393981], [12.2173711396655, 55.03347128807825], [12.222182790313406, 55.03600313507549], [12.22531340560384, 55.04392739280282], [12.228621183041344, 55.046980090628736], [12.23190277728325, 55.04965495707067], [12.229633738876773, 55.05108019378665], [12.236373985303091, 55.05871929928924]]], [[[12.282097458018681, 55.040459528101636], [12.255864134642957, 55.05781451745517], [12.232393725450645, 55.04292426330547], [12.25284890256091, 55.039639104712194], [12.268241019321298, 55.0294198548037], [12.279958592683403, 55.018533994161565], [12.286428898960093, 55.016739892024106], [12.278058341447139, 54.99172616531291], [12.294657702321231, 54.98592266051932], [12.30769472746086, 54.98598309811628], [12.33796869634075, 54.98691358574099], [12.333342693326067, 54.98351809336959], [12.300335361242379, 54.97271152113037], [12.27823154112548, 54.96253497139563], [12.275449075109943, 54.970433241936675], [12.279618882182309, 54.982102927616715], [12.240251032322663, 54.97592001087899], [12.206651272987202, 54.966690509969], [12.180029259367842, 54.984962404084705], [12.175074535841253, 54.97722828253533], [12.167270500862209, 54.9701518099597], [12.135670044599498, 54.96312015038056], [12.135963234945304, 54.94549106375819], [12.128359599733116, 54.935043501202834], [12.10961126029022, 54.91782333624487], [12.106944022972801, 54.90639567326176], [12.129530904947211, 54.90246727389235], [12.146118416144425, 54.89851266191589], [12.131397308561905, 54.89930750114232], [12.139804968292744, 54.8847530485611], [12.194792590463667, 54.87983747560655], [12.229845762843368, 54.89540630836403], [12.248841122819714, 54.914281021217256], [12.30541169330224, 54.947914384666625], [12.335293170268177, 54.95956788186623], [12.38569039145578, 54.96536244650782], [12.461092452138828, 54.95582630493647], [12.473381897502362, 54.95163170986202], [12.52530172626563, 54.94366450309844], [12.551402496034651, 54.96703249059792], [12.53296673617468, 54.99493687073131], [12.500377738739012, 55.01241370446593], [12.471524035967732, 55.01956552644439], [12.423063728958097, 55.02244539964984], [12.372833109323087, 55.02647685603613], [12.316310397485628, 55.027718756536], [12.282097458018681, 55.040459528101636]]], [[[12.254467024407461, 55.08603382148931], [12.250644224851278, 55.086516517733514], [12.246979698566664, 55.08733599827841], [12.248667506323052, 55.08682645959969], [12.247275228125478, 55.086215711358385], [12.251025454586486, 55.084682810189484], [12.253346641991827, 55.084877201365984], [12.257414931352242, 55.083934773282046], [12.26153830001599, 55.08110003496778], [12.260829196880142, 55.08023519419612], [12.255817150058668, 55.07799238508463], [12.257772397953266, 55.07501238366704], [12.265524279441856, 55.07121908389344], [12.268637038919383, 55.06889637213716], [12.267380540178657, 55.06829821409209], [12.273171730880337, 55.069624669432514], [12.2707780997372, 55.07501975702264], [12.266513679404206, 55.077673843273146], [12.261497886607971, 55.08261085116165], [12.254467024407461, 55.08603382148931]]], [[[12.12089647450606, 55.1313618085303], [12.119308437238367, 55.13175386344057], [12.114691476665365, 55.13127443270478], [12.107749611458363, 55.131717666246004], [12.102305234236695, 55.13108473104369], [12.098705850183267, 55.13116982037283], [12.095303850252238, 55.129959879935846], [12.098943954039195, 55.12831458178404], [12.101380047647497, 55.12870227432611], [12.103812080870721, 55.1277739490935], [12.105217033398644, 55.12778433891252], [12.107763680872337, 55.127018260603634], [12.109527998141484, 55.12892790766806], [12.113369719810827, 55.129025735134036], [12.114483682865433, 55.130009253630675], [12.121841595609745, 55.12994921283494], [12.12089647450606, 55.1313618085303]]], [[[12.053354050026567, 55.13273868179415], [12.053671193949443, 55.13326045787768], [12.052107776808734, 55.13366557335228], [12.049764884309488, 55.13296024971146], [12.050013470606482, 55.13229420087245], [12.050729283259153, 55.131886345519135], [12.051795778435832, 55.13209697432051], [12.052712534336102, 55.13164945624834], [12.053899201639892, 55.13158032172391], [12.054157832898397, 55.13192986485317], [12.053354050026567, 55.13273868179415]]], [[[12.069797422943171, 55.13329130156807], [12.066719290824894, 55.13551188143526], [12.06320447327399, 55.13573952364922], [12.061143103801616, 55.1351776570118], [12.059412059232297, 55.134502086954456], [12.05918368772412, 55.13318116266179], [12.060953369732166, 55.13302808309705], [12.062441102911851, 55.13256029235143], [12.064595909750187, 55.133118435679144], [12.06819257729819, 55.13257617127141], [12.069768719074917, 55.13231275858454], [12.069797422943171, 55.13329130156807]]], [[[11.728149452502604, 55.136649917771685], [11.726680378229663, 55.138690853536446], [11.723604546696851, 55.14044335765457], [11.720243417416299, 55.14222318833938], [11.71978870728748, 55.143131145787635], [11.721861883317604, 55.14420127125333], [11.720625556246603, 55.1447542498416], [11.720313918996435, 55.14725459771372], [11.71752782648208, 55.14682540575651], [11.716634546255124, 55.14551386473101], [11.716519205267604, 55.14271119823684], [11.715096118449008, 55.14005356563304], [11.714323210673518, 55.13660561793337], [11.712390360473883, 55.13593651139843], [11.713761395311666, 55.13091641045032], [11.714113304036012, 55.12734513313562], [11.71381039661377, 55.125188866392904], [11.716706347697494, 55.12368108590852], [11.718642695038493, 55.124471671438606], [11.728149452502604, 55.136649917771685]]], [[[11.70123996631423, 55.15307797008555], [11.70287675335574, 55.15371921759593], [11.70408005656028, 55.15433365808612], [11.703398991641102, 55.1549315728962], [11.699818757872897, 55.15565840052851], [11.697622535106714, 55.155667495856235], [11.696435129387742, 55.155185327711685], [11.696643207055324, 55.154458314382026], [11.700182235101465, 55.15309476629539], [11.70123996631423, 55.15307797008555]]], [[[11.1770644424757, 55.17061770596353], [11.17696981843524, 55.17167032225433], [11.17360354270645, 55.17393741304459], [11.16680546364046, 55.17107753648539], [11.159420302298594, 55.17078443745494], [11.159317191873653, 55.17180779406776], [11.15191429329653, 55.16885255791389], [11.13992318113382, 55.16202615488622], [11.133183797090151, 55.15991932701175], [11.140883028319958, 55.15462239160866], [11.14261166181107, 55.15101751429669], [11.144885614900465, 55.14529415512598], [11.147100708575842, 55.143193385211084], [11.15286833736595, 55.14249172631664], [11.155965874890963, 55.14950184551732], [11.161314863605876, 55.15647251832687], [11.16817780732358, 55.16187138369107], [11.173325660551413, 55.16360910563482], [11.179560092590703, 55.16681836764911], [11.1770644424757, 55.17061770596353]]], [[[11.67895432359055, 55.18009491770134], [11.677483440110624, 55.17934029514612], [11.669612724086369, 55.17736985157014], [11.663042100246916, 55.1717052903864], [11.658993720248173, 55.17225584587996], [11.66164638958663, 55.17316898533555], [11.65824303230122, 55.17658243121098], [11.646553075845912, 55.17643215228915], [11.65118995745865, 55.17047524104345], [11.677460724412056, 55.16111469283153], [11.689829125400838, 55.15377417354812], [11.712310769739714, 55.14097755327683], [11.707178998152122, 55.144097687252575], [11.710895873759886, 55.14767419046593], [11.701958965291205, 55.15220764849567], [11.696641513730995, 55.15214711341794], [11.694417897738553, 55.15720291358101], [11.680675748101523, 55.16128258382265], [11.676626523686377, 55.17130104689207], [11.67895432359055, 55.18009491770134]]], [[[11.686323059237425, 55.1920046468197], [11.682932247823246, 55.19256171005917], [11.68148649381509, 55.192460208902254], [11.67730291736608, 55.1907432041906], [11.67667459163893, 55.188882052484175], [11.679747470409415, 55.18777992237844], [11.685925337331904, 55.18896351805895], [11.690896233228539, 55.19099105960556], [11.687567839455246, 55.1908887483279], [11.686323059237425, 55.1920046468197]]], [[[11.486469392629148, 55.19994863472582], [11.481910455138669, 55.19957194081142], [11.47631348828623, 55.19735848876641], [11.471989055102343, 55.19333187647781], [11.473532131690074, 55.192521225309925], [11.476689087381232, 55.192476273714306], [11.484348501684392, 55.19561626242034], [11.491044511472879, 55.19816978541975], [11.489207919349191, 55.199044631840664], [11.487017403580035, 55.198189261512596], [11.486469392629148, 55.19994863472582]]], [[[11.456634970316104, 55.20509074201768], [11.455350403714334, 55.20514538214465], [11.453949962525735, 55.20390199376615], [11.453608537140749, 55.20207987520038], [11.456256787666316, 55.20166348523754], [11.458562873493454, 55.20234142781991], [11.461893375612702, 55.2040436184506], [11.462490286356054, 55.204982152033324], [11.45945060033532, 55.20465607990738], [11.456634970316104, 55.20509074201768]]], [[[11.718454008404626, 55.17466506397623], [11.716222759427216, 55.17818429253307], [11.720257074503571, 55.179339825799936], [11.722970436717556, 55.18535742288349], [11.73032679088487, 55.19295436517518], [11.727103141572039, 55.19616069480587], [11.716372672078467, 55.197990292372666], [11.709158277777167, 55.20122475770342], [11.70164498972636, 55.19456847794826], [11.694975627562473, 55.1899866884566], [11.692560805161808, 55.18525049053359], [11.690538555523432, 55.18215984785188], [11.69159311658154, 55.17789661598989], [11.687002452391837, 55.17562970165092], [11.689285230530587, 55.17276946579815], [11.694942859715848, 55.17169813853939], [11.701102091087785, 55.17454434815306], [11.708525900648075, 55.17397566402776], [11.715433086393563, 55.17213017706028], [11.718454008404626, 55.17466506397623]]], [[[11.190029367033988, 55.2407247365736], [11.173166362302089, 55.25099891306687], [11.173977131371881, 55.24438416910455], [11.170533497222374, 55.230793927930215], [11.174495590444852, 55.19863033373502], [11.203574162192991, 55.18836363189295], [11.212740372824475, 55.1848156933952], [11.217009135613573, 55.19383070395011], [11.217207975905069, 55.19974689562907], [11.214318007601177, 55.191769026650064], [11.207794635145685, 55.186876175094994], [11.20259423766026, 55.191519028511614], [11.196215714052746, 55.195876457219214], [11.206718803778271, 55.19867700156271], [11.197550064389258, 55.211997776891764], [11.17977006211027, 55.22899873705633], [11.178951156998968, 55.237196807645404], [11.174682005239328, 55.23740439529179], [11.179566152625622, 55.23856463265601], [11.190029367033988, 55.2407247365736]]], [[[10.977846081504387, 55.33615512689276], [10.981193530341441, 55.337485907264536], [10.9889642701628, 55.3401218678108], [10.986790788248037, 55.341962437892576], [10.981966017705389, 55.34049157522802], [10.97237829688138, 55.33957458744063], [10.968044699084938, 55.337062283620675], [10.963557858582538, 55.33549843751515], [10.958343823772777, 55.33126161865134], [10.95196162425914, 55.32899899647272], [10.945258668696864, 55.32578908128687], [10.945635500280483, 55.3248512280318], [10.954701704166299, 55.32799231939437], [10.95864845506205, 55.32813060379681], [10.96595935806922, 55.32904037158574], [10.973226932635322, 55.332217938699955], [10.974867780960242, 55.333318224264964], [10.992313366510096, 55.33609341460504], [10.99099202557555, 55.33693006379627], [10.977846081504387, 55.33615512689276]]], [[[11.078547485365608, 55.47778700107328], [11.078549998851754, 55.47931354060785], [11.080215217572032, 55.48126059357537], [11.082307683126265, 55.4819488019175], [11.079244672349192, 55.482112503192894], [11.076740932905063, 55.478578667541726], [11.07447796351661, 55.476763487280344], [11.073180718991239, 55.47400400846846], [11.07639052616386, 55.474982383306035], [11.080531157752397, 55.475099638354315], [11.085142471515546, 55.47476239938394], [11.087281419495822, 55.47497283346746], [11.088636050198206, 55.475626957186925], [11.087616258433156, 55.4771396649764], [11.080754778969354, 55.47712996292846], [11.081974462054768, 55.476798241766986], [11.082568025675405, 55.47541794706558], [11.080232067271822, 55.475276480238826], [11.078547485365608, 55.47778700107328]]], [[[11.773181199991559, 55.72963072559455], [11.771935624764671, 55.731027728593254], [11.766926619638737, 55.733383608990366], [11.7661396038217, 55.73243114173073], [11.76390711516916, 55.73193407037324], [11.763215791489463, 55.7302785462448], [11.764302370300918, 55.729429149265236], [11.769327352862494, 55.72898132454643], [11.772656939598464, 55.728172833989746], [11.773181199991559, 55.72963072559455]]], [[[11.836100508641703, 55.74398535681638], [11.836509121721733, 55.74488995615709], [11.836552240855346, 55.74588336212182], [11.833653589435913, 55.74625790394659], [11.832181562400647, 55.746537902767464], [11.832260388668516, 55.74616113938176], [11.833012105186478, 55.745653159907256], [11.83191751160602, 55.744891482691735], [11.832164876194229, 55.74377514416336], [11.833125850766056, 55.74398013543062], [11.835028259755648, 55.74365701696162], [11.836100508641703, 55.74398535681638]]], [[[11.814455082644587, 55.74586505326906], [11.815866198513731, 55.74673307001513], [11.81379372586443, 55.7472703138944], [11.812004192885261, 55.74630783334881], [11.813636202686105, 55.74442584690803], [11.809913219432705, 55.744644949352555], [11.814154323094204, 55.74299932875424], [11.812371413393633, 55.74139118255337], [11.812475607186805, 55.73992749730404], [11.811027859817024, 55.73841053808096], [11.812788046632516, 55.73709347672784], [11.8146380407219, 55.7369388038689], [11.819050816027444, 55.73604398614619], [11.817742898618189, 55.73716648124253], [11.816495572574825, 55.738991433921235], [11.817047882862624, 55.74090624968936], [11.814455082644587, 55.74586505326906]]], [[[12.096747003637631, 55.7527366929892], [12.097809326139826, 55.7542099874936], [12.096705008296421, 55.75525264847535], [12.094221796254864, 55.756637515146814], [12.091546274673878, 55.7559883960737], [12.091814745179686, 55.755017986821954], [12.092975739530997, 55.75405332650756], [12.09401661116247, 55.75313456420905], [12.092087093712568, 55.75260888246001], [12.095317170471265, 55.752093903180786], [12.096747003637631, 55.7527366929892]]], [[[11.303996988603162, 55.766937006812256], [11.302167919870001, 55.76948252591747], [11.302856909726605, 55.77433299053503], [11.302015060744637, 55.777338781710064], [11.2961113973761, 55.78046630366211], [11.294674293245794, 55.78172224461069], [11.290199870155574, 55.78491067369574], [11.294064060486786, 55.78821158215821], [11.293500419748264, 55.792419181220026], [11.286315643800233, 55.7944892122058], [11.28605992308326, 55.795692861542626], [11.281707916111731, 55.795074921426895], [11.279212888529218, 55.789295280374674], [11.282313124593374, 55.78406450445084], [11.286928549945538, 55.77938651607976], [11.288489537143397, 55.77715901475197], [11.292651610619487, 55.77314454326256], [11.294170991446615, 55.76946421095911], [11.298793514387878, 55.766884737223506], [11.303996988603162, 55.766937006812256]]], [[[11.8459024426267, 55.78244814390244], [11.842251757583998, 55.792399698812176], [11.833805006765266, 55.80461095800696], [11.826320021934109, 55.809169096497094], [11.823752922516329, 55.8010539095231], [11.824665765355244, 55.79468066867872], [11.819690532392423, 55.78528817154903], [11.806217515319565, 55.78523473650491], [11.800625939257142, 55.78958077849117], [11.794881880463443, 55.78803095368203], [11.787258103225932, 55.786211508767984], [11.777278186033683, 55.78349427946335], [11.78226801212832, 55.771391274467994], [11.794371336446462, 55.759940701941204], [11.800757369071412, 55.758523263089664], [11.801436933804071, 55.75622728339227], [11.815587106327971, 55.750281699497414], [11.83635435367637, 55.756701038537685], [11.840005267789468, 55.768669847199924], [11.8459024426267, 55.78244814390244]]], [[[11.12270537779728, 55.90351708898507], [11.112396495751383, 55.91195549165277], [11.091476989352214, 55.91629930161681], [11.079642303524874, 55.916975900342166], [11.082540078188574, 55.906808596358005], [11.092552933009031, 55.90351383884787], [11.101797315036535, 55.89965860974654], [11.118112033933103, 55.895192474491004], [11.135400001083203, 55.88106213228376], [11.143962441435798, 55.87616159612617], [11.172053654193927, 55.869000497408095], [11.191330065581637, 55.86499590985252], [11.211226834639902, 55.859014395413666], [11.213936806612045, 55.85930736669976], [11.205705696377258, 55.866313750514635], [11.188861561656186, 55.8729586132359], [11.177335328551305, 55.87848453240805], [11.166223649983758, 55.88713202415406], [11.146417744618134, 55.897006882807865], [11.12270537779728, 55.90351708898507]]], [[[11.358173048491887, 55.97477122755911], [11.295532405327716, 55.99415745987391], [11.283911648793682, 55.999590294313045], [11.303702896348803, 55.97461319312855], [11.347071344817245, 55.964599584214966], [11.398714331674555, 55.95280048800236], [11.448948295737358, 55.94989203569606], [11.481190502150842, 55.942950168944236], [11.520806394826703, 55.92884245098167], [11.526244946473728, 55.91143801573051], [11.52978265399644, 55.88513062942504], [11.526447079090785, 55.88375670836289], [11.512544140899344, 55.862460035882044], [11.49619168467601, 55.84873729657401], [11.465392510375377, 55.84730318719853], [11.439722421699653, 55.844259439652944], [11.419426618297203, 55.83804115470784], [11.385033417495466, 55.833844422627116], [11.368119424388047, 55.84346715952149], [11.364089730245528, 55.84182581857652], [11.376906934041818, 55.81758050593439], [11.376037867903358, 55.802271657727196], [11.380449118767896, 55.783731849596826], [11.380962511342638, 55.77869889467022], [11.362071136750341, 55.76520701706301], [11.32578340338746, 55.75405771748653], [11.303679719814456, 55.742771258621495], [11.293036853129061, 55.75359884993176], [11.285867180555897, 55.73964694331264], [11.244020916556623, 55.73567648005101], [11.215486094151641, 55.74463057333796], [11.195208187884598, 55.733526746230886], [11.18068745491608, 55.75013731274628], [11.136494510222004, 55.75164636627801], [11.061218905381496, 55.73283992678796], [11.011655242624148, 55.73858968165751], [10.945399308039445, 55.7505527385641], [10.887328117146144, 55.74337943425217], [10.89583992665273, 55.73208131857647], [10.949365357442405, 55.72739691226639], [10.99729080304033, 55.72172020656003], [11.018023019685884, 55.70220223003304], [11.04746251475228, 55.687446693240084], [11.070893044135879, 55.68020805981659], [11.094208263074657, 55.6760568621039], [11.089552733334944, 55.670446711385665], [11.095933957278168, 55.66398300694175], [11.067593949813919, 55.66108226177182], [11.02311148079872, 55.666192145379846], [10.9685630692247, 55.66795159501019], [10.932368338443187, 55.67034735857934], [10.959271195064748, 55.65836601773389], [11.04574069767751, 55.64652432481035], [11.107472307757927, 55.6249120627768], [11.141724156853089, 55.596400146118675], [11.1538319359167, 55.57319421575546], [11.14545073606257, 55.5394131264862], [11.116284486047725, 55.536899258423894], [11.097897848762436, 55.53436472211722], [11.08073949054152, 55.514960892813505], [11.117117342893714, 55.51606317832186], [11.120024105201873, 55.52267037322576], [11.11615865543263, 55.52665584002555], [11.122374589363588, 55.53261372599359], [11.127875297241747, 55.52591795559882], [11.137173067044918, 55.520911488730775], [11.156418216162402, 55.50639085655903], [11.174590282757258, 55.49554889710538], [11.189117138642725, 55.46470137666403], [11.204126606329789, 55.44260535471796], [11.196251059165908, 55.416284594234384], [11.214837376667512, 55.396965554842446], [11.185712203017381, 55.380557493920676], [11.148784736221513, 55.36722957409572], [11.116899534675008, 55.36856137399142], [11.098614459119098, 55.348379201465534], [11.123563976766057, 55.33756639734974], [11.14646566884022, 55.33350696228332], [11.157335399660758, 55.341971614827145], [11.169975995570518, 55.354338376762904], [11.199923808628618, 55.34590817861351], [11.197316076613932, 55.33415416767422], [11.182882994962636, 55.3254069230691], [11.151380238571916, 55.330032773684344], [11.130937345024863, 55.33230398459962], [11.135785460086781, 55.32468869143364], [11.189420170032466, 55.30287003091619], [11.225846897922674, 55.291141773076184], [11.237120983808767, 55.2733398929066], [11.243160753620929, 55.25444462589874], [11.258433345939544, 55.24678064681558], [11.280135350528184, 55.25011432811245], [11.280627977646821, 55.23919679803519], [11.266629593456477, 55.237171644703324], [11.243391661073145, 55.24464655299269], [11.238695797875451, 55.235473166414366], [11.24769085878407, 55.221846762619606], [11.249238402693699, 55.207850615686965], [11.266243771533505, 55.2002043240033], [11.305559152594018, 55.19440364827171], [11.361985920765882, 55.18749946411617], [11.35613114371509, 55.191213133289175], [11.338686950553933, 55.19416385205208], [11.314778941443985, 55.19719718787357], [11.319087045052635, 55.21062270314114], [11.341875451484633, 55.20187781726258], [11.378385027400217, 55.198788066096725], [11.400059031501426, 55.20811507566247], [11.416805692725942, 55.19421841128871], [11.40732004836595, 55.193733540399165], [11.39831799407286, 55.19353361576788], [11.390871209200872, 55.18904199525466], [11.454007970336905, 55.18724474562611], [11.4645920324055, 55.1904381419575], [11.455886336816215, 55.194205221172965], [11.441143974195738, 55.20429183349936], [11.425764829108038, 55.204589251531424], [11.42885920905485, 55.216583773826635], [11.441789765866954, 55.21555662565262], [11.466451255786097, 55.211051114284615], [11.48401657867847, 55.20598175616182], [11.515889856886231, 55.19780646151172], [11.553649036074422, 55.19060986574], [11.594165579654156, 55.19035534661836], [11.63793438388851, 55.177527762002526], [11.654679874608208, 55.18589124743971], [11.672817919308292, 55.200924121125084], [11.701485984327821, 55.20797685103854], [11.733656643522181, 55.214679806582865], [11.741304741747673, 55.2168876569996], [11.754666533015312, 55.22377702227571], [11.757300461700323, 55.22711111083447], [11.751377152176534, 55.21951824802597], [11.716048838401672, 55.20684583208775], [11.744950429462454, 55.197367991932765], [11.727216411044553, 55.18700756286078], [11.739745300550418, 55.1830323280886], [11.718958117789263, 55.17107331662409], [11.730621832658494, 55.15300511388346], [11.766762175839473, 55.15586552671542], [11.779028067376242, 55.14663081732381], [11.805944929631414, 55.1500306321359], [11.816566474803569, 55.137138320345684], [11.799886668897432, 55.13025634100042], [11.765908555333974, 55.124352857237845], [11.740557168259826, 55.120571989798336], [11.727630413117971, 55.128141505338526], [11.723587103210647, 55.10979364652596], [11.748418081867689, 55.08797342006373], [11.77927351675627, 55.07640934209431], [11.776873190469333, 55.083321481440166], [11.809162610537497, 55.071900970671564], [11.832146011573283, 55.04909245470317], [11.799076913127303, 55.05046275175049], [11.751217335599286, 55.06332718027362], [11.678087357713206, 55.07290021439318], [11.641178225532297, 55.0807016104355], [11.62836936349172, 55.0803336104145], [11.658315780567863, 55.073766088068325], [11.701903671290532, 55.06270539327385], [11.766603162356061, 55.04957540941663], [11.829068376223365, 55.024034501234915], [11.865582104152166, 55.00675927072914], [11.903338867770561, 54.99392475996108], [11.912271807482334, 55.001994021071745], [11.935957618306727, 54.99904014192875], [11.97550385920874, 54.9788607150546], [12.025337556438847, 54.962708910406256], [12.068847996214332, 54.96776919685404], [12.089412636635208, 54.97631442498187], [12.11168002649063, 54.99175470586956], [12.135656842059758, 54.994703618284476], [12.154796980815508, 54.99592382714166], [12.168558716420689, 54.9954378190867], [12.144745555031678, 55.03189994378679], [12.144347028235659, 55.04484705742081], [12.130337491461049, 55.05455714752531], [12.123158251830096, 55.06465652373461], [12.122560732028973, 55.07019462330599], [12.116535600264347, 55.08362991273388], [12.099379936090994, 55.09017563604912], [12.12097490282025, 55.084034101795005], [12.150849248959496, 55.078340664237075], [12.168954699187793, 55.08609933352663], [12.177286921096012, 55.10489642671668], [12.16589996099616, 55.12414957961655], [12.124520866758715, 55.1301432914822], [12.111114858616144, 55.12452277676361], [12.095542930576912, 55.12264789729401], [12.068950260426272, 55.12983820240129], [12.048458796768424, 55.12273328866589], [12.038743456783564, 55.13091719826636], [12.011830376435704, 55.14568153800945], [12.021927256074601, 55.16106048392193], [12.046108824646419, 55.171699222603486], [12.078235031607276, 55.175846854678774], [12.08567775339926, 55.16566703711285], [12.085772168132262, 55.13357010257222], [12.110442298946086, 55.13929451686882], [12.13042704990161, 55.189497850704484], [12.155128243559666, 55.21090009864882], [12.19289304440489, 55.224254825592936], [12.236702781273486, 55.23593731490357], [12.283959965639966, 55.2400584853205], [12.320410418036815, 55.238221633260665], [12.358822084040021, 55.240294665861455], [12.374296134340874, 55.25431799114027], [12.397934567118881, 55.256046128108224], [12.426531261887382, 55.26755368748879], [12.450825498958789, 55.282380319317454], [12.446431339440862, 55.3053288388316], [12.45419631117979, 55.33099468759056], [12.426383488124854, 55.35929667519047], [12.39923345286632, 55.37704590980231], [12.36338181923449, 55.397513256200604], [12.326502830022953, 55.40040536172821], [12.264022620578599, 55.41279578198748], [12.215166696416142, 55.4281886347161], [12.198383408182572, 55.45193443738504], [12.202309339723259, 55.45789010419338], [12.206011871930905, 55.467722216198496], [12.197364869567341, 55.47027404091323], [12.201287613885425, 55.4812879307562], [12.22445343131437, 55.523652511396904], [12.27368403110371, 55.56224563284637], [12.288199278060784, 55.57041929861399], [12.351444805414818, 55.590758663501106], [12.351678170657625, 55.59383622788163], [12.361543574210712, 55.595675754755476], [12.323214614299074, 55.60924241837544], [12.286595478953123, 55.616739182453976], [12.23503201904962, 55.62105509552895], [12.20995912947645, 55.605997878042345], [12.165693986284687, 55.62839518065], [12.15819659661774, 55.64916337832868], [12.163048812488944, 55.65657605178156], [12.152121499658724, 55.67102935650758], [12.181143411966938, 55.6839630304336], [12.230660409041933, 55.69947306451292], [12.229268919565142, 55.717873875623425], [12.209753807840166, 55.73018402234918], [12.223240019367926, 55.737844854161416], [12.203357287384268, 55.7502552322563], [12.170391754809055, 55.74780985239391], [12.148664126675278, 55.756541635155834], [12.108676258708206, 55.77478627915524], [12.087949969146901, 55.77044845950217], [12.100297411541806, 55.756401824553166], [12.101509854206048, 55.73707359341626], [12.119403624522507, 55.72981846470467], [12.10406065369299, 55.720418929586536], [12.113931400425379, 55.70896446338091], [12.104456540340374, 55.70039917966299], [12.09223482615263, 55.69673721099171], [12.090377445216681, 55.693196575346576], [12.091183429859264, 55.68386065360119], [12.077778476338851, 55.68839215630798], [12.081868760948996, 55.66972624001325], [12.086287128267175, 55.655509084744935], [12.074871160668483, 55.65201013062956], [12.056224520397254, 55.66326533413382], [12.052762572294057, 55.67376485465471], [12.031503882704857, 55.668786461944094], [12.007300510224457, 55.66799768089991], [12.011037907844882, 55.67576463336781], [12.006363120920424, 55.68491812728264], [12.003217055505411, 55.68983121598787], [12.036250638158347, 55.68275397227381], [12.05033952132538, 55.67826461036417], [12.041248342477992, 55.69183199515242], [12.016413866679551, 55.694368496300235], [11.996920195045469, 55.69532482546135], [12.005718661450771, 55.7051865558891], [11.982871993882688, 55.69517083109836], [11.997362565915557, 55.6796089557962], [11.959686356025319, 55.676194286598374], [11.949700236864341, 55.666193958722566], [11.940024748840418, 55.65616124090571], [11.930616118846384, 55.65138168436315], [11.937914620611055, 55.66607939978152], [11.95397141971482, 55.68806161902295], [11.967775023998751, 55.700614628867136], [11.98179256835582, 55.7217700727472], [11.955831449782542, 55.73564525733451], [11.92286067463937, 55.74431297133452], [11.921485051207116, 55.73732258191631], [11.896275535964097, 55.733712146559114], [11.869659481768315, 55.73362826416849], [11.844259800366144, 55.71336195233921], [11.837722575888975, 55.684899353805065], [11.830678494979042, 55.6931172093133], [11.813724958931124, 55.67340891698891], [11.795987024756908, 55.66172447699521], [11.780517345658236, 55.66129156268298], [11.769849404298293, 55.66143172011644], [11.78541439195365, 55.6704343030641], [11.79631126537049, 55.68005485578633], [11.807721266359094, 55.67338377092464], [11.811431489043855, 55.68479699056501], [11.804386289731404, 55.6971695949714], [11.79223907732177, 55.70995184979819], [11.768838310920138, 55.72057560015726], [11.739141295811283, 55.720591217545355], [11.721881972342329, 55.72144713871421], [11.704965627445477, 55.71940804117052], [11.662836065348303, 55.717409809908865], [11.655446580415004, 55.72652190816525], [11.681819084269256, 55.73476428687168], [11.715488244748641, 55.73559500374988], [11.750740762273075, 55.74018082777359], [11.766686037330917, 55.75256704323824], [11.74072025111142, 55.76590709081315], [11.760182100824926, 55.76676258506752], [11.746296890885636, 55.78540368801719], [11.722411508541045, 55.79164289590721], [11.696714327574691, 55.78575216994881], [11.662203442979134, 55.77405782701813], [11.622207346444082, 55.7749733923156], [11.609796871960642, 55.78020893867262], [11.636121598018201, 55.79170302499599], [11.652934275534646, 55.80393278523821], [11.67433306727383, 55.81706812396235], [11.71709041431237, 55.807394268606764], [11.734098054991538, 55.82483623417272], [11.713765059539693, 55.85138209439772], [11.694631797387489, 55.8720360261694], [11.667842849838877, 55.88405887299096], [11.669951710545334, 55.90319353332043], [11.674835371943066, 55.91326981997512], [11.687843368024255, 55.911759044135685], [11.72451377920663, 55.90000787351363], [11.753621850730386, 55.91255333331124], [11.75236643625619, 55.93222210585448], [11.775938148463114, 55.952598601383144], [11.79116176642907, 55.95710613307289], [11.749654471820788, 55.968621318652666], [11.697530279025335, 55.94776138834711], [11.630454899441842, 55.939340753092395], [11.616872157648617, 55.94334520033627], [11.596121246163666, 55.959659459355485], [11.536704218176334, 55.95220122807717], [11.46438772586547, 55.96051263928293], [11.41209614189831, 55.96299910369388], [11.358173048491887, 55.97477122755911]], [[11.525975390803056, 55.896273495402184], [11.526176767936953, 55.8986129808799], [11.52678177160269, 55.9005458171361], [11.527211432209816, 55.901127708922544], [11.528103061333306, 55.902334957252364], [11.529233927986594, 55.900627578309255], [11.529481561171067, 55.9002536977916], [11.530046006800053, 55.898003728519456], [11.528940675657024, 55.89581054922246], [11.531046350937507, 55.895263374755324], [11.530877893465542, 55.89501264862474], [11.5304173514739, 55.89432722958622], [11.525975390803056, 55.896273495402184]], [[11.530590922156478, 55.89370355412267], [11.530961338870624, 55.89354565157442], [11.530890583067244, 55.893510433864556], [11.529838501359324, 55.89298647321571], [11.529027479862949, 55.892582667707856], [11.528352684286114, 55.89224661696004], [11.5296898185017, 55.892098154488174], [11.529568727398024, 55.89055977027177], [11.531356690122102, 55.88861145008359], [11.530469494184556, 55.88556008226094], [11.530448700880674, 55.88548878287517], [11.53043543545887, 55.88555278294461], [11.530393513779524, 55.88575390561212], [11.530245893628864, 55.886463786266525], [11.527108516719311, 55.886728517941904], [11.527437833712556, 55.888836623775816], [11.52675119834031, 55.89082896997392], [11.527163925704347, 55.8933043343659], [11.52881553584636, 55.894460464665364], [11.530590922156478, 55.89370355412267]], [[12.217550031069484, 55.51908483417161], [12.219721333671387, 55.520938083389545], [12.220495051727292, 55.522161686255515], [12.22135047964312, 55.52229866942715], [12.221138193368438, 55.52097794076327], [12.220772182890752, 55.52015116406011], [12.219777439749068, 55.51908271498224], [12.218262880180061, 55.517993495018054], [12.218726960635607, 55.51748850704614], [12.217567956950997, 55.51742233392887], [12.217550031069484, 55.51908483417161]], [[12.218278567459876, 55.51633303087801], [12.214795234063011, 55.51203377863651], [12.213342431873158, 55.50779144546119], [12.21334780829012, 55.50690337866542], [12.213442818606135, 55.504027262132006], [12.209871564397481, 55.49818019212071], [12.203406995660522, 55.487060868281745], [12.199093974673994, 55.48392700696871], [12.19846279050758, 55.4816236366322], [12.195643798094295, 55.48119149764888], [12.1946554958732, 55.48528776595985], [12.1981373739993, 55.48748689986066], [12.198969318156973, 55.49002507382348], [12.201024083215351, 55.492666743482715], [12.203622331715582, 55.49766671330561], [12.20427403250474, 55.50193192732765], [12.204031393054931, 55.50544582907266], [12.209131165753817, 55.50848681022058], [12.211330524538635, 55.511235207765004], [12.218278567459876, 55.51633303087801]], [[11.152633310239848, 55.53669274953484], [11.152414857929056, 55.536303098017896], [11.152075249835898, 55.535697349227284], [11.150828793361724, 55.533544081201114], [11.14607896836492, 55.53236630914038], [11.142202649879062, 55.53217774619974], [11.140210959130016, 55.53297932271715], [11.13991551311453, 55.53474637952586], [11.1417997824236, 55.535159063353625], [11.147360589390907, 55.53637671454156], [11.147240267245113, 55.53706522928616], [11.151982667666072, 55.5363408917174], [11.15240109573889, 55.53717660474615], [11.152407665118563, 55.53718952194078], [11.152695885085896, 55.53776525515842], [11.152851917959172, 55.53807690948031], [11.15292505519636, 55.53822320552773], [11.156756591766976, 55.53841267274995], [11.155793840327558, 55.53756911863226], [11.152633310239848, 55.53669274953484]], [[11.283929446216078, 55.256774884187735], [11.284834143131977, 55.25816923770136], [11.285749724035878, 55.262495082933974], [11.285721958008759, 55.26269128343017], [11.285870416287542, 55.267604781513036], [11.287239389491752, 55.27048359558721], [11.289639863102378, 55.275775704000544], [11.291632707288233, 55.27775371066863], [11.29526242026233, 55.27799542975185], [11.298924988219605, 55.27955926685097], [11.302005126275901, 55.277778556268444], [11.302248739499461, 55.276462351022964], [11.305936428843667, 55.27488031711003], [11.305904329343617, 55.27280294608915], [11.306668522562566, 55.26840387879112], [11.306611076198479, 55.267719855169204], [11.30111016979263, 55.261350768043414], [11.299576420412496, 55.25734237464751], [11.297046274092288, 55.25565245125622], [11.283929446216078, 55.256774884187735]], [[11.753842051162732, 55.08781073198932], [11.75324158937905, 55.08884763232863], [11.755256533917528, 55.089370828649415], [11.75727757262688, 55.09057357806885], [11.756095167829116, 55.091435245519335], [11.759993099780706, 55.093374504485354], [11.762414839209088, 55.09407499111039], [11.762658284447724, 55.09351164371022], [11.762065860789205, 55.092383911358674], [11.758135171770759, 55.09181686708105], [11.757841361587388, 55.09004766352654], [11.756406774536549, 55.08742086309215], [11.753842051162732, 55.08781073198932]], [[12.115662693828066, 55.06858245822365], [12.114903493445452, 55.068715992904636], [12.114880616948433, 55.06871999521417], [12.115141405960266, 55.069424317784424], [12.1163304735625, 55.07041792952792], [12.115996130495196, 55.070831083360595], [12.116975020168738, 55.07102358891121], [12.118501364735964, 55.07049537067203], [12.11909814432531, 55.06963780510243], [12.119099419034692, 55.06963606400146], [12.119108577359034, 55.069622882038765], [12.119216234157618, 55.06946817573515], [12.11817971666031, 55.06944277817768], [12.117707836133135, 55.06854319367143], [12.116217565212752, 55.068484901930084], [12.115662693828066, 55.06858245822365]]]]}, "properties": {"OBJECTID": 2, "REGIONNAVN": "Region Sjælland", "REGIONCODE": 1085, "Shape_Length": 3147032.3098871647, "Shape_Area": 22420322373.415005, "regionskode": "1085", "region_code": "1085", "region_name": "Region Sjælland"}}, {"type": "Feature", "id": 3, "geometry": {"type": "MultiPolygon", "coordinates": [[[[14.777326953056805, 55.29075513199387], [14.769513665430326, 55.2973635588787], [14.754797671058384, 55.2897386358509], [14.752434098442993, 55.27165727206458], [14.735724817914093, 55.24910845065132], [14.710788951066158, 55.218573299049474], [14.701909395536797, 55.195286731038905], [14.700393953822141, 55.181654815654625], [14.705421378004662, 55.15307682135448], [14.706991704088212, 55.13017378064333], [14.700883123325285, 55.11059215482572], [14.6848151267215, 55.09700598116743], [14.694808815087056, 55.09879424216015], [14.691393465292593, 55.093849872292324], [14.6898094830201, 55.08674428040888], [14.705430362954163, 55.08348413944523], [14.735801306765586, 55.06974681947472], [14.76571081655828, 55.057695699496186], [14.814915803582279, 55.04677144471652], [14.843698166645266, 55.04220121348994], [14.881679019502839, 55.03283881641881], [14.925247313477595, 55.014383478481314], [14.957259766774001, 55.00581692532087], [14.998078903365625, 54.99838081809181], [15.027856977055839, 54.99460515639116], [15.088113468998076, 54.99226519703978], [15.119956931223244, 55.017045460527456], [15.11299893946025, 55.03260912303996], [15.123697445099435, 55.04721246887361], [15.139710701963056, 55.060924361332795], [15.135101882821449, 55.06364063280832], [15.150767875250748, 55.07507667586742], [15.157277470244724, 55.083052261099745], [15.151376844080175, 55.09468688281604], [15.149150336410813, 55.105203639653], [15.143904307203895, 55.11440180575219], [15.152350731035883, 55.12211804200026], [15.151931012084004, 55.12755927846359], [15.149428649757189, 55.13369903318532], [15.139185270166845, 55.14317535315703], [15.125049049377596, 55.143732609789765], [15.115139808038656, 55.14640928781033], [15.101266416335212, 55.14863541352697], [15.088623042834595, 55.150647886974454], [15.072308260157632, 55.157058935443466], [15.055439910449802, 55.16502741280227], [15.024645352591419, 55.17578606153295], [15.007049908289236, 55.18512446110423], [14.99335385120941, 55.19214198286437], [14.981545402476565, 55.20496321238414], [14.971370169981997, 55.2133126279297], [14.955953509451383, 55.21204884446153], [14.935747223166995, 55.21170499827276], [14.89773024456028, 55.224863448510334], [14.875628019851295, 55.23735821539857], [14.862230189971097, 55.240710468409155], [14.852617752002022, 55.24319661993381], [14.838453451673635, 55.24807095661582], [14.820595013893913, 55.25638210484433], [14.811444672001922, 55.26958649311619], [14.803708226264858, 55.278283494675335], [14.792754366421347, 55.285432743415086], [14.777326953056805, 55.29075513199387]]], [[[15.185230191532135, 55.31959563444485], [15.185574109742031, 55.320713000118815], [15.184652474193129, 55.3214613814376], [15.185109667265392, 55.3223456275051], [15.1843647896217, 55.32278030869956], [15.18321739756044, 55.3221176993217], [15.183402574476483, 55.32127240000056], [15.183132397171619, 55.32064788370244], [15.183617396695203, 55.31996906330314], [15.183882284719656, 55.31925099892834], [15.185230191532135, 55.31959563444485]]], [[[15.190764851236457, 55.31756131045045], [15.192336552640699, 55.31892550957745], [15.193132623475814, 55.32019031056497], [15.191486649363888, 55.32140413182407], [15.191529592427704, 55.323165317568986], [15.187910008856775, 55.3236410490504], [15.186573410935424, 55.32270516534691], [15.186001934192722, 55.32079507911778], [15.18615737777117, 55.31938922029033], [15.188018630446006, 55.31733700757244], [15.190764851236457, 55.31756131045045]]], [[[15.179251503566011, 55.322816878825314], [15.17986161325585, 55.322854697529365], [15.181050288294287, 55.32407199127301], [15.180796372292717, 55.3251539936628], [15.179177529098995, 55.32508887329773], [15.177559419828837, 55.32515182826672], [15.175910898993072, 55.325073583642016], [15.174579379248014, 55.325012732624124], [15.174818876390976, 55.32405484088515], [15.175347425341213, 55.323141893108605], [15.178110924327871, 55.322801212124595], [15.179251503566011, 55.322816878825314]]], [[[12.791940397431667, 55.60639398897515], [12.791496635969537, 55.6059952342752], [12.791901332394923, 55.60545195866746], [12.79088882866176, 55.60558536904706], [12.790215679696871, 55.60481619784313], [12.790730620967208, 55.604392983696776], [12.795789389166623, 55.60524986699589], [12.796003666107971, 55.60548953517105], [12.795445424244308, 55.606001703131675], [12.794311479962861, 55.6060226294793], [12.79376294978575, 55.60631839416522], [12.792985230633573, 55.60615768252713], [12.791940397431667, 55.60639398897515]]], [[[12.506509051370223, 55.61525763600947], [12.505713234758323, 55.61464560261567], [12.505519716984896, 55.61375260815206], [12.506085802937582, 55.61340452886839], [12.50711937126582, 55.613407945329946], [12.509053338071345, 55.61299497140591], [12.51017501316263, 55.61342231130907], [12.511091835538254, 55.614342228838616], [12.510750932074448, 55.61477946013272], [12.506700676393365, 55.61487207616986], [12.506509051370223, 55.61525763600947]]], [[[12.776946770636354, 55.58875767441499], [12.776900728384787, 55.58982435979818], [12.766964222278638, 55.59366586993205], [12.759978620795387, 55.59682804295889], [12.750347472715564, 55.60218839410562], [12.743893054042973, 55.60677024115607], [12.739777686673472, 55.60758946406894], [12.732392676248619, 55.60970016868605], [12.727159092301621, 55.61147232047042], [12.72616331250412, 55.61028297523595], [12.736435192045175, 55.60569065385086], [12.744011642440269, 55.60174170834527], [12.751160083331701, 55.59725647517003], [12.75758204048318, 55.59236819233313], [12.76631656750151, 55.590982983540705], [12.774814712734281, 55.588480980864745], [12.776946770636354, 55.58875767441499]]], [[[12.648053975693154, 55.65193278847153], [12.650180957215527, 55.65470808599669], [12.646504572270866, 55.65678309119381], [12.641561665183561, 55.660674959279376], [12.63892516102864, 55.66424189653384], [12.6369349632796, 55.66277941568712], [12.640073144181356, 55.65898559314241], [12.639609133794387, 55.65805727460013], [12.642194936136333, 55.65750847586097], [12.64589116037406, 55.655074410986124], [12.646466887944694, 55.65360119767973], [12.642841556952602, 55.65107549190072], [12.645957637501732, 55.64904252675711], [12.64855246252239, 55.64813156221972], [12.648053975693154, 55.65193278847153]]], [[[12.772398360502692, 55.67105170107329], [12.762802774029996, 55.6681287358956], [12.7439850370365, 55.66578677985007], [12.742230307486375, 55.65854148104897], [12.739405689822734, 55.649331594969034], [12.735062922023918, 55.64153874415884], [12.733127233147991, 55.63213978057126], [12.736021326515683, 55.62834390104779], [12.743650337338048, 55.627323108922575], [12.738992550131993, 55.62225179605177], [12.747315400815193, 55.61797372181991], [12.757444105069629, 55.61634713756656], [12.763885664358934, 55.60840634796356], [12.775189004780572, 55.60811036155307], [12.790471541449357, 55.60909076009617], [12.78690239019681, 55.61573961700402], [12.788110086163089, 55.621768794409654], [12.781287698685476, 55.63220469472583], [12.780153395077926, 55.646923149443424], [12.772398360502692, 55.67105170107329]]], [[[12.607812631000689, 55.68923832307643], [12.605623539061233, 55.68910479379672], [12.603930981911923, 55.688781562357114], [12.603884117701877, 55.6885803524318], [12.605820965404495, 55.688576649839824], [12.605161292067166, 55.68637144947133], [12.605769569193827, 55.68550176266077], [12.60462111442557, 55.68398874044602], [12.608884342694216, 55.68392143362645], [12.609207228648371, 55.68411595733142], [12.60814780500961, 55.686829331143834], [12.607812631000689, 55.68923832307643]]], [[[12.629509099272216, 55.69743055884576], [12.610060331724242, 55.69500028301942], [12.606420492041964, 55.690036838926474], [12.607245391611164, 55.67767559012608], [12.599494498269381, 55.67803897010421], [12.587811961898332, 55.674598495299044], [12.558719322532813, 55.648905827543324], [12.551231512500115, 55.64130072498602], [12.515126209903418, 55.58991832572372], [12.55901991499657, 55.565431845201545], [12.600850438715433, 55.559114789215805], [12.63228138378235, 55.576260143370874], [12.662785037507343, 55.58189513868327], [12.674689160411223, 55.594822881870066], [12.679098818562737, 55.60911269604505], [12.655328190605832, 55.63435533960924], [12.654475675028161, 55.641554231411085], [12.642114193761987, 55.65114251817889], [12.630561124386317, 55.664677012679135], [12.636760508654783, 55.6701606634394], [12.646535074566343, 55.67434449916875], [12.634684653848478, 55.677788106293505], [12.628084369434994, 55.67262975482884], [12.618439326214366, 55.687122163886514], [12.620660095445672, 55.69159862905342], [12.629509099272216, 55.69743055884576]]], [[[12.614732378787089, 55.70371413650106], [12.61164084470311, 55.70371007140175], [12.612571689780292, 55.702764584933504], [12.613024096628719, 55.703571501424285], [12.61379253977727, 55.703493473531786], [12.6146305933772, 55.70294706841057], [12.61425147827616, 55.70235802962263], [12.612797144458725, 55.70254195865525], [12.613924181593955, 55.701585197097394], [12.615331961120111, 55.703125478282665], [12.614732378787089, 55.70371413650106]]], [[[12.734080605277581, 55.70342693171437], [12.7314612140288, 55.704160127615715], [12.72938464865509, 55.70402698539727], [12.72895211793064, 55.70381308010849], [12.729060925471106, 55.703367618547276], [12.72932238462614, 55.70320706841031], [12.731202144392448, 55.70332254872071], [12.733546073547542, 55.70267858446669], [12.733882855540832, 55.70276679849466], [12.734231241970926, 55.70316165672497], [12.734080605277581, 55.70342693171437]]], [[[12.667928647093754, 55.71954841847903], [12.668090554050684, 55.72079662657473], [12.666966939496662, 55.72147602873998], [12.665085428015548, 55.72160517829275], [12.66399222682379, 55.72126726833917], [12.663552834767177, 55.72083213496336], [12.664033723600046, 55.72044046625538], [12.665350171411237, 55.720055485503536], [12.666679596285064, 55.71943549877919], [12.667928647093754, 55.71954841847903]]], [[[12.096610289034533, 55.72910633724772], [12.092819086820159, 55.72931106412504], [12.089067027795972, 55.73130767838061], [12.086218037042048, 55.73424511986468], [12.088117121366748, 55.735337934728996], [12.084911100593057, 55.73935854772409], [12.079590345029256, 55.74206231302918], [12.077228798114819, 55.74415121761955], [12.075699425326741, 55.742638665162396], [12.075240568574554, 55.73995349972752], [12.071990378536679, 55.73603384723191], [12.070385937133592, 55.73211098979558], [12.069825974996151, 55.72981553792714], [12.070537857519488, 55.72702177914231], [12.07824393031849, 55.727183239631024], [12.084534638217079, 55.72738069207431], [12.087637571922023, 55.729197792256834], [12.09593912085485, 55.72691007390499], [12.09749069281023, 55.72452314947517], [12.096610289034533, 55.72910633724772]]], [[[12.012629885123411, 55.87559465946108], [12.01136005179064, 55.87776000604777], [12.010009644068406, 55.878746238630264], [12.00775902292189, 55.87923324757945], [12.006182455343739, 55.878893500483464], [12.00770116423107, 55.87676599642416], [12.009402229324426, 55.87581058469127], [12.010688427266757, 55.874178039041865], [12.008893257359164, 55.87411669728809], [12.010834215752533, 55.87238533447654], [12.011851734779926, 55.87298529854819], [12.013119777770353, 55.87244137650479], [12.012629885123411, 55.87559465946108]]], [[[11.891468454147729, 55.91438777577291], [11.893478311526746, 55.914413085393214], [11.895683860602194, 55.91547175661039], [11.89732589829657, 55.917291390233586], [11.895390725053643, 55.91782945408489], [11.893910862014131, 55.916275483348855], [11.892274815184397, 55.91543792964431], [11.889757401585014, 55.915148995415436], [11.890054964031325, 55.913955777330635], [11.891468454147729, 55.91438777577291]]], [[[11.910819361025302, 55.93571531163333], [11.910731597418673, 55.91180916029368], [11.926550602585241, 55.893168358610126], [11.944510520347638, 55.871387227813315], [11.959669340137198, 55.85001922639581], [11.947797529634116, 55.83048985710892], [11.935539396846442, 55.819409518791055], [11.914707860666434, 55.81958624495117], [11.884160036778928, 55.814870587960144], [11.878318999460408, 55.80047012107155], [11.862235252694779, 55.78729881797238], [11.855390182756258, 55.76090230988978], [11.856308711032566, 55.75164874946387], [11.871387507099993, 55.737497827704544], [11.901922684504925, 55.73152593541362], [11.922109059631048, 55.73897251699448], [11.934137113213193, 55.74484436184139], [11.981349231796818, 55.73019960807396], [11.991923493245649, 55.736853437976876], [12.008721223694057, 55.72417154497351], [12.024939491376868, 55.72697009750066], [12.040011717166289, 55.729418603452494], [12.0630416976462, 55.735305505488185], [12.06203608848286, 55.75048166205555], [12.065693555805948, 55.76488734270579], [12.052936296588536, 55.78271777485889], [12.052295071952198, 55.797274856227816], [12.040302173938693, 55.80299671317998], [12.050747118410824, 55.81223612810546], [12.036525227987854, 55.82642628424923], [12.033506355932264, 55.84114779486842], [12.010435453597907, 55.855595431979495], [12.001785633219313, 55.87259454681711], [12.011357656882074, 55.89041489261572], [12.017393584599787, 55.90898144335886], [11.988358109527397, 55.91358372343465], [11.952931532636866, 55.9314109279075], [11.910819361025302, 55.93571531163333]]], [[[12.308940510198543, 56.12755818145566], [12.266527304152115, 56.12645112205212], [12.24763003211997, 56.12221628224561], [12.20966572712823, 56.11426339045422], [12.182599234292795, 56.10940146190732], [12.158959887029841, 56.09882106465729], [12.09161572342848, 56.069999812932465], [12.023995860578266, 56.03794690420373], [11.952072709987576, 56.01142068773077], [11.923552520240282, 56.00116844425048], [11.854996803306808, 55.976504349330135], [11.848102438317094, 55.963120185751066], [11.851350907182896, 55.95554914455648], [11.88057084321404, 55.944066025740966], [11.943809413116186, 55.95321514823252], [11.97981277579273, 55.9669640990176], [12.002606729321604, 55.96502987688581], [12.0061187126878, 55.96501126575534], [12.014602025836927, 55.96225525000521], [12.024915098523651, 55.944024876050875], [12.046355318767139, 55.91927346066735], [12.062960810643057, 55.88073018262386], [12.064038505116383, 55.86405810244821], [12.044122274955761, 55.851114323509954], [12.05447197734653, 55.838344977051904], [12.05928654123089, 55.82875509443267], [12.06933359850747, 55.811721252333555], [12.077062312444884, 55.793325089040735], [12.08647250999912, 55.78213915057364], [12.128498758652078, 55.761846530837545], [12.157286534064678, 55.74921796576849], [12.188112625484472, 55.746849192233896], [12.226943804725389, 55.740492625110036], [12.226589864910169, 55.73458803496002], [12.214373582834973, 55.72678472737474], [12.25051115920486, 55.708253061449824], [12.21210414647482, 55.687217013308526], [12.168712713711509, 55.68167576278004], [12.153208836648297, 55.66643698591542], [12.162981736185008, 55.65300399531613], [12.157084285564963, 55.634019152693796], [12.159593506528953, 55.612820462276815], [12.215368855982646, 55.61249158021066], [12.24977396215685, 55.61631227490686], [12.294032571003228, 55.61639752123589], [12.347323640318452, 55.60332976250761], [12.37514681196548, 55.59866440161848], [12.392288896306711, 55.60935117664664], [12.386252861689485, 55.61142977391523], [12.380229150161332, 55.60829993993759], [12.393945632235733, 55.612007877380485], [12.405267281221178, 55.61227511021781], [12.442953422885195, 55.610864915655945], [12.446564282018077, 55.606902837702165], [12.495410193558383, 55.605011389364975], [12.49784998103912, 55.61557654791351], [12.50416217753764, 55.631431338601075], [12.532550905131338, 55.63632140111223], [12.541529289715008, 55.64050453389845], [12.5470779478664, 55.648444895981996], [12.547285958160332, 55.65077303768172], [12.549583406685977, 55.654445109240115], [12.558189771062748, 55.659299938689365], [12.56360637507072, 55.66325489409083], [12.57657083520001, 55.67491198805267], [12.575735514275186, 55.675715850696974], [12.57598923624065, 55.67577247305433], [12.593822790687005, 55.67909103583283], [12.598866666615637, 55.6918859156999], [12.598392909507824, 55.69867635680315], [12.600345172300734, 55.705295795021286], [12.59493297183423, 55.70907473959232], [12.611463668182987, 55.70903750531788], [12.63986038000292, 55.7223795384449], [12.605957774330685, 55.72312276990789], [12.592410445024269, 55.71056898900046], [12.584747244322209, 55.71572534743495], [12.58317292971878, 55.72183980819685], [12.587902908236009, 55.72741406881519], [12.586124374229165, 55.74144793029483], [12.600067073651699, 55.76289244568322], [12.594070024121168, 55.784511225854715], [12.575884869072638, 55.819707421045614], [12.57042466712893, 55.850439951378476], [12.548368488264835, 55.88314614951081], [12.535892348730732, 55.89735669023124], [12.517575490780075, 55.92104863604265], [12.525859319545624, 55.936056882390716], [12.527162578291831, 55.94026490957481], [12.545422919634731, 55.9724906282713], [12.567486546430864, 55.99751000011509], [12.597744994219271, 56.01366359318615], [12.616100998953373, 56.03260680085799], [12.621558877853749, 56.036584920446785], [12.605725983834557, 56.04447912920192], [12.573459079140642, 56.06059620255249], [12.539590675026233, 56.0801663249334], [12.483123185324212, 56.09295558192208], [12.44417264243994, 56.09308282426293], [12.409443393568505, 56.099470738353034], [12.370682195783205, 56.10744983143059], [12.34465619638853, 56.12012033675862], [12.308940510198543, 56.12755818145566]]], [[[11.698894318681987, 56.199972772076904], [11.696562689259782, 56.19983364971159], [11.69447764019652, 56.199083556608855], [11.69651311123924, 56.19753818351923], [11.698327589535545, 56.19544489925137], [11.700434190080774, 56.19429474441724], [11.703745328115753, 56.19323055971614], [11.71004308150111, 56.19316407399493], [11.715627860910095, 56.192612905328716], [11.71462087732436, 56.19495963582655], [11.714673966859356, 56.195717728161], [11.714594440803877, 56.19827229830998], [11.711397636745009, 56.19906919255656], [11.703301296260697, 56.19958262600252], [11.701316499183177, 56.198858947951194], [11.698894318681987, 56.199972772076904]]]]}, "properties": {"OBJECTID": 3, "REGIONNAVN": "Region Hovedstaden", "REGIONCODE": 1084, "Shape_Length": 1070907.6185171213, "Shape_Area": 8063770410.846113, "regionskode": "1084", "region_code": "1084", "region_name": "Region Hovedstaden"}}, {"type": "Feature", "id": 4, "geometry": {"type": "MultiPolygon", "coordinates": [[[[10.321107937276196, 55.784184664700604], [10.312454509263395, 55.7931836766039], [10.304492435473058, 55.77937929380624], [10.306508661009131, 55.77846007730995], [10.301647513189055, 55.77475221282738], [10.29752537701389, 55.76815549738976], [10.304053390166157, 55.7668487476725], [10.29678266161508, 55.76279016741095], [10.276082779828183, 55.75927544606925], [10.271123301518788, 55.76180152696087], [10.266182309639666, 55.759724353160365], [10.249889223073469, 55.762111059604884], [10.238910756577699, 55.7562839564805], [10.241146839389657, 55.74797667629213], [10.255227082560308, 55.74761115178773], [10.273072760669692, 55.74829534410563], [10.305604468946433, 55.74243701542303], [10.319477949583051, 55.74424519142561], [10.324564074177804, 55.75584483621268], [10.321107937276196, 55.784184664700604]]], [[[10.362950164246582, 55.82393793382387], [10.35770514115278, 55.826530838230866], [10.352871667731685, 55.82780440858615], [10.35139888611159, 55.82859043806239], [10.352915213565087, 55.82743999159574], [10.35589554969162, 55.82668981365426], [10.358938884669062, 55.82470039804265], [10.359369547796048, 55.82401754575231], [10.361048977864108, 55.82336239600068], [10.362950164246582, 55.82393793382387]]], [[[10.097398185079735, 55.82903418710128], [10.091095128939244, 55.83076493490092], [10.080001881106378, 55.8351685367291], [10.083658150975168, 55.83338766356197], [10.089353182415614, 55.83086295115425], [10.095537797482502, 55.82917495268579], [10.089257927757826, 55.82968836343061], [10.07613854866623, 55.83470817207374], [10.06839160611508, 55.83408585372523], [10.061853988175814, 55.833015998263676], [10.062437130440824, 55.82655864634964], [10.064210157774959, 55.82277423838859], [10.07019653981149, 55.82097780180441], [10.069427787642473, 55.81928240019499], [10.067586541347325, 55.81826098610836], [10.072781059359214, 55.81772642455126], [10.082997859596937, 55.81760202634038], [10.0927674003328, 55.819117250019424], [10.09931387655911, 55.82256823717644], [10.097398185079735, 55.82903418710128]]], [[[10.350020137440467, 55.82977907410884], [10.348460683666787, 55.830846385484854], [10.346787465448923, 55.83436201796294], [10.346623817556987, 55.83608114352116], [10.347701798592887, 55.84014273774565], [10.347297879210224, 55.840418451915156], [10.346174270944415, 55.836722188992475], [10.34613237890944, 55.83457613787024], [10.347740867222885, 55.83079343775602], [10.349914131745349, 55.82951649500531], [10.350020137440467, 55.82977907410884]]], [[[8.18440264869639, 55.85216444838358], [8.187004906377734, 55.85365636613298], [8.18840388061744, 55.85483119752876], [8.187241267502024, 55.85542699070387], [8.180598571827344, 55.85113037628079], [8.17988321731546, 55.84984454769628], [8.179586656490713, 55.848302904744976], [8.180386425689843, 55.84814110329179], [8.18122870945644, 55.8480839918707], [8.18440264869639, 55.85216444838358]]], [[[8.192696685916818, 55.85782401308272], [8.194682017491948, 55.85946105515885], [8.20074836755506, 55.86280491598706], [8.20124950800769, 55.86395381621146], [8.20030067506523, 55.86495879002838], [8.20115463423557, 55.8667547786321], [8.199164146330704, 55.867931070904305], [8.195792509456302, 55.86793919009002], [8.19623991807848, 55.866308105458614], [8.198286001817978, 55.864667134689206], [8.197362466332248, 55.86284452314596], [8.189044775572075, 55.85680288492951], [8.19000855468421, 55.85638925027358], [8.192696685916818, 55.85782401308272]]], [[[10.001130372285834, 55.87074015997349], [9.99738499582902, 55.870617449378855], [9.99490945090839, 55.86939162451465], [9.99465907157409, 55.86728615626405], [9.993548655068224, 55.86520326715728], [9.996630194496394, 55.865550539456365], [10.00019447328685, 55.86544165548814], [10.008755085567849, 55.865379880539216], [10.0142599535441, 55.87054839010008], [10.011757298366497, 55.87017505488057], [10.005622185861665, 55.87017923318726], [10.001130372285834, 55.87074015997349]]], [[[10.24242031628926, 55.87968448301079], [10.241682368249643, 55.88148075206511], [10.239573960294086, 55.8835586921255], [10.240018938075119, 55.88244714845716], [10.240366792702599, 55.88097274248903], [10.241804071106042, 55.879884886294874], [10.241306647882068, 55.87923033805983], [10.238820834319448, 55.879223119688895], [10.236854522773799, 55.878722338338754], [10.234814687715444, 55.88052651652374], [10.234899738409904, 55.882062430982025], [10.234135894635624, 55.8809640173439], [10.2357319017565, 55.87861742530793], [10.237609522634116, 55.87825053863379], [10.241240595657555, 55.878412747860715], [10.24242031628926, 55.87968448301079]]], [[[10.666144986280747, 55.88665848273105], [10.666034665079005, 55.88625189785671], [10.664097337676038, 55.88641532712339], [10.664981751531142, 55.88445562990928], [10.666483675397373, 55.883972949453145], [10.668056419745648, 55.88417307515411], [10.667640145832904, 55.885289449415644], [10.66809595100805, 55.88585122199146], [10.667234763992933, 55.88572440669864], [10.666144986280747, 55.88665848273105]]], [[[10.655337892290055, 55.88570415480566], [10.654924611563807, 55.886535391182505], [10.653250720507785, 55.886871421865294], [10.65043066448917, 55.88717391591177], [10.649166377354907, 55.88655254927827], [10.64889328681359, 55.88556868243377], [10.649773144413583, 55.884580690474486], [10.650556508578989, 55.884205786694984], [10.654405658417431, 55.88396647613384], [10.655337892290055, 55.88570415480566]]], [[[8.250276625012138, 55.894714644200135], [8.250391408145896, 55.8956950193332], [8.250028751079176, 55.89638163059046], [8.248934777336283, 55.89703475989381], [8.247920750060407, 55.897165957407054], [8.246933020964493, 55.89647577435873], [8.246532531349583, 55.8957526067716], [8.24702203502598, 55.895512815866525], [8.248027069267547, 55.89468700017108], [8.249574118205441, 55.894434154260374], [8.250276625012138, 55.894714644200135]]], [[[8.242637429091117, 55.893260874602895], [8.245694965534874, 55.894941579667694], [8.24505992759588, 55.89668911948138], [8.242675514065892, 55.897864952775365], [8.238338681436137, 55.8983324919252], [8.234237719450524, 55.897772787730595], [8.232345456932082, 55.89635038947394], [8.233270696521906, 55.894138647807345], [8.236230770248909, 55.89295704326837], [8.238953997761353, 55.89269131338221], [8.242637429091117, 55.893260874602895]]], [[[8.368080755327062, 55.90133726345145], [8.367709677452853, 55.90192883726982], [8.367394065157562, 55.903357135985836], [8.369523650895989, 55.90433738891515], [8.369376614650278, 55.90538503937], [8.367066861001858, 55.90585920530534], [8.365499462527813, 55.90384140084679], [8.365143691946077, 55.90246382935277], [8.366259824432074, 55.901321617192885], [8.368080755327062, 55.90133726345145]]], [[[10.6317507973322, 55.8966390890506], [10.632926281509027, 55.89813403632352], [10.631573753762746, 55.899043422762276], [10.628901929647478, 55.89805695187937], [10.628894240966956, 55.89676291615041], [10.63099822561807, 55.894903174320866], [10.631963483357193, 55.89301571928247], [10.633577419054502, 55.89046983864727], [10.635958942704224, 55.88978876189616], [10.63849377284037, 55.89058459118812], [10.640238030729229, 55.88919586945982], [10.64456157278433, 55.88860223295248], [10.646893137527876, 55.8900481713393], [10.645723511264988, 55.8915619484942], [10.6428829377253, 55.89374576871812], [10.640128342839775, 55.893430047443154], [10.637778205427738, 55.895281002462696], [10.63279680463218, 55.8947435484639], [10.6317507973322, 55.8966390890506]]], [[[10.280500415917754, 55.900451833828015], [10.28148462182112, 55.90152619600745], [10.280947818251718, 55.902709745836596], [10.282619893812575, 55.90494681876684], [10.285461658518349, 55.9071339240284], [10.287602984339173, 55.907726460308595], [10.283916147496182, 55.90705542540292], [10.279891217119605, 55.90420700324735], [10.275764369280765, 55.90327880848964], [10.27766624646771, 55.90160559167382], [10.278380637985604, 55.89981806630657], [10.280500415917754, 55.900451833828015]]], [[[10.619328382442006, 55.903679693695366], [10.619293320298132, 55.904151132965346], [10.616275263912808, 55.903348399757725], [10.616037250786718, 55.90249862346733], [10.616737021325058, 55.90171678501812], [10.618522044761498, 55.900888689544466], [10.618856458795674, 55.90041520216371], [10.623664988696296, 55.90251455881995], [10.62309987292411, 55.90329259571967], [10.620276054761085, 55.903070618605014], [10.619328382442006, 55.903679693695366]]], [[[10.653322026978385, 55.90467134282265], [10.650321686268788, 55.90482347452481], [10.650425986961483, 55.90268796986193], [10.649550758380167, 55.901585825490386], [10.651856024943752, 55.90052363150772], [10.648020839416423, 55.90193458844462], [10.645602036580721, 55.900202986519965], [10.643279098358866, 55.90082810714838], [10.642979713230842, 55.89937261099014], [10.64200667608139, 55.897262180420626], [10.642433843863635, 55.89700027869367], [10.644707299286372, 55.8969797244387], [10.646709632376567, 55.89631303266911], [10.64824449926089, 55.89816779125373], [10.651048775473223, 55.89856282651407], [10.655196557651456, 55.90196360517323], [10.656564398080057, 55.90348773853437], [10.65872985714101, 55.90440971520511], [10.657374903943467, 55.9045069515674], [10.653322026978385, 55.90467134282265]]], [[[10.617859929803226, 55.90631602021323], [10.618541362133385, 55.906967296918495], [10.619289040724125, 55.90708480437328], [10.61944920944097, 55.90759600194418], [10.618073350650109, 55.90764931587101], [10.616953025726692, 55.90813429098932], [10.615984606816118, 55.90825259399985], [10.61537208245481, 55.90711108958247], [10.615222221007528, 55.906427033380304], [10.616379803557361, 55.90574622009841], [10.617856392237657, 55.90534355753112], [10.617859929803226, 55.90631602021323]]], [[[10.71151929282856, 55.931968199260325], [10.712950981914295, 55.93299235398864], [10.701328365867637, 55.92881366371797], [10.694921123120517, 55.927913752259904], [10.692088320008022, 55.9279190018493], [10.689379857205571, 55.92630131610427], [10.686429306518898, 55.92602506680065], [10.681211461055716, 55.926492794470555], [10.679787283682376, 55.92685640875811], [10.680467623661128, 55.92655488740182], [10.680972024099894, 55.92645247817536], [10.684172192349495, 55.92608138319382], [10.686571881730925, 55.92593208135926], [10.690706705711158, 55.92629272495904], [10.693721428448452, 55.92610149976652], [10.71151929282856, 55.931968199260325]]], [[[10.675963446572013, 55.93172228614117], [10.675341890548856, 55.93328108779688], [10.672006076691341, 55.93456968956655], [10.668389634528928, 55.93406884293947], [10.666703659335717, 55.93143562908912], [10.667383583394482, 55.930646941762056], [10.66967735152242, 55.93140272537664], [10.670565971289697, 55.931254172209556], [10.673945131554591, 55.9295693431885], [10.675963446572013, 55.93172228614117]]], [[[10.767523157520834, 55.94383297220172], [10.767511322216976, 55.944891316331336], [10.765205204948805, 55.947109835601715], [10.763246436556615, 55.947864092859405], [10.74584366111997, 55.94801927836773], [10.749843550957989, 55.94668994291721], [10.753284505432985, 55.94409350277716], [10.758894395449099, 55.94304801547856], [10.764295235820507, 55.942715026962155], [10.767523157520834, 55.94383297220172]]], [[[10.439675332850337, 55.94373356715018], [10.443535424168925, 55.945690501832786], [10.448830219319342, 55.94739232388769], [10.454759988628362, 55.948103256800415], [10.452223257657092, 55.94866228244024], [10.454252772869491, 55.95030661440993], [10.456398852574827, 55.951267221667386], [10.461500758772488, 55.952273195002164], [10.451815804302118, 55.953791941586424], [10.44312892212984, 55.9564722675653], [10.426163095332203, 55.95803746110473], [10.423066695972615, 55.95864746450062], [10.419980229285134, 55.95971511337937], [10.411220610524309, 55.960818125267934], [10.40305301207841, 55.959762971572054], [10.404850408909605, 55.956686890908074], [10.413408187005864, 55.951599899253274], [10.429001765341807, 55.944865703150825], [10.437537923684154, 55.943364664523415], [10.439675332850337, 55.94373356715018]]], [[[8.283527805678025, 55.98280289752461], [8.283239676440532, 55.98325991887929], [8.281622590351502, 55.98460404299234], [8.278434593375675, 55.98425252453809], [8.277658717566473, 55.982513920764134], [8.278126178382427, 55.98011625200901], [8.279800529375896, 55.98043864050879], [8.280803303456198, 55.982286198139846], [8.28179019801721, 55.98064594602633], [8.28282412746818, 55.98010530258277], [8.283527805678025, 55.98280289752461]]], [[[8.135209767369144, 56.00187462375159], [8.117023879295346, 55.9993428976423], [8.131754830616758, 55.97580137961884], [8.142643159258604, 55.94390697899626], [8.152871191132336, 55.896783923825296], [8.164323809994606, 55.83692695905636], [8.182016898473222, 55.81820759326866], [8.178958904787006, 55.82404912111396], [8.176724611419067, 55.831482392339936], [8.197028907494209, 55.86397245020651], [8.180954091779125, 55.877945333509686], [8.172422656778549, 55.8988711150303], [8.172315775226027, 55.90979407668], [8.173761845441163, 55.91861497622299], [8.170143824938853, 55.935864640683874], [8.171887214156818, 55.94977055010628], [8.155780863981992, 55.96351751737258], [8.141796418051578, 55.98286004954911], [8.132916196870566, 55.99772967066385], [8.135209767369144, 56.00187462375159]], [[8.168904598106085, 55.915683604784014], [8.169837273949815, 55.91668449020704], [8.171632350432608, 55.917516314431], [8.172417115969886, 55.91729371949337], [8.172261493626685, 55.916885364939446], [8.172024957330922, 55.91626477008217], [8.17233147238731, 55.91586131811461], [8.17241911112814, 55.91533742824649], [8.172331187621362, 55.91525884402986], [8.17148824628799, 55.91450514092377], [8.168736587096813, 55.91327653459769], [8.168904598106085, 55.915683604784014]]], [[[8.282404837012717, 55.98687593080466], [8.282960127910648, 55.98993934921431], [8.28454848857183, 55.99259067896374], [8.287158216643068, 55.997608938548495], [8.287701578812344, 56.00010268757152], [8.290226613718602, 56.001785887070554], [8.292260804662059, 56.004138401083345], [8.292491834285146, 56.00680904760726], [8.290259666331172, 56.007934916420425], [8.29008670650299, 56.004947781539656], [8.289951394170062, 56.00482345613965], [8.28698656476196, 56.002055532769816], [8.286058093932077, 56.000222121916956], [8.284184603508113, 55.998557803466326], [8.282647973230885, 55.99452134284931], [8.28129368568496, 55.99333190113022], [8.27991191687786, 55.99018431388031], [8.279288799582714, 55.986867819917336], [8.279104051163054, 55.98512405470604], [8.282404837012717, 55.98687593080466]]], [[[10.588429759249504, 55.94075462396985], [10.555752565219276, 55.99968765611539], [10.527772410281408, 55.9502137717375], [10.547204734168114, 55.938145211534675], [10.599536038942228, 55.91105435243918], [10.589275571598533, 55.87531293068699], [10.558346968031767, 55.86444480097394], [10.534892711446563, 55.855697054751694], [10.527221054004428, 55.83413729158767], [10.528905721250599, 55.8082475261355], [10.536237959245767, 55.78308202222293], [10.571517541213085, 55.76963661651091], [10.629293737943474, 55.780018751325116], [10.645808484704363, 55.808978433640156], [10.64215872851966, 55.81648366210573], [10.644021567619273, 55.84134821747544], [10.677594604769977, 55.86873162664513], [10.68692457827776, 55.90515114682241], [10.677102195043636, 55.9187663374119], [10.684662972531935, 55.904053852403266], [10.66742242205579, 55.8823970306336], [10.641618311926203, 55.87576101112746], [10.628546371966456, 55.89040304681482], [10.617314567984147, 55.8943585765985], [10.611637979854805, 55.90973686857972], [10.626428211001814, 55.91599492627886], [10.640155479147861, 55.91212456434875], [10.649776556215025, 55.915821938206], [10.588429759249504, 55.94075462396985]]], [[[10.807103476911468, 56.13064251790284], [10.811171960307956, 56.13338337658252], [10.811098983869217, 56.13422369111138], [10.807386745364933, 56.136865347733114], [10.804477598928045, 56.13802938373976], [10.803265729388949, 56.13720855607686], [10.799526610596422, 56.13583406046569], [10.798795222953341, 56.133553983475515], [10.797156827927457, 56.13233932197807], [10.79091212634782, 56.13076285916316], [10.791492317647096, 56.12989651273591], [10.799522272631902, 56.12992303122396], [10.804706787903113, 56.12964169120654], [10.807103476911468, 56.13064251790284]]], [[[8.246145542515082, 56.32613231442455], [8.24390022053041, 56.326295633430604], [8.24252020972633, 56.32560058878358], [8.24127358436887, 56.32578137206887], [8.24046866512821, 56.32566431054014], [8.239853829401673, 56.32494139867251], [8.241285064838207, 56.323686193311445], [8.243367621076558, 56.324714207681204], [8.244531682276227, 56.32467521866349], [8.246166285513292, 56.325153640421256], [8.246145542515082, 56.32613231442455]]], [[[8.247713271569125, 56.32828848243018], [8.247279872173783, 56.329175701426024], [8.245510712086949, 56.328401236703776], [8.244905518876656, 56.326969871362856], [8.247616575115327, 56.32583801967638], [8.248846955339145, 56.32640891956416], [8.251974984379869, 56.32671939840186], [8.252635846188323, 56.32715240834652], [8.250289415225177, 56.32706860183162], [8.247713271569125, 56.32828848243018]]], [[[8.189280976796255, 56.34071044063208], [8.191198184631794, 56.343330443098026], [8.185761014593705, 56.34295000504998], [8.17933038420812, 56.341480534102594], [8.17707705643765, 56.341163343313504], [8.175792969536229, 56.34017708380013], [8.173566698123803, 56.33942882828533], [8.170811009090247, 56.337780576461675], [8.171698112501291, 56.336771853832005], [8.174330430507007, 56.338303719987344], [8.180372937485858, 56.33940197146481], [8.186336701740137, 56.33922994775089], [8.188472889197566, 56.33846416418908], [8.189280976796255, 56.34071044063208]]], [[[10.116255115569095, 56.46300400423224], [10.11316041312709, 56.46381842138542], [10.112951653638213, 56.462307770061734], [10.111830643300209, 56.46320031450616], [10.110718731997741, 56.46277180302236], [10.11159124676859, 56.46192785625251], [10.114349783461579, 56.46138128130483], [10.117788361892652, 56.46054100575398], [10.11767767956818, 56.462071417931625], [10.116255115569095, 56.46300400423224]]], [[[8.722343235499881, 56.479798736761666], [8.722414683904326, 56.47990841487658], [8.722214486258418, 56.48139917854805], [8.720677253211605, 56.48230170607898], [8.721766277237291, 56.48010147380152], [8.721534832592544, 56.479979846788275], [8.720700127911995, 56.47954088719651], [8.720140087621173, 56.479198043653504], [8.717993280280458, 56.4802920558538], [8.71804016515177, 56.48080067261995], [8.718171809663378, 56.482228753692794], [8.717328712921475, 56.48156316855077], [8.71744671382057, 56.480934537350876], [8.717693702912989, 56.479617373862126], [8.72022488588905, 56.4783968364974], [8.720714319496874, 56.477298980376055], [8.722343235499881, 56.479798736761666]]], [[[10.215419131873306, 56.474195126132194], [10.216320425072569, 56.47442692011148], [10.217567486112923, 56.47541796721863], [10.217939684186279, 56.476601869706464], [10.21694911641407, 56.47692569878647], [10.215581132254998, 56.47674430280924], [10.214680861338497, 56.47598695859119], [10.21341921794616, 56.47423687967609], [10.214366444700877, 56.473975498907194], [10.215419131873306, 56.474195126132194]]], [[[10.436808106296168, 56.527396106644886], [10.4315803524154, 56.528895975890364], [10.424722189531616, 56.530863229627016], [10.419385609245742, 56.53290869193495], [10.419372205483384, 56.53291549403965], [10.415865306581697, 56.5346923461246], [10.413290180716885, 56.53599693285828], [10.41282121162954, 56.536276853948245], [10.406421201218784, 56.54009637324086], [10.406665657062089, 56.5385924466127], [10.408719116868387, 56.53583678128885], [10.410600082173799, 56.535193667200296], [10.411572976491113, 56.534861039031384], [10.414409569595795, 56.53353068934707], [10.418084751696313, 56.5318069468792], [10.420740011776031, 56.530561362818496], [10.421432575130856, 56.52983857592829], [10.425191087652058, 56.5286588903983], [10.430354776381694, 56.527618996416805], [10.436808106296168, 56.527396106644886]]], [[[10.369226049942963, 56.56072991214731], [10.366545891258527, 56.56344757121185], [10.364570176148494, 56.56545049062882], [10.36447131116157, 56.56551150645291], [10.363121716414712, 56.56634458496585], [10.362500855687543, 56.56742223617046], [10.362078584621944, 56.56770477226323], [10.360962877039075, 56.56845107311978], [10.360330639148831, 56.568189786125394], [10.36088108633078, 56.56736090617663], [10.361144493931652, 56.56696438553981], [10.362843087759657, 56.56562020421064], [10.363298004501008, 56.565196420718685], [10.365479861409176, 56.563163853465774], [10.369493420012564, 56.55942430282113], [10.369226049942963, 56.56072991214731]]], [[[8.667736870911945, 56.58075204987032], [8.672210227701944, 56.58326645481274], [8.668452123015893, 56.58127818385296], [8.659632288384932, 56.58235707684711], [8.642432275284309, 56.58170679250501], [8.63323537640608, 56.57615906126939], [8.615731648297789, 56.55820340642755], [8.613073602542336, 56.550738085207534], [8.61955526981245, 56.53854861473438], [8.62099827856911, 56.534395387182805], [8.62691555680409, 56.53081276516461], [8.628975644380539, 56.523385544784205], [8.617301597088893, 56.514900532352726], [8.631361255364787, 56.52025974472711], [8.635970586546108, 56.53555382491812], [8.630080064631844, 56.542074887024974], [8.634292552459973, 56.55514500916351], [8.639598299870368, 56.56076556390549], [8.649221856287722, 56.566768826778436], [8.667736870911945, 56.58075204987032]], [[8.660032340520292, 56.5814070185879], [8.662013742864382, 56.58032443674186], [8.661313733374183, 56.57976228062855], [8.660118061357952, 56.57880193643729], [8.657268524428359, 56.573570722547736], [8.654878146983176, 56.57161580462292], [8.650980507882375, 56.570299975774915], [8.64133806348785, 56.572962044304035], [8.639393280966338, 56.574621637679584], [8.63894861220574, 56.575936798590924], [8.639965512293868, 56.578275182163665], [8.641490919019958, 56.578945854100525], [8.642636712080018, 56.57944956977172], [8.64796049586467, 56.579194957606276], [8.650357235178664, 56.577351518955794], [8.652438126838794, 56.580406576673056], [8.65423124589258, 56.581636654465505], [8.656118885680558, 56.581810699629585], [8.660032340520292, 56.5814070185879]]], [[[10.326873196310599, 56.61261157917388], [10.329853116517143, 56.61352992797209], [10.331007660066398, 56.6143654074561], [10.329567474714679, 56.61473086132506], [10.32542891823444, 56.614780227286616], [10.321170723226363, 56.61435299416017], [10.320494502023168, 56.61353669828989], [10.321933707312919, 56.612381939173844], [10.324076529727044, 56.61186443988398], [10.326873196310599, 56.61261157917388]]], [[[8.619398222741218, 56.6625393148197], [8.606589305903386, 56.66178240158209], [8.59577618870872, 56.66305504422142], [8.591270232955353, 56.659035418267734], [8.58907289178665, 56.654688248463636], [8.59323381002927, 56.65132398604829], [8.598307529788272, 56.64888277211634], [8.601100911232841, 56.64377666283997], [8.599391771183377, 56.63843183742506], [8.61345970204471, 56.634653850129304], [8.627383251182021, 56.628087424702905], [8.635759466284659, 56.62113534225239], [8.63285502612153, 56.6248562009249], [8.63578162772272, 56.637652310345665], [8.632074864450077, 56.64324702855543], [8.630956798789594, 56.64898813713153], [8.63597666634393, 56.65201994379617], [8.642097993302439, 56.65990763264762], [8.634714174043637, 56.6589991965696], [8.619398222741218, 56.6625393148197]]], [[[8.583771889277623, 56.68690733341729], [8.563547750773585, 56.68735695052028], [8.54289608516123, 56.68295176426554], [8.511984672654082, 56.66835511905966], [8.481098443517567, 56.673189853519254], [8.483547797157758, 56.682979585190495], [8.436196050734585, 56.67507119385477], [8.415656390665129, 56.67186603640144], [8.421418026793969, 56.666302817082], [8.458773882182504, 56.64728179689589], [8.494281017292774, 56.62551361354964], [8.51364173377325, 56.59584864531623], [8.548296063149955, 56.577054891115615], [8.542456670646754, 56.58329643904942], [8.53114519957349, 56.593990079255036], [8.59242470463937, 56.60649967567698], [8.59573925986571, 56.63609539346417], [8.587638814080567, 56.64086741347102], [8.576571364964341, 56.6603243045736], [8.583771889277623, 56.68690733341729]]], [[[10.232396095983825, 56.707755279000025], [10.23586515515081, 56.708556231095486], [10.236757389738779, 56.70917325588549], [10.235949843824207, 56.710082886609975], [10.232146235875746, 56.71047096055295], [10.229215963758318, 56.70855165182911], [10.227002971242385, 56.707180920254295], [10.227247358813745, 56.70604248407336], [10.229935298705207, 56.70523987876178], [10.23763053782188, 56.706372127986576], [10.239985852224889, 56.70759965723916], [10.238351965843409, 56.70833908834704], [10.234624956340918, 56.707453789298675], [10.232396095983825, 56.707755279000025]]], [[[10.22669325459031, 56.70932413220966], [10.225682559165838, 56.70990694390152], [10.225710077257924, 56.71056228865721], [10.228301521019908, 56.711194093218566], [10.225927028483898, 56.712008940869126], [10.223380839150993, 56.71209739625727], [10.22306843833286, 56.711023914051296], [10.224122657132838, 56.71013925900532], [10.225570349705396, 56.708932845371265], [10.22669325459031, 56.70932413220966]]], [[[9.19372890144266, 56.72474288943783], [9.191878787877362, 56.72644757237998], [9.191305580081089, 56.727682841536094], [9.189379591213617, 56.72871443922548], [9.188248040044073, 56.72953656263646], [9.190592554002414, 56.72726097136266], [9.189422636685402, 56.726679519692205], [9.190006816504557, 56.725342454714934], [9.190605382842994, 56.72427317472813], [9.192793603416602, 56.724659621202925], [9.193825555675659, 56.72316983656885], [9.19529366695461, 56.7220839952606], [9.197612937355148, 56.72176931723087], [9.200053265621701, 56.724351173491435], [9.199925288033043, 56.72631678876667], [9.19839394074798, 56.726293002307024], [9.199820060278977, 56.72539493872098], [9.19954808095367, 56.72368672483483], [9.197593906545837, 56.723748772123606], [9.19372890144266, 56.72474288943783]]], [[[11.653941185458521, 56.736445392208594], [11.645857182436316, 56.736649689246796], [11.611919360110003, 56.730987292796826], [11.59049101110299, 56.72621474685309], [11.563216492702272, 56.7237952722818], [11.538981196791621, 56.72598499480708], [11.525644473011953, 56.722376702499965], [11.51444233409529, 56.717416460512965], [11.507511967323904, 56.71599039630119], [11.509091825430957, 56.716669029814334], [11.513374037796464, 56.71406030993728], [11.523390695185537, 56.70703025476655], [11.538800134159587, 56.689633955511766], [11.550042475380147, 56.68783112789027], [11.573346861534931, 56.6895057562174], [11.584902695026734, 56.69251286150099], [11.602894073587045, 56.70914097324077], [11.625144706269145, 56.72204100149642], [11.657904704307326, 56.73502163864178], [11.653941185458521, 56.736445392208594]]], [[[9.069809140386486, 56.802111492264125], [9.046713400532846, 56.80098861133611], [9.033398934310995, 56.79605261376685], [9.04080486649885, 56.787802304257625], [9.025500754093544, 56.786422236948376], [9.025143606394456, 56.788622171703544], [8.99434830652764, 56.79434033367239], [8.966366647809995, 56.80095868340624], [8.940982147037808, 56.794052410317065], [8.890451925780841, 56.76764603093345], [8.8705756365144, 56.75659671967457], [8.853367896105675, 56.74206226739902], [8.833445284313306, 56.71557805510497], [8.842628201812442, 56.70677200080582], [8.873807464987872, 56.705096126565046], [8.884415663889843, 56.716956918977424], [8.91135532718358, 56.708619642561224], [8.906757012940895, 56.693343791752724], [8.881473778352406, 56.702501819142675], [8.868702238616905, 56.6912600843144], [8.845440609574704, 56.68780871673748], [8.821493362951468, 56.695059547129766], [8.789081869921, 56.67797754214555], [8.76088675352556, 56.64433692242056], [8.72698669457713, 56.62325986340591], [8.680412426557648, 56.62486162306603], [8.691096855596282, 56.60638360492192], [8.719076086167737, 56.576962051129925], [8.74411692834312, 56.567851634409415], [8.758300074427881, 56.547778757769834], [8.737384601464345, 56.526672436887424], [8.74364070356325, 56.50171796905633], [8.731012032788858, 56.47818204623604], [8.706669150148196, 56.474785317675625], [8.659191897401714, 56.46706947459544], [8.621873455048126, 56.47687465992254], [8.61155583508943, 56.49041021470133], [8.598859860737333, 56.49571498791608], [8.5923565458655, 56.494316791781806], [8.583549941622058, 56.4966174813983], [8.613226477837381, 56.5170303042409], [8.585346891092232, 56.53842761839719], [8.57636652123178, 56.554561875143676], [8.566396353455294, 56.5808605118669], [8.530925037768688, 56.54598228532103], [8.496644888148836, 56.548371804847186], [8.463057233611831, 56.55912257059294], [8.411089711493528, 56.57314960731933], [8.364266192423699, 56.57630310032562], [8.313806431424336, 56.573339622396574], [8.307680744941745, 56.555582820153276], [8.29429894280283, 56.5617430245984], [8.29322680440955, 56.569564132584226], [8.29499911758306, 56.58719891490432], [8.282558676200045, 56.59863404820284], [8.236305159737583, 56.60698039489022], [8.227995374151902, 56.619839204057534], [8.218454071075215, 56.6186481587603], [8.201665361508892, 56.633216397460366], [8.200564022478996, 56.65173892569173], [8.211421766180365, 56.66227265559745], [8.223317343410924, 56.674640807451965], [8.227490008024192, 56.686522405909564], [8.225827610912232, 56.69687354325203], [8.217150339815168, 56.69918218453589], [8.217938907022727, 56.70151477734101], [8.202968709188312, 56.70201809088659], [8.191273293671044, 56.68817512305525], [8.175762833753401, 56.66844919067978], [8.164420191139756, 56.65102399891919], [8.15473819751655, 56.63248331782546], [8.142206217806105, 56.59932252941048], [8.122923982640417, 56.55499613018209], [8.117229962703002, 56.53481333111469], [8.116180678348845, 56.51263197798129], [8.118832552678272, 56.497558896623865], [8.121698278147624, 56.48346046043961], [8.123245786124638, 56.45134203329724], [8.120657095699023, 56.42514424029924], [8.115360036794087, 56.3724870706239], [8.127345894710707, 56.38271431451495], [8.127810087455686, 56.389643320104575], [8.130119401827926, 56.39946371801507], [8.123226562177551, 56.40811728739422], [8.129815378698122, 56.41809343722336], [8.12809801636886, 56.43133295423864], [8.135656452847556, 56.43777341654837], [8.163510487912799, 56.43419628305395], [8.169105892594947, 56.41842818883731], [8.166322982811643, 56.40366120635279], [8.182994699388647, 56.386516797360855], [8.200813490921606, 56.370544222568824], [8.2340883655514, 56.35918865737073], [8.251881037669152, 56.347237655527486], [8.257201469839467, 56.33685410139019], [8.275319420124978, 56.32860655920451], [8.255269748822187, 56.32892559555683], [8.286635809474419, 56.319313721775806], [8.30039940908381, 56.32110891871089], [8.279268788711438, 56.30069167064112], [8.260260198347607, 56.29113622018876], [8.23572850959713, 56.29885688077275], [8.235026663950498, 56.317298794345575], [8.208198888520341, 56.32003044391576], [8.177199116823525, 56.324501906207246], [8.167181008655275, 56.33355322656962], [8.150546608993496, 56.33225386647035], [8.129205657978826, 56.33505222759093], [8.132264855407517, 56.35340841658044], [8.13544558052114, 56.36728809740387], [8.127054813609218, 56.36926894249968], [8.126861735111941, 56.371291320517514], [8.116149102566602, 56.37189556759796], [8.12033071170517, 56.33354630653492], [8.123556573568552, 56.29640200915684], [8.128913590527123, 56.26990317790854], [8.129693793521042, 56.242064255227376], [8.127006424958102, 56.20231573887729], [8.120096997916022, 56.174681438514355], [8.11246390155576, 56.14125253999613], [8.104865428063192, 56.10651476564005], [8.098707894507136, 56.06830951077101], [8.101450148337305, 56.03440780766972], [8.119022948806116, 56.00222971862668], [8.14389338326707, 56.007590386209934], [8.131674844623868, 56.01281133669339], [8.125334760825684, 56.030603808722304], [8.128582194832296, 56.050911585698444], [8.129970510561176, 56.07129524315547], [8.140245065285155, 56.09563617244221], [8.139079188590287, 56.107213000125356], [8.1347807526507, 56.11578491394653], [8.165194974597584, 56.105923833475934], [8.207058242806882, 56.09807444983321], [8.2329848822429, 56.09159379870836], [8.243711047009649, 56.086039412144984], [8.286633357972004, 56.06533486856282], [8.306751478204534, 56.05240985901709], [8.30888212126001, 56.02739040054031], [8.306733052859734, 56.01389062835638], [8.330905887112072, 55.978422772766464], [8.35309707198362, 55.96618736944447], [8.360363498502762, 55.9563623139729], [8.363794593967548, 55.95013570487357], [8.375642955746766, 55.93950604064432], [8.375319983554354, 55.92902482853502], [8.371115228424209, 55.91773457582772], [8.364906532219464, 55.91012606778868], [8.374579327992487, 55.90831039995716], [8.376989201574276, 55.900566338277116], [8.351443794568427, 55.888125927568794], [8.329748926196396, 55.87262682914339], [8.306243340774175, 55.861242772354736], [8.276999471827228, 55.848418409294965], [8.271452200674622, 55.842051676739906], [8.258984733476296, 55.849492477908456], [8.265630074689462, 55.87028387769815], [8.270449168777818, 55.88775470546917], [8.254433262782424, 55.88556085864451], [8.252256506508441, 55.882447516273835], [8.235444396727294, 55.88011417246441], [8.22832806521738, 55.88866207776699], [8.232351233997681, 55.89345802582737], [8.20842981034561, 55.89679399424859], [8.205184756874504, 55.8792071173242], [8.2052212680009, 55.8695718967268], [8.200783861788572, 55.854406422773785], [8.183415980510812, 55.846625261541135], [8.179130302444905, 55.83092590860519], [8.24459581210605, 55.81157198471153], [8.299272326134494, 55.79794172491283], [8.329007327403477, 55.80369122049145], [8.370630716685815, 55.80965304648039], [8.398529662125378, 55.80231489116316], [8.417751126262091, 55.797216613197605], [8.440633382386752, 55.78697424097018], [8.473498327904638, 55.77869563357649], [8.499996648000963, 55.779929519003794], [8.512669409886126, 55.78620592582133], [8.535020400555126, 55.81415657991286], [8.541761342277498, 55.83298058185201], [8.569949682680765, 55.84767900055934], [8.591183832991353, 55.83553761624013], [8.613072171526094, 55.84020525193304], [8.635813146012781, 55.84474921928325], [8.703186770762182, 55.83848479390426], [8.720976743442488, 55.821605069050094], [8.745033554886007, 55.807158501158575], [8.799027231619235, 55.813611233982996], [8.81617799727935, 55.82560970570392], [8.828892909914288, 55.859979686831345], [8.849590800136186, 55.87985383093326], [8.867720444690079, 55.895129488135034], [8.881470684554568, 55.89574648094543], [8.941009364194299, 55.89200064522651], [8.966247121571564, 55.86270345598173], [8.962308286630103, 55.84251400222527], [8.99202898941472, 55.83815972795219], [9.001702202006028, 55.83298253023223], [9.021745447659583, 55.834669926070326], [9.047194195940882, 55.8374612331043], [9.073174865447989, 55.85183900263651], [9.094258463506828, 55.874627354681905], [9.143508676213797, 55.884038714446646], [9.178483499331088, 55.906147760602515], [9.197023658698434, 55.9336491600872], [9.214601275933816, 55.94547028056319], [9.247926658340447, 55.953340642493885], [9.27488178164023, 55.94389318759306], [9.308680327368293, 55.937962885965504], [9.350420803064745, 55.93807767714265], [9.389299204045184, 55.920417522058486], [9.3942825056759, 55.91168895592064], [9.434500746597548, 55.88316592912034], [9.457345439668643, 55.86546539256807], [9.441381922522307, 55.853551811957246], [9.447040501226803, 55.83880452839566], [9.48339005125768, 55.83273095882701], [9.507155938804837, 55.81029082742068], [9.514832095009904, 55.79552985289051], [9.523031700429387, 55.78556828318857], [9.540357883708277, 55.77394791062619], [9.5786726421536, 55.77670754628395], [9.59793702509964, 55.77227385812619], [9.602130347371194, 55.75201261787344], [9.648218487583103, 55.7546662944987], [9.66438810161182, 55.756426832309664], [9.679154096212471, 55.74445313017493], [9.681741617929893, 55.72751026726305], [9.681207249693225, 55.711064931030165], [9.715607696306051, 55.701286958049906], [9.735912098382382, 55.687206659158655], [9.7866845126265, 55.681374807080495], [9.81646225124513, 55.669575831483826], [9.85451687016059, 55.67786338601802], [9.914132987272778, 55.692067457064084], [9.974814210766167, 55.69527862341903], [10.029122061591933, 55.697042963265694], [10.015114157954512, 55.71422269003668], [9.998985524170754, 55.72181238162308], [10.01596315303459, 55.73307071393053], [10.062249661922486, 55.745817770275785], [10.041630182946767, 55.755683376990895], [10.016578423545724, 55.76874726938886], [10.02631969699452, 55.78224440701666], [10.059121921240965, 55.805257058856334], [10.053319625565733, 55.817705022313575], [10.030343932973409, 55.82350664180801], [10.01684553939208, 55.82835416931558], [10.022567487053356, 55.84170578874569], [9.988669982913606, 55.82717820049015], [9.96034392089583, 55.83119813023315], [9.904363542656638, 55.84140382461159], [9.876539003773757, 55.84740958632095], [9.882051362801171, 55.851318092959424], [9.874731155942563, 55.856732017759036], [9.900976633524081, 55.86592746730011], [9.92986917765163, 55.86123390413888], [9.965912430018351, 55.864719133471866], [9.972164422324834, 55.879875541622226], [10.01149232410379, 55.87591106506298], [10.054279912926349, 55.87840689745583], [10.082762134479887, 55.88471385775033], [10.113067708786394, 55.879348770549264], [10.109406577235278, 55.86508188749198], [10.05520032317321, 55.865606525313964], [10.038424936520839, 55.8427684407521], [10.087679761178475, 55.854395233069766], [10.11818412277591, 55.863776797097636], [10.13436616319994, 55.88059774037263], [10.147383927561535, 55.85543779590357], [10.198407019380651, 55.84170323755546], [10.202926571135825, 55.85692823927776], [10.196391894280792, 55.86899140162814], [10.19278827556908, 55.87691523464415], [10.210206456214584, 55.8892334124595], [10.238011760370581, 55.90748951032811], [10.25138978060215, 55.91127779834205], [10.254834269049493, 55.91053376548636], [10.259656023947718, 55.911643900079], [10.256462673911086, 55.91836236831756], [10.257173321250882, 55.924819187543804], [10.26441592804199, 55.95449198540001], [10.252801015048874, 55.98577566769236], [10.277208058062094, 56.01770743587929], [10.26112599024771, 56.02253004209984], [10.26898368339531, 56.050993575978914], [10.253082252411502, 56.08112116944774], [10.239171041634625, 56.10059366302334], [10.213332454164439, 56.131246420682494], [10.227266174925715, 56.13929002293616], [10.232305623956616, 56.14889777226858], [10.230691658614866, 56.15324235557799], [10.213436619211537, 56.14582842181484], [10.220092524612468, 56.15694056909887], [10.216444011696113, 56.16024329482189], [10.227047745971115, 56.16828148332262], [10.223094921565755, 56.16964161348123], [10.256402763468163, 56.19362519323409], [10.288773163065944, 56.210056774730845], [10.315338501075727, 56.22890972079011], [10.338528773341656, 56.24261085267267], [10.343405274268221, 56.24850373004541], [10.34945536931629, 56.2640666923875], [10.375986434801344, 56.269800306587946], [10.38167273012562, 56.28804706751885], [10.396459343756982, 56.292506762661056], [10.418273639552762, 56.29077477337871], [10.435790890899359, 56.294966489547086], [10.456264538270176, 56.29326248160812], [10.46696877516084, 56.280090399479384], [10.472753516857127, 56.2754273435903], [10.494753263555094, 56.27709469044732], [10.5016427722524, 56.26955594531409], [10.498703120825075, 56.26171845325116], [10.484928991163942, 56.26018563681575], [10.470487804912135, 56.24212075395252], [10.448767121653818, 56.22402800250937], [10.469117715102067, 56.22323311715362], [10.480573044181545, 56.20691145363029], [10.456265903709395, 56.19786647506773], [10.429851694669768, 56.20707112287023], [10.437178080140876, 56.219917445052005], [10.410372038550731, 56.21769445888642], [10.402745301364353, 56.207406433604646], [10.366456881688594, 56.20001165448776], [10.348046911562092, 56.20099006783046], [10.374563365050761, 56.183996461324234], [10.379139950843319, 56.16763074151817], [10.429093589333515, 56.166848960315534], [10.451037471600587, 56.18167350367438], [10.481791174978175, 56.17593105429632], [10.50779879214718, 56.170129874741335], [10.528972366363195, 56.164454858583156], [10.521432179159532, 56.151659231911275], [10.516535774261175, 56.14490324106728], [10.487383540659746, 56.14487544025555], [10.496673005538081, 56.11460078643359], [10.533924930339829, 56.10049435457975], [10.557538130339834, 56.12998421407088], [10.551045718320607, 56.14848322325659], [10.535535314098516, 56.17118662093778], [10.572542906126161, 56.20115875157715], [10.582132913162582, 56.2148490781259], [10.601695346340122, 56.226316775552434], [10.629566952452324, 56.22649810714822], [10.656806866849985, 56.2254589802286], [10.677041150926806, 56.203327441470265], [10.669496626656926, 56.192290892160734], [10.643539566672134, 56.188211950903145], [10.660515084495062, 56.1611068124864], [10.678023572776036, 56.15504421964693], [10.678448545974005, 56.14643112027817], [10.727235324114112, 56.15911250200772], [10.736428020673417, 56.191786648065396], [10.73609181989015, 56.21282523256741], [10.772789943200683, 56.24210581399309], [10.796412429984118, 56.24893881515399], [10.833503310211615, 56.287144183765875], [10.86627620176907, 56.303046007117054], [10.888936420406655, 56.32266794996613], [10.914622498196115, 56.365376979689145], [10.92306559556662, 56.40270761692191], [10.928925551404978, 56.40999949677732], [10.922372093472326, 56.41093194599039], [10.928286521352916, 56.42514956491209], [10.95631449900323, 56.437880378365676], [10.950484543302071, 56.456492332918806], [10.920609643800645, 56.47082401708355], [10.883669750609462, 56.48504000322829], [10.864640802624676, 56.514488836595525], [10.805000216302448, 56.53458546170154], [10.756094771611632, 56.53538275989039], [10.715430863901112, 56.53276497805398], [10.696941824961627, 56.53044876004943], [10.62399614813422, 56.52409770248707], [10.55741454551295, 56.51421131638097], [10.487061843176717, 56.51618225621336], [10.427686651528772, 56.52532788792986], [10.397662171752758, 56.53700831256186], [10.366558218839161, 56.55707769886696], [10.35204663880507, 56.5695886426758], [10.345961239966341, 56.57914596371184], [10.343414956310374, 56.59557518056373], [10.30086624658984, 56.60350293688298], [10.29492210872788, 56.58624344081892], [10.270013166185649, 56.57371207898827], [10.251784240724875, 56.5526314880156], [10.238571591353976, 56.54371004341503], [10.234481159420106, 56.51394654424606], [10.233845293234456, 56.504014087485196], [10.234724268688831, 56.49436522609727], [10.227165774717987, 56.48311692759873], [10.22005699175138, 56.47978532828021], [10.23293431889137, 56.48005168336215], [10.260677622224799, 56.47250085604221], [10.294396713762584, 56.470146894667835], [10.270571718866377, 56.4689218631731], [10.226064184159803, 56.47372612532167], [10.192044474107112, 56.47205472055011], [10.142494569946606, 56.45962928124371], [10.101039481829407, 56.46304823370038], [10.048164931667001, 56.45712089986076], [10.039619907851133, 56.45688151981607], [10.042123691312725, 56.458711765239336], [10.061531929570053, 56.46288575830615], [10.083549966865522, 56.467875959608705], [10.11593595582673, 56.46565176668703], [10.147946308862025, 56.4624269548105], [10.199695349025129, 56.47221212597968], [10.226321517352698, 56.50623636748223], [10.2240359795894, 56.52087713616581], [10.216984059980298, 56.53933763625499], [10.220590882084325, 56.55231076144473], [10.23706680186197, 56.561412548302286], [10.243359419578855, 56.57536296611056], [10.250774733771529, 56.578474303276614], [10.273054479953657, 56.589529023077276], [10.278348141430204, 56.59262521465652], [10.284788961406035, 56.599709625176075], [10.306740248486015, 56.6122837605131], [10.337260432110527, 56.62088401283672], [10.35920526120194, 56.64266268721523], [10.35082354481651, 56.6585707298939], [10.347154915925987, 56.696744086189454], [10.26752492088352, 56.698241718125054], [10.205027831196677, 56.681898004955215], [10.166761719218938, 56.665777301698085], [10.142859010169165, 56.64669077196884], [10.111937770991101, 56.6244049541891], [10.07912373479699, 56.61495353704934], [10.02860982694558, 56.60037289595356], [9.991566674209103, 56.593154353750904], [9.958023669534997, 56.5939119878347], [9.915243600509674, 56.576312813550565], [9.8795168821097, 56.567497944296704], [9.840274891611255, 56.55306823386966], [9.79582391573327, 56.56161017270015], [9.750743536149814, 56.555375292690925], [9.734147159479079, 56.56988252151976], [9.713040905908777, 56.5851184879167], [9.69401937441496, 56.58893840663966], [9.667878035829393, 56.586146689152685], [9.644198150292585, 56.580101242165206], [9.645897252567048, 56.60836279137195], [9.62600573685654, 56.63194380528666], [9.572499523725702, 56.633076548103304], [9.568131939967138, 56.64844531757266], [9.53649532202267, 56.653950363630095], [9.537673219972662, 56.66103978963366], [9.52478404405412, 56.67019541878356], [9.527322599503693, 56.67981090115521], [9.508701818136247, 56.682994136102415], [9.47612189458326, 56.67250185179591], [9.461550257680853, 56.65228445533453], [9.455525270544992, 56.63865177739079], [9.423713940159239, 56.64630384457118], [9.392712654801148, 56.66187983587528], [9.354115356436038, 56.67054954342035], [9.330599122384426, 56.66864749064871], [9.322338083877638, 56.66568698695846], [9.323945725978085, 56.650231433238815], [9.31297715173022, 56.629906362007304], [9.301757501953706, 56.607931042450055], [9.2948288842022, 56.59328620657622], [9.287605331576593, 56.56191592630116], [9.335083078396478, 56.55668711279661], [9.363129568528178, 56.56645315609876], [9.367239470547505, 56.5592168959282], [9.370347462665801, 56.538325214213856], [9.342480068753991, 56.54101081195697], [9.318651834532847, 56.530770539321836], [9.30494325673461, 56.521512814578465], [9.307520549335885, 56.53077980251671], [9.284055079979312, 56.53887884692028], [9.265737041642339, 56.55277809130593], [9.24867459474769, 56.57161911485322], [9.255324025092078, 56.58492120745986], [9.27112260706067, 56.595419143580536], [9.288873750961136, 56.606696747587094], [9.279117429833024, 56.62328145206609], [9.266906800855862, 56.62694121470561], [9.245830629169497, 56.6280913718735], [9.20382610896663, 56.62831215581986], [9.171037302855565, 56.621712885449696], [9.153444242682149, 56.64468993275952], [9.149045327483119, 56.66384844912579], [9.139762919769646, 56.6351009562556], [9.105044069795948, 56.620410622717735], [9.15278205316375, 56.61754323712068], [9.138717607765686, 56.60181342820908], [9.118335859845068, 56.60754475671398], [9.092048466872416, 56.58407307384611], [9.088725117139461, 56.567298296186046], [9.075045512704072, 56.55622502358343], [9.05102963928471, 56.562342993234424], [9.054066135387886, 56.56965065053827], [9.050136738146797, 56.57837352888813], [9.045409168012855, 56.61083158187993], [9.058148581298827, 56.63014825659202], [9.072616860739592, 56.63776521669168], [9.104331080548187, 56.64343512946227], [9.095004506265456, 56.663433423068575], [9.113786968214395, 56.66610936909935], [9.130363723882695, 56.686536496123246], [9.152805906129478, 56.70114736455413], [9.185072558396774, 56.70444905760083], [9.16628606480886, 56.71689554571603], [9.142708191057379, 56.73323764308231], [9.1252921897248, 56.748211096228985], [9.112629281459997, 56.78546475765065], [9.069809140386486, 56.802111492264125]], [[8.530681202661244, 56.481374910459614], [8.526463515384249, 56.48242525426704], [8.52549622655429, 56.48304103380343], [8.528291447748549, 56.48445602650442], [8.53779437659293, 56.48585315316089], [8.54387402262058, 56.48877820023375], [8.547053682332246, 56.49249111336581], [8.543301918853773, 56.49545433522694], [8.560129216451445, 56.5043324494523], [8.57037232295397, 56.50505244804285], [8.5740998570726, 56.50532088537082], [8.579299155918408, 56.50322019138884], [8.581555247805014, 56.494468648665126], [8.57246362159664, 56.49375820584458], [8.561513947902371, 56.49706319332252], [8.55426512746444, 56.49581435903219], [8.551532763187252, 56.49152151445521], [8.550611805866392, 56.48942825011032], [8.548825329854107, 56.48352373293685], [8.530681202661244, 56.481374910459614]], [[8.261086962819348, 56.32554549686305], [8.261389234234345, 56.32628863089257], [8.261961680259247, 56.32659060552399], [8.264720526871036, 56.32612452637742], [8.265918218300008, 56.32593513130174], [8.267476624638041, 56.325688737882636], [8.268223579186689, 56.32595757309782], [8.269005738711318, 56.32572175775531], [8.268332966140514, 56.32490547569435], [8.26514682328743, 56.32524744792553], [8.262804372759291, 56.325498853012164], [8.262009905416962, 56.325289630644185], [8.261086962819348, 56.32554549686305]], [[8.300440967843828, 56.32331041208153], [8.300717357897184, 56.322838746737226], [8.299692423277117, 56.32205901316219], [8.298460790801778, 56.32158465981708], [8.296429896675436, 56.32012956645227], [8.295946475491819, 56.320111456243666], [8.295470707056074, 56.32073139397742], [8.295895599405672, 56.32289346996527], [8.296336072135592, 56.32321780527358], [8.298590126643115, 56.32311117904922], [8.300440967843828, 56.32331041208153]], [[10.227098915806312, 56.012218722716135], [10.230697232661223, 56.01544162304004], [10.235427679200706, 56.01817738330933], [10.240171584299771, 56.02160230169388], [10.25494834431077, 56.02642904936122], [10.256146943038178, 56.02133731289894], [10.26017993669277, 56.02227211587227], [10.260443202359832, 56.02183298928833], [10.25782439052441, 56.018993904040876], [10.257645106556629, 56.018897608107494], [10.250397224858197, 56.02123920084978], [10.245977160622436, 56.01917956444517], [10.238231730834201, 56.00973190153961], [10.231138923506643, 56.00839386104466], [10.219992124404737, 56.00711077143677], [10.219478106602514, 56.00752847842603], [10.214472757619802, 56.009192149901644], [10.216856520769523, 56.01082597334913], [10.217973197634596, 56.01106520224688], [10.227098915806312, 56.012218722716135]], [[8.181412602679929, 55.838855206406876], [8.181359668553497, 55.835917846918534], [8.180499446328994, 55.83249779978497], [8.179856579572329, 55.832464313145316], [8.179816869545204, 55.832462251225024], [8.179593756774704, 55.832450609722976], [8.180673570373784, 55.83455853203153], [8.180113985528791, 55.83725827933326], [8.178829390180915, 55.839592328006894], [8.180815455679637, 55.841578696597466], [8.181739837378366, 55.8429433671244], [8.183300103229058, 55.84542582603194], [8.1843937113576, 55.84575736640296], [8.184479567840889, 55.84578345410864], [8.186956483590658, 55.8465343198378], [8.184079887608062, 55.84357647982253], [8.181412602679929, 55.838855206406876]], [[9.865047618115382, 55.847716530760344], [9.861316690161619, 55.847771275497614], [9.86045241384025, 55.8477839709563], [9.858879171825286, 55.84821791067824], [9.857876306116813, 55.84844352443778], [9.85714361950983, 55.84860839277863], [9.856815577225968, 55.84868220220691], [9.856816537524999, 55.84868228541585], [9.85693504507389, 55.84868927748789], [9.85694527957992, 55.84868983523986], [9.859907207429666, 55.84886514848839], [9.860487599951593, 55.84889945964545], [9.860497515555688, 55.84890001941153], [9.861508929632407, 55.84895988509078], [9.864335219959077, 55.84859933458442], [9.873713217401958, 55.84813990052758], [9.873502196853519, 55.847932035080504], [9.87287665410708, 55.847315482384474], [9.870611404794493, 55.84760909309413], [9.865047618115382, 55.847716530760344]], [[10.684915741384913, 56.15304590091112], [10.684569269264665, 56.1532078832835], [10.687909929533124, 56.15263165982812], [10.689089594469275, 56.15201921564277], [10.690927064246956, 56.15238570304152], [10.691156006185322, 56.1514438710092], [10.691282602165078, 56.150133207285975], [10.689369071133955, 56.15089625319294], [10.687505331922418, 56.150813616758306], [10.689269549478587, 56.14967755704684], [10.688167525932435, 56.149738627900625], [10.687911372227463, 56.1497528207756], [10.687338181499198, 56.15065477663368], [10.687315291527424, 56.15069085440762], [10.687299173954603, 56.15071614615692], [10.687219955122966, 56.150840788313744], [10.686964672783843, 56.15124245204363], [10.686901591287965, 56.15211749100824], [10.684915741384913, 56.15304590091112]]], [[[9.059314558605003, 56.844067154249935], [9.021666017723863, 56.845611083883085], [8.99493742348761, 56.84235276068389], [8.97106721728145, 56.83832058278332], [8.95048559510841, 56.833062769933356], [8.96925139330886, 56.82322846404561], [8.97835085282649, 56.812119088663955], [8.996668018899316, 56.80283386246799], [9.009829960169055, 56.801806135553456], [9.022135552749814, 56.80425021212647], [9.024977365066299, 56.81408734789266], [9.033728940312079, 56.820793907598], [9.035748849839148, 56.82121360535967], [9.03938489773261, 56.81934443016677], [9.050539756519239, 56.81975824712313], [9.064690017078055, 56.81975351277243], [9.066746056845849, 56.82973390980122], [9.058946799107472, 56.83484688467098], [9.071195376515485, 56.84251439910536], [9.059314558605003, 56.844067154249935]]]]}, "properties": {"OBJECTID": 4, "REGIONNAVN": "Region Midtjylland", "REGIONCODE": 1082, "Shape_Length": 3138095.7023559897, "Shape_Area": 42516346835.20682, "regionskode": "1082", "region_code": "1082", "region_name": "Region Midtjylland"}}, {"type": "Feature", "id": 5, "geometry": {"type": "MultiPolygon", "coordinates": [[[[9.511888117296193, 54.85623488645317], [9.51242405129637, 54.8566095309776], [9.510710098073625, 54.858091207343364], [9.509069192256524, 54.858938357624446], [9.507410815105441, 54.85928041324133], [9.506392302541357, 54.85877098101496], [9.507127953588794, 54.85814153510491], [9.507390379331037, 54.85678379902871], [9.509109275982809, 54.85624593785406], [9.511888117296193, 54.85623488645317]]], [[[10.592465436171858, 54.84432254139009], [10.591135572920182, 54.84562164082153], [10.590940049208706, 54.84702522415818], [10.588906655070906, 54.847215161208304], [10.587294993009582, 54.84898293334585], [10.584529090131225, 54.85026576036002], [10.58225232711161, 54.85094455091552], [10.57972164359887, 54.85252574127196], [10.575887676187039, 54.85437536653742], [10.576982366785547, 54.85302197382183], [10.585688252817654, 54.848751371622086], [10.589757776463282, 54.846278274540964], [10.590743938897322, 54.845192122307665], [10.590505429901205, 54.843690147150944], [10.593390034364557, 54.84187479948003], [10.595408873099784, 54.84172191669155], [10.598883424566392, 54.84099600599646], [10.596512867549666, 54.8421910381858], [10.597167417794916, 54.8439807137545], [10.592465436171858, 54.84432254139009]]], [[[10.430392712236152, 54.882337743372396], [10.426636763506767, 54.882368703121195], [10.422847292345931, 54.88193510375849], [10.426841245218267, 54.8821866401713], [10.428696028226408, 54.882011601326205], [10.434694028174533, 54.87952747826976], [10.43692948306412, 54.878459395451145], [10.43669442809024, 54.87965985755972], [10.434222533922911, 54.88090643401955], [10.430392712236152, 54.882337743372396]]], [[[10.708248486454897, 54.88005250758419], [10.705937106855798, 54.87992554868085], [10.704565542910325, 54.88006749144431], [10.70187989282453, 54.87937092882219], [10.701849309680682, 54.87901148052213], [10.702828821886714, 54.87793474694919], [10.703499924489378, 54.87782880563194], [10.706128264755014, 54.87844722245281], [10.708569883900598, 54.8797752922474], [10.708248486454897, 54.88005250758419]]], [[[10.69158174474795, 54.87706603563824], [10.690938837567082, 54.87806905299789], [10.692003672657092, 54.87881388215346], [10.692364066867622, 54.88137257647928], [10.69248113441713, 54.88247690883512], [10.690327692119721, 54.881086356572354], [10.688513852525587, 54.88050319458494], [10.689155078060224, 54.87900677759451], [10.69046249959948, 54.877533442743726], [10.690350272172731, 54.87647227249903], [10.691141126490965, 54.875920549062684], [10.69158174474795, 54.87706603563824]]], [[[10.487967054827251, 54.89071325872251], [10.478777130468924, 54.89113204272309], [10.47883544730053, 54.88988942665283], [10.481121953447698, 54.89056853457908], [10.483961040275624, 54.889379158701544], [10.48703820041674, 54.8881307187014], [10.49054516759041, 54.888204037213704], [10.495727290647983, 54.887621575018635], [10.498841274529253, 54.88698344778113], [10.5023799612156, 54.885150294846255], [10.503463271956047, 54.8848980896836], [10.507473865220717, 54.884796075225516], [10.509359137049614, 54.88537537510159], [10.507743326568292, 54.88736508381445], [10.504186550507061, 54.88732658255631], [10.491495776502164, 54.89025098251405], [10.487967054827251, 54.89071325872251]]], [[[10.425497803032764, 54.89535637788334], [10.428350075332416, 54.89638340430888], [10.426134209105905, 54.89992849695084], [10.423602022711687, 54.90001418620298], [10.421404597101322, 54.89842449929683], [10.421077544760896, 54.89722813371472], [10.42379620523843, 54.89689432275503], [10.424102505597508, 54.89532196227178], [10.4231530177832, 54.8936774083182], [10.425497803032764, 54.89535637788334]]], [[[10.583478478067091, 54.89668528824779], [10.584727412094827, 54.89779606449868], [10.582270332943164, 54.900092909284865], [10.580674856726608, 54.90090082309762], [10.577666531790776, 54.90148817684548], [10.576558787772875, 54.90242406776318], [10.572713434214867, 54.901037040178906], [10.570784369515835, 54.90034109213471], [10.570683513862278, 54.8981068820908], [10.573419363602772, 54.896822726312635], [10.578685312052794, 54.895358076449554], [10.581890306950434, 54.895272794183136], [10.583478478067091, 54.89668528824779]]], [[[10.546666620855042, 54.908117657146065], [10.543715998303169, 54.90773258097705], [10.538337465795216, 54.908148259854315], [10.537918181627933, 54.90672902432257], [10.540598705028389, 54.9041541639949], [10.542953029487965, 54.902544525825434], [10.546827881923294, 54.90143336093386], [10.54676608771319, 54.90275057243656], [10.54435628240338, 54.90470413944304], [10.548185308182811, 54.9048492729745], [10.547770810239363, 54.905355706438364], [10.547930673528997, 54.906391836008645], [10.546666620855042, 54.908117657146065]]], [[[10.494273961147071, 54.913155446732034], [10.494592006978467, 54.912455176949884], [10.49610025228934, 54.91068008162045], [10.496689406978554, 54.91106962841923], [10.498698101039261, 54.91138549971058], [10.498677204429146, 54.91265354755223], [10.497885327828081, 54.91255303374049], [10.497324974923538, 54.91294856314825], [10.495820006666774, 54.91282752121515], [10.494273961147071, 54.913155446732034]]], [[[10.616277397411613, 54.8916116907817], [10.619459439455415, 54.894227450927765], [10.62540537394797, 54.89834713873056], [10.62663105508457, 54.903392479583346], [10.623198154006086, 54.905402403319044], [10.620812299578356, 54.90692892239142], [10.620673484714146, 54.91086975607534], [10.623248924989307, 54.91561372587075], [10.61727800655208, 54.918492220287085], [10.605039585496682, 54.91763581504216], [10.59720824083468, 54.916052814325056], [10.590994286790592, 54.91451663334374], [10.593292081167652, 54.90539444611574], [10.600069838545304, 54.901456281396726], [10.597593221934533, 54.89988761561525], [10.59654228557858, 54.89958991590476], [10.600482158074191, 54.89773162666958], [10.606036313016823, 54.89065002266893], [10.611353856205174, 54.88943320981452], [10.616277397411613, 54.8916116907817]]], [[[10.485111436303177, 54.92402076681857], [10.481450224801987, 54.924569383695314], [10.478113039217035, 54.92298147370588], [10.4758977991163, 54.92009535231685], [10.474379635506338, 54.917835257263604], [10.475372230776165, 54.91634592609348], [10.477386886057108, 54.91703919558827], [10.478980072467996, 54.916355365569906], [10.481994821256475, 54.91663904295552], [10.485493572438521, 54.91546937209023], [10.489029847148332, 54.9149622428015], [10.491479037295152, 54.91421319976862], [10.491302094337003, 54.91591267590403], [10.489481471564153, 54.91763913904428], [10.488181052392571, 54.91852830387579], [10.485636195261227, 54.91939986948768], [10.484166800289756, 54.92365869382544], [10.48571600608265, 54.92342460236286], [10.486830510821374, 54.922845295249104], [10.485111436303177, 54.92402076681857]]], [[[10.588222171163775, 54.920837916149], [10.590885613997425, 54.921703735866856], [10.593025802551125, 54.92354523350924], [10.593348341755568, 54.924697633902], [10.59215721251976, 54.924667047905665], [10.590595232683508, 54.92422742106675], [10.588341803403399, 54.92223474973319], [10.587697189423512, 54.921490093463404], [10.587744095854385, 54.920494002300906], [10.588222171163775, 54.920837916149]]], [[[10.515798033732423, 54.9287167453864], [10.513281281293072, 54.92923253905118], [10.508405354389948, 54.93288234220554], [10.506618462457709, 54.93384586360966], [10.503685400172996, 54.93456524058306], [10.5018381854711, 54.93597998324711], [10.500845420419692, 54.93747636156626], [10.500511691800067, 54.94007150534423], [10.495899428517687, 54.935440085319556], [10.495573373307204, 54.93248413496085], [10.498614457106523, 54.927525983352545], [10.501852360886298, 54.927703154470045], [10.50618680848896, 54.9276965205166], [10.512637048198853, 54.927420122367636], [10.520182890297244, 54.92598421264836], [10.523942241844935, 54.92363288683911], [10.524437925930496, 54.9237420709635], [10.52167106454977, 54.92549230104279], [10.519454010750461, 54.9270293282378], [10.515798033732423, 54.9287167453864]]], [[[10.526349503125862, 54.962959687580366], [10.525350064490217, 54.96256239706431], [10.524040385484655, 54.96265889939483], [10.520939204392851, 54.96088601933519], [10.51981783383041, 54.960963134388926], [10.518362496594818, 54.96044754653288], [10.518729354183797, 54.9597054456599], [10.52070677609285, 54.9596204229716], [10.523124146115684, 54.96038924803703], [10.525239432471412, 54.96169145197497], [10.526349503125862, 54.962959687580366]]], [[[10.663785115622627, 54.96172408104477], [10.661649963922716, 54.962404084715196], [10.665814174490832, 54.95963324451964], [10.665261927983398, 54.9581920705094], [10.672178691566437, 54.95829405533245], [10.677459189130785, 54.957490694116224], [10.68036500910622, 54.9537187405499], [10.686344483098203, 54.95408497456784], [10.688205115037183, 54.952647254364834], [10.6912656356843, 54.94893219919757], [10.695407582406418, 54.95027912044787], [10.702868226486626, 54.94906969467385], [10.701614948206192, 54.95062191865839], [10.701255208867515, 54.95314031334778], [10.700210186121087, 54.956547930153626], [10.697054185339047, 54.9577400415834], [10.682720488799228, 54.95988747487267], [10.68008359118221, 54.958501983370226], [10.669173954501812, 54.96115696912433], [10.663785115622627, 54.96172408104477]]], [[[9.834562670009554, 54.970354478018734], [9.833130359289626, 54.97096803037552], [9.832654562107809, 54.9713630231746], [9.832447601046121, 54.97194615445379], [9.831829416400204, 54.97234634166063], [9.83168517660999, 54.97276000117844], [9.830457343109979, 54.97279553131504], [9.829592717343969, 54.97254216326992], [9.830018384939661, 54.971327840330225], [9.83294081925625, 54.97032416754374], [9.834523528615989, 54.97008658095267], [9.834562670009554, 54.970354478018734]]], [[[10.497105932419585, 54.96712615990371], [10.495810822291315, 54.96838111693963], [10.49159902077607, 54.96627207766375], [10.489598456468663, 54.96581379302592], [10.482342019215476, 54.9661297646985], [10.476294944303383, 54.96694138450403], [10.477920906645735, 54.96488830341637], [10.476595968856776, 54.9648888521247], [10.470997323053098, 54.96640648108264], [10.46877464130854, 54.96673416021064], [10.47367503382841, 54.96398006223583], [10.474712731712005, 54.96339677558496], [10.481356449669484, 54.959223198462645], [10.484481486421974, 54.95853016432227], [10.48788086417071, 54.958653802425815], [10.490787618393995, 54.95968744167737], [10.490216969897984, 54.960533062084004], [10.489898622232632, 54.961004943426346], [10.492697945134504, 54.96330134154355], [10.497105932419585, 54.96712615990371]]], [[[10.209055277754391, 54.97142024408588], [10.226685856963948, 54.94945309744196], [10.248886274719997, 54.917852964015154], [10.288231874208334, 54.88850106673432], [10.350440564264792, 54.85202859501726], [10.405223769402907, 54.824934870308965], [10.42726394298362, 54.81761074246766], [10.46782351317053, 54.840932895732536], [10.52257436728034, 54.84372918977091], [10.524906670439035, 54.85388102418945], [10.522125100942132, 54.84432199103612], [10.518056559155134, 54.86051673319315], [10.48591010326947, 54.878534515079636], [10.458000567591025, 54.88799198818479], [10.464602020712698, 54.89335221616888], [10.473696607768272, 54.875920706183535], [10.476097040056398, 54.86731413329105], [10.458003214027872, 54.86709671840839], [10.456602942620858, 54.866885236545535], [10.43225125379545, 54.86985765666039], [10.41364076532451, 54.888504441710786], [10.405268363570253, 54.896901623520755], [10.394277535357856, 54.914449101448554], [10.395894162407775, 54.894426689366696], [10.369054946034183, 54.88915359447226], [10.330667267744005, 54.905631358039585], [10.294927583959522, 54.93169022271008], [10.253322055879973, 54.94329299471126], [10.209055277754391, 54.97142024408588]]], [[[10.500035843414281, 54.97124776590956], [10.499249031514818, 54.97320137801193], [10.49971219299383, 54.97498049644931], [10.499520078388871, 54.976122750879725], [10.498051462256715, 54.97618569801786], [10.495663837249573, 54.97387150569739], [10.492940478583119, 54.972683029420175], [10.494346165034639, 54.97088668731233], [10.497645180304854, 54.969720236500066], [10.500035843414281, 54.97124776590956]]], [[[10.385241180692297, 54.98085450026383], [10.38946326791754, 54.982733136907086], [10.37612333355908, 54.97857708309215], [10.36726873053336, 54.979477182096325], [10.362700986858133, 54.97624654725388], [10.373560848786925, 54.97151477146058], [10.384096982141852, 54.9772616243567], [10.3913172101026, 54.97658490364014], [10.40243230047159, 54.97129866083115], [10.419702339943587, 54.96277035355539], [10.432010101057438, 54.96602624083746], [10.438456372010387, 54.968610704973905], [10.434644287558916, 54.975890793987055], [10.430464241488966, 54.97863176248775], [10.424499499867647, 54.97976677991079], [10.421988466103384, 54.974518495364364], [10.409510561379783, 54.9773615006628], [10.402296754576685, 54.977083960121504], [10.391625427466453, 54.97768978794322], [10.385241180692297, 54.98085450026383]]], [[[10.466642701085753, 55.01102610223333], [10.46516923045782, 55.01245029511325], [10.464637752999778, 55.01576522739934], [10.469122970246454, 55.018078347501344], [10.471968655200124, 55.019833618160405], [10.472084217173233, 55.02024671939541], [10.466955923862399, 55.01686405139851], [10.4612413998786, 55.01345154426839], [10.458634204158148, 55.00882708519333], [10.453064807500095, 55.00499580495011], [10.453424087799691, 55.00219696996798], [10.460606686231458, 54.999389106077906], [10.467784515507436, 54.99979630136496], [10.473956439175996, 55.00373887929311], [10.481687112339047, 55.00400509640355], [10.488443762002463, 55.00168716726188], [10.48809125320349, 55.00423133393753], [10.478668183689573, 55.00820193171364], [10.472613392249217, 55.01019768981608], [10.466642701085753, 55.01102610223333]]], [[[10.280039596346677, 55.02060400512174], [10.27115643497973, 55.02676614049022], [10.26203159086879, 55.033369583731606], [10.253229637203555, 55.03905204189249], [10.241698454381467, 55.03824437325871], [10.23652912872338, 55.033868432554385], [10.245198631189876, 55.02567619327401], [10.267853699785936, 55.01723953293604], [10.285544936836732, 55.018266554522484], [10.293266329504602, 55.01857217319221], [10.30394545399151, 55.01516143439103], [10.319574973023625, 55.00771841427327], [10.33595695058214, 55.00450724734952], [10.340257351137215, 55.009699785735975], [10.336935146756256, 55.01669596393964], [10.325128658147344, 55.0142298726271], [10.314697349202953, 55.012461915599886], [10.305545033712272, 55.017873693373815], [10.293903712944788, 55.01870820359013], [10.280039596346677, 55.02060400512174]]], [[[10.326586870890177, 55.03719975579168], [10.330976064521218, 55.03792878016781], [10.33438600106777, 55.0393282273988], [10.334253522919555, 55.04020143770862], [10.332352400317474, 55.04155973668984], [10.331217298107635, 55.04089011875631], [10.325544461342908, 55.04068133559832], [10.323197510255211, 55.039914471852896], [10.32248769655199, 55.038434088559875], [10.324545963243356, 55.03637871533663], [10.326586870890177, 55.03719975579168]]], [[[10.630984940433361, 55.05545027661135], [10.623665369581964, 55.05255634148381], [10.588909627596202, 55.03732174071572], [10.572846350740933, 55.02621922497831], [10.544695334439401, 55.01769091648013], [10.516353341698334, 55.00030712098408], [10.524738807651785, 54.98476085043542], [10.54822146088143, 54.95442417949109], [10.555899281664718, 54.947676042291626], [10.58048271876546, 54.94895799717602], [10.578221852333114, 54.95487940467248], [10.620043653410562, 54.948189609631804], [10.641788177956546, 54.963653659737986], [10.659513433308861, 54.97256551914139], [10.688845963279404, 54.97443270023434], [10.688611232597342, 54.99685955775409], [10.656664766846756, 54.97880662057578], [10.626231219443179, 54.993694481289054], [10.6381280875528, 55.002445492773674], [10.659444823580714, 55.02562486214544], [10.641389140917443, 55.039206151296675], [10.630984940433361, 55.05545027661135]]], [[[10.70078900928622, 55.05551176101684], [10.690368250156506, 55.05410734872196], [10.670368102975297, 55.05018593645688], [10.655160063593037, 55.053445167120714], [10.655768054157093, 55.05216874353774], [10.649812567878135, 55.04472786283395], [10.650070935031957, 55.039157238288794], [10.658018659133962, 55.04004622235804], [10.68264888049467, 55.04139022920612], [10.700503002767736, 55.04155479127333], [10.690504868639847, 55.03808093058593], [10.679679599036017, 55.03766279751028], [10.668781370959723, 55.035171337020074], [10.66833874766305, 55.03004831761637], [10.68197131361519, 55.029613490423166], [10.704781269732557, 55.03314246186599], [10.712845852076613, 55.030415759158224], [10.715844607259733, 55.03587150100092], [10.711536192833988, 55.04442845815352], [10.70078900928622, 55.05551176101684]]], [[[10.14304460839508, 55.05147791758903], [10.139086899849532, 55.05400484825359], [10.140150404534609, 55.06037553566848], [10.142659456615341, 55.06305681448161], [10.146488651278029, 55.0648463366831], [10.142357231014397, 55.06405666179928], [10.140374884540957, 55.06190498778836], [10.134766536033863, 55.060022678668254], [10.128279771722852, 55.05708276632809], [10.125924140214535, 55.044719040739494], [10.13118218169344, 55.04081650652359], [10.137117853832185, 55.03451570520022], [10.14189475315331, 55.03258353683191], [10.154935934797738, 55.033666989657355], [10.175796482968174, 55.03858077600371], [10.177942557283624, 55.04528401731307], [10.173415567477884, 55.051296722436405], [10.167623604225035, 55.04901903097196], [10.157790954145517, 55.05022409305861], [10.14304460839508, 55.05147791758903]]], [[[10.617692083185656, 55.060592564024184], [10.616839259485847, 55.05964707776191], [10.616312969798543, 55.05986410595125], [10.615588665371478, 55.05917709448152], [10.616207330616076, 55.05900279238129], [10.616959851126206, 55.057394990223166], [10.618051550334815, 55.058076212182094], [10.619386382168306, 55.058930256833406], [10.620692615236434, 55.058528744700155], [10.621591309609597, 55.05902700139474], [10.617692083185656, 55.060592564024184]]], [[[10.266192683384547, 55.05474965418006], [10.265980560603268, 55.05597033021586], [10.264036151780884, 55.05622006439692], [10.261129085842173, 55.05817470709566], [10.26047677779188, 55.06060455898354], [10.258766362134704, 55.062635808619646], [10.25598964443866, 55.063845295032735], [10.246813918851721, 55.068787758712965], [10.243757415470522, 55.06926765047774], [10.240259814132024, 55.070440905947635], [10.23733946750016, 55.070548533512564], [10.236334839297113, 55.071733702933], [10.234369045181092, 55.07003226976079], [10.236831239339963, 55.065521493999746], [10.238761661393339, 55.0643022784826], [10.240214934300438, 55.063257927485125], [10.248560118898205, 55.059719717480405], [10.25545519804861, 55.05606108197046], [10.262099320247948, 55.05431773059878], [10.266192683384547, 55.05474965418006]]], [[[9.842894761662057, 55.04869832297581], [9.80737968634301, 55.06735769210294], [9.725349091925754, 55.07979739235355], [9.692476029230965, 55.07381165800724], [9.638760086430752, 55.04555253660235], [9.686350743396979, 55.0350490088679], [9.696317608966465, 55.043362153126935], [9.699120869184217, 55.03867368899532], [9.717703838664738, 55.03237143396183], [9.699318719532275, 55.03751813490111], [9.665964121217643, 55.029686368955296], [9.674663816060818, 55.017478690494464], [9.70929721469142, 55.00694335290853], [9.748178650180918, 55.008917439975576], [9.793692800163951, 55.01010325711618], [9.775908635091946, 54.995502596727846], [9.798575489584522, 54.99645572023001], [9.790818632327577, 54.9936004415833], [9.796025871382197, 54.981574311462616], [9.835625761469597, 54.97381724724222], [9.851451580357615, 54.97057999057568], [9.855114364808891, 54.96712807254073], [9.832633931399, 54.956907810483834], [9.854744856291477, 54.95501446004558], [9.840461097996604, 54.945698800584516], [9.87379700596346, 54.942550968658516], [9.855393719302668, 54.93858231193592], [9.835191666778234, 54.93367091505405], [9.822361037659988, 54.940929249414545], [9.78517810437039, 54.969906510969984], [9.75806121425086, 54.97357088531886], [9.763363168075813, 54.934158545743], [9.772329723643802, 54.918020916258115], [9.788228943873689, 54.90406715670578], [9.814086912496121, 54.89339578075107], [9.84933382183824, 54.89256325800858], [9.878090720357871, 54.899005029398225], [9.89103155928675, 54.90728296031407], [9.927350233322992, 54.898771626677025], [9.975082417167298, 54.88064516735435], [9.995155295547141, 54.85755924125572], [9.971082667466424, 54.8676446446569], [9.94123053576587, 54.87746448232095], [9.90031057047013, 54.89482570882006], [9.867664458148742, 54.87717714724816], [9.902894960660474, 54.86517161706762], [9.937520737085903, 54.85449653868598], [9.97848617150806, 54.85383977343068], [10.016041864318101, 54.87050530117765], [10.064563837977051, 54.87337613361435], [10.05821832386298, 54.89746688670051], [10.044202565356708, 54.925516148857035], [10.029930214767607, 54.94566403691431], [10.014767551985264, 54.96225359857001], [9.991913944931639, 54.987026052921564], [9.979295612867872, 54.99421786341999], [9.941175349563016, 55.01588636954804], [9.875227437407794, 55.0285702409745], [9.842894761662057, 55.04869832297581]]], [[[9.554092129069147, 55.13081374156044], [9.551563238593682, 55.13025619565781], [9.549290403906806, 55.13028335469374], [9.548020151959083, 55.127441920815045], [9.544992528515973, 55.121044795478085], [9.545889957162924, 55.119737932679634], [9.549975468125627, 55.119431189547264], [9.552167264892411, 55.1183706791687], [9.55262444718491, 55.111531847470864], [9.55323494584526, 55.11103680180805], [9.556112704247832, 55.11202361863693], [9.55911278714093, 55.1122511743574], [9.566992161127912, 55.11093986235276], [9.570894698741986, 55.11280465213043], [9.57309863803647, 55.11578857688114], [9.573241494421152, 55.117816136469024], [9.570793261878439, 55.122051684897514], [9.566528548694622, 55.124284933604855], [9.563146608143914, 55.128536430027886], [9.554092129069147, 55.13081374156044]]], [[[10.106854195815112, 55.134582759381736], [10.105046745937598, 55.13572682460137], [10.09736219497619, 55.1359741975259], [10.094013113900242, 55.133687332825744], [10.087598598392553, 55.13241452233846], [10.084890133793476, 55.13347025571607], [10.074632433260872, 55.13214482217143], [10.069642801202376, 55.132179821371935], [10.062246516022352, 55.130481670767864], [10.066347735824463, 55.13014704369535], [10.074778379850137, 55.130530319677085], [10.080798022010066, 55.13117077149796], [10.092802475951402, 55.13146506712146], [10.094921800234317, 55.130799085266254], [10.102587553050096, 55.130798719603504], [10.109101856114462, 55.13102332063776], [10.113359995427018, 55.1326470537277], [10.114842760923187, 55.13362132874485], [10.110971064269462, 55.134357296135526], [10.106854195815112, 55.134582759381736]]], [[[10.115149078350244, 55.143517401690254], [10.117270056431616, 55.14376578445939], [10.120792290473526, 55.146111804442064], [10.123705747925483, 55.14736209454963], [10.121056747306637, 55.14813445756842], [10.11867213524896, 55.14768716497714], [10.115123776401964, 55.14560328858214], [10.113801770714065, 55.14457542431656], [10.11063241198375, 55.143283825168076], [10.110700315636079, 55.142361880432425], [10.115149078350244, 55.143517401690254]]], [[[10.876296844084731, 54.98199465711312], [10.900015593435663, 55.013755459715895], [10.922438206782276, 55.058402300338486], [10.940398233240854, 55.10546280858283], [10.955691748220735, 55.14629967177526], [10.929514353954596, 55.158555826524704], [10.902131304694521, 55.13304909725454], [10.882608687545329, 55.10729247020952], [10.865519366650611, 55.07258616576377], [10.85323197303922, 55.04899001087089], [10.835254066513246, 55.02692558267018], [10.817827774979047, 55.004965200691736], [10.789252702659452, 54.98198511396225], [10.756530365591217, 54.975802490480646], [10.73071104428891, 54.957545356834395], [10.718512175157187, 54.94496228552256], [10.706897556811487, 54.93880027828167], [10.68442282590704, 54.92232506976613], [10.67987836386902, 54.90097286992972], [10.697542045098523, 54.897152759137924], [10.706791887984613, 54.901054413932826], [10.711368712729065, 54.89141275667185], [10.726801835785556, 54.880193876780275], [10.703407137503683, 54.87443571900902], [10.689605532869559, 54.87341406775058], [10.674833259045096, 54.88308159706654], [10.664766828701078, 54.85017480852623], [10.652861378087222, 54.836824953855], [10.63689276210333, 54.83330155801481], [10.606348693173725, 54.83679180540968], [10.601276514025415, 54.832299373260156], [10.6465275160207, 54.80993906200203], [10.660508040804885, 54.79172720744385], [10.662297945686623, 54.77661434786337], [10.673482242265102, 54.75309306457284], [10.667626155470641, 54.74002419806759], [10.705501343094628, 54.72488727395809], [10.735822060301906, 54.74363380852096], [10.748610167666174, 54.77063372080573], [10.761059346063625, 54.796263559056946], [10.77660293764555, 54.82985602055268], [10.789831325500263, 54.84993791326402], [10.811145731298302, 54.88080156146822], [10.817651579419222, 54.90741145257243], [10.829577950897747, 54.93090851387542], [10.835689977598106, 54.938974289075944], [10.876296844084731, 54.98199465711312]]], [[[10.881428354262571, 55.212130872047105], [10.88281677060279, 55.215413001218614], [10.884039725352501, 55.216932108552136], [10.886108055869984, 55.21873931593689], [10.885775917268424, 55.218929869159275], [10.882289248426904, 55.216509385044375], [10.881271403311095, 55.215737487781226], [10.880062493720871, 55.213866445229236], [10.880225731981033, 55.212914548166864], [10.8809648604069, 55.21208193719988], [10.881428354262571, 55.212130872047105]]], [[[9.775883926031717, 55.26600880972033], [9.77439648300786, 55.27522598299683], [9.772136673892598, 55.27553351700796], [9.772355198068626, 55.26579421445598], [9.772962481658565, 55.263321021826435], [9.76695384296258, 55.2649544360459], [9.76520098190825, 55.26490172169482], [9.763818911267194, 55.26342296271851], [9.770018283857596, 55.25963960080115], [9.766422233452165, 55.256215077262205], [9.759963554070175, 55.259139704235984], [9.759318484644426, 55.266032082648834], [9.746284134687722, 55.27406756216808], [9.725640514387072, 55.269494056547344], [9.73128449007832, 55.26352539268959], [9.72621398538973, 55.25741353147983], [9.736382466146646, 55.25110291318448], [9.749656385111509, 55.248350661629246], [9.763750004196707, 55.25322697857961], [9.775883926031717, 55.26600880972033]]], [[[9.769269588373941, 55.28324567554088], [9.771143592634244, 55.28404783365581], [9.771167035069867, 55.28509467797819], [9.770500892964206, 55.285713993382736], [9.769860075264718, 55.28608898853445], [9.768081091201894, 55.28562068271922], [9.76725385960623, 55.28471575209985], [9.767634624014109, 55.28348646229916], [9.769099062980192, 55.28247941069941], [9.769269588373941, 55.28324567554088]]], [[[9.718243812388762, 55.28759342616911], [9.717394710409195, 55.288077832648554], [9.717282558440903, 55.288896419304265], [9.716370474678438, 55.289461974675184], [9.713608055466759, 55.28986689178077], [9.711873716775282, 55.289806291592306], [9.71070023494322, 55.28946095519922], [9.71094506089243, 55.28919470585296], [9.712352025646616, 55.288896252032124], [9.713497591432914, 55.28837025028529], [9.717603492355932, 55.28743130413796], [9.718243812388762, 55.28759342616911]]], [[[9.82174634476559, 55.32496588791724], [9.8208576351668, 55.326714567475285], [9.81024182573775, 55.324300365124216], [9.805808338874991, 55.32354536411427], [9.80444280891329, 55.323223488695426], [9.803378134621694, 55.324076998855716], [9.800435533126969, 55.32526012041237], [9.79251134308879, 55.32099208693349], [9.794349617756973, 55.312185840226554], [9.796084835899142, 55.30596602243085], [9.79502482566051, 55.300036592248446], [9.79746102706663, 55.29577244442027], [9.803165092863853, 55.29620855593965], [9.804930130581871, 55.29787323965518], [9.819270412671077, 55.299085758867285], [9.825771849165646, 55.29999057154205], [9.82943825652245, 55.303760196255666], [9.829057431927398, 55.312645464780154], [9.82636238636206, 55.32276088745088], [9.82174634476559, 55.32496588791724]], [[9.807722984715378, 55.32299147985768], [9.810324564168681, 55.323628003534196], [9.810336244064008, 55.3236210966919], [9.811942425503807, 55.32266723559143], [9.81247492434635, 55.319452544666746], [9.810606047669678, 55.31887060707709], [9.808594174471176, 55.318933004036325], [9.806667094150635, 55.318778957914844], [9.804751872490174, 55.31990974859025], [9.803294378399551, 55.32175118816111], [9.803583316120799, 55.3217855026784], [9.805599888406583, 55.32202509627077], [9.807722984715378, 55.32299147985768]]], [[[9.79046528989203, 55.33227615070431], [9.788244292488628, 55.33213899010054], [9.786747291390157, 55.33088571309499], [9.785341831314073, 55.32883645797577], [9.785022028377954, 55.327274279744316], [9.787292390002854, 55.326886563913945], [9.790986107042615, 55.32709949571491], [9.787623478473874, 55.32774180681725], [9.7871649990141, 55.328379818463915], [9.787236659420959, 55.3308022242026], [9.788422443680837, 55.331671635492775], [9.78914580487685, 55.330647028980465], [9.790971995407812, 55.3310998993559], [9.79046528989203, 55.33227615070431]]], [[[8.491874671395086, 55.36050662522085], [8.494755412204423, 55.36161099422126], [8.495489069890201, 55.36224681897463], [8.494722641662841, 55.36269753702932], [8.492184156281844, 55.36344040529532], [8.488974248497913, 55.36361196201809], [8.487804037431816, 55.36216687686519], [8.488504992847991, 55.36103685524702], [8.488931104211451, 55.35984664262509], [8.491874671395086, 55.36050662522085]]], [[[9.704494220209611, 55.35142295950914], [9.711472018926308, 55.354051157521454], [9.713985879688737, 55.35461610533402], [9.716876987056445, 55.35527970444131], [9.719480021780479, 55.35536945885053], [9.721477560562029, 55.35729006558616], [9.719335236712892, 55.358519235066666], [9.714989229589147, 55.36237390355854], [9.709898190311474, 55.364598793916606], [9.70696337990521, 55.36486049308264], [9.700910223398667, 55.36460186135788], [9.697047916834569, 55.36338619654929], [9.688905043618577, 55.35848468937535], [9.687444124251789, 55.35714158148955], [9.688014463727365, 55.35592102307276], [9.694906114906612, 55.35318925543493], [9.697257322212158, 55.35166826210284], [9.701105381495825, 55.3510083247009], [9.704494220209611, 55.35142295950914]]], [[[10.48918730295301, 55.455817463465834], [10.487078282346399, 55.45883868664498], [10.483721564692225, 55.46036701536163], [10.483552343652262, 55.46112557696161], [10.482375778802162, 55.462293919365784], [10.4808917215286, 55.46144690463542], [10.480110708254266, 55.459048876191886], [10.480329031207676, 55.45706644099802], [10.482837943151196, 55.45618258942335], [10.486670359172507, 55.45562168756697], [10.492412103007721, 55.455610574830004], [10.494382815399916, 55.455981138297055], [10.48955152219001, 55.45567939672985], [10.48918730295301, 55.455817463465834]]], [[[8.353038865644791, 55.460378349332736], [8.341056418631283, 55.462038835890844], [8.360542074598099, 55.4242583428051], [8.399411982905846, 55.387566644869935], [8.475082199684355, 55.33954853243693], [8.471818853819121, 55.34323609629179], [8.483017112912083, 55.339364534578394], [8.531634529875047, 55.34338632288528], [8.515160823546251, 55.349914676756825], [8.488637488064219, 55.35744012806134], [8.482645324470504, 55.362701028913264], [8.477305972881988, 55.35654454951005], [8.455486015004968, 55.38566777636243], [8.463849880069075, 55.411995972006125], [8.44823033143831, 55.4353175520307], [8.420815879770831, 55.42505669583779], [8.405891230114579, 55.439812046795915], [8.409540136493028, 55.45486559101473], [8.385555578344452, 55.47051099988328], [8.353038865644791, 55.460378349332736]]], [[[8.41603614177338, 55.48354800382088], [8.416012714609076, 55.48360198729944], [8.41572455662551, 55.48426538712135], [8.41552630113726, 55.48425329853008], [8.411503338071125, 55.48400875432379], [8.41080955210922, 55.48335528994127], [8.411645985148352, 55.48296312486842], [8.41281848512182, 55.48319924045493], [8.412947908099742, 55.482859655937204], [8.41141037052408, 55.482496074507374], [8.411790293210544, 55.48175234228355], [8.416392840314819, 55.48317130954535], [8.41603614177338, 55.48354800382088]]], [[[10.471582652715806, 55.479326147429234], [10.47399176901781, 55.48070251530455], [10.482406417641533, 55.481404328637524], [10.474421649712188, 55.481027063578395], [10.472164144775611, 55.479800667310194], [10.465284169000109, 55.47899747481321], [10.462723714420529, 55.47627104755619], [10.46036910339838, 55.475156763043614], [10.455584713026091, 55.4734748105289], [10.455566023576615, 55.46895379478577], [10.454959137042025, 55.466886596189006], [10.455568666420174, 55.463955234835595], [10.456791029180097, 55.46469692872248], [10.459356217881249, 55.4631642305704], [10.471742680397139, 55.46614888660343], [10.473710092379, 55.46888155223919], [10.471239524125055, 55.470583892736556], [10.465947611668359, 55.47305476128281], [10.471252947650349, 55.475700982548304], [10.471582652715806, 55.479326147429234]]], [[[9.709022242179584, 55.48603019613125], [9.705808524640561, 55.486075540663876], [9.702324659441048, 55.487739460131436], [9.70030092129425, 55.490240154952396], [9.695911229098254, 55.4935522327389], [9.685102533411404, 55.49885412341408], [9.681550281265956, 55.499634420483105], [9.677722358617693, 55.499248780764326], [9.676818333641622, 55.489836004608215], [9.681977873951293, 55.4861595424599], [9.68655936095205, 55.48234582975898], [9.68800169776888, 55.479668191190946], [9.69041852161601, 55.47551116694057], [9.696160178314607, 55.474191236732615], [9.701143258061443, 55.474647233347724], [9.712190502270316, 55.47770096946606], [9.714548677807514, 55.48042704938182], [9.7143633275166, 55.48219027717162], [9.714690101379327, 55.485915653961314], [9.709022242179584, 55.48603019613125]]], [[[8.32799035904337, 55.50622635875804], [8.326653377541392, 55.5080747825667], [8.323483766384491, 55.50952462332671], [8.317961001272835, 55.51190886527092], [8.315232572514898, 55.51414371008652], [8.312415268035991, 55.51865142476429], [8.309641610900124, 55.519652219503186], [8.306559525296286, 55.519134477688795], [8.304717695994523, 55.51706842599061], [8.304452597764314, 55.51677092568661], [8.304841016716727, 55.516217892243795], [8.305204246010296, 55.5157006581005], [8.307268252936348, 55.51360048233368], [8.310806483278505, 55.51101821525329], [8.316247881686664, 55.50911665268425], [8.32046409303166, 55.50695429714385], [8.32750365721232, 55.50435902473598], [8.329347089108571, 55.50436365084544], [8.32799035904337, 55.50622635875804]]], [[[10.789494429420941, 55.50828297647653], [10.800064065444381, 55.511340642427456], [10.800540548939049, 55.5126190840955], [10.799110756196887, 55.514581703005746], [10.796021153490738, 55.51525085794786], [10.793109797198222, 55.51639364785166], [10.79250303732609, 55.51756188313414], [10.788444349159457, 55.51835772377937], [10.783276414093441, 55.517470731474326], [10.779335358516622, 55.516008766323324], [10.779448584869975, 55.51460439724669], [10.779829827181612, 55.513148320970444], [10.781238517599457, 55.511809953645184], [10.77952978538514, 55.508433493157725], [10.787483815660437, 55.50808280843686], [10.789494429420941, 55.50828297647653]]], [[[10.491302269508472, 55.528172949905326], [10.490408463767078, 55.52835933861442], [10.485445107430653, 55.531669673272475], [10.483901455022815, 55.53161774555666], [10.48329788237332, 55.53129236694912], [10.484243789502864, 55.53006770327144], [10.484770033376085, 55.52969502759248], [10.490503050976628, 55.527957199874145], [10.491538494088871, 55.527867310881604], [10.491302269508472, 55.528172949905326]]], [[[10.135112295790112, 55.576840226195856], [10.133295225854214, 55.57690978654443], [10.128581753880317, 55.57622880290375], [10.129855724853321, 55.575729656570864], [10.132081176103897, 55.57580869197503], [10.13422502169915, 55.575675649571096], [10.135567551196303, 55.575763416748075], [10.136420300335951, 55.57581913704991], [10.137666426230092, 55.576478309197284], [10.138083301115794, 55.57641324384676], [10.137777725697173, 55.57682207728196], [10.136249783925374, 55.57679670921078], [10.135112295790112, 55.576840226195856]]], [[[10.09998218090965, 55.57866385752844], [10.101108998855956, 55.58020268685171], [10.097942106899435, 55.57727284569876], [10.096249015252518, 55.57669383264009], [10.094443787807023, 55.57785821301504], [10.091198215109662, 55.57489745107869], [10.09243584024627, 55.57474777213962], [10.093252911896096, 55.57304866334683], [10.09374428496662, 55.57397353938234], [10.092861825845603, 55.57584253282937], [10.094407650379754, 55.5768042797701], [10.098024803109537, 55.57644492897866], [10.09998218090965, 55.57866385752844]]], [[[10.611973980313788, 55.5762848917341], [10.612694195609668, 55.57714085181381], [10.614350980047766, 55.5780339938564], [10.612008684029858, 55.581564297318614], [10.610936318362812, 55.58331429295405], [10.611198476407118, 55.58455103102868], [10.609285018139529, 55.58639357224761], [10.606820914162364, 55.585001032916], [10.606508507056017, 55.582437589976756], [10.60735768808736, 55.580020322744446], [10.608944906091498, 55.578724086985034], [10.608355536704943, 55.57611620147462], [10.611973980313788, 55.5762848917341]]], [[[10.207157612767839, 55.600302284842385], [10.202261391125825, 55.60151347558224], [10.195526361216348, 55.602224621783115], [10.192581313609095, 55.60201866719905], [10.19214910268488, 55.60139050840246], [10.196942874163687, 55.60078235162262], [10.198261297370195, 55.59981711414083], [10.205816919427088, 55.59969677162498], [10.207369254052136, 55.59904886518762], [10.207157612767839, 55.600302284842385]]], [[[10.615768764111227, 55.588759537033894], [10.614788695848025, 55.59169487952396], [10.613611422227148, 55.593046092522755], [10.61426059515714, 55.594493952419526], [10.613537252825731, 55.597414127211835], [10.613733724259843, 55.599269387207386], [10.611486175351569, 55.59834355852303], [10.611063038310034, 55.59272067253291], [10.609912661147083, 55.59087245547893], [10.614756034002626, 55.58776967996095], [10.614670020314177, 55.58578310344812], [10.61727570237339, 55.584147569059034], [10.617814623271883, 55.58237193586829], [10.618288206106524, 55.58445018483759], [10.617707363528648, 55.58678059144208], [10.621279207930428, 55.58726425865912], [10.623098635943938, 55.58838429902377], [10.622086740370243, 55.58902299695963], [10.619785363511856, 55.58899977402365], [10.615768764111227, 55.588759537033894]]], [[[10.182319926390571, 55.60305232623813], [10.179283856987151, 55.60371652537823], [10.177969849898574, 55.60479060580433], [10.172559834134844, 55.604567114212614], [10.1710114179611, 55.60413682281013], [10.168906522418263, 55.602900452701746], [10.167333425930396, 55.600673468595076], [10.168061382009064, 55.598961314504585], [10.170804923125038, 55.598653972264515], [10.169026739461163, 55.60053287899847], [10.169854537893796, 55.60141569818198], [10.175584186812022, 55.60130285433969], [10.179538994697507, 55.60215280634034], [10.181576353100663, 55.601412498393216], [10.182319926390571, 55.60305232623813]]], [[[10.59484198944311, 55.61103160468047], [10.59446488117842, 55.61076097407543], [10.606992971183697, 55.60525371296363], [10.616998735601598, 55.607712446828764], [10.6208508175411, 55.595526046405794], [10.630789272093118, 55.57984886793446], [10.627663324448903, 55.57242627693769], [10.630172694533243, 55.561535594474364], [10.613879786731768, 55.566582853488136], [10.600701759330239, 55.58302723820893], [10.608554513540398, 55.590242062758236], [10.597626224241433, 55.58620762260392], [10.600666593880126, 55.573254700424414], [10.620761309406209, 55.545694758023096], [10.626444215386936, 55.526675457690665], [10.62163007011749, 55.515699189747764], [10.59104856838997, 55.53176290902212], [10.569384553554684, 55.51713596221545], [10.59977544355869, 55.510789925977576], [10.620737508542746, 55.501632310007466], [10.619580716510358, 55.48436341609847], [10.598443342603675, 55.48399542670366], [10.57351772553312, 55.476745331339025], [10.553823626284405, 55.47146313071125], [10.538693104324611, 55.47588501971534], [10.530417628094575, 55.46983042330808], [10.483946822639629, 55.473434872973314], [10.498378640361304, 55.451880650980804], [10.471166729145997, 55.4395752661621], [10.451896941036889, 55.44219027241234], [10.427184465437188, 55.437007626524085], [10.43412526703889, 55.4506916756396], [10.436490687488847, 55.46483792272545], [10.418245820525048, 55.43424892590389], [10.379813553457442, 55.421197093089766], [10.38231784716208, 55.407471146729485], [10.381468833217399, 55.423637896967634], [10.408667610164942, 55.43101210933935], [10.424193832820855, 55.448493485553506], [10.424680016323979, 55.44937059444889], [10.42503956611814, 55.4500195644392], [10.425546783673635, 55.45093515755661], [10.426040140224316, 55.45182529799477], [10.427745854099284, 55.45490296017084], [10.429663499414378, 55.458362485664665], [10.442624794778894, 55.474825085861674], [10.455916505776269, 55.48310987175703], [10.472744292057465, 55.48652154175215], [10.483208919515768, 55.49496814263934], [10.504181779554612, 55.50118332138758], [10.485315509281229, 55.518481426110036], [10.476248922713085, 55.53105947468564], [10.491911439560514, 55.538656634694355], [10.495653635082904, 55.54792600911211], [10.51615832104343, 55.54101213072956], [10.547113823763052, 55.518957222353755], [10.550605240200834, 55.52453909536758], [10.486480133724578, 55.55386371282311], [10.422875552446452, 55.585323178737134], [10.36330670648116, 55.604513248881645], [10.289416125044033, 55.61947103648429], [10.295715552889082, 55.61159327629414], [10.29420809090911, 55.61542560256154], [10.295568663068766, 55.6171390418795], [10.302834892856875, 55.60099104967571], [10.314148537853152, 55.58502003049819], [10.290551718632353, 55.58248446756757], [10.279843450102678, 55.586988720229435], [10.283773062939437, 55.60043534834291], [10.29363089369466, 55.606527662046034], [10.232424405491685, 55.60438710272314], [10.20316437405616, 55.59367813304898], [10.195618007341631, 55.59057881353108], [10.146346903414397, 55.57951539170164], [10.143515037244775, 55.570948232399985], [10.116930138419661, 55.571956187428995], [10.114626937981233, 55.57498024466618], [10.098047853879724, 55.57243967874472], [10.075620677989788, 55.56687201606527], [10.058605637887627, 55.56072131008548], [10.022358227202862, 55.545620075415165], [9.981053856627376, 55.530401249585594], [9.952219615856745, 55.51722536154518], [9.916525905153552, 55.50912152444232], [9.88010721449021, 55.51090447975199], [9.849449302064645, 55.524863318616596], [9.85042160708713, 55.548674636306764], [9.796786566561414, 55.548970748423955], [9.7620738691491, 55.539174126735126], [9.757289313486782, 55.517219554986596], [9.745285692283725, 55.506524247567945], [9.72072288229857, 55.50872075381366], [9.677467469740666, 55.51228522271118], [9.704239038481797, 55.49406202334546], [9.732036612634802, 55.48664069762766], [9.749720172683205, 55.47125177663669], [9.778075863834012, 55.46822708437177], [9.791499637957944, 55.46085398049425], [9.777973345398825, 55.46220125647401], [9.797568147571013, 55.449842166022336], [9.814134120760952, 55.44267488057852], [9.813569083142179, 55.43295101098337], [9.766767989615124, 55.447370239540774], [9.723535889237162, 55.470618740253094], [9.747702252026176, 55.444283246621616], [9.78396721579156, 55.433039563251164], [9.825956516736902, 55.423323774234305], [9.80498965654587, 55.41393716487106], [9.798411527282235, 55.40956206977001], [9.830834369628, 55.39613873732154], [9.836474447529207, 55.38166892944372], [9.791739460291021, 55.375495654514836], [9.819416662890893, 55.355371562335414], [9.875756228004851, 55.34913900859447], [9.899000532138498, 55.33903202625729], [9.879509109885845, 55.33962281469633], [9.877380298495217, 55.33235400656513], [9.892953194918352, 55.306905314924606], [9.88957800251204, 55.28310637199272], [9.88843177107413, 55.26873541306058], [9.892315533898767, 55.257877385470785], [9.88954422945063, 55.24425432720336], [9.890968885626023, 55.24863237141582], [9.867419021345105, 55.252859004366734], [9.894877675514463, 55.240586792673156], [9.903096647713136, 55.23854842305009], [9.921207933397548, 55.22889305150346], [9.955185172900231, 55.21832319654185], [9.986853302846548, 55.204645493774365], [9.98513752155221, 55.17568341572232], [9.98415921937687, 55.13881361985656], [10.027414040843318, 55.12110096509464], [10.017337269093783, 55.154105257062], [9.995806868775542, 55.179205154500416], [9.98509026477837, 55.18336142333855], [10.002584228199511, 55.188250019769995], [9.993636230926958, 55.19716849520542], [10.00270144576767, 55.198607295627816], [10.020280801243135, 55.19079844141804], [10.047757899621898, 55.17746364121404], [10.089465805999417, 55.18016602762693], [10.112921720874628, 55.18949345535895], [10.132785802036347, 55.166604515020616], [10.142947424156091, 55.15327005048908], [10.160422014509829, 55.13477978827238], [10.174729191884165, 55.128152575075354], [10.148017058377159, 55.12337801444367], [10.129128556597143, 55.11769364309823], [10.122867804818329, 55.12073342366505], [10.107035009613817, 55.10989279673351], [10.09728722876908, 55.10827617816453], [10.082179705477207, 55.10220797842491], [10.073622586744353, 55.076378071852965], [10.127797328804574, 55.09034797171173], [10.16670908962139, 55.07875659441053], [10.198614078358691, 55.06262883888117], [10.211169739456652, 55.063849855473805], [10.20889681314164, 55.06531809448619], [10.213548491803731, 55.06842024216193], [10.228677580052324, 55.081586476577364], [10.21679555929773, 55.097058601456936], [10.232660702835586, 55.09637056101838], [10.239253374925365, 55.09298584440771], [10.269961291172928, 55.08509247005991], [10.29026847892496, 55.07249292718422], [10.316891497759137, 55.06353856520943], [10.329123999815126, 55.05251283961193], [10.350665539242875, 55.050602143885975], [10.36924881415061, 55.06246086668486], [10.38232468064647, 55.059481142259436], [10.386702872610224, 55.04864890590157], [10.429753849270716, 55.04195329888242], [10.480368046837079, 55.0393475401966], [10.51084576889476, 55.02679386625249], [10.550514138454593, 55.035600999712706], [10.59059758537124, 55.046520015511966], [10.608690751138067, 55.05311026053503], [10.621905176478293, 55.060171341370435], [10.649399180252367, 55.05612096524513], [10.673598011749037, 55.05841722449936], [10.687421378070916, 55.06319387865787], [10.72303059683171, 55.06433894471569], [10.752536357921658, 55.08876917072096], [10.772156081156423, 55.105653562119095], [10.778603762464416, 55.12871686102709], [10.786992890849232, 55.15210249405764], [10.806645656815132, 55.183735434810536], [10.81157980173518, 55.20842826210032], [10.811534005621985, 55.22375111660946], [10.806722900251449, 55.2434132638588], [10.797247872181485, 55.25953070660007], [10.788542956329879, 55.29150101537475], [10.7593661538054, 55.29602832768396], [10.758440889961086, 55.29867354544171], [10.781844589362079, 55.30015640763925], [10.78798905782065, 55.3080691621175], [10.792729427150737, 55.30624440671656], [10.813425350960523, 55.29838488947414], [10.82504888598371, 55.29707487701471], [10.82490693779576, 55.28761405656075], [10.843569669588694, 55.28906433204857], [10.845692496402894, 55.29531092424835], [10.834381897593778, 55.30192655550148], [10.795682856039578, 55.35135371015357], [10.772287281002003, 55.375150861464654], [10.743692448441086, 55.39774569742201], [10.72553609877045, 55.41539793980773], [10.683527057346758, 55.439541381346984], [10.65582550860605, 55.44470982575856], [10.64409686710134, 55.44095222607997], [10.614453307141765, 55.44647219299901], [10.59159350710255, 55.456052360763394], [10.57726482675526, 55.44580275159612], [10.582656247392602, 55.42644884133805], [10.563203125710432, 55.42869255730079], [10.543159074268047, 55.44350039737184], [10.555652818086736, 55.45500489383884], [10.583587195776047, 55.46245051764031], [10.609944857665187, 55.45303415334614], [10.634816559649014, 55.44628440663504], [10.654053708370583, 55.447337711571194], [10.672596126102563, 55.463640984709066], [10.705575057948513, 55.47439189731788], [10.749225095020849, 55.48124640065254], [10.717967862570347, 55.506646968626605], [10.7027858581616, 55.53114830194379], [10.686337040556085, 55.55109264814496], [10.655244059665339, 55.58323348390607], [10.61175061960829, 55.6186017342602], [10.603146842379559, 55.616954349409134], [10.619662716526108, 55.61599341718171], [10.59484198944311, 55.61103160468047]], [[9.868915527471877, 55.35283823344171], [9.871090938069539, 55.35701816552042], [9.874159846286489, 55.357797471410755], [9.874234295063971, 55.35763976944602], [9.874540363657697, 55.35699110833532], [9.874725121060496, 55.356599782823416], [9.875022739202327, 55.35596915331508], [9.87272826589687, 55.35414364284512], [9.874686800727112, 55.349989309869635], [9.874777953677288, 55.349795991813835], [9.871581262806151, 55.35064583566041], [9.867690658412318, 55.351041684351486], [9.865336928637458, 55.35103356929232], [9.86207612230955, 55.35102219421257], [9.868915527471877, 55.35283823344171]]], [[[10.168243916979874, 55.64681122681717], [10.165659132429106, 55.64626977132001], [10.16244861738407, 55.64289951428372], [10.165211618704035, 55.64012453469995], [10.17145097890097, 55.63423337545468], [10.178947293284487, 55.63013818875756], [10.181520052088546, 55.62426486954267], [10.181358181064233, 55.61545115113408], [10.179860923945888, 55.60747341230605], [10.181930391730528, 55.60513683982888], [10.184957912765704, 55.60594540912574], [10.190245196203728, 55.60779973695864], [10.190375725007774, 55.6092421966421], [10.182281968078218, 55.61490289824662], [10.182238149157001, 55.62526000084759], [10.182725006396582, 55.63252935364181], [10.191265552110753, 55.63701925134865], [10.189703592037471, 55.641527495769964], [10.185386134271743, 55.64352323498051], [10.168243916979874, 55.64681122681717]]], [[[9.236583313244271, 55.955206848485815], [9.213706635657521, 55.94353627604176], [9.194246578083026, 55.927036877157235], [9.166893441823598, 55.896700809742974], [9.137443285551418, 55.882153725890035], [9.08493597925358, 55.866913210070365], [9.071306501709394, 55.84493724265957], [9.044925336299164, 55.83680885926294], [9.01437792473836, 55.83527741776625], [9.001209867738144, 55.833954014663504], [8.973748534792643, 55.8393865384286], [8.96071232801824, 55.842210343092994], [8.96624011291571, 55.86525784107899], [8.935068409961687, 55.891874919458445], [8.88036414068589, 55.89329499242001], [8.865891632875087, 55.89432999190008], [8.842764067507579, 55.88118956745908], [8.82359727573738, 55.85070454446238], [8.817740316678773, 55.82466543728877], [8.788277647773024, 55.81152264161923], [8.740946126020136, 55.80809790544554], [8.715996803307576, 55.82181488997516], [8.676464594090291, 55.848173415021485], [8.629982760018612, 55.8448534864641], [8.605746861338375, 55.840162501936454], [8.590871413308578, 55.838559850838394], [8.5330698041371, 55.841349962670925], [8.54545283778357, 55.82427475958871], [8.530985054212834, 55.814672741338306], [8.505295409213364, 55.781159129491904], [8.499847896871394, 55.77791268127891], [8.467037983046128, 55.773404320596015], [8.424404658314028, 55.7933789967914], [8.424019352024056, 55.79901850336957], [8.381705373883882, 55.80159196584036], [8.361016853988705, 55.81594062760233], [8.326406078530207, 55.80100364576482], [8.290435754991478, 55.79877873198951], [8.236881733521248, 55.81208802696548], [8.181142227745704, 55.826722494907955], [8.180940084348883, 55.82441536982026], [8.190601885641163, 55.81764824419826], [8.17136743186542, 55.81178109601625], [8.176726278692247, 55.772728416213276], [8.16531333122953, 55.72459666671103], [8.149241102662451, 55.69085828642226], [8.123932775433106, 55.64057136381224], [8.099446421061783, 55.597948808734095], [8.076634735687502, 55.55831011283165], [8.127258176918165, 55.54383493849177], [8.155757143068604, 55.53697593196596], [8.238106264814263, 55.50424845175715], [8.294076289969775, 55.47628477184612], [8.306813060412189, 55.49231873005115], [8.287919351996797, 55.50658978885746], [8.262620085175408, 55.51937803337422], [8.252967256256204, 55.52757689212024], [8.252420889222305, 55.537983911851306], [8.236911570165075, 55.55857644694465], [8.24450422077799, 55.57300616652881], [8.26605067488866, 55.593615206807726], [8.308480931857494, 55.588761846396885], [8.316107018663606, 55.57697392684645], [8.29861908383632, 55.56198652261719], [8.330888819121654, 55.538619833412774], [8.373136701918156, 55.51247772233663], [8.412710984630097, 55.48596924888864], [8.41331890422725, 55.47735776365542], [8.419695256606712, 55.4773559812826], [8.42625220988417, 55.473623687404036], [8.43079558226571, 55.46228835222379], [8.441767521602634, 55.46085045551063], [8.442913652429237, 55.458009305898756], [8.489609587372502, 55.45074376822321], [8.533975936560827, 55.454459186421175], [8.558530915931648, 55.45036002237715], [8.598290949583076, 55.4347518899481], [8.620667578170302, 55.427879304082886], [8.630586495263183, 55.40608656963334], [8.63380043378779, 55.396132766495676], [8.637954635327013, 55.389166771750425], [8.648805298507295, 55.37129558993671], [8.653638053276177, 55.359117525076], [8.667141065096386, 55.34225074914827], [8.669642949519446, 55.334622876133736], [8.670593557532902, 55.32646733748094], [8.66725093444552, 55.31890716854205], [8.65117434815099, 55.30972876366457], [8.61868926243754, 55.30348928373123], [8.596940044194188, 55.29362807030795], [8.56295893564757, 55.29613343229183], [8.530926157967867, 55.274672978870434], [8.577716207606807, 55.27966048198953], [8.605937025700868, 55.29510876684534], [8.62530138395151, 55.30287766647582], [8.65651354253435, 55.30239602045458], [8.656261601928062, 55.28006651471066], [8.649367934030996, 55.27743691294162], [8.653231573694955, 55.264300505756694], [8.658161961860474, 55.259496428310584], [8.661925927155457, 55.25314421446416], [8.656574883993514, 55.246900018739375], [8.658735093299962, 55.237581093327854], [8.658392876499232, 55.22013471837122], [8.67483614610957, 55.1884567623197], [8.644993223937291, 55.149176513700546], [8.569686614643063, 55.15521959122971], [8.5721208406539, 55.17222451105483], [8.573504579466402, 55.19596389105582], [8.549365108643729, 55.20107841824917], [8.529667726052656, 55.20498352584572], [8.51255935997561, 55.21169404960511], [8.485479643939199, 55.192031656151016], [8.472481197847786, 55.126452851997726], [8.471135138869872, 55.10193710544812], [8.467889365848226, 55.10002297697766], [8.468821850350807, 55.08862885754327], [8.500556920955464, 55.06385920836323], [8.524404524650755, 55.05987960321595], [8.554680788726197, 55.07273961536332], [8.559303000850363, 55.08046559099166], [8.564743265584623, 55.088319843747804], [8.557440973827761, 55.09787507548067], [8.558090428828706, 55.119504078287065], [8.551901297930879, 55.14001792279114], [8.572843054701288, 55.150606890464815], [8.651616638172706, 55.148413008596876], [8.678425999037861, 55.13649253555772], [8.665019572280377, 55.110096131504996], [8.646207573724904, 55.08953264719944], [8.644538251500387, 55.01275944732907], [8.653948935043188, 54.99355632891162], [8.647420215815137, 54.94234834917695], [8.668575484162268, 54.911287414934854], [8.727985505290405, 54.89274609602788], [8.777001597271376, 54.89546742046471], [8.811987397801433, 54.904605827147684], [8.833340764431687, 54.90668206145936], [8.88156263610703, 54.902143878885546], [8.913336273183475, 54.90203202932982], [8.958208081025981, 54.90093898390598], [9.029197919765663, 54.878234907075836], [9.095577024155592, 54.87199277831006], [9.149237454664503, 54.87184794246282], [9.205080663753073, 54.859041777765384], [9.238363299826922, 54.82684302987396], [9.294929273630132, 54.8016907299779], [9.345587911751938, 54.802155125865085], [9.365768236724607, 54.81840103401617], [9.375005738555343, 54.83086676462831], [9.383697429409349, 54.839085655593635], [9.411279817525942, 54.841956494156065], [9.442336196560419, 54.83676451899457], [9.480156262660243, 54.84751918762058], [9.509062483637965, 54.87100865830425], [9.52521835883274, 54.87718898572516], [9.54610926736481, 54.880116413496864], [9.568511823127764, 54.88255815129581], [9.574721431122494, 54.90175803072088], [9.59780331715783, 54.90806724148574], [9.590658365322955, 54.915387886712736], [9.609285238166354, 54.914259857975736], [9.637165667531278, 54.9331739580163], [9.659975804209997, 54.92199570840435], [9.673910588576573, 54.913234178717566], [9.655925574580065, 54.90849518463339], [9.636281364168953, 54.91469344093037], [9.607311859574406, 54.91090214032373], [9.626087760228513, 54.89446131910208], [9.635018011282606, 54.8930557276768], [9.650713980492949, 54.88215007803417], [9.63999040916242, 54.86780318441623], [9.642460216543324, 54.85959632836108], [9.672232871595744, 54.856950596990345], [9.705800203546081, 54.84842420784983], [9.753643361667319, 54.84161337964718], [9.747743077760898, 54.865473042685956], [9.728536054940689, 54.88703338089101], [9.703074962909074, 54.89057096855005], [9.705708639167469, 54.90169736307079], [9.750931950594127, 54.89771484191614], [9.781907079706102, 54.9113247918295], [9.763355285359182, 54.92167710006514], [9.755426239926894, 54.93653210781945], [9.751099684023965, 54.96392826585208], [9.715441016600044, 54.99025240243555], [9.683039825449256, 54.99483876961819], [9.654835408795666, 55.00542138224362], [9.620494065938637, 55.01694475537796], [9.580633936608361, 55.04435304331351], [9.55844826739266, 55.033457885701495], [9.537642100534612, 55.029459554702484], [9.502869700190175, 55.01676646434325], [9.473765882189307, 55.01717898893068], [9.442503224812768, 55.02402395621525], [9.42509174470098, 55.02489560462142], [9.4262175053302, 55.038661080053174], [9.427613300432146, 55.042584160787875], [9.454894260651784, 55.0426621329219], [9.489704570799498, 55.04773590927429], [9.51490073977234, 55.052782461537305], [9.542631832306121, 55.07013486961205], [9.542032907539875, 55.090471784286095], [9.522988565126063, 55.10751965873763], [9.502058584370705, 55.115422161555124], [9.481096390029231, 55.11488495999293], [9.461052510165093, 55.11525728964291], [9.464453158131588, 55.12180854272436], [9.463256987550404, 55.116478171629595], [9.464412640519038, 55.12243837031056], [9.481661724092046, 55.12967362881025], [9.518329750247329, 55.1265719891844], [9.502131417078974, 55.14934647901824], [9.504634269885937, 55.1591632164997], [9.544135225816172, 55.172649828785424], [9.579953907446702, 55.18997470870903], [9.621316344223873, 55.18960935929358], [9.628847593190448, 55.189538052375504], [9.632337336965168, 55.18386104601332], [9.627271638263352, 55.17888702621813], [9.620912458078868, 55.18500044225455], [9.664635715033356, 55.18673469603125], [9.693614174933, 55.20549753186559], [9.701272022574292, 55.2293034808693], [9.714357488467265, 55.24630139550159], [9.707862813591847, 55.26370810007183], [9.664833976809819, 55.27819928456802], [9.637880293509482, 55.28542786652027], [9.611843752384937, 55.271432013053875], [9.584776944240852, 55.266436406019004], [9.571288019800926, 55.25230603645337], [9.566010644780489, 55.249528991638066], [9.54671348500469, 55.24754814334976], [9.522832750543413, 55.25003751966642], [9.49585024389881, 55.24819561475764], [9.518956626991926, 55.25230500783109], [9.550612736581447, 55.24941160717261], [9.577305310171454, 55.2583962525914], [9.58812937423618, 55.27181848618278], [9.620103466775001, 55.28252190364733], [9.637062332527497, 55.29412788886184], [9.666899084172083, 55.28759434389414], [9.646423251200194, 55.31027933825438], [9.622269558249942, 55.308712397178425], [9.641885396271093, 55.32168269857126], [9.647447106045282, 55.340792107412796], [9.616766510260444, 55.35734087611435], [9.600075737721344, 55.35775454740302], [9.607445513617321, 55.36652170315344], [9.620729856632739, 55.39243318389806], [9.59322367350002, 55.415943165659904], [9.608522143587022, 55.42945769434552], [9.659353357956384, 55.43882210617054], [9.681333084799938, 55.468050799013994], [9.643398020869018, 55.49082156338394], [9.610548136505168, 55.49500131271543], [9.57551619041728, 55.48766587524668], [9.544771183629962, 55.49022972325943], [9.510410004174858, 55.48472001451333], [9.50379531976737, 55.490611465845035], [9.499002070209741, 55.498047799673756], [9.552091718373644, 55.497380936689844], [9.580680446882216, 55.509747488706886], [9.559099286360551, 55.51444620612689], [9.580060140415588, 55.513877349027936], [9.57132664735815, 55.51744550612834], [9.576020362683984, 55.52592248561515], [9.598560160361094, 55.51993393896378], [9.608088468408871, 55.51051819858655], [9.639019390527412, 55.50926006331594], [9.669082852695173, 55.52649843310351], [9.694217816752772, 55.5255487821754], [9.742106708105142, 55.523601717236254], [9.729153361034244, 55.551915037223], [9.734906776679946, 55.55877687433962], [9.753662969195032, 55.559778127740806], [9.76761171517773, 55.55806026908217], [9.78762575210986, 55.58027813090981], [9.80514370504069, 55.5990719568171], [9.846160221263164, 55.616046625505426], [9.838687911660646, 55.6252075292986], [9.793747665668242, 55.62552602603146], [9.749747325160973, 55.627689650039095], [9.715499223837169, 55.665659339692766], [9.692985249131223, 55.67214883359549], [9.671339008362173, 55.690644296398894], [9.645190881208006, 55.693837239805326], [9.615844634861384, 55.693004178271], [9.585919946235332, 55.69041189590563], [9.557623456756673, 55.69907435401975], [9.551785695594, 55.70683753542433], [9.566699318430148, 55.70633428013827], [9.590389875952505, 55.70656090254504], [9.625498842694533, 55.70798160709677], [9.660371006341158, 55.7103887097088], [9.681857062223681, 55.73232544475141], [9.67936994610387, 55.744728601764976], [9.661829235253641, 55.7556277180807], [9.639328654428583, 55.755646544536795], [9.592676110808483, 55.7526553903162], [9.587220642986349, 55.77956985155005], [9.566108263804106, 55.77316557992953], [9.53916496323179, 55.774834438516095], [9.522296591964395, 55.785699539681815], [9.514654569943474, 55.79814219598886], [9.508569045340614, 55.812435187450056], [9.473054470383184, 55.83315102994271], [9.447317580288, 55.84125587432788], [9.445868926518079, 55.85667517710859], [9.454103947119332, 55.86821268135862], [9.430793168552972, 55.88570901209694], [9.393141320074953, 55.91473281949303], [9.387295002459194, 55.92368598238757], [9.348524375058329, 55.93778466063184], [9.30353985649547, 55.93726358832165], [9.273563874066689, 55.945043243453775], [9.236583313244271, 55.955206848485815]], [[9.742111059544383, 55.62684010789556], [9.742102097052808, 55.62686172809149], [9.74190411824563, 55.62733602590501], [9.741572748601953, 55.62739104563988], [9.740037484662244, 55.62764616609724], [9.741717406108783, 55.62818846633278], [9.743168406278189, 55.62887653153416], [9.745523695528378, 55.6287462356586], [9.7483383338075, 55.62720133943875], [9.74837008296458, 55.62718389290575], [9.748555234727805, 55.62708230270549], [9.748244946747208, 55.627176209835575], [9.74822662830193, 55.62718171310288], [9.747115574890524, 55.6275178126205], [9.747014510827805, 55.62754835038112], [9.745808531542044, 55.62791323098661], [9.743196483122404, 55.62780885279712], [9.742283661843087, 55.626426706904475], [9.742111059544383, 55.62684010789556]], [[8.408185498604132, 55.481834715186565], [8.408331084968962, 55.48315391704537], [8.409241419711611, 55.483926155379855], [8.410969825928959, 55.4844704889583], [8.413919568131876, 55.48490032944869], [8.414647474803235, 55.48486930549235], [8.415124721865903, 55.484849031234596], [8.416505677697662, 55.48438035707889], [8.41724733577939, 55.48374921690615], [8.417164299107789, 55.48354286573291], [8.417013486344615, 55.48316851497714], [8.409656585103303, 55.48066996849552], [8.408185498604132, 55.481834715186565]], [[9.571621505875433, 55.3742386723411], [9.573631484527024, 55.37419906612831], [9.58253601411959, 55.3713594337347], [9.590220506690521, 55.370984344586375], [9.594772714901245, 55.36901680558936], [9.600023523145454, 55.36407425029876], [9.599080301978598, 55.36176820142701], [9.598251029410592, 55.361707562998966], [9.593680964488668, 55.36084426666118], [9.5920018982383, 55.359967642206904], [9.588810204695083, 55.36125116904559], [9.586734484636041, 55.36080043452089], [9.582888192338533, 55.36052723710138], [9.576363848804212, 55.36191191964499], [9.573862585117013, 55.36342112089419], [9.57122594172324, 55.36811887868597], [9.565242289666855, 55.371775696672145], [9.565241287146996, 55.37180499593025], [9.565196591470045, 55.373075196964926], [9.571621505875433, 55.3742386723411]]]]}, "properties": {"OBJECTID": 5, "REGIONNAVN": "Region Syddanmark", "REGIONCODE": 1083, "Shape_Length": 3838617.7251584353, "Shape_Area": 37510233560.19827, "regionskode": "1083", "region_code": "1083", "region_name": "Region Syddanmark"}}]}