"Regionskode";"Region";"Prøvetagningsdato";"Køn";"Bekræftede tilfælde i alt";"Døde";"Indlæggelser";"Kummuleret antal døde";"Kummuleret antal bekræftede tilfælde";"Kummuleret antal indlæggelser";"timestamp_2025-10-21T10:00:08.562"
1085;Sjælland;2020-02-26;M;1;0;0;0;1;0;
1084;Hovedstaden;2020-02-27;M;1;0;0;0;2;0;
1082;Midtjylland;2020-02-28;M;1;0;0;0;3;0;
1084;Hovedstaden;2020-03-01;M;1;0;1;0;4;1;
1084;Hovedstaden;2020-03-02;M;2;0;1;0;6;2;
1085;Sjælland;2020-03-02;M;1;0;0;0;7;2;
1083;Syddanmark;2020-03-02;M;1;0;0;0;8;2;
1084;Hovedstaden;2020-03-03;F;1;0;0;0;9;2;
1084;Hovedstaden;2020-03-03;M;3;0;1;0;12;3;
1084;Hovedstaden;2020-03-04;M;2;0;0;0;14;3;
1085;Sjælland;2020-03-04;M;1;0;1;0;15;4;
1084;Hovedstaden;2020-03-05;F;4;1;1;1;19;5;
1084;Hovedstaden;2020-03-05;M;6;1;2;2;25;7;
1081;Nordjylland;2020-03-06;M;1;0;0;2;26;7;
1085;Sjælland;2020-03-06;M;1;0;1;2;27;8;
1084;Hovedstaden;2020-03-07;F;5;0;1;2;32;9;
1084;Hovedstaden;2020-03-07;M;3;0;1;2;35;10;
1082;Midtjylland;2020-03-07;M;1;0;0;2;36;10;
1084;Hovedstaden;2020-03-08;F;8;0;0;2;44;10;
1082;Midtjylland;2020-03-08;F;6;0;0;2;50;10;
1085;Sjælland;2020-03-08;F;2;0;1;2;52;11;
1084;Hovedstaden;2020-03-08;M;4;0;1;2;56;12;
1082;Midtjylland;2020-03-08;M;16;0;0;2;72;12;
1081;Nordjylland;2020-03-08;M;1;0;0;2;73;12;
1085;Sjælland;2020-03-08;M;2;0;0;2;75;12;
1083;Syddanmark;2020-03-08;M;8;0;0;2;83;12;
1084;Hovedstaden;2020-03-09;F;25;0;3;2;108;15;
1082;Midtjylland;2020-03-09;F;9;0;1;2;117;16;
1081;Nordjylland;2020-03-09;F;2;0;0;2;119;16;
1085;Sjælland;2020-03-09;F;7;0;4;2;126;20;
1083;Syddanmark;2020-03-09;F;15;0;1;2;141;21;
1084;Hovedstaden;2020-03-09;M;43;0;4;2;184;25;
1082;Midtjylland;2020-03-09;M;34;0;2;2;218;27;
1081;Nordjylland;2020-03-09;M;6;0;0;2;224;27;
1085;Sjælland;2020-03-09;M;28;0;3;2;252;30;
1083;Syddanmark;2020-03-09;M;34;0;1;2;286;31;
1084;Hovedstaden;2020-03-10;F;44;0;4;2;330;35;
1082;Midtjylland;2020-03-10;F;18;0;1;2;348;36;
1081;Nordjylland;2020-03-10;F;4;0;1;2;352;37;
1085;Sjælland;2020-03-10;F;6;0;2;2;358;39;
1083;Syddanmark;2020-03-10;F;8;0;1;2;366;40;
1084;Hovedstaden;2020-03-10;M;70;1;3;3;436;43;
1082;Midtjylland;2020-03-10;M;54;1;4;4;490;47;
1081;Nordjylland;2020-03-10;M;9;0;0;4;499;47;
1085;Sjælland;2020-03-10;M;21;0;4;4;520;51;
1083;Syddanmark;2020-03-10;M;19;0;1;4;539;52;
1084;Hovedstaden;2020-03-11;F;31;0;2;4;570;54;
1082;Midtjylland;2020-03-11;F;11;1;1;5;581;55;
1081;Nordjylland;2020-03-11;F;3;0;0;5;584;55;
1085;Sjælland;2020-03-11;F;12;0;1;5;596;56;
1083;Syddanmark;2020-03-11;F;15;0;1;5;611;57;
1084;Hovedstaden;2020-03-11;M;55;0;3;5;666;60;
1082;Midtjylland;2020-03-11;M;14;1;1;6;680;61;
1081;Nordjylland;2020-03-11;M;20;0;0;6;700;61;
1085;Sjælland;2020-03-11;M;15;0;5;6;715;66;
1083;Syddanmark;2020-03-11;M;27;0;1;6;742;67;
1084;Hovedstaden;2020-03-12;F;9;1;3;7;751;70;
1082;Midtjylland;2020-03-12;F;2;0;2;7;753;72;
1081;Nordjylland;2020-03-12;F;1;0;1;7;754;73;
1085;Sjælland;2020-03-12;F;1;1;1;8;755;74;
1083;Syddanmark;2020-03-12;F;5;0;2;8;760;76;
1084;Hovedstaden;2020-03-12;M;9;0;3;8;769;79;
1082;Midtjylland;2020-03-12;M;6;0;4;8;775;83;
1085;Sjælland;2020-03-12;M;5;0;3;8;780;86;
1083;Syddanmark;2020-03-12;M;3;0;0;8;783;86;
1084;Hovedstaden;2020-03-13;F;5;0;1;8;788;87;
1082;Midtjylland;2020-03-13;F;2;0;1;8;790;88;
1085;Sjælland;2020-03-13;F;1;0;1;8;791;89;
1083;Syddanmark;2020-03-13;F;1;1;1;9;792;90;
1084;Hovedstaden;2020-03-13;M;16;2;8;11;808;98;
1082;Midtjylland;2020-03-13;M;5;1;5;12;813;103;
1081;Nordjylland;2020-03-13;M;1;0;1;12;814;104;
1085;Sjælland;2020-03-13;M;2;0;1;12;816;105;
1084;Hovedstaden;2020-03-14;F;8;1;3;13;824;108;
1082;Midtjylland;2020-03-14;F;4;0;1;13;828;109;
1081;Nordjylland;2020-03-14;F;2;0;2;13;830;111;
1085;Sjælland;2020-03-14;F;3;0;3;13;833;114;
1083;Syddanmark;2020-03-14;F;2;0;1;13;835;115;
1084;Hovedstaden;2020-03-14;M;8;2;6;15;843;121;
1082;Midtjylland;2020-03-14;M;2;0;1;15;845;122;
1081;Nordjylland;2020-03-14;M;1;0;1;15;846;123;
1085;Sjælland;2020-03-14;M;4;1;1;16;850;124;
1083;Syddanmark;2020-03-14;M;3;0;2;16;853;126;
1084;Hovedstaden;2020-03-15;F;8;1;4;17;861;130;
1082;Midtjylland;2020-03-15;F;3;1;2;18;864;132;
1081;Nordjylland;2020-03-15;F;1;0;1;18;865;133;
1085;Sjælland;2020-03-15;F;6;0;2;18;871;135;
1083;Syddanmark;2020-03-15;F;1;0;1;18;872;136;
1084;Hovedstaden;2020-03-15;M;17;2;12;20;889;148;
1082;Midtjylland;2020-03-15;M;1;0;0;20;890;148;
1081;Nordjylland;2020-03-15;M;2;0;2;20;892;150;
1085;Sjælland;2020-03-15;M;4;2;3;22;896;153;
1083;Syddanmark;2020-03-15;M;2;0;2;22;898;155;
1084;Hovedstaden;2020-03-16;F;27;1;10;23;925;165;
1082;Midtjylland;2020-03-16;F;1;0;1;23;926;166;
1085;Sjælland;2020-03-16;F;9;1;7;24;935;173;
1084;Hovedstaden;2020-03-16;M;23;6;18;30;958;191;
1082;Midtjylland;2020-03-16;M;1;1;1;31;959;192;
1081;Nordjylland;2020-03-16;M;1;0;1;31;960;193;
1085;Sjælland;2020-03-16;M;6;1;5;32;966;198;
1083;Syddanmark;2020-03-16;M;6;2;6;34;972;204;
1084;Hovedstaden;2020-03-17;F;23;2;10;36;995;214;
1082;Midtjylland;2020-03-17;F;1;0;1;36;996;215;
1081;Nordjylland;2020-03-17;F;2;0;2;36;998;217;
1085;Sjælland;2020-03-17;F;4;1;4;37;1002;221;
1083;Syddanmark;2020-03-17;F;3;0;3;37;1005;224;
1084;Hovedstaden;2020-03-17;M;26;7;19;44;1031;243;
1082;Midtjylland;2020-03-17;M;6;1;5;45;1037;248;
1081;Nordjylland;2020-03-17;M;2;1;2;46;1039;250;
1085;Sjælland;2020-03-17;M;6;2;6;48;1045;256;
1083;Syddanmark;2020-03-17;M;3;1;2;49;1048;258;
1084;Hovedstaden;2020-03-18;F;16;2;8;51;1064;266;
1082;Midtjylland;2020-03-18;F;8;0;4;51;1072;270;
1081;Nordjylland;2020-03-18;F;3;0;2;51;1075;272;
1085;Sjælland;2020-03-18;F;6;0;5;51;1081;277;
1083;Syddanmark;2020-03-18;F;1;0;1;51;1082;278;
1084;Hovedstaden;2020-03-18;M;32;7;16;58;1114;294;
1082;Midtjylland;2020-03-18;M;3;1;1;59;1117;295;
1081;Nordjylland;2020-03-18;M;3;1;2;60;1120;297;
1085;Sjælland;2020-03-18;M;8;3;8;63;1128;305;
1083;Syddanmark;2020-03-18;M;3;1;2;64;1131;307;
1084;Hovedstaden;2020-03-19;F;30;1;12;65;1161;319;
1082;Midtjylland;2020-03-19;F;18;0;2;65;1179;321;
1081;Nordjylland;2020-03-19;F;2;0;2;65;1181;323;
1085;Sjælland;2020-03-19;F;2;0;1;65;1183;324;
1083;Syddanmark;2020-03-19;F;8;0;0;65;1191;324;
1084;Hovedstaden;2020-03-19;M;25;5;15;70;1216;339;
1082;Midtjylland;2020-03-19;M;5;0;1;70;1221;340;
1081;Nordjylland;2020-03-19;M;3;0;3;70;1224;343;
1085;Sjælland;2020-03-19;M;4;1;2;71;1228;345;
1083;Syddanmark;2020-03-19;M;8;0;6;71;1236;351;
1084;Hovedstaden;2020-03-20;F;32;4;17;75;1268;368;
1082;Midtjylland;2020-03-20;F;3;0;3;75;1271;371;
1081;Nordjylland;2020-03-20;F;2;0;0;75;1273;371;
1085;Sjælland;2020-03-20;F;8;1;5;76;1281;376;
1083;Syddanmark;2020-03-20;F;6;0;3;76;1287;379;
1084;Hovedstaden;2020-03-20;M;23;3;15;79;1310;394;
1082;Midtjylland;2020-03-20;M;6;0;2;79;1316;396;
1081;Nordjylland;2020-03-20;M;3;1;2;80;1319;398;
1085;Sjælland;2020-03-20;M;11;2;10;82;1330;408;
1083;Syddanmark;2020-03-20;M;8;0;7;82;1338;415;
1084;Hovedstaden;2020-03-21;F;15;2;6;84;1353;421;
1082;Midtjylland;2020-03-21;F;2;0;2;84;1355;423;
1081;Nordjylland;2020-03-21;F;1;0;1;84;1356;424;
1085;Sjælland;2020-03-21;F;5;0;4;84;1361;428;
1083;Syddanmark;2020-03-21;F;3;0;1;84;1364;429;
1084;Hovedstaden;2020-03-21;M;12;1;6;85;1376;435;
1082;Midtjylland;2020-03-21;M;3;0;3;85;1379;438;
1085;Sjælland;2020-03-21;M;3;1;2;86;1382;440;
1083;Syddanmark;2020-03-21;M;3;0;3;86;1385;443;
1084;Hovedstaden;2020-03-22;F;15;2;11;88;1400;454;
1082;Midtjylland;2020-03-22;F;3;0;3;88;1403;457;
1081;Nordjylland;2020-03-22;F;1;1;1;89;1404;458;
1085;Sjælland;2020-03-22;F;5;1;4;90;1409;462;
1083;Syddanmark;2020-03-22;F;1;0;1;90;1410;463;
1084;Hovedstaden;2020-03-22;M;20;5;10;95;1430;473;
1082;Midtjylland;2020-03-22;M;6;0;5;95;1436;478;
1081;Nordjylland;2020-03-22;M;1;0;1;95;1437;479;
1085;Sjælland;2020-03-22;M;6;2;5;97;1443;484;
1083;Syddanmark;2020-03-22;M;4;0;2;97;1447;486;
1084;Hovedstaden;2020-03-23;F;38;2;17;99;1485;503;
1082;Midtjylland;2020-03-23;F;11;0;9;99;1496;512;
1081;Nordjylland;2020-03-23;F;6;1;2;100;1502;514;
1085;Sjælland;2020-03-23;F;5;0;2;100;1507;516;
1083;Syddanmark;2020-03-23;F;1;0;0;100;1508;516;
1084;Hovedstaden;2020-03-23;M;34;3;21;103;1542;537;
1082;Midtjylland;2020-03-23;M;10;2;9;105;1552;546;
1081;Nordjylland;2020-03-23;M;4;0;4;105;1556;550;
1085;Sjælland;2020-03-23;M;12;3;8;108;1568;558;
1083;Syddanmark;2020-03-23;M;10;2;10;110;1578;568;
1084;Hovedstaden;2020-03-24;F;35;4;12;114;1613;580;
1082;Midtjylland;2020-03-24;F;7;0;4;114;1620;584;
1081;Nordjylland;2020-03-24;F;1;0;1;114;1621;585;
1085;Sjælland;2020-03-24;F;4;0;2;114;1625;587;
1083;Syddanmark;2020-03-24;F;11;0;7;114;1636;594;
1084;Hovedstaden;2020-03-24;M;39;4;27;118;1675;621;
1082;Midtjylland;2020-03-24;M;9;2;8;120;1684;629;
1081;Nordjylland;2020-03-24;M;6;0;6;120;1690;635;
1085;Sjælland;2020-03-24;M;13;3;10;123;1703;645;
1083;Syddanmark;2020-03-24;M;12;0;7;123;1715;652;
1084;Hovedstaden;2020-03-25;F;39;5;18;128;1754;670;
1082;Midtjylland;2020-03-25;F;8;0;2;128;1762;672;
1081;Nordjylland;2020-03-25;F;3;0;2;128;1765;674;
1085;Sjælland;2020-03-25;F;15;0;10;128;1780;684;
1083;Syddanmark;2020-03-25;F;8;0;3;128;1788;687;
1084;Hovedstaden;2020-03-25;M;32;9;23;137;1820;710;
1082;Midtjylland;2020-03-25;M;14;1;10;138;1834;720;
1081;Nordjylland;2020-03-25;M;5;1;4;139;1839;724;
1085;Sjælland;2020-03-25;M;14;4;11;143;1853;735;
1083;Syddanmark;2020-03-25;M;11;2;7;145;1864;742;
1084;Hovedstaden;2020-03-26;F;53;8;17;153;1917;759;
1082;Midtjylland;2020-03-26;F;14;3;6;156;1931;765;
1081;Nordjylland;2020-03-26;F;7;0;5;156;1938;770;
1085;Sjælland;2020-03-26;F;12;1;8;157;1950;778;
1083;Syddanmark;2020-03-26;F;10;0;4;157;1960;782;
1084;Hovedstaden;2020-03-26;M;36;5;23;162;1996;805;
1082;Midtjylland;2020-03-26;M;13;1;9;163;2009;814;
1081;Nordjylland;2020-03-26;M;5;0;3;163;2014;817;
1085;Sjælland;2020-03-26;M;6;2;3;165;2020;820;
1083;Syddanmark;2020-03-26;M;13;1;5;166;2033;825;
1084;Hovedstaden;2020-03-27;F;70;1;18;167;2103;843;
1082;Midtjylland;2020-03-27;F;11;0;1;167;2114;844;
1081;Nordjylland;2020-03-27;F;6;0;3;167;2120;847;
1085;Sjælland;2020-03-27;F;16;2;7;169;2136;854;
1083;Syddanmark;2020-03-27;F;14;0;6;169;2150;860;
1084;Hovedstaden;2020-03-27;M;50;4;27;173;2200;887;
1082;Midtjylland;2020-03-27;M;14;1;10;174;2214;897;
1081;Nordjylland;2020-03-27;M;3;0;0;174;2217;897;
1085;Sjælland;2020-03-27;M;11;0;8;174;2228;905;
1083;Syddanmark;2020-03-27;M;17;2;13;176;2245;918;
1084;Hovedstaden;2020-03-28;F;68;3;17;179;2313;935;
1082;Midtjylland;2020-03-28;F;12;0;2;179;2325;937;
1081;Nordjylland;2020-03-28;F;5;0;1;179;2330;938;
1085;Sjælland;2020-03-28;F;13;1;8;180;2343;946;
1083;Syddanmark;2020-03-28;F;14;1;10;181;2357;956;
1084;Hovedstaden;2020-03-28;M;51;8;25;189;2408;981;
1082;Midtjylland;2020-03-28;M;8;3;6;192;2416;987;
1081;Nordjylland;2020-03-28;M;6;1;4;193;2422;991;
1085;Sjælland;2020-03-28;M;11;2;10;195;2433;1001;
1083;Syddanmark;2020-03-28;M;9;0;7;195;2442;1008;
1084;Hovedstaden;2020-03-29;F;50;3;14;198;2492;1022;
1082;Midtjylland;2020-03-29;F;3;1;2;199;2495;1024;
1081;Nordjylland;2020-03-29;F;4;2;1;201;2499;1025;
1085;Sjælland;2020-03-29;F;7;1;6;202;2506;1031;
1083;Syddanmark;2020-03-29;F;5;0;5;202;2511;1036;
1084;Hovedstaden;2020-03-29;M;32;1;7;203;2543;1043;
1082;Midtjylland;2020-03-29;M;5;1;3;204;2548;1046;
1081;Nordjylland;2020-03-29;M;5;1;3;205;2553;1049;
1085;Sjælland;2020-03-29;M;8;3;8;208;2561;1057;
1083;Syddanmark;2020-03-29;M;7;0;4;208;2568;1061;
1084;Hovedstaden;2020-03-30;F;96;9;22;217;2664;1083;
1082;Midtjylland;2020-03-30;F;25;2;4;219;2689;1087;
1081;Nordjylland;2020-03-30;F;8;0;2;219;2697;1089;
1085;Sjælland;2020-03-30;F;37;3;6;222;2734;1095;
1083;Syddanmark;2020-03-30;F;24;1;7;223;2758;1102;
1084;Hovedstaden;2020-03-30;M;64;4;21;227;2822;1123;
1082;Midtjylland;2020-03-30;M;16;2;6;229;2838;1129;
1081;Nordjylland;2020-03-30;M;3;0;0;229;2841;1129;
1085;Sjælland;2020-03-30;M;19;3;9;232;2860;1138;
1083;Syddanmark;2020-03-30;M;16;1;4;233;2876;1142;
1084;Hovedstaden;2020-03-31;F;73;8;20;241;2949;1162;
1082;Midtjylland;2020-03-31;F;39;0;4;241;2988;1166;
1081;Nordjylland;2020-03-31;F;15;2;2;243;3003;1168;
1085;Sjælland;2020-03-31;F;19;1;6;244;3022;1174;
1083;Syddanmark;2020-03-31;F;11;1;2;245;3033;1176;
1084;Hovedstaden;2020-03-31;M;48;3;16;248;3081;1192;
1082;Midtjylland;2020-03-31;M;11;3;7;251;3092;1199;
1081;Nordjylland;2020-03-31;M;3;1;0;252;3095;1199;
1085;Sjælland;2020-03-31;M;19;1;2;253;3114;1201;
1083;Syddanmark;2020-03-31;M;12;2;4;255;3126;1205;
1084;Hovedstaden;2020-04-01;F;89;6;13;261;3215;1218;
1082;Midtjylland;2020-04-01;F;40;2;4;263;3255;1222;
1081;Nordjylland;2020-04-01;F;13;1;1;264;3268;1223;
1085;Sjælland;2020-04-01;F;21;0;7;264;3289;1230;
1083;Syddanmark;2020-04-01;F;26;2;5;266;3315;1235;
1084;Hovedstaden;2020-04-01;M;51;2;10;268;3366;1245;
1082;Midtjylland;2020-04-01;M;14;1;4;269;3380;1249;
1081;Nordjylland;2020-04-01;M;3;0;3;269;3383;1252;
1085;Sjælland;2020-04-01;M;12;0;2;269;3395;1254;
1083;Syddanmark;2020-04-01;M;10;1;4;270;3405;1258;
1084;Hovedstaden;2020-04-02;F;120;3;13;273;3525;1271;
1082;Midtjylland;2020-04-02;F;33;1;3;274;3558;1274;
1081;Nordjylland;2020-04-02;F;17;0;1;274;3575;1275;
1085;Sjælland;2020-04-02;F;41;4;3;278;3616;1278;
1083;Syddanmark;2020-04-02;F;32;1;5;279;3648;1283;
1084;Hovedstaden;2020-04-02;M;65;5;12;284;3713;1295;
1082;Midtjylland;2020-04-02;M;14;1;3;285;3727;1298;
1081;Nordjylland;2020-04-02;M;8;1;4;286;3735;1302;
1085;Sjælland;2020-04-02;M;24;0;5;286;3759;1307;
1083;Syddanmark;2020-04-02;M;20;1;2;287;3779;1309;
1084;Hovedstaden;2020-04-03;F;168;5;13;292;3947;1322;
1082;Midtjylland;2020-04-03;F;46;0;6;292;3993;1328;
1081;Nordjylland;2020-04-03;F;19;1;4;293;4012;1332;
1085;Sjælland;2020-04-03;F;33;1;1;294;4045;1333;
1083;Syddanmark;2020-04-03;F;39;0;2;294;4084;1335;
1084;Hovedstaden;2020-04-03;M;89;6;15;300;4173;1350;
1082;Midtjylland;2020-04-03;M;23;2;4;302;4196;1354;
1081;Nordjylland;2020-04-03;M;9;1;1;303;4205;1355;
1085;Sjælland;2020-04-03;M;18;0;4;303;4223;1359;
1083;Syddanmark;2020-04-03;M;22;0;7;303;4245;1366;
1084;Hovedstaden;2020-04-04;F;125;2;10;305;4370;1376;
1082;Midtjylland;2020-04-04;F;19;1;2;306;4389;1378;
1081;Nordjylland;2020-04-04;F;2;0;0;306;4391;1378;
1085;Sjælland;2020-04-04;F;21;1;4;307;4412;1382;
1083;Syddanmark;2020-04-04;F;10;0;1;307;4422;1383;
1084;Hovedstaden;2020-04-04;M;86;6;19;313;4508;1402;
1082;Midtjylland;2020-04-04;M;11;3;4;316;4519;1406;
1081;Nordjylland;2020-04-04;M;6;1;3;317;4525;1409;
1085;Sjælland;2020-04-04;M;5;1;3;318;4530;1412;
1083;Syddanmark;2020-04-04;M;4;0;1;318;4534;1413;
1084;Hovedstaden;2020-04-05;F;64;6;14;324;4598;1427;
1082;Midtjylland;2020-04-05;F;18;0;4;324;4616;1431;
1081;Nordjylland;2020-04-05;F;3;1;0;325;4619;1431;
1085;Sjælland;2020-04-05;F;13;0;2;325;4632;1433;
1083;Syddanmark;2020-04-05;F;9;0;1;325;4641;1434;
1084;Hovedstaden;2020-04-05;M;37;4;6;329;4678;1440;
1082;Midtjylland;2020-04-05;M;2;0;0;329;4680;1440;
1081;Nordjylland;2020-04-05;M;2;0;1;329;4682;1441;
1085;Sjælland;2020-04-05;M;5;0;1;329;4687;1442;
1083;Syddanmark;2020-04-05;M;3;1;2;330;4690;1444;
1084;Hovedstaden;2020-04-06;F;125;4;17;334;4815;1461;
1082;Midtjylland;2020-04-06;F;43;1;3;335;4858;1464;
1081;Nordjylland;2020-04-06;F;10;0;0;335;4868;1464;
1085;Sjælland;2020-04-06;F;52;2;7;337;4920;1471;
1083;Syddanmark;2020-04-06;F;25;1;1;338;4945;1472;
1084;Hovedstaden;2020-04-06;M;92;4;10;342;5037;1482;
1082;Midtjylland;2020-04-06;M;27;2;3;344;5064;1485;
1081;Nordjylland;2020-04-06;M;11;0;1;344;5075;1486;
1085;Sjælland;2020-04-06;M;11;0;2;344;5086;1488;
1083;Syddanmark;2020-04-06;M;21;0;5;344;5107;1493;
1084;Hovedstaden;2020-04-07;F;104;6;13;350;5211;1506;
1082;Midtjylland;2020-04-07;F;41;1;4;351;5252;1510;
1081;Nordjylland;2020-04-07;F;3;0;0;351;5255;1510;
1085;Sjælland;2020-04-07;F;29;0;2;351;5284;1512;
1083;Syddanmark;2020-04-07;F;24;0;3;351;5308;1515;
1084;Hovedstaden;2020-04-07;M;77;3;11;354;5385;1526;
1082;Midtjylland;2020-04-07;M;25;2;2;356;5410;1528;
1081;Nordjylland;2020-04-07;M;6;0;1;356;5416;1529;
1085;Sjælland;2020-04-07;M;22;0;4;356;5438;1533;
1083;Syddanmark;2020-04-07;M;11;0;0;356;5449;1533;
1084;Hovedstaden;2020-04-08;F;110;2;7;358;5559;1540;
1082;Midtjylland;2020-04-08;F;29;1;1;359;5588;1541;
1081;Nordjylland;2020-04-08;F;6;0;0;359;5594;1541;
1085;Sjælland;2020-04-08;F;36;0;4;359;5630;1545;
1083;Syddanmark;2020-04-08;F;16;1;0;360;5646;1545;
1084;Hovedstaden;2020-04-08;M;56;3;6;363;5702;1551;
1082;Midtjylland;2020-04-08;M;21;0;3;363;5723;1554;
1081;Nordjylland;2020-04-08;M;1;0;0;363;5724;1554;
1085;Sjælland;2020-04-08;M;16;2;3;365;5740;1557;
1083;Syddanmark;2020-04-08;M;3;0;0;365;5743;1557;
1084;Hovedstaden;2020-04-09;F;51;2;8;367;5794;1565;
1082;Midtjylland;2020-04-09;F;12;0;2;367;5806;1567;
1081;Nordjylland;2020-04-09;F;4;0;0;367;5810;1567;
1085;Sjælland;2020-04-09;F;10;1;5;368;5820;1572;
1083;Syddanmark;2020-04-09;F;7;0;2;368;5827;1574;
1084;Hovedstaden;2020-04-09;M;22;1;2;369;5849;1576;
1082;Midtjylland;2020-04-09;M;11;1;3;370;5860;1579;
1081;Nordjylland;2020-04-09;M;4;0;0;370;5864;1579;
1085;Sjælland;2020-04-09;M;9;1;3;371;5873;1582;
1083;Syddanmark;2020-04-09;M;4;0;0;371;5877;1582;
1084;Hovedstaden;2020-04-10;F;54;1;4;372;5931;1586;
1082;Midtjylland;2020-04-10;F;12;0;2;372;5943;1588;
1081;Nordjylland;2020-04-10;F;4;0;1;372;5947;1589;
1085;Sjælland;2020-04-10;F;16;0;1;372;5963;1590;
1083;Syddanmark;2020-04-10;F;1;0;0;372;5964;1590;
1084;Hovedstaden;2020-04-10;M;34;1;3;373;5998;1593;
1082;Midtjylland;2020-04-10;M;5;0;1;373;6003;1594;
1081;Nordjylland;2020-04-10;M;3;0;1;373;6006;1595;
1085;Sjælland;2020-04-10;M;5;1;5;374;6011;1600;
1083;Syddanmark;2020-04-10;M;6;0;1;374;6017;1601;
1084;Hovedstaden;2020-04-11;F;34;2;4;376;6051;1605;
1082;Midtjylland;2020-04-11;F;23;1;3;377;6074;1608;
1081;Nordjylland;2020-04-11;F;2;0;1;377;6076;1609;
1085;Sjælland;2020-04-11;F;8;1;4;378;6084;1613;
1083;Syddanmark;2020-04-11;F;8;0;1;378;6092;1614;
1084;Hovedstaden;2020-04-11;M;40;3;8;381;6132;1622;
1082;Midtjylland;2020-04-11;M;10;2;4;383;6142;1626;
1085;Sjælland;2020-04-11;M;7;0;2;383;6149;1628;
1083;Syddanmark;2020-04-11;M;6;1;3;384;6155;1631;
1084;Hovedstaden;2020-04-12;F;64;3;5;387;6219;1636;
1082;Midtjylland;2020-04-12;F;13;2;2;389;6232;1638;
1081;Nordjylland;2020-04-12;F;5;0;1;389;6237;1639;
1085;Sjælland;2020-04-12;F;17;0;4;389;6254;1643;
1083;Syddanmark;2020-04-12;F;7;0;1;389;6261;1644;
1084;Hovedstaden;2020-04-12;M;30;1;3;390;6291;1647;
1082;Midtjylland;2020-04-12;M;8;0;1;390;6299;1648;
1081;Nordjylland;2020-04-12;M;3;0;2;390;6302;1650;
1085;Sjælland;2020-04-12;M;2;0;0;390;6304;1650;
1083;Syddanmark;2020-04-12;M;6;0;1;390;6310;1651;
1084;Hovedstaden;2020-04-13;F;56;3;5;393;6366;1656;
1082;Midtjylland;2020-04-13;F;20;0;2;393;6386;1658;
1081;Nordjylland;2020-04-13;F;4;0;0;393;6390;1658;
1085;Sjælland;2020-04-13;F;11;1;3;394;6401;1661;
1083;Syddanmark;2020-04-13;F;4;0;1;394;6405;1662;
1084;Hovedstaden;2020-04-13;M;39;4;12;398;6444;1674;
1082;Midtjylland;2020-04-13;M;11;0;1;398;6455;1675;
1081;Nordjylland;2020-04-13;M;1;0;0;398;6456;1675;
1085;Sjælland;2020-04-13;M;7;1;5;399;6463;1680;
1083;Syddanmark;2020-04-13;M;2;0;1;399;6465;1681;
1084;Hovedstaden;2020-04-14;F;88;5;11;404;6553;1692;
1082;Midtjylland;2020-04-14;F;30;0;3;404;6583;1695;
1081;Nordjylland;2020-04-14;F;2;0;0;404;6585;1695;
1085;Sjælland;2020-04-14;F;34;0;2;404;6619;1697;
1083;Syddanmark;2020-04-14;F;17;1;2;405;6636;1699;
1084;Hovedstaden;2020-04-14;M;45;1;6;406;6681;1705;
1082;Midtjylland;2020-04-14;M;15;3;4;409;6696;1709;
1085;Sjælland;2020-04-14;M;16;1;2;410;6712;1711;
1083;Syddanmark;2020-04-14;M;8;0;0;410;6720;1711;
1084;Hovedstaden;2020-04-15;F;78;5;4;415;6798;1715;
1082;Midtjylland;2020-04-15;F;17;1;1;416;6815;1716;
1081;Nordjylland;2020-04-15;F;4;0;0;416;6819;1716;
1085;Sjælland;2020-04-15;F;20;0;5;416;6839;1721;
1083;Syddanmark;2020-04-15;F;8;0;1;416;6847;1722;
1084;Hovedstaden;2020-04-15;M;40;2;3;418;6887;1725;
1082;Midtjylland;2020-04-15;M;9;1;2;419;6896;1727;
1081;Nordjylland;2020-04-15;M;4;0;0;419;6900;1727;
1085;Sjælland;2020-04-15;M;10;2;5;421;6910;1732;
1083;Syddanmark;2020-04-15;M;6;0;1;421;6916;1733;
1084;Hovedstaden;2020-04-16;F;52;1;5;422;6968;1738;
1082;Midtjylland;2020-04-16;F;26;0;2;422;6994;1740;
1081;Nordjylland;2020-04-16;F;4;0;0;422;6998;1740;
1085;Sjælland;2020-04-16;F;16;2;5;424;7014;1745;
1083;Syddanmark;2020-04-16;F;8;0;1;424;7022;1746;
1084;Hovedstaden;2020-04-16;M;37;2;8;426;7059;1754;
1082;Midtjylland;2020-04-16;M;16;1;2;427;7075;1756;
1081;Nordjylland;2020-04-16;M;1;0;0;427;7076;1756;
1085;Sjælland;2020-04-16;M;8;0;0;427;7084;1756;
1083;Syddanmark;2020-04-16;M;9;0;1;427;7093;1757;
1084;Hovedstaden;2020-04-17;F;51;1;5;428;7144;1762;
1082;Midtjylland;2020-04-17;F;18;1;1;429;7162;1763;
1081;Nordjylland;2020-04-17;F;2;0;0;429;7164;1763;
1085;Sjælland;2020-04-17;F;29;2;5;431;7193;1768;
1083;Syddanmark;2020-04-17;F;8;0;2;431;7201;1770;
1084;Hovedstaden;2020-04-17;M;37;3;7;434;7238;1777;
1082;Midtjylland;2020-04-17;M;5;0;0;434;7243;1777;
1081;Nordjylland;2020-04-17;M;2;1;0;435;7245;1777;
1085;Sjælland;2020-04-17;M;14;1;4;436;7259;1781;
1083;Syddanmark;2020-04-17;M;2;0;0;436;7261;1781;
1084;Hovedstaden;2020-04-18;F;37;1;3;437;7298;1784;
1082;Midtjylland;2020-04-18;F;13;0;3;437;7311;1787;
1081;Nordjylland;2020-04-18;F;2;0;1;437;7313;1788;
1085;Sjælland;2020-04-18;F;15;1;2;438;7328;1790;
1084;Hovedstaden;2020-04-18;M;21;3;5;441;7349;1795;
1082;Midtjylland;2020-04-18;M;4;0;0;441;7353;1795;
1085;Sjælland;2020-04-18;M;7;2;3;443;7360;1798;
1083;Syddanmark;2020-04-18;M;3;0;0;443;7363;1798;
1084;Hovedstaden;2020-04-19;F;36;1;7;444;7399;1805;
1082;Midtjylland;2020-04-19;F;8;0;2;444;7407;1807;
1085;Sjælland;2020-04-19;F;19;0;3;444;7426;1810;
1083;Syddanmark;2020-04-19;F;3;0;0;444;7429;1810;
1084;Hovedstaden;2020-04-19;M;24;1;9;445;7453;1819;
1082;Midtjylland;2020-04-19;M;7;0;1;445;7460;1820;
1081;Nordjylland;2020-04-19;M;2;0;0;445;7462;1820;
1085;Sjælland;2020-04-19;M;10;3;7;448;7472;1827;
1083;Syddanmark;2020-04-19;M;1;0;0;448;7473;1827;
1084;Hovedstaden;2020-04-20;F;87;5;7;453;7560;1834;
1082;Midtjylland;2020-04-20;F;15;0;1;453;7575;1835;
1081;Nordjylland;2020-04-20;F;5;0;0;453;7580;1835;
1085;Sjælland;2020-04-20;F;26;1;4;454;7606;1839;
1083;Syddanmark;2020-04-20;F;3;0;0;454;7609;1839;
1084;Hovedstaden;2020-04-20;M;50;3;10;457;7659;1849;
1082;Midtjylland;2020-04-20;M;11;1;2;458;7670;1851;
1081;Nordjylland;2020-04-20;M;1;0;0;458;7671;1851;
1085;Sjælland;2020-04-20;M;10;1;4;459;7681;1855;
1083;Syddanmark;2020-04-20;M;3;2;2;461;7684;1857;
1084;Hovedstaden;2020-04-21;F;66;3;10;464;7750;1867;
1082;Midtjylland;2020-04-21;F;10;0;0;464;7760;1867;
1081;Nordjylland;2020-04-21;F;4;1;0;465;7764;1867;
1085;Sjælland;2020-04-21;F;31;1;5;466;7795;1872;
1083;Syddanmark;2020-04-21;F;7;0;1;466;7802;1873;
1084;Hovedstaden;2020-04-21;M;53;5;6;471;7855;1879;
1082;Midtjylland;2020-04-21;M;8;1;2;472;7863;1881;
1081;Nordjylland;2020-04-21;M;1;0;0;472;7864;1881;
1085;Sjælland;2020-04-21;M;14;1;7;473;7878;1888;
1083;Syddanmark;2020-04-21;M;5;0;0;473;7883;1888;
1084;Hovedstaden;2020-04-22;F;87;3;9;476;7970;1897;
1082;Midtjylland;2020-04-22;F;16;0;1;476;7986;1898;
1081;Nordjylland;2020-04-22;F;5;0;0;476;7991;1898;
1085;Sjælland;2020-04-22;F;22;2;3;478;8013;1901;
1083;Syddanmark;2020-04-22;F;1;0;0;478;8014;1901;
1084;Hovedstaden;2020-04-22;M;66;6;9;484;8080;1910;
1082;Midtjylland;2020-04-22;M;15;1;4;485;8095;1914;
1085;Sjælland;2020-04-22;M;12;1;3;486;8107;1917;
1083;Syddanmark;2020-04-22;M;1;0;0;486;8108;1917;
1084;Hovedstaden;2020-04-23;F;89;4;9;490;8197;1926;
1082;Midtjylland;2020-04-23;F;21;1;1;491;8218;1927;
1081;Nordjylland;2020-04-23;F;2;0;0;491;8220;1927;
1085;Sjælland;2020-04-23;F;30;1;4;492;8250;1931;
1083;Syddanmark;2020-04-23;F;4;0;0;492;8254;1931;
1084;Hovedstaden;2020-04-23;M;46;1;6;493;8300;1937;
1082;Midtjylland;2020-04-23;M;10;0;1;493;8310;1938;
1081;Nordjylland;2020-04-23;M;1;0;0;493;8311;1938;
1085;Sjælland;2020-04-23;M;20;0;5;493;8331;1943;
1083;Syddanmark;2020-04-23;M;4;0;0;493;8335;1943;
1084;Hovedstaden;2020-04-24;F;61;2;5;495;8396;1948;
1082;Midtjylland;2020-04-24;F;18;1;1;496;8414;1949;
1085;Sjælland;2020-04-24;F;23;2;4;498;8437;1953;
1083;Syddanmark;2020-04-24;F;2;0;0;498;8439;1953;
1084;Hovedstaden;2020-04-24;M;34;1;3;499;8473;1956;
1082;Midtjylland;2020-04-24;M;8;1;0;500;8481;1956;
1081;Nordjylland;2020-04-24;M;2;0;0;500;8483;1956;
1085;Sjælland;2020-04-24;M;12;1;3;501;8495;1959;
1083;Syddanmark;2020-04-24;M;3;0;0;501;8498;1959;
1084;Hovedstaden;2020-04-25;F;37;1;5;502;8535;1964;
1082;Midtjylland;2020-04-25;F;22;1;0;503;8557;1964;
1081;Nordjylland;2020-04-25;F;4;0;1;503;8561;1965;
1085;Sjælland;2020-04-25;F;14;1;4;504;8575;1969;
1083;Syddanmark;2020-04-25;F;3;0;0;504;8578;1969;
1084;Hovedstaden;2020-04-25;M;30;2;6;506;8608;1975;
1082;Midtjylland;2020-04-25;M;7;0;1;506;8615;1976;
1081;Nordjylland;2020-04-25;M;1;0;0;506;8616;1976;
1085;Sjælland;2020-04-25;M;9;2;2;508;8625;1978;
1083;Syddanmark;2020-04-25;M;5;0;0;508;8630;1978;
1084;Hovedstaden;2020-04-26;F;42;1;10;509;8672;1988;
1082;Midtjylland;2020-04-26;F;10;0;0;509;8682;1988;
1081;Nordjylland;2020-04-26;F;4;0;0;509;8686;1988;
1085;Sjælland;2020-04-26;F;12;0;2;509;8698;1990;
1083;Syddanmark;2020-04-26;F;4;0;0;509;8702;1990;
1084;Hovedstaden;2020-04-26;M;33;3;5;512;8735;1995;
1082;Midtjylland;2020-04-26;M;5;0;2;512;8740;1997;
1085;Sjælland;2020-04-26;M;5;1;1;513;8745;1998;
1083;Syddanmark;2020-04-26;M;3;0;0;513;8748;1998;
1084;Hovedstaden;2020-04-27;F;70;1;2;514;8818;2000;
1082;Midtjylland;2020-04-27;F;9;0;1;514;8827;2001;
1081;Nordjylland;2020-04-27;F;3;0;0;514;8830;2001;
1085;Sjælland;2020-04-27;F;36;4;5;518;8866;2006;
1083;Syddanmark;2020-04-27;F;1;0;0;518;8867;2006;
1084;Hovedstaden;2020-04-27;M;58;2;6;520;8925;2012;
1082;Midtjylland;2020-04-27;M;9;0;2;520;8934;2014;
1081;Nordjylland;2020-04-27;M;2;0;0;520;8936;2014;
1085;Sjælland;2020-04-27;M;25;5;5;525;8961;2019;
1083;Syddanmark;2020-04-27;M;3;0;0;525;8964;2019;
1084;Hovedstaden;2020-04-28;F;51;2;5;527;9015;2024;
1082;Midtjylland;2020-04-28;F;17;0;0;527;9032;2024;
1085;Sjælland;2020-04-28;F;22;0;0;527;9054;2024;
1084;Hovedstaden;2020-04-28;M;32;0;3;527;9086;2027;
1082;Midtjylland;2020-04-28;M;7;0;0;527;9093;2027;
1085;Sjælland;2020-04-28;M;7;0;0;527;9100;2027;
1084;Hovedstaden;2020-04-29;F;50;2;5;529;9150;2032;
1082;Midtjylland;2020-04-29;F;10;1;1;530;9160;2033;
1081;Nordjylland;2020-04-29;F;1;0;0;530;9161;2033;
1085;Sjælland;2020-04-29;F;16;0;1;530;9177;2034;
1083;Syddanmark;2020-04-29;F;4;0;0;530;9181;2034;
1084;Hovedstaden;2020-04-29;M;42;4;11;534;9223;2045;
1082;Midtjylland;2020-04-29;M;7;0;0;534;9230;2045;
1081;Nordjylland;2020-04-29;M;2;0;0;534;9232;2045;
1085;Sjælland;2020-04-29;M;5;1;2;535;9237;2047;
1083;Syddanmark;2020-04-29;M;2;0;0;535;9239;2047;
1084;Hovedstaden;2020-04-30;F;62;0;5;535;9301;2052;
1082;Midtjylland;2020-04-30;F;6;0;1;535;9307;2053;
1081;Nordjylland;2020-04-30;F;3;0;0;535;9310;2053;
1085;Sjælland;2020-04-30;F;23;0;1;535;9333;2054;
1083;Syddanmark;2020-04-30;F;1;0;0;535;9334;2054;
1084;Hovedstaden;2020-04-30;M;33;0;4;535;9367;2058;
1082;Midtjylland;2020-04-30;M;7;0;0;535;9374;2058;
1081;Nordjylland;2020-04-30;M;2;0;1;535;9376;2059;
1085;Sjælland;2020-04-30;M;8;0;0;535;9384;2059;
1083;Syddanmark;2020-04-30;M;1;0;0;535;9385;2059;
1084;Hovedstaden;2020-05-01;F;58;2;3;537;9443;2062;
1082;Midtjylland;2020-05-01;F;5;0;0;537;9448;2062;
1081;Nordjylland;2020-05-01;F;10;0;0;537;9458;2062;
1085;Sjælland;2020-05-01;F;15;1;1;538;9473;2063;
1083;Syddanmark;2020-05-01;F;2;0;0;538;9475;2063;
1084;Hovedstaden;2020-05-01;M;24;0;2;538;9499;2065;
1082;Midtjylland;2020-05-01;M;11;0;1;538;9510;2066;
1081;Nordjylland;2020-05-01;M;9;0;0;538;9519;2066;
1085;Sjælland;2020-05-01;M;10;1;2;539;9529;2068;
1083;Syddanmark;2020-05-01;M;3;0;1;539;9532;2069;
1084;Hovedstaden;2020-05-02;F;30;0;2;539;9562;2071;
1082;Midtjylland;2020-05-02;F;12;0;3;539;9574;2074;
1081;Nordjylland;2020-05-02;F;1;0;0;539;9575;2074;
1085;Sjælland;2020-05-02;F;17;0;1;539;9592;2075;
1083;Syddanmark;2020-05-02;F;4;0;0;539;9596;2075;
1084;Hovedstaden;2020-05-02;M;25;1;3;540;9621;2078;
1082;Midtjylland;2020-05-02;M;8;0;1;540;9629;2079;
1081;Nordjylland;2020-05-02;M;1;0;0;540;9630;2079;
1085;Sjælland;2020-05-02;M;12;1;1;541;9642;2080;
1083;Syddanmark;2020-05-02;M;2;0;0;541;9644;2080;
1084;Hovedstaden;2020-05-03;F;33;0;6;541;9677;2086;
1082;Midtjylland;2020-05-03;F;3;0;1;541;9680;2087;
1081;Nordjylland;2020-05-03;F;1;0;0;541;9681;2087;
1085;Sjælland;2020-05-03;F;6;0;2;541;9687;2089;
1083;Syddanmark;2020-05-03;F;4;0;1;541;9691;2090;
1084;Hovedstaden;2020-05-03;M;17;2;2;543;9708;2092;
1082;Midtjylland;2020-05-03;M;4;0;1;543;9712;2093;
1081;Nordjylland;2020-05-03;M;1;0;0;543;9713;2093;
1085;Sjælland;2020-05-03;M;5;1;3;544;9718;2096;
1083;Syddanmark;2020-05-03;M;1;0;0;544;9719;2096;
1084;Hovedstaden;2020-05-04;F;48;0;3;544;9767;2099;
1082;Midtjylland;2020-05-04;F;5;0;1;544;9772;2100;
1085;Sjælland;2020-05-04;F;21;1;2;545;9793;2102;
1083;Syddanmark;2020-05-04;F;3;0;0;545;9796;2102;
1084;Hovedstaden;2020-05-04;M;29;0;2;545;9825;2104;
1082;Midtjylland;2020-05-04;M;3;0;1;545;9828;2105;
1085;Sjælland;2020-05-04;M;8;0;2;545;9836;2107;
1083;Syddanmark;2020-05-04;M;1;0;0;545;9837;2107;
1084;Hovedstaden;2020-05-05;F;32;1;4;546;9869;2111;
1082;Midtjylland;2020-05-05;F;5;0;0;546;9874;2111;
1081;Nordjylland;2020-05-05;F;2;0;0;546;9876;2111;
1085;Sjælland;2020-05-05;F;20;2;3;548;9896;2114;
1083;Syddanmark;2020-05-05;F;4;0;0;548;9900;2114;
1084;Hovedstaden;2020-05-05;M;39;2;4;550;9939;2118;
1082;Midtjylland;2020-05-05;M;3;0;0;550;9942;2118;
1085;Sjælland;2020-05-05;M;14;0;5;550;9956;2123;
1083;Syddanmark;2020-05-05;M;1;0;0;550;9957;2123;
1084;Hovedstaden;2020-05-06;F;54;0;1;550;10011;2124;
1082;Midtjylland;2020-05-06;F;2;0;0;550;10013;2124;
1085;Sjælland;2020-05-06;F;9;0;0;550;10022;2124;
1083;Syddanmark;2020-05-06;F;2;0;0;550;10024;2124;
1084;Hovedstaden;2020-05-06;M;27;0;3;550;10051;2127;
1082;Midtjylland;2020-05-06;M;4;0;0;550;10055;2127;
1085;Sjælland;2020-05-06;M;6;0;2;550;10061;2129;
1084;Hovedstaden;2020-05-07;F;43;0;1;550;10104;2130;
1082;Midtjylland;2020-05-07;F;5;0;0;550;10109;2130;
1085;Sjælland;2020-05-07;F;19;0;3;550;10128;2133;
1083;Syddanmark;2020-05-07;F;1;0;0;550;10129;2133;
1084;Hovedstaden;2020-05-07;M;32;0;3;550;10161;2136;
1082;Midtjylland;2020-05-07;M;5;0;0;550;10166;2136;
1081;Nordjylland;2020-05-07;M;1;0;0;550;10167;2136;
1085;Sjælland;2020-05-07;M;13;2;4;552;10180;2140;
1083;Syddanmark;2020-05-07;M;2;0;0;552;10182;2140;
1084;Hovedstaden;2020-05-08;F;31;3;4;555;10213;2144;
1082;Midtjylland;2020-05-08;F;4;0;0;555;10217;2144;
1085;Sjælland;2020-05-08;F;4;0;0;555;10221;2144;
1083;Syddanmark;2020-05-08;F;1;0;0;555;10222;2144;
1084;Hovedstaden;2020-05-08;M;20;1;3;556;10242;2147;
1082;Midtjylland;2020-05-08;M;1;0;0;556;10243;2147;
1085;Sjælland;2020-05-08;M;5;0;0;556;10248;2147;
1083;Syddanmark;2020-05-08;M;2;0;0;556;10250;2147;
1084;Hovedstaden;2020-05-09;F;24;1;4;557;10274;2151;
1082;Midtjylland;2020-05-09;F;2;0;2;557;10276;2153;
1081;Nordjylland;2020-05-09;F;1;0;0;557;10277;2153;
1085;Sjælland;2020-05-09;F;7;0;0;557;10284;2153;
1084;Hovedstaden;2020-05-09;M;24;1;4;558;10308;2157;
1082;Midtjylland;2020-05-09;M;2;0;0;558;10310;2157;
1085;Sjælland;2020-05-09;M;4;0;1;558;10314;2158;
1084;Hovedstaden;2020-05-10;F;20;0;0;558;10334;2158;
1082;Midtjylland;2020-05-10;F;2;0;0;558;10336;2158;
1081;Nordjylland;2020-05-10;F;2;0;0;558;10338;2158;
1085;Sjælland;2020-05-10;F;4;0;0;558;10342;2158;
1083;Syddanmark;2020-05-10;F;3;0;0;558;10345;2158;
1084;Hovedstaden;2020-05-10;M;18;0;2;558;10363;2160;
1082;Midtjylland;2020-05-10;M;1;0;0;558;10364;2160;
1081;Nordjylland;2020-05-10;M;2;0;0;558;10366;2160;
1085;Sjælland;2020-05-10;M;3;1;1;559;10369;2161;
1083;Syddanmark;2020-05-10;M;1;1;1;560;10370;2162;
1084;Hovedstaden;2020-05-11;F;28;0;3;560;10398;2165;
1082;Midtjylland;2020-05-11;F;2;0;1;560;10400;2166;
1085;Sjælland;2020-05-11;F;5;0;0;560;10405;2166;
1083;Syddanmark;2020-05-11;F;5;0;0;560;10410;2166;
1084;Hovedstaden;2020-05-11;M;21;0;0;560;10431;2166;
1082;Midtjylland;2020-05-11;M;1;0;0;560;10432;2166;
1081;Nordjylland;2020-05-11;M;1;0;0;560;10433;2166;
1085;Sjælland;2020-05-11;M;7;0;1;560;10440;2167;
1083;Syddanmark;2020-05-11;M;7;1;2;561;10447;2169;
1084;Hovedstaden;2020-05-12;F;20;0;4;561;10467;2173;
1081;Nordjylland;2020-05-12;F;1;0;0;561;10468;2173;
1085;Sjælland;2020-05-12;F;9;0;1;561;10477;2174;
1083;Syddanmark;2020-05-12;F;6;0;0;561;10483;2174;
1084;Hovedstaden;2020-05-12;M;15;1;1;562;10498;2175;
1082;Midtjylland;2020-05-12;M;1;0;0;562;10499;2175;
1085;Sjælland;2020-05-12;M;1;0;0;562;10500;2175;
1083;Syddanmark;2020-05-12;M;3;0;0;562;10503;2175;
1084;Hovedstaden;2020-05-13;F;26;1;1;563;10529;2176;
1082;Midtjylland;2020-05-13;F;3;0;1;563;10532;2177;
1085;Sjælland;2020-05-13;F;6;0;1;563;10538;2178;
1083;Syddanmark;2020-05-13;F;4;0;1;563;10542;2179;
1084;Hovedstaden;2020-05-13;M;15;0;0;563;10557;2179;
1082;Midtjylland;2020-05-13;M;1;0;0;563;10558;2179;
1081;Nordjylland;2020-05-13;M;1;0;0;563;10559;2179;
1085;Sjælland;2020-05-13;M;6;0;0;563;10565;2179;
1083;Syddanmark;2020-05-13;M;1;0;0;563;10566;2179;
1084;Hovedstaden;2020-05-14;F;22;0;2;563;10588;2181;
1082;Midtjylland;2020-05-14;F;1;0;0;563;10589;2181;
1085;Sjælland;2020-05-14;F;11;0;2;563;10600;2183;
1083;Syddanmark;2020-05-14;F;3;0;1;563;10603;2184;
1084;Hovedstaden;2020-05-14;M;13;0;2;563;10616;2186;
1082;Midtjylland;2020-05-14;M;3;0;0;563;10619;2186;
1085;Sjælland;2020-05-14;M;3;0;0;563;10622;2186;
1083;Syddanmark;2020-05-14;M;5;1;4;564;10627;2190;
1084;Hovedstaden;2020-05-15;F;26;1;1;565;10653;2191;
1082;Midtjylland;2020-05-15;F;4;0;0;565;10657;2191;
1081;Nordjylland;2020-05-15;F;1;0;1;565;10658;2192;
1085;Sjælland;2020-05-15;F;5;1;3;566;10663;2195;
1083;Syddanmark;2020-05-15;F;3;0;0;566;10666;2195;
1084;Hovedstaden;2020-05-15;M;31;0;3;566;10697;2198;
1085;Sjælland;2020-05-15;M;9;2;2;568;10706;2200;
1083;Syddanmark;2020-05-15;M;8;1;1;569;10714;2201;
1084;Hovedstaden;2020-05-16;F;8;0;0;569;10722;2201;
1082;Midtjylland;2020-05-16;F;3;0;1;569;10725;2202;
1081;Nordjylland;2020-05-16;F;1;0;0;569;10726;2202;
1085;Sjælland;2020-05-16;F;5;1;1;570;10731;2203;
1083;Syddanmark;2020-05-16;F;1;0;0;570;10732;2203;
1084;Hovedstaden;2020-05-16;M;10;0;0;570;10742;2203;
1082;Midtjylland;2020-05-16;M;1;0;0;570;10743;2203;
1085;Sjælland;2020-05-16;M;3;0;1;570;10746;2204;
1083;Syddanmark;2020-05-16;M;2;0;1;570;10748;2205;
1084;Hovedstaden;2020-05-17;F;18;0;1;570;10766;2206;
1082;Midtjylland;2020-05-17;F;5;0;2;570;10771;2208;
1085;Sjælland;2020-05-17;F;5;0;0;570;10776;2208;
1083;Syddanmark;2020-05-17;F;3;0;0;570;10779;2208;
1084;Hovedstaden;2020-05-17;M;13;0;1;570;10792;2209;
1082;Midtjylland;2020-05-17;M;3;0;0;570;10795;2209;
1085;Sjælland;2020-05-17;M;2;0;0;570;10797;2209;
1083;Syddanmark;2020-05-17;M;1;0;0;570;10798;2209;
1084;Hovedstaden;2020-05-18;F;31;1;2;571;10829;2211;
1082;Midtjylland;2020-05-18;F;4;0;1;571;10833;2212;
1085;Sjælland;2020-05-18;F;5;0;1;571;10838;2213;
1083;Syddanmark;2020-05-18;F;4;0;1;571;10842;2214;
1084;Hovedstaden;2020-05-18;M;23;1;1;572;10865;2215;
1082;Midtjylland;2020-05-18;M;3;0;1;572;10868;2216;
1081;Nordjylland;2020-05-18;M;1;0;0;572;10869;2216;
1085;Sjælland;2020-05-18;M;3;0;0;572;10872;2216;
1083;Syddanmark;2020-05-18;M;6;0;0;572;10878;2216;
1084;Hovedstaden;2020-05-19;F;24;0;3;572;10902;2219;
1082;Midtjylland;2020-05-19;F;1;0;1;572;10903;2220;
1085;Sjælland;2020-05-19;F;4;0;0;572;10907;2220;
1083;Syddanmark;2020-05-19;F;3;0;1;572;10910;2221;
1084;Hovedstaden;2020-05-19;M;17;1;1;573;10927;2222;
1082;Midtjylland;2020-05-19;M;4;0;0;573;10931;2222;
1081;Nordjylland;2020-05-19;M;2;0;0;573;10933;2222;
1085;Sjælland;2020-05-19;M;3;0;1;573;10936;2223;
1083;Syddanmark;2020-05-19;M;1;0;0;573;10937;2223;
1084;Hovedstaden;2020-05-20;F;27;2;3;575;10964;2226;
1081;Nordjylland;2020-05-20;F;1;0;0;575;10965;2226;
1085;Sjælland;2020-05-20;F;7;0;0;575;10972;2226;
1083;Syddanmark;2020-05-20;F;3;0;0;575;10975;2226;
1084;Hovedstaden;2020-05-20;M;25;2;2;577;11000;2228;
1085;Sjælland;2020-05-20;M;5;1;2;578;11005;2230;
1084;Hovedstaden;2020-05-21;F;11;0;1;578;11016;2231;
1082;Midtjylland;2020-05-21;F;1;0;1;578;11017;2232;
1085;Sjælland;2020-05-21;F;4;0;1;578;11021;2233;
1084;Hovedstaden;2020-05-21;M;13;0;2;578;11034;2235;
1085;Sjælland;2020-05-21;M;1;0;1;578;11035;2236;
1084;Hovedstaden;2020-05-22;F;28;3;6;581;11063;2242;
1082;Midtjylland;2020-05-22;F;1;0;0;581;11064;2242;
1081;Nordjylland;2020-05-22;F;2;0;0;581;11066;2242;
1085;Sjælland;2020-05-22;F;6;0;1;581;11072;2243;
1083;Syddanmark;2020-05-22;F;1;0;0;581;11073;2243;
1084;Hovedstaden;2020-05-22;M;19;1;3;582;11092;2246;
1082;Midtjylland;2020-05-22;M;2;0;1;582;11094;2247;
1085;Sjælland;2020-05-22;M;8;1;2;583;11102;2249;
1083;Syddanmark;2020-05-22;M;3;0;0;583;11105;2249;
1084;Hovedstaden;2020-05-23;F;14;0;2;583;11119;2251;
1082;Midtjylland;2020-05-23;F;1;0;0;583;11120;2251;
1085;Sjælland;2020-05-23;F;3;1;1;584;11123;2252;
1084;Hovedstaden;2020-05-23;M;16;0;3;584;11139;2255;
1082;Midtjylland;2020-05-23;M;2;0;1;584;11141;2256;
1085;Sjælland;2020-05-23;M;1;0;0;584;11142;2256;
1084;Hovedstaden;2020-05-24;F;15;0;1;584;11157;2257;
1085;Sjælland;2020-05-24;F;5;0;1;584;11162;2258;
1083;Syddanmark;2020-05-24;F;1;0;0;584;11163;2258;
1084;Hovedstaden;2020-05-24;M;13;0;3;584;11176;2261;
1083;Syddanmark;2020-05-24;M;1;0;0;584;11177;2261;
1084;Hovedstaden;2020-05-25;F;25;1;2;585;11202;2263;
1082;Midtjylland;2020-05-25;F;1;0;0;585;11203;2263;
1085;Sjælland;2020-05-25;F;2;0;0;585;11205;2263;
1083;Syddanmark;2020-05-25;F;2;0;1;585;11207;2264;
1084;Hovedstaden;2020-05-25;M;18;0;0;585;11225;2264;
1081;Nordjylland;2020-05-25;M;1;0;0;585;11226;2264;
1085;Sjælland;2020-05-25;M;3;0;0;585;11229;2264;
1084;Hovedstaden;2020-05-26;F;27;2;5;587;11256;2269;
1081;Nordjylland;2020-05-26;F;2;0;0;587;11258;2269;
1085;Sjælland;2020-05-26;F;7;0;0;587;11265;2269;
1083;Syddanmark;2020-05-26;F;3;0;2;587;11268;2271;
1084;Hovedstaden;2020-05-26;M;19;0;3;587;11287;2274;
1082;Midtjylland;2020-05-26;M;2;0;0;587;11289;2274;
1083;Syddanmark;2020-05-26;M;2;0;1;587;11291;2275;
1084;Hovedstaden;2020-05-27;F;24;1;3;588;11315;2278;
1082;Midtjylland;2020-05-27;F;1;0;0;588;11316;2278;
1085;Sjælland;2020-05-27;F;2;0;0;588;11318;2278;
1084;Hovedstaden;2020-05-27;M;18;1;4;589;11336;2282;
1082;Midtjylland;2020-05-27;M;1;0;0;589;11337;2282;
1085;Sjælland;2020-05-27;M;6;0;2;589;11343;2284;
1084;Hovedstaden;2020-05-28;F;19;0;0;589;11362;2284;
1085;Sjælland;2020-05-28;F;5;0;1;589;11367;2285;
1083;Syddanmark;2020-05-28;F;1;0;0;589;11368;2285;
1084;Hovedstaden;2020-05-28;M;9;1;3;590;11377;2288;
1085;Sjælland;2020-05-28;M;2;0;0;590;11379;2288;
1083;Syddanmark;2020-05-28;M;1;0;0;590;11380;2288;
1084;Hovedstaden;2020-05-29;F;15;1;1;591;11395;2289;
1085;Sjælland;2020-05-29;F;3;0;1;591;11398;2290;
1083;Syddanmark;2020-05-29;F;1;0;0;591;11399;2290;
1084;Hovedstaden;2020-05-29;M;13;2;2;593;11412;2292;
1085;Sjælland;2020-05-29;M;8;0;2;593;11420;2294;
1083;Syddanmark;2020-05-29;M;2;0;0;593;11422;2294;
1084;Hovedstaden;2020-05-30;F;9;0;1;593;11431;2295;
1085;Sjælland;2020-05-30;F;7;0;0;593;11438;2295;
1084;Hovedstaden;2020-05-30;M;14;1;2;594;11452;2297;
1085;Sjælland;2020-05-30;M;2;0;0;594;11454;2297;
1083;Syddanmark;2020-05-30;M;1;0;1;594;11455;2298;
1084;Hovedstaden;2020-05-31;F;10;0;1;594;11465;2299;
1085;Sjælland;2020-05-31;F;5;0;0;594;11470;2299;
1084;Hovedstaden;2020-05-31;M;6;0;0;594;11476;2299;
1085;Sjælland;2020-05-31;M;1;0;0;594;11477;2299;
1084;Hovedstaden;2020-06-01;F;16;0;1;594;11493;2300;
1085;Sjælland;2020-06-01;F;2;0;0;594;11495;2300;
1084;Hovedstaden;2020-06-01;M;5;0;1;594;11500;2301;
1082;Midtjylland;2020-06-01;M;2;0;1;594;11502;2302;
1085;Sjælland;2020-06-01;M;6;0;2;594;11508;2304;
1083;Syddanmark;2020-06-01;M;2;0;1;594;11510;2305;
1084;Hovedstaden;2020-06-02;F;23;0;0;594;11533;2305;
1082;Midtjylland;2020-06-02;F;2;0;0;594;11535;2305;
1085;Sjælland;2020-06-02;F;12;0;1;594;11547;2306;
1083;Syddanmark;2020-06-02;F;3;0;0;594;11550;2306;
1084;Hovedstaden;2020-06-02;M;9;0;0;594;11559;2306;
1082;Midtjylland;2020-06-02;M;1;0;0;594;11560;2306;
1085;Sjælland;2020-06-02;M;4;0;1;594;11564;2307;
1083;Syddanmark;2020-06-02;M;1;0;0;594;11565;2307;
1084;Hovedstaden;2020-06-03;F;24;0;1;594;11589;2308;
1085;Sjælland;2020-06-03;F;9;0;0;594;11598;2308;
1083;Syddanmark;2020-06-03;F;1;0;0;594;11599;2308;
1084;Hovedstaden;2020-06-03;M;9;0;0;594;11608;2308;
1085;Sjælland;2020-06-03;M;9;0;0;594;11617;2308;
1084;Hovedstaden;2020-06-04;F;18;0;0;594;11635;2308;
1085;Sjælland;2020-06-04;F;4;0;0;594;11639;2308;
1083;Syddanmark;2020-06-04;F;1;0;0;594;11640;2308;
1084;Hovedstaden;2020-06-04;M;8;1;1;595;11648;2309;
1082;Midtjylland;2020-06-04;M;3;0;0;595;11651;2309;
1085;Sjælland;2020-06-04;M;2;0;0;595;11653;2309;
1083;Syddanmark;2020-06-04;M;4;1;2;596;11657;2311;
1084;Hovedstaden;2020-06-05;F;14;0;1;596;11671;2312;
1085;Sjælland;2020-06-05;F;2;0;0;596;11673;2312;
1084;Hovedstaden;2020-06-05;M;15;0;1;596;11688;2313;
1085;Sjælland;2020-06-05;M;2;0;0;596;11690;2313;
1083;Syddanmark;2020-06-05;M;1;0;1;596;11691;2314;
1084;Hovedstaden;2020-06-06;F;7;0;1;596;11698;2315;
1082;Midtjylland;2020-06-06;F;1;0;0;596;11699;2315;
1085;Sjælland;2020-06-06;F;2;0;0;596;11701;2315;
1084;Hovedstaden;2020-06-06;M;4;0;0;596;11705;2315;
1083;Syddanmark;2020-06-06;M;1;0;0;596;11706;2315;
1084;Hovedstaden;2020-06-07;F;4;0;1;596;11710;2316;
1084;Hovedstaden;2020-06-07;M;10;0;1;596;11720;2317;
1084;Hovedstaden;2020-06-08;F;14;0;0;596;11734;2317;
1082;Midtjylland;2020-06-08;F;2;0;1;596;11736;2318;
1081;Nordjylland;2020-06-08;F;1;0;0;596;11737;2318;
1085;Sjælland;2020-06-08;F;1;0;0;596;11738;2318;
1083;Syddanmark;2020-06-08;F;3;0;0;596;11741;2318;
1084;Hovedstaden;2020-06-08;M;15;1;2;597;11756;2320;
1082;Midtjylland;2020-06-08;M;2;0;0;597;11758;2320;
1085;Sjælland;2020-06-08;M;1;0;0;597;11759;2320;
1083;Syddanmark;2020-06-08;M;5;0;0;597;11764;2320;
1084;Hovedstaden;2020-06-09;F;10;0;0;597;11774;2320;
1082;Midtjylland;2020-06-09;F;1;0;0;597;11775;2320;
1085;Sjælland;2020-06-09;F;3;0;0;597;11778;2320;
1084;Hovedstaden;2020-06-09;M;12;0;0;597;11790;2320;
1082;Midtjylland;2020-06-09;M;1;0;0;597;11791;2320;
1085;Sjælland;2020-06-09;M;1;0;0;597;11792;2320;
1083;Syddanmark;2020-06-09;M;3;0;0;597;11795;2320;
1084;Hovedstaden;2020-06-10;F;11;0;1;597;11806;2321;
1082;Midtjylland;2020-06-10;F;2;0;1;597;11808;2322;
1081;Nordjylland;2020-06-10;F;6;0;1;597;11814;2323;
1085;Sjælland;2020-06-10;F;3;0;1;597;11817;2324;
1083;Syddanmark;2020-06-10;F;1;0;0;597;11818;2324;
1084;Hovedstaden;2020-06-10;M;9;0;0;597;11827;2324;
1081;Nordjylland;2020-06-10;M;3;1;0;598;11830;2324;
1085;Sjælland;2020-06-10;M;4;0;0;598;11834;2324;
1084;Hovedstaden;2020-06-11;F;19;0;0;598;11853;2324;
1082;Midtjylland;2020-06-11;F;1;0;0;598;11854;2324;
1081;Nordjylland;2020-06-11;F;1;0;0;598;11855;2324;
1085;Sjælland;2020-06-11;F;6;0;0;598;11861;2324;
1084;Hovedstaden;2020-06-11;M;17;0;2;598;11878;2326;
1081;Nordjylland;2020-06-11;M;1;0;1;598;11879;2327;
1085;Sjælland;2020-06-11;M;3;0;0;598;11882;2327;
1084;Hovedstaden;2020-06-12;F;13;0;1;598;11895;2328;
1082;Midtjylland;2020-06-12;F;2;0;0;598;11897;2328;
1081;Nordjylland;2020-06-12;F;19;1;4;599;11916;2332;
1085;Sjælland;2020-06-12;F;2;1;1;600;11918;2333;
1084;Hovedstaden;2020-06-12;M;13;0;0;600;11931;2333;
1082;Midtjylland;2020-06-12;M;1;0;0;600;11932;2333;
1081;Nordjylland;2020-06-12;M;6;0;1;600;11938;2334;
1085;Sjælland;2020-06-12;M;2;0;0;600;11940;2334;
1083;Syddanmark;2020-06-12;M;1;0;0;600;11941;2334;
1084;Hovedstaden;2020-06-13;F;8;0;2;600;11949;2336;
1082;Midtjylland;2020-06-13;F;2;0;0;600;11951;2336;
1085;Sjælland;2020-06-13;F;3;0;0;600;11954;2336;
1084;Hovedstaden;2020-06-13;M;12;1;3;601;11966;2339;
1085;Sjælland;2020-06-13;M;3;0;1;601;11969;2340;
1084;Hovedstaden;2020-06-14;F;3;0;0;601;11972;2340;
1082;Midtjylland;2020-06-14;F;1;0;0;601;11973;2340;
1081;Nordjylland;2020-06-14;F;5;0;1;601;11978;2341;
1084;Hovedstaden;2020-06-14;M;7;0;2;601;11985;2343;
1081;Nordjylland;2020-06-14;M;3;1;1;602;11988;2344;
1085;Sjælland;2020-06-14;M;2;0;0;602;11990;2344;
1084;Hovedstaden;2020-06-15;F;15;1;2;603;12005;2346;
1081;Nordjylland;2020-06-15;F;2;0;0;603;12007;2346;
1085;Sjælland;2020-06-15;F;1;0;0;603;12008;2346;
1084;Hovedstaden;2020-06-15;M;17;1;3;604;12025;2349;
1082;Midtjylland;2020-06-15;M;1;0;0;604;12026;2349;
1081;Nordjylland;2020-06-15;M;1;0;0;604;12027;2349;
1085;Sjælland;2020-06-15;M;3;0;0;604;12030;2349;
1084;Hovedstaden;2020-06-16;F;15;0;0;604;12045;2349;
1082;Midtjylland;2020-06-16;F;4;0;0;604;12049;2349;
1081;Nordjylland;2020-06-16;F;3;0;1;604;12052;2350;
1085;Sjælland;2020-06-16;F;4;0;1;604;12056;2351;
1084;Hovedstaden;2020-06-16;M;10;0;2;604;12066;2353;
1082;Midtjylland;2020-06-16;M;1;0;0;604;12067;2353;
1081;Nordjylland;2020-06-16;M;4;0;0;604;12071;2353;
1085;Sjælland;2020-06-16;M;4;0;2;604;12075;2355;
1083;Syddanmark;2020-06-16;M;1;0;0;604;12076;2355;
1084;Hovedstaden;2020-06-17;F;21;0;1;604;12097;2356;
1082;Midtjylland;2020-06-17;F;1;0;0;604;12098;2356;
1081;Nordjylland;2020-06-17;F;14;0;1;604;12112;2357;
1085;Sjælland;2020-06-17;F;7;0;0;604;12119;2357;
1083;Syddanmark;2020-06-17;F;1;0;0;604;12120;2357;
1084;Hovedstaden;2020-06-17;M;20;0;1;604;12140;2358;
1082;Midtjylland;2020-06-17;M;2;0;0;604;12142;2358;
1081;Nordjylland;2020-06-17;M;2;0;0;604;12144;2358;
1085;Sjælland;2020-06-17;M;5;0;0;604;12149;2358;
1083;Syddanmark;2020-06-17;M;1;0;1;604;12150;2359;
1084;Hovedstaden;2020-06-18;F;18;1;1;605;12168;2360;
1082;Midtjylland;2020-06-18;F;1;0;0;605;12169;2360;
1081;Nordjylland;2020-06-18;F;1;0;0;605;12170;2360;
1085;Sjælland;2020-06-18;F;4;0;2;605;12174;2362;
1084;Hovedstaden;2020-06-18;M;19;0;1;605;12193;2363;
1082;Midtjylland;2020-06-18;M;1;1;1;606;12194;2364;
1081;Nordjylland;2020-06-18;M;1;0;0;606;12195;2364;
1085;Sjælland;2020-06-18;M;2;0;0;606;12197;2364;
1083;Syddanmark;2020-06-18;M;1;0;0;606;12198;2364;
1084;Hovedstaden;2020-06-19;F;15;0;2;606;12213;2366;
1085;Sjælland;2020-06-19;F;7;0;1;606;12220;2367;
1084;Hovedstaden;2020-06-19;M;9;0;0;606;12229;2367;
1082;Midtjylland;2020-06-19;M;2;0;0;606;12231;2367;
1081;Nordjylland;2020-06-19;M;1;0;0;606;12232;2367;
1085;Sjælland;2020-06-19;M;8;0;0;606;12240;2367;
1084;Hovedstaden;2020-06-20;F;19;0;0;606;12259;2367;
1081;Nordjylland;2020-06-20;F;2;0;0;606;12261;2367;
1085;Sjælland;2020-06-20;F;3;0;0;606;12264;2367;
1084;Hovedstaden;2020-06-20;M;12;0;0;606;12276;2367;
1082;Midtjylland;2020-06-20;M;2;0;0;606;12278;2367;
1085;Sjælland;2020-06-20;M;1;0;0;606;12279;2367;
1084;Hovedstaden;2020-06-21;F;16;0;0;606;12295;2367;
1081;Nordjylland;2020-06-21;F;1;0;1;606;12296;2368;
1083;Syddanmark;2020-06-21;F;2;0;0;606;12298;2368;
1084;Hovedstaden;2020-06-21;M;10;0;1;606;12308;2369;
1082;Midtjylland;2020-06-21;M;1;0;0;606;12309;2369;
1081;Nordjylland;2020-06-21;M;2;0;2;606;12311;2371;
1085;Sjælland;2020-06-21;M;1;0;0;606;12312;2371;
1084;Hovedstaden;2020-06-22;F;23;0;0;606;12335;2371;
1081;Nordjylland;2020-06-22;F;2;0;1;606;12337;2372;
1085;Sjælland;2020-06-22;F;2;1;1;607;12339;2373;
1084;Hovedstaden;2020-06-22;M;16;0;0;607;12355;2373;
1081;Nordjylland;2020-06-22;M;1;0;0;607;12356;2373;
1085;Sjælland;2020-06-22;M;1;0;1;607;12357;2374;
1084;Hovedstaden;2020-06-23;F;4;0;1;607;12361;2375;
1082;Midtjylland;2020-06-23;F;3;0;0;607;12364;2375;
1081;Nordjylland;2020-06-23;F;1;0;0;607;12365;2375;
1083;Syddanmark;2020-06-23;F;2;0;0;607;12367;2375;
1084;Hovedstaden;2020-06-23;M;4;0;0;607;12371;2375;
1082;Midtjylland;2020-06-23;M;1;0;0;607;12372;2375;
1081;Nordjylland;2020-06-23;M;3;0;1;607;12375;2376;
1085;Sjælland;2020-06-23;M;1;0;0;607;12376;2376;
1084;Hovedstaden;2020-06-24;F;9;0;2;607;12385;2378;
1082;Midtjylland;2020-06-24;F;2;0;0;607;12387;2378;
1081;Nordjylland;2020-06-24;F;7;0;1;607;12394;2379;
1085;Sjælland;2020-06-24;F;2;0;1;607;12396;2380;
1083;Syddanmark;2020-06-24;F;1;0;0;607;12397;2380;
1084;Hovedstaden;2020-06-24;M;6;0;1;607;12403;2381;
1082;Midtjylland;2020-06-24;M;1;0;0;607;12404;2381;
1081;Nordjylland;2020-06-24;M;10;0;4;607;12414;2385;
1085;Sjælland;2020-06-24;M;3;0;0;607;12417;2385;
1083;Syddanmark;2020-06-24;M;4;0;1;607;12421;2386;
1084;Hovedstaden;2020-06-25;F;12;0;0;607;12433;2386;
1082;Midtjylland;2020-06-25;F;3;0;0;607;12436;2386;
1081;Nordjylland;2020-06-25;F;2;0;0;607;12438;2386;
1084;Hovedstaden;2020-06-25;M;6;0;0;607;12444;2386;
1082;Midtjylland;2020-06-25;M;2;0;1;607;12446;2387;
1081;Nordjylland;2020-06-25;M;3;0;0;607;12449;2387;
1085;Sjælland;2020-06-25;M;1;0;1;607;12450;2388;
1083;Syddanmark;2020-06-25;M;1;0;0;607;12451;2388;
1084;Hovedstaden;2020-06-26;F;6;0;0;607;12457;2388;
1082;Midtjylland;2020-06-26;F;1;0;0;607;12458;2388;
1081;Nordjylland;2020-06-26;F;1;0;0;607;12459;2388;
1083;Syddanmark;2020-06-26;F;1;0;0;607;12460;2388;
1084;Hovedstaden;2020-06-26;M;7;0;1;607;12467;2389;
1082;Midtjylland;2020-06-26;M;2;0;0;607;12469;2389;
1081;Nordjylland;2020-06-26;M;1;0;0;607;12470;2389;
1085;Sjælland;2020-06-26;M;2;0;0;607;12472;2389;
1084;Hovedstaden;2020-06-27;F;2;0;0;607;12474;2389;
1082;Midtjylland;2020-06-27;F;1;0;1;607;12475;2390;
1081;Nordjylland;2020-06-27;F;4;0;1;607;12479;2391;
1084;Hovedstaden;2020-06-27;M;5;0;0;607;12484;2391;
1082;Midtjylland;2020-06-27;M;2;0;0;607;12486;2391;
1081;Nordjylland;2020-06-27;M;5;0;2;607;12491;2393;
1084;Hovedstaden;2020-06-28;F;3;0;0;607;12494;2393;
1082;Midtjylland;2020-06-28;F;2;0;0;607;12496;2393;
1081;Nordjylland;2020-06-28;F;1;0;0;607;12497;2393;
1084;Hovedstaden;2020-06-28;M;2;0;1;607;12499;2394;
1082;Midtjylland;2020-06-28;M;2;0;0;607;12501;2394;
1083;Syddanmark;2020-06-28;M;1;0;0;607;12502;2394;
1084;Hovedstaden;2020-06-29;F;11;0;0;607;12513;2394;
1082;Midtjylland;2020-06-29;F;1;0;0;607;12514;2394;
1081;Nordjylland;2020-06-29;F;1;0;0;607;12515;2394;
1083;Syddanmark;2020-06-29;F;2;0;0;607;12517;2394;
1084;Hovedstaden;2020-06-29;M;9;0;0;607;12526;2394;
1081;Nordjylland;2020-06-29;M;1;0;0;607;12527;2394;
1085;Sjælland;2020-06-29;M;2;0;0;607;12529;2394;
1084;Hovedstaden;2020-06-30;F;5;0;0;607;12534;2394;
1082;Midtjylland;2020-06-30;F;1;0;0;607;12535;2394;
1081;Nordjylland;2020-06-30;F;5;0;1;607;12540;2395;
1085;Sjælland;2020-06-30;F;3;0;0;607;12543;2395;
1083;Syddanmark;2020-06-30;F;1;0;0;607;12544;2395;
1084;Hovedstaden;2020-06-30;M;6;0;2;607;12550;2397;
1082;Midtjylland;2020-06-30;M;1;0;0;607;12551;2397;
1081;Nordjylland;2020-06-30;M;1;0;1;607;12552;2398;
1085;Sjælland;2020-06-30;M;2;0;0;607;12554;2398;
1084;Hovedstaden;2020-07-01;F;2;0;0;607;12556;2398;
1081;Nordjylland;2020-07-01;F;1;0;0;607;12557;2398;
1084;Hovedstaden;2020-07-01;M;4;0;1;607;12561;2399;
1082;Midtjylland;2020-07-01;M;2;0;0;607;12563;2399;
1081;Nordjylland;2020-07-01;M;1;0;0;607;12564;2399;
1084;Hovedstaden;2020-07-02;F;8;0;0;607;12572;2399;
1082;Midtjylland;2020-07-02;F;1;0;0;607;12573;2399;
1084;Hovedstaden;2020-07-02;M;6;1;1;608;12579;2400;
1084;Hovedstaden;2020-07-03;F;6;1;1;609;12585;2401;
1081;Nordjylland;2020-07-03;F;3;0;0;609;12588;2401;
1084;Hovedstaden;2020-07-03;M;6;0;0;609;12594;2401;
1082;Midtjylland;2020-07-03;M;1;0;0;609;12595;2401;
1081;Nordjylland;2020-07-03;M;2;0;0;609;12597;2401;
1085;Sjælland;2020-07-03;M;1;0;1;609;12598;2402;
1084;Hovedstaden;2020-07-04;F;2;0;0;609;12600;2402;
1084;Hovedstaden;2020-07-04;M;7;0;0;609;12607;2402;
1082;Midtjylland;2020-07-04;M;1;0;0;609;12608;2402;
1081;Nordjylland;2020-07-04;M;1;0;0;609;12609;2402;
1083;Syddanmark;2020-07-04;M;2;0;0;609;12611;2402;
1084;Hovedstaden;2020-07-05;F;8;1;2;610;12619;2404;
1084;Hovedstaden;2020-07-05;M;2;0;0;610;12621;2404;
1082;Midtjylland;2020-07-05;M;1;0;0;610;12622;2404;
1081;Nordjylland;2020-07-05;M;1;0;0;610;12623;2404;
1083;Syddanmark;2020-07-05;M;1;0;1;610;12624;2405;
1084;Hovedstaden;2020-07-06;F;2;0;1;610;12626;2406;
1081;Nordjylland;2020-07-06;F;1;0;0;610;12627;2406;
1085;Sjælland;2020-07-06;F;1;1;1;611;12628;2407;
1084;Hovedstaden;2020-07-06;M;4;0;0;611;12632;2407;
1081;Nordjylland;2020-07-06;M;1;0;0;611;12633;2407;
1085;Sjælland;2020-07-06;M;1;0;1;611;12634;2408;
1083;Syddanmark;2020-07-06;M;1;0;0;611;12635;2408;
1084;Hovedstaden;2020-07-07;F;1;0;0;611;12636;2408;
1082;Midtjylland;2020-07-07;F;1;0;0;611;12637;2408;
1081;Nordjylland;2020-07-07;F;1;0;0;611;12638;2408;
1083;Syddanmark;2020-07-07;F;1;0;0;611;12639;2408;
1084;Hovedstaden;2020-07-07;M;8;0;1;611;12647;2409;
1081;Nordjylland;2020-07-07;M;1;0;0;611;12648;2409;
1084;Hovedstaden;2020-07-08;F;10;0;0;611;12658;2409;
1081;Nordjylland;2020-07-08;F;3;0;1;611;12661;2410;
1085;Sjælland;2020-07-08;F;3;0;0;611;12664;2410;
1084;Hovedstaden;2020-07-08;M;9;0;0;611;12673;2410;
1082;Midtjylland;2020-07-08;M;1;0;0;611;12674;2410;
1083;Syddanmark;2020-07-08;M;1;0;0;611;12675;2410;
1084;Hovedstaden;2020-07-09;F;12;0;1;611;12687;2411;
1082;Midtjylland;2020-07-09;F;3;0;1;611;12690;2412;
1081;Nordjylland;2020-07-09;F;4;0;0;611;12694;2412;
1085;Sjælland;2020-07-09;F;5;0;1;611;12699;2413;
1084;Hovedstaden;2020-07-09;M;10;0;1;611;12709;2414;
1082;Midtjylland;2020-07-09;M;1;0;0;611;12710;2414;
1081;Nordjylland;2020-07-09;M;2;0;0;611;12712;2414;
1085;Sjælland;2020-07-09;M;4;0;0;611;12716;2414;
1084;Hovedstaden;2020-07-10;F;11;0;0;611;12727;2414;
1081;Nordjylland;2020-07-10;F;1;0;0;611;12728;2414;
1085;Sjælland;2020-07-10;F;1;0;0;611;12729;2414;
1083;Syddanmark;2020-07-10;F;1;0;0;611;12730;2414;
1084;Hovedstaden;2020-07-10;M;12;0;0;611;12742;2414;
1081;Nordjylland;2020-07-10;M;2;1;1;612;12744;2415;
1085;Sjælland;2020-07-10;M;3;0;0;612;12747;2415;
1083;Syddanmark;2020-07-10;M;2;0;0;612;12749;2415;
1084;Hovedstaden;2020-07-11;F;12;1;1;613;12761;2416;
1085;Sjælland;2020-07-11;F;1;0;0;613;12762;2416;
1083;Syddanmark;2020-07-11;F;2;0;0;613;12764;2416;
1084;Hovedstaden;2020-07-11;M;8;0;1;613;12772;2417;
1085;Sjælland;2020-07-11;M;1;0;0;613;12773;2417;
1084;Hovedstaden;2020-07-12;F;10;0;2;613;12783;2419;
1081;Nordjylland;2020-07-12;F;1;0;0;613;12784;2419;
1085;Sjælland;2020-07-12;F;1;0;0;613;12785;2419;
1084;Hovedstaden;2020-07-12;M;5;0;0;613;12790;2419;
1082;Midtjylland;2020-07-12;M;1;0;0;613;12791;2419;
1081;Nordjylland;2020-07-12;M;1;0;0;613;12792;2419;
1085;Sjælland;2020-07-12;M;4;0;0;613;12796;2419;
1084;Hovedstaden;2020-07-13;F;10;0;0;613;12806;2419;
1082;Midtjylland;2020-07-13;F;3;0;0;613;12809;2419;
1085;Sjælland;2020-07-13;F;7;0;4;613;12816;2423;
1083;Syddanmark;2020-07-13;F;1;0;0;613;12817;2423;
1084;Hovedstaden;2020-07-13;M;6;0;1;613;12823;2424;
1082;Midtjylland;2020-07-13;M;3;0;0;613;12826;2424;
1085;Sjælland;2020-07-13;M;2;0;0;613;12828;2424;
1083;Syddanmark;2020-07-13;M;1;0;0;613;12829;2424;
1084;Hovedstaden;2020-07-14;F;13;0;0;613;12842;2424;
1082;Midtjylland;2020-07-14;F;2;0;0;613;12844;2424;
1085;Sjælland;2020-07-14;F;2;0;0;613;12846;2424;
1083;Syddanmark;2020-07-14;F;2;0;0;613;12848;2424;
1084;Hovedstaden;2020-07-14;M;7;0;0;613;12855;2424;
1082;Midtjylland;2020-07-14;M;2;0;0;613;12857;2424;
1081;Nordjylland;2020-07-14;M;1;0;0;613;12858;2424;
1085;Sjælland;2020-07-14;M;3;0;0;613;12861;2424;
1083;Syddanmark;2020-07-14;M;2;0;0;613;12863;2424;
1084;Hovedstaden;2020-07-15;F;18;0;0;613;12881;2424;
1082;Midtjylland;2020-07-15;F;1;0;0;613;12882;2424;
1081;Nordjylland;2020-07-15;F;1;0;0;613;12883;2424;
1085;Sjælland;2020-07-15;F;2;0;0;613;12885;2424;
1083;Syddanmark;2020-07-15;F;1;0;0;613;12886;2424;
1084;Hovedstaden;2020-07-15;M;15;0;3;613;12901;2427;
1082;Midtjylland;2020-07-15;M;2;0;1;613;12903;2428;
1081;Nordjylland;2020-07-15;M;1;0;0;613;12904;2428;
1085;Sjælland;2020-07-15;M;2;0;1;613;12906;2429;
1083;Syddanmark;2020-07-15;M;1;0;0;613;12907;2429;
1084;Hovedstaden;2020-07-16;F;16;1;1;614;12923;2430;
1082;Midtjylland;2020-07-16;F;3;0;0;614;12926;2430;
1085;Sjælland;2020-07-16;F;3;0;0;614;12929;2430;
1083;Syddanmark;2020-07-16;F;4;0;0;614;12933;2430;
1084;Hovedstaden;2020-07-16;M;17;0;1;614;12950;2431;
1082;Midtjylland;2020-07-16;M;2;0;0;614;12952;2431;
1085;Sjælland;2020-07-16;M;6;0;0;614;12958;2431;
1083;Syddanmark;2020-07-16;M;1;0;0;614;12959;2431;
1084;Hovedstaden;2020-07-17;F;8;0;0;614;12967;2431;
1082;Midtjylland;2020-07-17;F;1;0;0;614;12968;2431;
1081;Nordjylland;2020-07-17;F;2;0;1;614;12970;2432;
1085;Sjælland;2020-07-17;F;5;0;0;614;12975;2432;
1084;Hovedstaden;2020-07-17;M;11;0;1;614;12986;2433;
1081;Nordjylland;2020-07-17;M;1;0;0;614;12987;2433;
1085;Sjælland;2020-07-17;M;5;0;0;614;12992;2433;
1084;Hovedstaden;2020-07-18;F;17;0;2;614;13009;2435;
1085;Sjælland;2020-07-18;F;7;0;0;614;13016;2435;
1084;Hovedstaden;2020-07-18;M;13;0;0;614;13029;2435;
1085;Sjælland;2020-07-18;M;6;0;1;614;13035;2436;
1084;Hovedstaden;2020-07-19;F;15;0;2;614;13050;2438;
1081;Nordjylland;2020-07-19;F;1;0;0;614;13051;2438;
1085;Sjælland;2020-07-19;F;3;0;0;614;13054;2438;
1084;Hovedstaden;2020-07-19;M;3;0;0;614;13057;2438;
1082;Midtjylland;2020-07-19;M;1;0;0;614;13058;2438;
1081;Nordjylland;2020-07-19;M;1;0;0;614;13059;2438;
1085;Sjælland;2020-07-19;M;4;0;1;614;13063;2439;
1084;Hovedstaden;2020-07-20;F;11;0;0;614;13074;2439;
1082;Midtjylland;2020-07-20;F;1;0;0;614;13075;2439;
1085;Sjælland;2020-07-20;F;4;0;0;614;13079;2439;
1083;Syddanmark;2020-07-20;F;1;0;0;614;13080;2439;
1084;Hovedstaden;2020-07-20;M;11;0;1;614;13091;2440;
1082;Midtjylland;2020-07-20;M;2;0;0;614;13093;2440;
1085;Sjælland;2020-07-20;M;3;0;0;614;13096;2440;
1084;Hovedstaden;2020-07-21;F;17;0;1;614;13113;2441;
1081;Nordjylland;2020-07-21;F;2;0;0;614;13115;2441;
1085;Sjælland;2020-07-21;F;3;0;0;614;13118;2441;
1084;Hovedstaden;2020-07-21;M;10;0;3;614;13128;2444;
1082;Midtjylland;2020-07-21;M;2;0;0;614;13130;2444;
1081;Nordjylland;2020-07-21;M;1;0;0;614;13131;2444;
1085;Sjælland;2020-07-21;M;1;0;0;614;13132;2444;
1084;Hovedstaden;2020-07-22;F;15;0;0;614;13147;2444;
1081;Nordjylland;2020-07-22;F;1;0;0;614;13148;2444;
1085;Sjælland;2020-07-22;F;2;0;0;614;13150;2444;
1083;Syddanmark;2020-07-22;F;1;0;0;614;13151;2444;
1084;Hovedstaden;2020-07-22;M;7;1;1;615;13158;2445;
1081;Nordjylland;2020-07-22;M;3;0;0;615;13161;2445;
1085;Sjælland;2020-07-22;M;5;0;0;615;13166;2445;
1083;Syddanmark;2020-07-22;M;1;0;1;615;13167;2446;
1084;Hovedstaden;2020-07-23;F;26;1;1;616;13193;2447;
1082;Midtjylland;2020-07-23;F;2;0;0;616;13195;2447;
1081;Nordjylland;2020-07-23;F;1;0;0;616;13196;2447;
1085;Sjælland;2020-07-23;F;2;0;0;616;13198;2447;
1083;Syddanmark;2020-07-23;F;4;0;0;616;13202;2447;
1084;Hovedstaden;2020-07-23;M;11;0;0;616;13213;2447;
1081;Nordjylland;2020-07-23;M;2;0;1;616;13215;2448;
1085;Sjælland;2020-07-23;M;3;0;1;616;13218;2449;
1083;Syddanmark;2020-07-23;M;1;0;0;616;13219;2449;
1084;Hovedstaden;2020-07-24;F;9;1;1;617;13228;2450;
1082;Midtjylland;2020-07-24;F;5;0;0;617;13233;2450;
1085;Sjælland;2020-07-24;F;1;0;0;617;13234;2450;
1083;Syddanmark;2020-07-24;F;2;0;1;617;13236;2451;
1084;Hovedstaden;2020-07-24;M;12;0;0;617;13248;2451;
1082;Midtjylland;2020-07-24;M;3;0;0;617;13251;2451;
1081;Nordjylland;2020-07-24;M;1;0;0;617;13252;2451;
1085;Sjælland;2020-07-24;M;1;0;0;617;13253;2451;
1083;Syddanmark;2020-07-24;M;2;0;1;617;13255;2452;
1084;Hovedstaden;2020-07-25;F;6;0;0;617;13261;2452;
1082;Midtjylland;2020-07-25;F;3;0;0;617;13264;2452;
1085;Sjælland;2020-07-25;F;5;0;0;617;13269;2452;
1083;Syddanmark;2020-07-25;F;2;0;0;617;13271;2452;
1084;Hovedstaden;2020-07-25;M;3;0;0;617;13274;2452;
1082;Midtjylland;2020-07-25;M;2;0;0;617;13276;2452;
1081;Nordjylland;2020-07-25;M;1;0;1;617;13277;2453;
1085;Sjælland;2020-07-25;M;4;1;2;618;13281;2455;
1083;Syddanmark;2020-07-25;M;1;0;0;618;13282;2455;
1084;Hovedstaden;2020-07-26;F;8;0;1;618;13290;2456;
1082;Midtjylland;2020-07-26;F;4;0;0;618;13294;2456;
1081;Nordjylland;2020-07-26;F;1;0;0;618;13295;2456;
1085;Sjælland;2020-07-26;F;2;0;1;618;13297;2457;
1083;Syddanmark;2020-07-26;F;3;0;0;618;13300;2457;
1084;Hovedstaden;2020-07-26;M;5;0;1;618;13305;2458;
1083;Syddanmark;2020-07-26;M;1;0;0;618;13306;2458;
1084;Hovedstaden;2020-07-27;F;9;0;0;618;13315;2458;
1082;Midtjylland;2020-07-27;F;3;0;0;618;13318;2458;
1081;Nordjylland;2020-07-27;F;1;0;0;618;13319;2458;
1085;Sjælland;2020-07-27;F;6;0;2;618;13325;2460;
1083;Syddanmark;2020-07-27;F;5;0;0;618;13330;2460;
1084;Hovedstaden;2020-07-27;M;14;0;0;618;13344;2460;
1082;Midtjylland;2020-07-27;M;3;0;0;618;13347;2460;
1081;Nordjylland;2020-07-27;M;1;0;0;618;13348;2460;
1085;Sjælland;2020-07-27;M;16;0;1;618;13364;2461;
1083;Syddanmark;2020-07-27;M;5;0;0;618;13369;2461;
1084;Hovedstaden;2020-07-28;F;6;0;0;618;13375;2461;
1082;Midtjylland;2020-07-28;F;8;0;0;618;13383;2461;
1081;Nordjylland;2020-07-28;F;2;0;0;618;13385;2461;
1085;Sjælland;2020-07-28;F;3;0;0;618;13388;2461;
1083;Syddanmark;2020-07-28;F;4;0;0;618;13392;2461;
1084;Hovedstaden;2020-07-28;M;23;0;0;618;13415;2461;
1082;Midtjylland;2020-07-28;M;4;0;0;618;13419;2461;
1081;Nordjylland;2020-07-28;M;2;0;0;618;13421;2461;
1085;Sjælland;2020-07-28;M;23;0;4;618;13444;2465;
1083;Syddanmark;2020-07-28;M;1;0;1;618;13445;2466;
1084;Hovedstaden;2020-07-29;F;9;0;2;618;13454;2468;
1082;Midtjylland;2020-07-29;F;4;0;1;618;13458;2469;
1081;Nordjylland;2020-07-29;F;1;0;0;618;13459;2469;
1085;Sjælland;2020-07-29;F;3;1;1;619;13462;2470;
1083;Syddanmark;2020-07-29;F;2;0;0;619;13464;2470;
1084;Hovedstaden;2020-07-29;M;14;0;1;619;13478;2471;
1082;Midtjylland;2020-07-29;M;6;0;2;619;13484;2473;
1081;Nordjylland;2020-07-29;M;4;0;0;619;13488;2473;
1085;Sjælland;2020-07-29;M;10;0;0;619;13498;2473;
1083;Syddanmark;2020-07-29;M;7;0;0;619;13505;2473;
1084;Hovedstaden;2020-07-30;F;12;0;0;619;13517;2473;
1082;Midtjylland;2020-07-30;F;14;0;0;619;13531;2473;
1081;Nordjylland;2020-07-30;F;2;0;0;619;13533;2473;
1085;Sjælland;2020-07-30;F;7;0;0;619;13540;2473;
1083;Syddanmark;2020-07-30;F;2;0;0;619;13542;2473;
1084;Hovedstaden;2020-07-30;M;14;0;1;619;13556;2474;
1082;Midtjylland;2020-07-30;M;7;0;1;619;13563;2475;
1081;Nordjylland;2020-07-30;M;2;0;0;619;13565;2475;
1085;Sjælland;2020-07-30;M;19;0;0;619;13584;2475;
1083;Syddanmark;2020-07-30;M;5;0;0;619;13589;2475;
1084;Hovedstaden;2020-07-31;F;9;0;0;619;13598;2475;
1082;Midtjylland;2020-07-31;F;5;0;0;619;13603;2475;
1081;Nordjylland;2020-07-31;F;2;0;0;619;13605;2475;
1085;Sjælland;2020-07-31;F;4;0;0;619;13609;2475;
1083;Syddanmark;2020-07-31;F;4;0;0;619;13613;2475;
1084;Hovedstaden;2020-07-31;M;4;0;0;619;13617;2475;
1082;Midtjylland;2020-07-31;M;13;0;1;619;13630;2476;
1081;Nordjylland;2020-07-31;M;1;0;0;619;13631;2476;
1085;Sjælland;2020-07-31;M;9;0;0;619;13640;2476;
1083;Syddanmark;2020-07-31;M;6;0;0;619;13646;2476;
1084;Hovedstaden;2020-08-01;F;4;0;0;619;13650;2476;
1082;Midtjylland;2020-08-01;F;7;1;1;620;13657;2477;
1081;Nordjylland;2020-08-01;F;1;0;0;620;13658;2477;
1085;Sjælland;2020-08-01;F;3;0;0;620;13661;2477;
1083;Syddanmark;2020-08-01;F;3;0;0;620;13664;2477;
1084;Hovedstaden;2020-08-01;M;7;0;0;620;13671;2477;
1082;Midtjylland;2020-08-01;M;23;0;0;620;13694;2477;
1081;Nordjylland;2020-08-01;M;3;0;0;620;13697;2477;
1085;Sjælland;2020-08-01;M;11;0;0;620;13708;2477;
1083;Syddanmark;2020-08-01;M;3;0;0;620;13711;2477;
1084;Hovedstaden;2020-08-02;F;12;0;0;620;13723;2477;
1082;Midtjylland;2020-08-02;F;14;0;0;620;13737;2477;
1081;Nordjylland;2020-08-02;F;2;0;0;620;13739;2477;
1085;Sjælland;2020-08-02;F;3;0;0;620;13742;2477;
1083;Syddanmark;2020-08-02;F;1;0;0;620;13743;2477;
1084;Hovedstaden;2020-08-02;M;9;0;0;620;13752;2477;
1082;Midtjylland;2020-08-02;M;25;0;2;620;13777;2479;
1081;Nordjylland;2020-08-02;M;4;0;0;620;13781;2479;
1085;Sjælland;2020-08-02;M;6;1;1;621;13787;2480;
1083;Syddanmark;2020-08-02;M;2;0;0;621;13789;2480;
1084;Hovedstaden;2020-08-03;F;9;0;0;621;13798;2480;
1082;Midtjylland;2020-08-03;F;24;0;1;621;13822;2481;
1081;Nordjylland;2020-08-03;F;3;0;0;621;13825;2481;
1085;Sjælland;2020-08-03;F;8;0;0;621;13833;2481;
1083;Syddanmark;2020-08-03;F;4;0;0;621;13837;2481;
1084;Hovedstaden;2020-08-03;M;12;0;0;621;13849;2481;
1082;Midtjylland;2020-08-03;M;29;0;2;621;13878;2483;
1081;Nordjylland;2020-08-03;M;2;0;0;621;13880;2483;
1085;Sjælland;2020-08-03;M;21;0;2;621;13901;2485;
1083;Syddanmark;2020-08-03;M;5;0;0;621;13906;2485;
1084;Hovedstaden;2020-08-04;F;14;0;0;621;13920;2485;
1082;Midtjylland;2020-08-04;F;21;0;0;621;13941;2485;
1081;Nordjylland;2020-08-04;F;3;0;0;621;13944;2485;
1085;Sjælland;2020-08-04;F;9;0;0;621;13953;2485;
1083;Syddanmark;2020-08-04;F;4;0;0;621;13957;2485;
1084;Hovedstaden;2020-08-04;M;11;0;1;621;13968;2486;
1082;Midtjylland;2020-08-04;M;38;0;1;621;14006;2487;
1081;Nordjylland;2020-08-04;M;1;0;0;621;14007;2487;
1085;Sjælland;2020-08-04;M;12;0;2;621;14019;2489;
1083;Syddanmark;2020-08-04;M;8;0;0;621;14027;2489;
1084;Hovedstaden;2020-08-05;F;14;0;0;621;14041;2489;
1082;Midtjylland;2020-08-05;F;25;0;2;621;14066;2491;
1081;Nordjylland;2020-08-05;F;2;0;0;621;14068;2491;
1085;Sjælland;2020-08-05;F;3;0;0;621;14071;2491;
1083;Syddanmark;2020-08-05;F;3;0;0;621;14074;2491;
1084;Hovedstaden;2020-08-05;M;15;0;1;621;14089;2492;
1082;Midtjylland;2020-08-05;M;41;0;2;621;14130;2494;
1081;Nordjylland;2020-08-05;M;2;0;0;621;14132;2494;
1085;Sjælland;2020-08-05;M;5;0;1;621;14137;2495;
1083;Syddanmark;2020-08-05;M;6;0;0;621;14143;2495;
1084;Hovedstaden;2020-08-06;F;13;0;2;621;14156;2497;
1082;Midtjylland;2020-08-06;F;36;0;1;621;14192;2498;
1081;Nordjylland;2020-08-06;F;3;0;0;621;14195;2498;
1085;Sjælland;2020-08-06;F;5;0;0;621;14200;2498;
1083;Syddanmark;2020-08-06;F;7;0;1;621;14207;2499;
1084;Hovedstaden;2020-08-06;M;22;0;2;621;14229;2501;
1082;Midtjylland;2020-08-06;M;50;0;2;621;14279;2503;
1081;Nordjylland;2020-08-06;M;1;0;0;621;14280;2503;
1085;Sjælland;2020-08-06;M;27;0;0;621;14307;2503;
1083;Syddanmark;2020-08-06;M;7;0;0;621;14314;2503;
1084;Hovedstaden;2020-08-07;F;13;0;1;621;14327;2504;
1082;Midtjylland;2020-08-07;F;46;0;2;621;14373;2506;
1081;Nordjylland;2020-08-07;F;2;0;0;621;14375;2506;
1085;Sjælland;2020-08-07;F;4;0;0;621;14379;2506;
1083;Syddanmark;2020-08-07;F;2;0;0;621;14381;2506;
1084;Hovedstaden;2020-08-07;M;7;0;0;621;14388;2506;
1082;Midtjylland;2020-08-07;M;60;0;0;621;14448;2506;
1081;Nordjylland;2020-08-07;M;2;0;0;621;14450;2506;
1085;Sjælland;2020-08-07;M;3;0;0;621;14453;2506;
1083;Syddanmark;2020-08-07;M;2;0;0;621;14455;2506;
1084;Hovedstaden;2020-08-08;F;11;0;0;621;14466;2506;
1082;Midtjylland;2020-08-08;F;26;1;2;622;14492;2508;
1081;Nordjylland;2020-08-08;F;1;0;0;622;14493;2508;
1085;Sjælland;2020-08-08;F;5;0;0;622;14498;2508;
1083;Syddanmark;2020-08-08;F;1;0;0;622;14499;2508;
1084;Hovedstaden;2020-08-08;M;8;0;0;622;14507;2508;
1082;Midtjylland;2020-08-08;M;31;0;1;622;14538;2509;
1081;Nordjylland;2020-08-08;M;1;0;0;622;14539;2509;
1085;Sjælland;2020-08-08;M;3;0;1;622;14542;2510;
1083;Syddanmark;2020-08-08;M;2;0;0;622;14544;2510;
1084;Hovedstaden;2020-08-09;F;14;0;0;622;14558;2510;
1082;Midtjylland;2020-08-09;F;32;0;0;622;14590;2510;
1081;Nordjylland;2020-08-09;F;5;0;0;622;14595;2510;
1085;Sjælland;2020-08-09;F;2;0;0;622;14597;2510;
1083;Syddanmark;2020-08-09;F;6;0;0;622;14603;2510;
1084;Hovedstaden;2020-08-09;M;28;0;1;622;14631;2511;
1082;Midtjylland;2020-08-09;M;33;0;1;622;14664;2512;
1081;Nordjylland;2020-08-09;M;4;0;0;622;14668;2512;
1085;Sjælland;2020-08-09;M;2;0;0;622;14670;2512;
1083;Syddanmark;2020-08-09;M;4;0;0;622;14674;2512;
1084;Hovedstaden;2020-08-10;F;18;0;0;622;14692;2512;
1082;Midtjylland;2020-08-10;F;37;0;0;622;14729;2512;
1081;Nordjylland;2020-08-10;F;2;0;0;622;14731;2512;
1085;Sjælland;2020-08-10;F;6;0;1;622;14737;2513;
1083;Syddanmark;2020-08-10;F;3;0;0;622;14740;2513;
1084;Hovedstaden;2020-08-10;M;27;0;0;622;14767;2513;
1082;Midtjylland;2020-08-10;M;43;0;0;622;14810;2513;
1081;Nordjylland;2020-08-10;M;5;0;0;622;14815;2513;
1085;Sjælland;2020-08-10;M;4;0;0;622;14819;2513;
1083;Syddanmark;2020-08-10;M;9;0;0;622;14828;2513;
1084;Hovedstaden;2020-08-11;F;19;0;0;622;14847;2513;
1082;Midtjylland;2020-08-11;F;26;0;1;622;14873;2514;
1081;Nordjylland;2020-08-11;F;2;0;0;622;14875;2514;
1085;Sjælland;2020-08-11;F;7;0;0;622;14882;2514;
1083;Syddanmark;2020-08-11;F;5;0;0;622;14887;2514;
1084;Hovedstaden;2020-08-11;M;22;0;0;622;14909;2514;
1082;Midtjylland;2020-08-11;M;41;0;1;622;14950;2515;
1085;Sjælland;2020-08-11;M;11;0;2;622;14961;2517;
1083;Syddanmark;2020-08-11;M;4;0;0;622;14965;2517;
1084;Hovedstaden;2020-08-12;F;22;0;4;622;14987;2521;
1082;Midtjylland;2020-08-12;F;33;0;2;622;15020;2523;
1081;Nordjylland;2020-08-12;F;9;0;0;622;15029;2523;
1085;Sjælland;2020-08-12;F;1;0;0;622;15030;2523;
1083;Syddanmark;2020-08-12;F;3;0;0;622;15033;2523;
1084;Hovedstaden;2020-08-12;M;27;0;0;622;15060;2523;
1082;Midtjylland;2020-08-12;M;48;0;0;622;15108;2523;
1081;Nordjylland;2020-08-12;M;8;0;2;622;15116;2525;
1085;Sjælland;2020-08-12;M;4;0;1;622;15120;2526;
1083;Syddanmark;2020-08-12;M;5;0;0;622;15125;2526;
1084;Hovedstaden;2020-08-13;F;15;0;0;622;15140;2526;
1082;Midtjylland;2020-08-13;F;30;0;0;622;15170;2526;
1081;Nordjylland;2020-08-13;F;3;0;1;622;15173;2527;
1085;Sjælland;2020-08-13;F;1;0;0;622;15174;2527;
1083;Syddanmark;2020-08-13;F;4;0;0;622;15178;2527;
1084;Hovedstaden;2020-08-13;M;20;0;0;622;15198;2527;
1082;Midtjylland;2020-08-13;M;28;0;0;622;15226;2527;
1081;Nordjylland;2020-08-13;M;5;1;1;623;15231;2528;
1085;Sjælland;2020-08-13;M;1;0;0;623;15232;2528;
1083;Syddanmark;2020-08-13;M;8;0;0;623;15240;2528;
1084;Hovedstaden;2020-08-14;F;26;0;0;623;15266;2528;
1082;Midtjylland;2020-08-14;F;14;0;0;623;15280;2528;
1081;Nordjylland;2020-08-14;F;5;0;0;623;15285;2528;
1085;Sjælland;2020-08-14;F;3;0;0;623;15288;2528;
1083;Syddanmark;2020-08-14;F;3;0;0;623;15291;2528;
1084;Hovedstaden;2020-08-14;M;23;1;1;624;15314;2529;
1082;Midtjylland;2020-08-14;M;16;0;1;624;15330;2530;
1081;Nordjylland;2020-08-14;M;3;0;0;624;15333;2530;
1085;Sjælland;2020-08-14;M;11;0;0;624;15344;2530;
1083;Syddanmark;2020-08-14;M;7;0;0;624;15351;2530;
1084;Hovedstaden;2020-08-15;F;12;0;0;624;15363;2530;
1082;Midtjylland;2020-08-15;F;46;0;2;624;15409;2532;
1081;Nordjylland;2020-08-15;F;5;0;0;624;15414;2532;
1085;Sjælland;2020-08-15;F;4;0;0;624;15418;2532;
1083;Syddanmark;2020-08-15;F;8;0;1;624;15426;2533;
1084;Hovedstaden;2020-08-15;M;13;0;0;624;15439;2533;
1082;Midtjylland;2020-08-15;M;33;0;0;624;15472;2533;
1081;Nordjylland;2020-08-15;M;1;0;0;624;15473;2533;
1085;Sjælland;2020-08-15;M;2;0;0;624;15475;2533;
1083;Syddanmark;2020-08-15;M;3;0;0;624;15478;2533;
1084;Hovedstaden;2020-08-16;F;15;0;0;624;15493;2533;
1082;Midtjylland;2020-08-16;F;17;0;1;624;15510;2534;
1081;Nordjylland;2020-08-16;F;4;0;0;624;15514;2534;
1085;Sjælland;2020-08-16;F;4;0;0;624;15518;2534;
1083;Syddanmark;2020-08-16;F;4;0;0;624;15522;2534;
1084;Hovedstaden;2020-08-16;M;15;0;1;624;15537;2535;
1082;Midtjylland;2020-08-16;M;15;0;0;624;15552;2535;
1081;Nordjylland;2020-08-16;M;6;1;1;625;15558;2536;
1085;Sjælland;2020-08-16;M;3;0;0;625;15561;2536;
1083;Syddanmark;2020-08-16;M;7;0;0;625;15568;2536;
1084;Hovedstaden;2020-08-17;F;10;0;1;625;15578;2537;
1082;Midtjylland;2020-08-17;F;26;0;0;625;15604;2537;
1081;Nordjylland;2020-08-17;F;4;0;0;625;15608;2537;
1085;Sjælland;2020-08-17;F;3;0;1;625;15611;2538;
1083;Syddanmark;2020-08-17;F;5;0;0;625;15616;2538;
1084;Hovedstaden;2020-08-17;M;20;0;0;625;15636;2538;
1082;Midtjylland;2020-08-17;M;17;0;1;625;15653;2539;
1081;Nordjylland;2020-08-17;M;4;0;0;625;15657;2539;
1085;Sjælland;2020-08-17;M;3;0;0;625;15660;2539;
1083;Syddanmark;2020-08-17;M;5;0;0;625;15665;2539;
1084;Hovedstaden;2020-08-18;F;16;1;1;626;15681;2540;
1082;Midtjylland;2020-08-18;F;19;0;0;626;15700;2540;
1081;Nordjylland;2020-08-18;F;4;0;0;626;15704;2540;
1085;Sjælland;2020-08-18;F;8;0;1;626;15712;2541;
1083;Syddanmark;2020-08-18;F;4;0;0;626;15716;2541;
1084;Hovedstaden;2020-08-18;M;24;0;0;626;15740;2541;
1082;Midtjylland;2020-08-18;M;22;0;0;626;15762;2541;
1081;Nordjylland;2020-08-18;M;3;1;1;627;15765;2542;
1085;Sjælland;2020-08-18;M;6;0;0;627;15771;2542;
1083;Syddanmark;2020-08-18;M;6;0;0;627;15777;2542;
1084;Hovedstaden;2020-08-19;F;11;0;1;627;15788;2543;
1082;Midtjylland;2020-08-19;F;12;0;0;627;15800;2543;
1081;Nordjylland;2020-08-19;F;6;0;0;627;15806;2543;
1085;Sjælland;2020-08-19;F;1;0;0;627;15807;2543;
1083;Syddanmark;2020-08-19;F;7;1;1;628;15814;2544;
1084;Hovedstaden;2020-08-19;M;23;0;0;628;15837;2544;
1082;Midtjylland;2020-08-19;M;15;0;0;628;15852;2544;
1081;Nordjylland;2020-08-19;M;2;0;0;628;15854;2544;
1085;Sjælland;2020-08-19;M;3;0;0;628;15857;2544;
1083;Syddanmark;2020-08-19;M;6;0;0;628;15863;2544;
1084;Hovedstaden;2020-08-20;F;10;0;1;628;15873;2545;
1082;Midtjylland;2020-08-20;F;15;0;1;628;15888;2546;
1081;Nordjylland;2020-08-20;F;1;0;0;628;15889;2546;
1085;Sjælland;2020-08-20;F;4;0;0;628;15893;2546;
1083;Syddanmark;2020-08-20;F;4;0;0;628;15897;2546;
1084;Hovedstaden;2020-08-20;M;15;0;1;628;15912;2547;
1082;Midtjylland;2020-08-20;M;16;0;1;628;15928;2548;
1081;Nordjylland;2020-08-20;M;3;0;0;628;15931;2548;
1085;Sjælland;2020-08-20;M;7;0;1;628;15938;2549;
1083;Syddanmark;2020-08-20;M;7;0;0;628;15945;2549;
1084;Hovedstaden;2020-08-21;F;6;0;0;628;15951;2549;
1082;Midtjylland;2020-08-21;F;13;0;0;628;15964;2549;
1081;Nordjylland;2020-08-21;F;4;0;1;628;15968;2550;
1085;Sjælland;2020-08-21;F;3;0;0;628;15971;2550;
1083;Syddanmark;2020-08-21;F;5;0;0;628;15976;2550;
1084;Hovedstaden;2020-08-21;M;23;0;0;628;15999;2550;
1082;Midtjylland;2020-08-21;M;13;0;0;628;16012;2550;
1081;Nordjylland;2020-08-21;M;3;0;0;628;16015;2550;
1085;Sjælland;2020-08-21;M;2;0;0;628;16017;2550;
1083;Syddanmark;2020-08-21;M;10;0;0;628;16027;2550;
1084;Hovedstaden;2020-08-22;F;18;0;0;628;16045;2550;
1082;Midtjylland;2020-08-22;F;17;0;0;628;16062;2550;
1081;Nordjylland;2020-08-22;F;4;0;0;628;16066;2550;
1085;Sjælland;2020-08-22;F;2;0;0;628;16068;2550;
1083;Syddanmark;2020-08-22;F;11;0;1;628;16079;2551;
1084;Hovedstaden;2020-08-22;M;11;0;0;628;16090;2551;
1082;Midtjylland;2020-08-22;M;12;0;0;628;16102;2551;
1081;Nordjylland;2020-08-22;M;2;0;1;628;16104;2552;
1085;Sjælland;2020-08-22;M;3;0;2;628;16107;2554;
1083;Syddanmark;2020-08-22;M;8;0;1;628;16115;2555;
1084;Hovedstaden;2020-08-23;F;11;0;0;628;16126;2555;
1082;Midtjylland;2020-08-23;F;13;0;0;628;16139;2555;
1081;Nordjylland;2020-08-23;F;6;0;0;628;16145;2555;
1085;Sjælland;2020-08-23;F;1;0;0;628;16146;2555;
1083;Syddanmark;2020-08-23;F;7;0;0;628;16153;2555;
1084;Hovedstaden;2020-08-23;M;12;0;1;628;16165;2556;
1082;Midtjylland;2020-08-23;M;10;0;0;628;16175;2556;
1081;Nordjylland;2020-08-23;M;2;1;1;629;16177;2557;
1085;Sjælland;2020-08-23;M;3;0;0;629;16180;2557;
1083;Syddanmark;2020-08-23;M;8;0;0;629;16188;2557;
1084;Hovedstaden;2020-08-24;F;11;0;0;629;16199;2557;
1082;Midtjylland;2020-08-24;F;15;0;0;629;16214;2557;
1081;Nordjylland;2020-08-24;F;3;0;0;629;16217;2557;
1085;Sjælland;2020-08-24;F;2;0;0;629;16219;2557;
1083;Syddanmark;2020-08-24;F;4;0;0;629;16223;2557;
1084;Hovedstaden;2020-08-24;M;14;0;2;629;16237;2559;
1082;Midtjylland;2020-08-24;M;14;0;2;629;16251;2561;
1081;Nordjylland;2020-08-24;M;3;0;0;629;16254;2561;
1085;Sjælland;2020-08-24;M;4;0;0;629;16258;2561;
1083;Syddanmark;2020-08-24;M;2;0;0;629;16260;2561;
1084;Hovedstaden;2020-08-25;F;13;0;1;629;16273;2562;
1082;Midtjylland;2020-08-25;F;10;0;0;629;16283;2562;
1081;Nordjylland;2020-08-25;F;4;0;0;629;16287;2562;
1085;Sjælland;2020-08-25;F;3;0;0;629;16290;2562;
1083;Syddanmark;2020-08-25;F;6;0;0;629;16296;2562;
1084;Hovedstaden;2020-08-25;M;25;0;1;629;16321;2563;
1082;Midtjylland;2020-08-25;M;12;0;1;629;16333;2564;
1081;Nordjylland;2020-08-25;M;5;0;0;629;16338;2564;
1085;Sjælland;2020-08-25;M;1;0;0;629;16339;2564;
1083;Syddanmark;2020-08-25;M;4;0;0;629;16343;2564;
1084;Hovedstaden;2020-08-26;F;20;0;1;629;16363;2565;
1082;Midtjylland;2020-08-26;F;9;0;0;629;16372;2565;
1081;Nordjylland;2020-08-26;F;1;0;0;629;16373;2565;
1085;Sjælland;2020-08-26;F;4;0;0;629;16377;2565;
1083;Syddanmark;2020-08-26;F;4;0;0;629;16381;2565;
1084;Hovedstaden;2020-08-26;M;16;0;0;629;16397;2565;
1082;Midtjylland;2020-08-26;M;11;0;0;629;16408;2565;
1081;Nordjylland;2020-08-26;M;3;0;1;629;16411;2566;
1085;Sjælland;2020-08-26;M;6;0;2;629;16417;2568;
1083;Syddanmark;2020-08-26;M;6;0;0;629;16423;2568;
1084;Hovedstaden;2020-08-27;F;7;0;0;629;16430;2568;
1082;Midtjylland;2020-08-27;F;9;0;0;629;16439;2568;
1081;Nordjylland;2020-08-27;F;1;0;0;629;16440;2568;
1085;Sjælland;2020-08-27;F;2;0;0;629;16442;2568;
1083;Syddanmark;2020-08-27;F;6;0;0;629;16448;2568;
1084;Hovedstaden;2020-08-27;M;16;0;1;629;16464;2569;
1082;Midtjylland;2020-08-27;M;10;0;0;629;16474;2569;
1081;Nordjylland;2020-08-27;M;3;0;0;629;16477;2569;
1085;Sjælland;2020-08-27;M;5;0;0;629;16482;2569;
1083;Syddanmark;2020-08-27;M;9;0;0;629;16491;2569;
1084;Hovedstaden;2020-08-28;F;18;0;0;629;16509;2569;
1082;Midtjylland;2020-08-28;F;13;0;1;629;16522;2570;
1081;Nordjylland;2020-08-28;F;4;0;1;629;16526;2571;
1085;Sjælland;2020-08-28;F;4;0;1;629;16530;2572;
1083;Syddanmark;2020-08-28;F;7;0;0;629;16537;2572;
1084;Hovedstaden;2020-08-28;M;24;0;1;629;16561;2573;
1082;Midtjylland;2020-08-28;M;12;0;0;629;16573;2573;
1081;Nordjylland;2020-08-28;M;5;0;1;629;16578;2574;
1085;Sjælland;2020-08-28;M;5;0;0;629;16583;2574;
1083;Syddanmark;2020-08-28;M;15;0;0;629;16598;2574;
1084;Hovedstaden;2020-08-29;F;16;0;2;629;16614;2576;
1082;Midtjylland;2020-08-29;F;6;0;0;629;16620;2576;
1081;Nordjylland;2020-08-29;F;5;0;0;629;16625;2576;
1085;Sjælland;2020-08-29;F;1;0;0;629;16626;2576;
1083;Syddanmark;2020-08-29;F;10;0;0;629;16636;2576;
1084;Hovedstaden;2020-08-29;M;22;0;2;629;16658;2578;
1082;Midtjylland;2020-08-29;M;12;0;1;629;16670;2579;
1081;Nordjylland;2020-08-29;M;6;0;0;629;16676;2579;
1085;Sjælland;2020-08-29;M;1;0;0;629;16677;2579;
1083;Syddanmark;2020-08-29;M;4;0;0;629;16681;2579;
1084;Hovedstaden;2020-08-30;F;23;0;2;629;16704;2581;
1082;Midtjylland;2020-08-30;F;11;0;1;629;16715;2582;
1081;Nordjylland;2020-08-30;F;3;0;0;629;16718;2582;
1085;Sjælland;2020-08-30;F;1;0;0;629;16719;2582;
1083;Syddanmark;2020-08-30;F;11;0;1;629;16730;2583;
1084;Hovedstaden;2020-08-30;M;28;0;2;629;16758;2585;
1082;Midtjylland;2020-08-30;M;12;0;0;629;16770;2585;
1081;Nordjylland;2020-08-30;M;3;0;0;629;16773;2585;
1085;Sjælland;2020-08-30;M;4;0;0;629;16777;2585;
1083;Syddanmark;2020-08-30;M;8;0;0;629;16785;2585;
1084;Hovedstaden;2020-08-31;F;31;0;0;629;16816;2585;
1082;Midtjylland;2020-08-31;F;11;0;0;629;16827;2585;
1085;Sjælland;2020-08-31;F;2;0;0;629;16829;2585;
1083;Syddanmark;2020-08-31;F;14;0;1;629;16843;2586;
1084;Hovedstaden;2020-08-31;M;36;0;0;629;16879;2586;
1082;Midtjylland;2020-08-31;M;8;0;1;629;16887;2587;
1081;Nordjylland;2020-08-31;M;3;0;0;629;16890;2587;
1085;Sjælland;2020-08-31;M;7;0;0;629;16897;2587;
1083;Syddanmark;2020-08-31;M;8;0;1;629;16905;2588;
1084;Hovedstaden;2020-09-01;F;39;0;0;629;16944;2588;
1082;Midtjylland;2020-09-01;F;18;0;0;629;16962;2588;
1081;Nordjylland;2020-09-01;F;3;0;0;629;16965;2588;
1085;Sjælland;2020-09-01;F;6;0;0;629;16971;2588;
1083;Syddanmark;2020-09-01;F;26;0;1;629;16997;2589;
1084;Hovedstaden;2020-09-01;M;52;0;1;629;17049;2590;
1082;Midtjylland;2020-09-01;M;13;0;0;629;17062;2590;
1081;Nordjylland;2020-09-01;M;4;0;0;629;17066;2590;
1085;Sjælland;2020-09-01;M;10;0;0;629;17076;2590;
1083;Syddanmark;2020-09-01;M;25;0;2;629;17101;2592;
1084;Hovedstaden;2020-09-02;F;37;0;2;629;17138;2594;
1082;Midtjylland;2020-09-02;F;6;0;0;629;17144;2594;
1081;Nordjylland;2020-09-02;F;3;0;0;629;17147;2594;
1085;Sjælland;2020-09-02;F;5;0;0;629;17152;2594;
1083;Syddanmark;2020-09-02;F;18;0;0;629;17170;2594;
1084;Hovedstaden;2020-09-02;M;48;0;4;629;17218;2598;
1082;Midtjylland;2020-09-02;M;10;0;1;629;17228;2599;
1081;Nordjylland;2020-09-02;M;1;0;0;629;17229;2599;
1085;Sjælland;2020-09-02;M;9;0;0;629;17238;2599;
1083;Syddanmark;2020-09-02;M;18;0;1;629;17256;2600;
1084;Hovedstaden;2020-09-03;F;53;0;2;629;17309;2602;
1082;Midtjylland;2020-09-03;F;10;0;1;629;17319;2603;
1081;Nordjylland;2020-09-03;F;4;0;0;629;17323;2603;
1085;Sjælland;2020-09-03;F;6;0;0;629;17329;2603;
1083;Syddanmark;2020-09-03;F;20;0;0;629;17349;2603;
1084;Hovedstaden;2020-09-03;M;62;0;2;629;17411;2605;
1082;Midtjylland;2020-09-03;M;6;0;1;629;17417;2606;
1081;Nordjylland;2020-09-03;M;7;0;0;629;17424;2606;
1085;Sjælland;2020-09-03;M;9;0;1;629;17433;2607;
1083;Syddanmark;2020-09-03;M;15;0;0;629;17448;2607;
1084;Hovedstaden;2020-09-04;F;68;1;2;630;17516;2609;
1082;Midtjylland;2020-09-04;F;10;0;0;630;17526;2609;
1081;Nordjylland;2020-09-04;F;8;0;0;630;17534;2609;
1085;Sjælland;2020-09-04;F;8;0;1;630;17542;2610;
1083;Syddanmark;2020-09-04;F;12;0;0;630;17554;2610;
1084;Hovedstaden;2020-09-04;M;46;1;1;631;17600;2611;
1082;Midtjylland;2020-09-04;M;11;0;2;631;17611;2613;
1081;Nordjylland;2020-09-04;M;7;0;1;631;17618;2614;
1085;Sjælland;2020-09-04;M;15;0;1;631;17633;2615;
1083;Syddanmark;2020-09-04;M;14;0;0;631;17647;2615;
1084;Hovedstaden;2020-09-05;F;49;0;3;631;17696;2618;
1082;Midtjylland;2020-09-05;F;8;0;0;631;17704;2618;
1081;Nordjylland;2020-09-05;F;4;0;2;631;17708;2620;
1085;Sjælland;2020-09-05;F;5;0;0;631;17713;2620;
1083;Syddanmark;2020-09-05;F;25;0;0;631;17738;2620;
1084;Hovedstaden;2020-09-05;M;55;1;1;632;17793;2621;
1082;Midtjylland;2020-09-05;M;6;0;1;632;17799;2622;
1081;Nordjylland;2020-09-05;M;8;0;0;632;17807;2622;
1085;Sjælland;2020-09-05;M;12;0;0;632;17819;2622;
1083;Syddanmark;2020-09-05;M;27;0;2;632;17846;2624;
1084;Hovedstaden;2020-09-06;F;89;1;2;633;17935;2626;
1082;Midtjylland;2020-09-06;F;13;0;1;633;17948;2627;
1081;Nordjylland;2020-09-06;F;7;0;0;633;17955;2627;
1085;Sjælland;2020-09-06;F;9;0;1;633;17964;2628;
1083;Syddanmark;2020-09-06;F;9;0;0;633;17973;2628;
1084;Hovedstaden;2020-09-06;M;62;0;3;633;18035;2631;
1082;Midtjylland;2020-09-06;M;5;0;0;633;18040;2631;
1081;Nordjylland;2020-09-06;M;9;0;1;633;18049;2632;
1085;Sjælland;2020-09-06;M;9;0;0;633;18058;2632;
1083;Syddanmark;2020-09-06;M;10;0;0;633;18068;2632;
1084;Hovedstaden;2020-09-07;F;79;0;2;633;18147;2634;
1082;Midtjylland;2020-09-07;F;14;0;2;633;18161;2636;
1081;Nordjylland;2020-09-07;F;16;0;2;633;18177;2638;
1085;Sjælland;2020-09-07;F;41;0;2;633;18218;2640;
1083;Syddanmark;2020-09-07;F;13;0;0;633;18231;2640;
1084;Hovedstaden;2020-09-07;M;79;1;2;634;18310;2642;
1082;Midtjylland;2020-09-07;M;6;0;0;634;18316;2642;
1081;Nordjylland;2020-09-07;M;11;0;0;634;18327;2642;
1085;Sjælland;2020-09-07;M;25;0;1;634;18352;2643;
1083;Syddanmark;2020-09-07;M;11;0;0;634;18363;2643;
1084;Hovedstaden;2020-09-08;F;75;0;2;634;18438;2645;
1082;Midtjylland;2020-09-08;F;26;0;2;634;18464;2647;
1081;Nordjylland;2020-09-08;F;11;0;1;634;18475;2648;
1085;Sjælland;2020-09-08;F;25;0;1;634;18500;2649;
1083;Syddanmark;2020-09-08;F;32;0;0;634;18532;2649;
1084;Hovedstaden;2020-09-08;M;82;0;2;634;18614;2651;
1082;Midtjylland;2020-09-08;M;15;0;0;634;18629;2651;
1081;Nordjylland;2020-09-08;M;13;1;1;635;18642;2652;
1085;Sjælland;2020-09-08;M;25;0;0;635;18667;2652;
1083;Syddanmark;2020-09-08;M;23;1;2;636;18690;2654;
1084;Hovedstaden;2020-09-09;F;67;0;2;636;18757;2656;
1082;Midtjylland;2020-09-09;F;16;0;1;636;18773;2657;
1081;Nordjylland;2020-09-09;F;14;0;0;636;18787;2657;
1085;Sjælland;2020-09-09;F;7;0;0;636;18794;2657;
1083;Syddanmark;2020-09-09;F;30;0;0;636;18824;2657;
1084;Hovedstaden;2020-09-09;M;90;1;5;637;18914;2662;
1082;Midtjylland;2020-09-09;M;12;0;1;637;18926;2663;
1081;Nordjylland;2020-09-09;M;15;0;0;637;18941;2663;
1085;Sjælland;2020-09-09;M;17;0;1;637;18958;2664;
1083;Syddanmark;2020-09-09;M;25;0;2;637;18983;2666;
1084;Hovedstaden;2020-09-10;F;101;2;4;639;19084;2670;
1082;Midtjylland;2020-09-10;F;8;0;0;639;19092;2670;
1081;Nordjylland;2020-09-10;F;18;0;0;639;19110;2670;
1085;Sjælland;2020-09-10;F;30;0;0;639;19140;2670;
1083;Syddanmark;2020-09-10;F;35;0;1;639;19175;2671;
1084;Hovedstaden;2020-09-10;M;96;2;6;641;19271;2677;
1082;Midtjylland;2020-09-10;M;20;0;0;641;19291;2677;
1081;Nordjylland;2020-09-10;M;19;1;1;642;19310;2678;
1085;Sjælland;2020-09-10;M;20;0;0;642;19330;2678;
1083;Syddanmark;2020-09-10;M;20;0;2;642;19350;2680;
1084;Hovedstaden;2020-09-11;F;93;1;3;643;19443;2683;
1082;Midtjylland;2020-09-11;F;28;0;0;643;19471;2683;
1081;Nordjylland;2020-09-11;F;21;0;1;643;19492;2684;
1085;Sjælland;2020-09-11;F;10;0;0;643;19502;2684;
1083;Syddanmark;2020-09-11;F;21;0;0;643;19523;2684;
1084;Hovedstaden;2020-09-11;M;76;0;4;643;19599;2688;
1082;Midtjylland;2020-09-11;M;43;0;5;643;19642;2693;
1081;Nordjylland;2020-09-11;M;22;0;0;643;19664;2693;
1085;Sjælland;2020-09-11;M;11;0;0;643;19675;2693;
1083;Syddanmark;2020-09-11;M;21;0;1;643;19696;2694;
1084;Hovedstaden;2020-09-12;F;89;0;1;643;19785;2695;
1082;Midtjylland;2020-09-12;F;14;0;1;643;19799;2696;
1081;Nordjylland;2020-09-12;F;12;0;0;643;19811;2696;
1085;Sjælland;2020-09-12;F;11;0;0;643;19822;2696;
1083;Syddanmark;2020-09-12;F;20;0;0;643;19842;2696;
1084;Hovedstaden;2020-09-12;M;85;2;4;645;19927;2700;
1082;Midtjylland;2020-09-12;M;15;0;0;645;19942;2700;
1081;Nordjylland;2020-09-12;M;19;1;1;646;19961;2701;
1085;Sjælland;2020-09-12;M;12;0;0;646;19973;2701;
1083;Syddanmark;2020-09-12;M;24;0;1;646;19997;2702;
1084;Hovedstaden;2020-09-13;F;83;0;5;646;20080;2707;
1082;Midtjylland;2020-09-13;F;7;0;0;646;20087;2707;
1081;Nordjylland;2020-09-13;F;19;0;0;646;20106;2707;
1085;Sjælland;2020-09-13;F;8;1;0;647;20114;2707;
1083;Syddanmark;2020-09-13;F;20;0;0;647;20134;2707;
1084;Hovedstaden;2020-09-13;M;88;1;1;648;20222;2708;
1082;Midtjylland;2020-09-13;M;9;0;0;648;20231;2708;
1081;Nordjylland;2020-09-13;M;23;0;3;648;20254;2711;
1085;Sjælland;2020-09-13;M;9;0;0;648;20263;2711;
1083;Syddanmark;2020-09-13;M;32;1;1;649;20295;2712;
1084;Hovedstaden;2020-09-14;F;115;0;2;649;20410;2714;
1082;Midtjylland;2020-09-14;F;18;0;0;649;20428;2714;
1081;Nordjylland;2020-09-14;F;19;0;1;649;20447;2715;
1085;Sjælland;2020-09-14;F;16;0;2;649;20463;2717;
1083;Syddanmark;2020-09-14;F;20;0;1;649;20483;2718;
1084;Hovedstaden;2020-09-14;M;108;0;4;649;20591;2722;
1082;Midtjylland;2020-09-14;M;18;0;1;649;20609;2723;
1081;Nordjylland;2020-09-14;M;29;1;1;650;20638;2724;
1085;Sjælland;2020-09-14;M;15;0;0;650;20653;2724;
1083;Syddanmark;2020-09-14;M;23;0;1;650;20676;2725;
1084;Hovedstaden;2020-09-15;F;136;0;6;650;20812;2731;
1082;Midtjylland;2020-09-15;F;22;0;3;650;20834;2734;
1081;Nordjylland;2020-09-15;F;32;0;2;650;20866;2736;
1085;Sjælland;2020-09-15;F;17;0;0;650;20883;2736;
1083;Syddanmark;2020-09-15;F;29;0;1;650;20912;2737;
1084;Hovedstaden;2020-09-15;M;104;0;4;650;21016;2741;
1082;Midtjylland;2020-09-15;M;25;0;3;650;21041;2744;
1081;Nordjylland;2020-09-15;M;29;0;1;650;21070;2745;
1085;Sjælland;2020-09-15;M;20;0;2;650;21090;2747;
1083;Syddanmark;2020-09-15;M;21;0;0;650;21111;2747;
1084;Hovedstaden;2020-09-16;F;151;2;9;652;21262;2756;
1082;Midtjylland;2020-09-16;F;29;0;1;652;21291;2757;
1081;Nordjylland;2020-09-16;F;38;0;0;652;21329;2757;
1085;Sjælland;2020-09-16;F;31;0;0;652;21360;2757;
1083;Syddanmark;2020-09-16;F;33;0;0;652;21393;2757;
1084;Hovedstaden;2020-09-16;M;157;1;7;653;21550;2764;
1082;Midtjylland;2020-09-16;M;34;0;2;653;21584;2766;
1081;Nordjylland;2020-09-16;M;28;1;2;654;21612;2768;
1085;Sjælland;2020-09-16;M;16;0;1;654;21628;2769;
1083;Syddanmark;2020-09-16;M;35;0;2;654;21663;2771;
1084;Hovedstaden;2020-09-17;F;144;1;4;655;21807;2775;
1082;Midtjylland;2020-09-17;F;32;0;1;655;21839;2776;
1081;Nordjylland;2020-09-17;F;13;0;1;655;21852;2777;
1085;Sjælland;2020-09-17;F;23;0;1;655;21875;2778;
1083;Syddanmark;2020-09-17;F;27;0;0;655;21902;2778;
1084;Hovedstaden;2020-09-17;M;170;0;2;655;22072;2780;
1082;Midtjylland;2020-09-17;M;29;0;0;655;22101;2780;
1081;Nordjylland;2020-09-17;M;24;1;4;656;22125;2784;
1085;Sjælland;2020-09-17;M;21;0;0;656;22146;2784;
1083;Syddanmark;2020-09-17;M;35;0;1;656;22181;2785;
1084;Hovedstaden;2020-09-18;F;133;1;5;657;22314;2790;
1082;Midtjylland;2020-09-18;F;37;0;1;657;22351;2791;
1081;Nordjylland;2020-09-18;F;21;0;0;657;22372;2791;
1085;Sjælland;2020-09-18;F;21;0;0;657;22393;2791;
1083;Syddanmark;2020-09-18;F;29;0;3;657;22422;2794;
1084;Hovedstaden;2020-09-18;M;127;0;4;657;22549;2798;
1082;Midtjylland;2020-09-18;M;32;0;1;657;22581;2799;
1081;Nordjylland;2020-09-18;M;25;0;1;657;22606;2800;
1085;Sjælland;2020-09-18;M;27;0;1;657;22633;2801;
1083;Syddanmark;2020-09-18;M;23;0;0;657;22656;2801;
1084;Hovedstaden;2020-09-19;F;114;1;6;658;22770;2807;
1082;Midtjylland;2020-09-19;F;23;0;1;658;22793;2808;
1081;Nordjylland;2020-09-19;F;14;0;1;658;22807;2809;
1085;Sjælland;2020-09-19;F;20;0;1;658;22827;2810;
1083;Syddanmark;2020-09-19;F;35;0;1;658;22862;2811;
1084;Hovedstaden;2020-09-19;M;114;0;2;658;22976;2813;
1082;Midtjylland;2020-09-19;M;26;0;0;658;23002;2813;
1081;Nordjylland;2020-09-19;M;17;0;2;658;23019;2815;
1085;Sjælland;2020-09-19;M;28;0;2;658;23047;2817;
1083;Syddanmark;2020-09-19;M;25;0;1;658;23072;2818;
1084;Hovedstaden;2020-09-20;F;104;2;5;660;23176;2823;
1082;Midtjylland;2020-09-20;F;21;0;1;660;23197;2824;
1081;Nordjylland;2020-09-20;F;24;0;1;660;23221;2825;
1085;Sjælland;2020-09-20;F;24;0;0;660;23245;2825;
1083;Syddanmark;2020-09-20;F;20;0;2;660;23265;2827;
1084;Hovedstaden;2020-09-20;M;122;0;5;660;23387;2832;
1082;Midtjylland;2020-09-20;M;30;0;1;660;23417;2833;
1081;Nordjylland;2020-09-20;M;18;0;1;660;23435;2834;
1085;Sjælland;2020-09-20;M;22;0;0;660;23457;2834;
1083;Syddanmark;2020-09-20;M;22;0;1;660;23479;2835;
1084;Hovedstaden;2020-09-21;F;137;0;5;660;23616;2840;
1082;Midtjylland;2020-09-21;F;42;0;2;660;23658;2842;
1081;Nordjylland;2020-09-21;F;22;0;1;660;23680;2843;
1085;Sjælland;2020-09-21;F;34;0;1;660;23714;2844;
1083;Syddanmark;2020-09-21;F;30;0;1;660;23744;2845;
1084;Hovedstaden;2020-09-21;M;161;0;1;660;23905;2846;
1082;Midtjylland;2020-09-21;M;23;0;0;660;23928;2846;
1081;Nordjylland;2020-09-21;M;36;0;0;660;23964;2846;
1085;Sjælland;2020-09-21;M;22;0;1;660;23986;2847;
1083;Syddanmark;2020-09-21;M;28;0;0;660;24014;2847;
1084;Hovedstaden;2020-09-22;F;153;1;5;661;24167;2852;
1082;Midtjylland;2020-09-22;F;50;0;0;661;24217;2852;
1081;Nordjylland;2020-09-22;F;21;0;0;661;24238;2852;
1085;Sjælland;2020-09-22;F;29;0;0;661;24267;2852;
1083;Syddanmark;2020-09-22;F;34;0;1;661;24301;2853;
1084;Hovedstaden;2020-09-22;M;148;2;6;663;24449;2859;
1082;Midtjylland;2020-09-22;M;43;0;1;663;24492;2860;
1081;Nordjylland;2020-09-22;M;32;0;0;663;24524;2860;
1085;Sjælland;2020-09-22;M;39;0;2;663;24563;2862;
1083;Syddanmark;2020-09-22;M;38;1;3;664;24601;2865;
1084;Hovedstaden;2020-09-23;F;144;1;6;665;24745;2871;
1082;Midtjylland;2020-09-23;F;52;0;2;665;24797;2873;
1081;Nordjylland;2020-09-23;F;24;0;0;665;24821;2873;
1085;Sjælland;2020-09-23;F;49;0;2;665;24870;2875;
1083;Syddanmark;2020-09-23;F;39;0;0;665;24909;2875;
1084;Hovedstaden;2020-09-23;M;155;0;4;665;25064;2879;
1082;Midtjylland;2020-09-23;M;72;0;4;665;25136;2883;
1081;Nordjylland;2020-09-23;M;25;0;0;665;25161;2883;
1085;Sjælland;2020-09-23;M;47;2;5;667;25208;2888;
1083;Syddanmark;2020-09-23;M;45;0;1;667;25253;2889;
1084;Hovedstaden;2020-09-24;F;142;0;3;667;25395;2892;
1082;Midtjylland;2020-09-24;F;58;0;3;667;25453;2895;
1081;Nordjylland;2020-09-24;F;20;0;0;667;25473;2895;
1085;Sjælland;2020-09-24;F;40;0;1;667;25513;2896;
1083;Syddanmark;2020-09-24;F;43;0;4;667;25556;2900;
1084;Hovedstaden;2020-09-24;M;146;1;7;668;25702;2907;
1082;Midtjylland;2020-09-24;M;55;1;0;669;25757;2907;
1081;Nordjylland;2020-09-24;M;18;0;0;669;25775;2907;
1085;Sjælland;2020-09-24;M;40;0;2;669;25815;2909;
1083;Syddanmark;2020-09-24;M;37;0;5;669;25852;2914;
1084;Hovedstaden;2020-09-25;F;103;0;5;669;25955;2919;
1082;Midtjylland;2020-09-25;F;52;0;2;669;26007;2921;
1081;Nordjylland;2020-09-25;F;13;0;1;669;26020;2922;
1085;Sjælland;2020-09-25;F;31;0;2;669;26051;2924;
1083;Syddanmark;2020-09-25;F;40;0;0;669;26091;2924;
1084;Hovedstaden;2020-09-25;M;104;1;3;670;26195;2927;
1082;Midtjylland;2020-09-25;M;52;0;0;670;26247;2927;
1081;Nordjylland;2020-09-25;M;27;0;0;670;26274;2927;
1085;Sjælland;2020-09-25;M;34;0;2;670;26308;2929;
1083;Syddanmark;2020-09-25;M;32;0;1;670;26340;2930;
1084;Hovedstaden;2020-09-26;F;84;0;3;670;26424;2933;
1082;Midtjylland;2020-09-26;F;50;0;0;670;26474;2933;
1081;Nordjylland;2020-09-26;F;15;0;1;670;26489;2934;
1085;Sjælland;2020-09-26;F;30;0;2;670;26519;2936;
1083;Syddanmark;2020-09-26;F;18;0;1;670;26537;2937;
1084;Hovedstaden;2020-09-26;M;95;0;2;670;26632;2939;
1082;Midtjylland;2020-09-26;M;42;0;1;670;26674;2940;
1081;Nordjylland;2020-09-26;M;17;0;0;670;26691;2940;
1085;Sjælland;2020-09-26;M;24;0;2;670;26715;2942;
1083;Syddanmark;2020-09-26;M;20;0;0;670;26735;2942;
1084;Hovedstaden;2020-09-27;F;103;0;3;670;26838;2945;
1082;Midtjylland;2020-09-27;F;47;0;0;670;26885;2945;
1081;Nordjylland;2020-09-27;F;9;0;0;670;26894;2945;
1085;Sjælland;2020-09-27;F;23;0;0;670;26917;2945;
1083;Syddanmark;2020-09-27;F;14;0;0;670;26931;2945;
1084;Hovedstaden;2020-09-27;M;81;0;3;670;27012;2948;
1082;Midtjylland;2020-09-27;M;32;0;2;670;27044;2950;
1081;Nordjylland;2020-09-27;M;13;1;2;671;27057;2952;
1085;Sjælland;2020-09-27;M;16;0;0;671;27073;2952;
1083;Syddanmark;2020-09-27;M;20;0;0;671;27093;2952;
1084;Hovedstaden;2020-09-28;F;118;0;4;671;27211;2956;
1082;Midtjylland;2020-09-28;F;52;0;1;671;27263;2957;
1081;Nordjylland;2020-09-28;F;15;0;0;671;27278;2957;
1085;Sjælland;2020-09-28;F;28;0;0;671;27306;2957;
1083;Syddanmark;2020-09-28;F;33;0;2;671;27339;2959;
1084;Hovedstaden;2020-09-28;M;94;1;3;672;27433;2962;
1082;Midtjylland;2020-09-28;M;57;0;3;672;27490;2965;
1081;Nordjylland;2020-09-28;M;25;0;0;672;27515;2965;
1085;Sjælland;2020-09-28;M;35;0;1;672;27550;2966;
1083;Syddanmark;2020-09-28;M;26;0;2;672;27576;2968;
1084;Hovedstaden;2020-09-29;F;100;0;1;672;27676;2969;
1082;Midtjylland;2020-09-29;F;56;0;4;672;27732;2973;
1081;Nordjylland;2020-09-29;F;17;0;0;672;27749;2973;
1085;Sjælland;2020-09-29;F;28;0;0;672;27777;2973;
1083;Syddanmark;2020-09-29;F;27;1;1;673;27804;2974;
1084;Hovedstaden;2020-09-29;M;91;0;3;673;27895;2977;
1082;Midtjylland;2020-09-29;M;51;1;2;674;27946;2979;
1081;Nordjylland;2020-09-29;M;27;0;1;674;27973;2980;
1085;Sjælland;2020-09-29;M;24;0;1;674;27997;2981;
1083;Syddanmark;2020-09-29;M;29;0;1;674;28026;2982;
1084;Hovedstaden;2020-09-30;F;97;0;2;674;28123;2984;
1082;Midtjylland;2020-09-30;F;46;0;0;674;28169;2984;
1081;Nordjylland;2020-09-30;F;13;0;0;674;28182;2984;
1085;Sjælland;2020-09-30;F;28;0;3;674;28210;2987;
1083;Syddanmark;2020-09-30;F;20;0;1;674;28230;2988;
1084;Hovedstaden;2020-09-30;M;78;0;3;674;28308;2991;
1082;Midtjylland;2020-09-30;M;48;0;1;674;28356;2992;
1081;Nordjylland;2020-09-30;M;26;0;0;674;28382;2992;
1085;Sjælland;2020-09-30;M;31;0;0;674;28413;2992;
1083;Syddanmark;2020-09-30;M;46;0;1;674;28459;2993;
1084;Hovedstaden;2020-10-01;F;90;0;2;674;28549;2995;
1082;Midtjylland;2020-10-01;F;54;0;0;674;28603;2995;
1081;Nordjylland;2020-10-01;F;20;2;2;676;28623;2997;
1085;Sjælland;2020-10-01;F;30;0;0;676;28653;2997;
1083;Syddanmark;2020-10-01;F;25;1;0;677;28678;2997;
1084;Hovedstaden;2020-10-01;M;74;0;2;677;28752;2999;
1082;Midtjylland;2020-10-01;M;54;1;3;678;28806;3002;
1081;Nordjylland;2020-10-01;M;21;1;2;679;28827;3004;
1085;Sjælland;2020-10-01;M;26;0;0;679;28853;3004;
1083;Syddanmark;2020-10-01;M;33;0;2;679;28886;3006;
1084;Hovedstaden;2020-10-02;F;74;0;3;679;28960;3009;
1082;Midtjylland;2020-10-02;F;39;0;2;679;28999;3011;
1081;Nordjylland;2020-10-02;F;19;0;1;679;29018;3012;
1085;Sjælland;2020-10-02;F;21;0;0;679;29039;3012;
1083;Syddanmark;2020-10-02;F;20;0;0;679;29059;3012;
1084;Hovedstaden;2020-10-02;M;67;0;2;679;29126;3014;
1082;Midtjylland;2020-10-02;M;62;1;2;680;29188;3016;
1081;Nordjylland;2020-10-02;M;17;0;0;680;29205;3016;
1085;Sjælland;2020-10-02;M;20;0;1;680;29225;3017;
1083;Syddanmark;2020-10-02;M;27;0;0;680;29252;3017;
1084;Hovedstaden;2020-10-03;F;79;0;0;680;29331;3017;
1082;Midtjylland;2020-10-03;F;27;0;0;680;29358;3017;
1081;Nordjylland;2020-10-03;F;12;0;0;680;29370;3017;
1085;Sjælland;2020-10-03;F;17;0;0;680;29387;3017;
1083;Syddanmark;2020-10-03;F;29;0;0;680;29416;3017;
1084;Hovedstaden;2020-10-03;M;67;0;0;680;29483;3017;
1082;Midtjylland;2020-10-03;M;43;0;3;680;29526;3020;
1081;Nordjylland;2020-10-03;M;19;0;0;680;29545;3020;
1085;Sjælland;2020-10-03;M;15;0;0;680;29560;3020;
1083;Syddanmark;2020-10-03;M;30;0;0;680;29590;3020;
1084;Hovedstaden;2020-10-04;F;63;0;5;680;29653;3025;
1082;Midtjylland;2020-10-04;F;29;0;1;680;29682;3026;
1081;Nordjylland;2020-10-04;F;11;0;0;680;29693;3026;
1085;Sjælland;2020-10-04;F;13;0;0;680;29706;3026;
1083;Syddanmark;2020-10-04;F;21;1;0;681;29727;3026;
1084;Hovedstaden;2020-10-04;M;83;0;3;681;29810;3029;
1082;Midtjylland;2020-10-04;M;29;0;2;681;29839;3031;
1081;Nordjylland;2020-10-04;M;19;0;1;681;29858;3032;
1085;Sjælland;2020-10-04;M;17;0;2;681;29875;3034;
1083;Syddanmark;2020-10-04;M;21;0;1;681;29896;3035;
1084;Hovedstaden;2020-10-05;F;90;1;4;682;29986;3039;
1082;Midtjylland;2020-10-05;F;55;0;0;682;30041;3039;
1081;Nordjylland;2020-10-05;F;19;0;0;682;30060;3039;
1085;Sjælland;2020-10-05;F;24;0;1;682;30084;3040;
1083;Syddanmark;2020-10-05;F;33;0;0;682;30117;3040;
1084;Hovedstaden;2020-10-05;M;72;2;6;684;30189;3046;
1082;Midtjylland;2020-10-05;M;50;0;3;684;30239;3049;
1081;Nordjylland;2020-10-05;M;41;0;1;684;30280;3050;
1085;Sjælland;2020-10-05;M;17;0;1;684;30297;3051;
1083;Syddanmark;2020-10-05;M;28;0;0;684;30325;3051;
1084;Hovedstaden;2020-10-06;F;91;1;2;685;30416;3053;
1082;Midtjylland;2020-10-06;F;35;0;1;685;30451;3054;
1081;Nordjylland;2020-10-06;F;15;0;1;685;30466;3055;
1085;Sjælland;2020-10-06;F;19;0;0;685;30485;3055;
1083;Syddanmark;2020-10-06;F;23;0;1;685;30508;3056;
1084;Hovedstaden;2020-10-06;M;103;0;3;685;30611;3059;
1082;Midtjylland;2020-10-06;M;73;0;2;685;30684;3061;
1081;Nordjylland;2020-10-06;M;16;0;1;685;30700;3062;
1085;Sjælland;2020-10-06;M;21;0;1;685;30721;3063;
1083;Syddanmark;2020-10-06;M;30;0;1;685;30751;3064;
1084;Hovedstaden;2020-10-07;F;80;3;5;688;30831;3069;
1082;Midtjylland;2020-10-07;F;47;0;2;688;30878;3071;
1081;Nordjylland;2020-10-07;F;24;0;0;688;30902;3071;
1085;Sjælland;2020-10-07;F;18;0;0;688;30920;3071;
1083;Syddanmark;2020-10-07;F;32;1;1;689;30952;3072;
1084;Hovedstaden;2020-10-07;M;78;1;4;690;31030;3076;
1082;Midtjylland;2020-10-07;M;105;0;3;690;31135;3079;
1081;Nordjylland;2020-10-07;M;25;0;0;690;31160;3079;
1085;Sjælland;2020-10-07;M;19;0;1;690;31179;3080;
1083;Syddanmark;2020-10-07;M;24;2;1;692;31203;3081;
1084;Hovedstaden;2020-10-08;F;73;0;1;692;31276;3082;
1082;Midtjylland;2020-10-08;F;67;0;2;692;31343;3084;
1081;Nordjylland;2020-10-08;F;20;0;0;692;31363;3084;
1085;Sjælland;2020-10-08;F;15;1;2;693;31378;3086;
1083;Syddanmark;2020-10-08;F;27;0;0;693;31405;3086;
1084;Hovedstaden;2020-10-08;M;80;0;3;693;31485;3089;
1082;Midtjylland;2020-10-08;M;70;0;2;693;31555;3091;
1081;Nordjylland;2020-10-08;M;30;0;2;693;31585;3093;
1085;Sjælland;2020-10-08;M;13;0;0;693;31598;3093;
1083;Syddanmark;2020-10-08;M;28;0;1;693;31626;3094;
1084;Hovedstaden;2020-10-09;F;72;1;3;694;31698;3097;
1082;Midtjylland;2020-10-09;F;55;0;4;694;31753;3101;
1081;Nordjylland;2020-10-09;F;22;0;0;694;31775;3101;
1085;Sjælland;2020-10-09;F;16;0;0;694;31791;3101;
1083;Syddanmark;2020-10-09;F;34;0;0;694;31825;3101;
1084;Hovedstaden;2020-10-09;M;80;0;3;694;31905;3104;
1082;Midtjylland;2020-10-09;M;61;0;2;694;31966;3106;
1081;Nordjylland;2020-10-09;M;21;0;0;694;31987;3106;
1085;Sjælland;2020-10-09;M;14;0;1;694;32001;3107;
1083;Syddanmark;2020-10-09;M;37;2;3;696;32038;3110;
1084;Hovedstaden;2020-10-10;F;48;0;3;696;32086;3113;
1082;Midtjylland;2020-10-10;F;39;0;0;696;32125;3113;
1081;Nordjylland;2020-10-10;F;14;0;1;696;32139;3114;
1085;Sjælland;2020-10-10;F;13;0;0;696;32152;3114;
1083;Syddanmark;2020-10-10;F;16;0;0;696;32168;3114;
1084;Hovedstaden;2020-10-10;M;60;0;4;696;32228;3118;
1082;Midtjylland;2020-10-10;M;48;0;2;696;32276;3120;
1081;Nordjylland;2020-10-10;M;18;0;1;696;32294;3121;
1085;Sjælland;2020-10-10;M;12;0;1;696;32306;3122;
1083;Syddanmark;2020-10-10;M;13;0;0;696;32319;3122;
1084;Hovedstaden;2020-10-11;F;53;1;6;697;32372;3128;
1082;Midtjylland;2020-10-11;F;34;0;0;697;32406;3128;
1081;Nordjylland;2020-10-11;F;12;0;0;697;32418;3128;
1085;Sjælland;2020-10-11;F;16;0;0;697;32434;3128;
1083;Syddanmark;2020-10-11;F;18;0;0;697;32452;3128;
1084;Hovedstaden;2020-10-11;M;44;0;1;697;32496;3129;
1082;Midtjylland;2020-10-11;M;32;0;2;697;32528;3131;
1081;Nordjylland;2020-10-11;M;18;1;1;698;32546;3132;
1085;Sjælland;2020-10-11;M;13;0;0;698;32559;3132;
1083;Syddanmark;2020-10-11;M;15;0;2;698;32574;3134;
1084;Hovedstaden;2020-10-12;F;65;1;3;699;32639;3137;
1082;Midtjylland;2020-10-12;F;62;1;3;700;32701;3140;
1081;Nordjylland;2020-10-12;F;21;0;0;700;32722;3140;
1085;Sjælland;2020-10-12;F;17;0;2;700;32739;3142;
1083;Syddanmark;2020-10-12;F;39;0;2;700;32778;3144;
1084;Hovedstaden;2020-10-12;M;76;1;3;701;32854;3147;
1082;Midtjylland;2020-10-12;M;66;0;2;701;32920;3149;
1081;Nordjylland;2020-10-12;M;24;0;3;701;32944;3152;
1085;Sjælland;2020-10-12;M;53;0;2;701;32997;3154;
1083;Syddanmark;2020-10-12;M;33;1;4;702;33030;3158;
1084;Hovedstaden;2020-10-13;F;88;0;3;702;33118;3161;
1082;Midtjylland;2020-10-13;F;42;0;5;702;33160;3166;
1081;Nordjylland;2020-10-13;F;21;1;0;703;33181;3166;
1085;Sjælland;2020-10-13;F;13;0;1;703;33194;3167;
1083;Syddanmark;2020-10-13;F;44;0;4;703;33238;3171;
1084;Hovedstaden;2020-10-13;M;69;1;3;704;33307;3174;
1082;Midtjylland;2020-10-13;M;53;0;0;704;33360;3174;
1081;Nordjylland;2020-10-13;M;34;0;0;704;33394;3174;
1085;Sjælland;2020-10-13;M;11;0;0;704;33405;3174;
1083;Syddanmark;2020-10-13;M;50;1;1;705;33455;3175;
1084;Hovedstaden;2020-10-14;F;98;0;4;705;33553;3179;
1082;Midtjylland;2020-10-14;F;46;0;1;705;33599;3180;
1081;Nordjylland;2020-10-14;F;31;1;1;706;33630;3181;
1085;Sjælland;2020-10-14;F;11;0;0;706;33641;3181;
1083;Syddanmark;2020-10-14;F;34;0;0;706;33675;3181;
1084;Hovedstaden;2020-10-14;M;103;2;5;708;33778;3186;
1082;Midtjylland;2020-10-14;M;50;1;2;709;33828;3188;
1081;Nordjylland;2020-10-14;M;31;1;3;710;33859;3191;
1085;Sjælland;2020-10-14;M;25;0;0;710;33884;3191;
1083;Syddanmark;2020-10-14;M;40;0;2;710;33924;3193;
1084;Hovedstaden;2020-10-15;F;95;0;4;710;34019;3197;
1082;Midtjylland;2020-10-15;F;54;0;1;710;34073;3198;
1081;Nordjylland;2020-10-15;F;18;0;0;710;34091;3198;
1085;Sjælland;2020-10-15;F;13;0;1;710;34104;3199;
1083;Syddanmark;2020-10-15;F;38;0;3;710;34142;3202;
1084;Hovedstaden;2020-10-15;M;87;1;7;711;34229;3209;
1082;Midtjylland;2020-10-15;M;58;0;3;711;34287;3212;
1081;Nordjylland;2020-10-15;M;15;0;0;711;34302;3212;
1085;Sjælland;2020-10-15;M;26;0;1;711;34328;3213;
1083;Syddanmark;2020-10-15;M;47;0;1;711;34375;3214;
1084;Hovedstaden;2020-10-16;F;107;1;4;712;34482;3218;
1082;Midtjylland;2020-10-16;F;60;0;1;712;34542;3219;
1081;Nordjylland;2020-10-16;F;28;0;0;712;34570;3219;
1085;Sjælland;2020-10-16;F;25;0;0;712;34595;3219;
1083;Syddanmark;2020-10-16;F;32;0;1;712;34627;3220;
1084;Hovedstaden;2020-10-16;M;81;1;3;713;34708;3223;
1082;Midtjylland;2020-10-16;M;45;0;1;713;34753;3224;
1081;Nordjylland;2020-10-16;M;21;1;1;714;34774;3225;
1085;Sjælland;2020-10-16;M;22;0;3;714;34796;3228;
1083;Syddanmark;2020-10-16;M;45;0;4;714;34841;3232;
1084;Hovedstaden;2020-10-17;F;103;0;6;714;34944;3238;
1082;Midtjylland;2020-10-17;F;36;0;1;714;34980;3239;
1081;Nordjylland;2020-10-17;F;21;0;0;714;35001;3239;
1085;Sjælland;2020-10-17;F;12;0;0;714;35013;3239;
1083;Syddanmark;2020-10-17;F;40;0;0;714;35053;3239;
1084;Hovedstaden;2020-10-17;M;114;0;6;714;35167;3245;
1082;Midtjylland;2020-10-17;M;39;0;2;714;35206;3247;
1081;Nordjylland;2020-10-17;M;21;0;2;714;35227;3249;
1085;Sjælland;2020-10-17;M;16;0;0;714;35243;3249;
1083;Syddanmark;2020-10-17;M;29;0;0;714;35272;3249;
1084;Hovedstaden;2020-10-18;F;103;0;6;714;35375;3255;
1082;Midtjylland;2020-10-18;F;39;0;2;714;35414;3257;
1081;Nordjylland;2020-10-18;F;19;0;1;714;35433;3258;
1085;Sjælland;2020-10-18;F;20;0;0;714;35453;3258;
1083;Syddanmark;2020-10-18;F;44;0;1;714;35497;3259;
1084;Hovedstaden;2020-10-18;M;123;0;8;714;35620;3267;
1082;Midtjylland;2020-10-18;M;32;0;3;714;35652;3270;
1081;Nordjylland;2020-10-18;M;24;1;3;715;35676;3273;
1085;Sjælland;2020-10-18;M;15;0;0;715;35691;3273;
1083;Syddanmark;2020-10-18;M;33;2;3;717;35724;3276;
1084;Hovedstaden;2020-10-19;F;144;0;4;717;35868;3280;
1082;Midtjylland;2020-10-19;F;66;2;2;719;35934;3282;
1081;Nordjylland;2020-10-19;F;37;1;1;720;35971;3283;
1085;Sjælland;2020-10-19;F;32;0;0;720;36003;3283;
1083;Syddanmark;2020-10-19;F;51;0;2;720;36054;3285;
1084;Hovedstaden;2020-10-19;M;149;1;4;721;36203;3289;
1082;Midtjylland;2020-10-19;M;74;0;0;721;36277;3289;
1081;Nordjylland;2020-10-19;M;35;0;0;721;36312;3289;
1085;Sjælland;2020-10-19;M;36;0;1;721;36348;3290;
1083;Syddanmark;2020-10-19;M;64;0;2;721;36412;3292;
1084;Hovedstaden;2020-10-20;F;155;0;3;721;36567;3295;
1082;Midtjylland;2020-10-20;F;80;0;2;721;36647;3297;
1081;Nordjylland;2020-10-20;F;43;1;2;722;36690;3299;
1085;Sjælland;2020-10-20;F;34;0;3;722;36724;3302;
1083;Syddanmark;2020-10-20;F;58;0;5;722;36782;3307;
1084;Hovedstaden;2020-10-20;M;162;2;7;724;36944;3314;
1082;Midtjylland;2020-10-20;M;111;0;3;724;37055;3317;
1081;Nordjylland;2020-10-20;M;41;2;0;726;37096;3317;
1085;Sjælland;2020-10-20;M;36;0;2;726;37132;3319;
1083;Syddanmark;2020-10-20;M;59;0;3;726;37191;3322;
1084;Hovedstaden;2020-10-21;F;152;1;5;727;37343;3327;
1082;Midtjylland;2020-10-21;F;115;0;5;727;37458;3332;
1081;Nordjylland;2020-10-21;F;45;0;1;727;37503;3333;
1085;Sjælland;2020-10-21;F;37;0;2;727;37540;3335;
1083;Syddanmark;2020-10-21;F;46;0;0;727;37586;3335;
1084;Hovedstaden;2020-10-21;M;178;2;7;729;37764;3342;
1082;Midtjylland;2020-10-21;M;119;0;3;729;37883;3345;
1081;Nordjylland;2020-10-21;M;47;1;1;730;37930;3346;
1085;Sjælland;2020-10-21;M;39;0;0;730;37969;3346;
1083;Syddanmark;2020-10-21;M;70;0;0;730;38039;3346;
1084;Hovedstaden;2020-10-22;F;202;2;9;732;38241;3355;
1082;Midtjylland;2020-10-22;F;76;1;1;733;38317;3356;
1081;Nordjylland;2020-10-22;F;49;0;0;733;38366;3356;
1085;Sjælland;2020-10-22;F;36;0;1;733;38402;3357;
1083;Syddanmark;2020-10-22;F;58;0;2;733;38460;3359;
1084;Hovedstaden;2020-10-22;M;205;1;8;734;38665;3367;
1082;Midtjylland;2020-10-22;M;74;0;3;734;38739;3370;
1081;Nordjylland;2020-10-22;M;53;0;1;734;38792;3371;
1085;Sjælland;2020-10-22;M;39;0;0;734;38831;3371;
1083;Syddanmark;2020-10-22;M;73;1;3;735;38904;3374;
1084;Hovedstaden;2020-10-23;F;181;0;8;735;39085;3382;
1082;Midtjylland;2020-10-23;F;74;0;0;735;39159;3382;
1081;Nordjylland;2020-10-23;F;54;0;0;735;39213;3382;
1085;Sjælland;2020-10-23;F;37;0;0;735;39250;3382;
1083;Syddanmark;2020-10-23;F;56;0;1;735;39306;3383;
1084;Hovedstaden;2020-10-23;M;189;0;3;735;39495;3386;
1082;Midtjylland;2020-10-23;M;100;0;1;735;39595;3387;
1081;Nordjylland;2020-10-23;M;63;0;3;735;39658;3390;
1085;Sjælland;2020-10-23;M;42;0;3;735;39700;3393;
1083;Syddanmark;2020-10-23;M;64;0;4;735;39764;3397;
1084;Hovedstaden;2020-10-24;F;186;2;5;737;39950;3402;
1082;Midtjylland;2020-10-24;F;69;0;2;737;40019;3404;
1081;Nordjylland;2020-10-24;F;58;0;2;737;40077;3406;
1085;Sjælland;2020-10-24;F;41;0;1;737;40118;3407;
1083;Syddanmark;2020-10-24;F;44;0;1;737;40162;3408;
1084;Hovedstaden;2020-10-24;M;199;1;9;738;40361;3417;
1082;Midtjylland;2020-10-24;M;75;0;1;738;40436;3418;
1081;Nordjylland;2020-10-24;M;46;0;2;738;40482;3420;
1085;Sjælland;2020-10-24;M;48;0;4;738;40530;3424;
1083;Syddanmark;2020-10-24;M;53;0;1;738;40583;3425;
1084;Hovedstaden;2020-10-25;F;211;0;7;738;40794;3432;
1082;Midtjylland;2020-10-25;F;81;0;0;738;40875;3432;
1081;Nordjylland;2020-10-25;F;67;0;3;738;40942;3435;
1085;Sjælland;2020-10-25;F;44;0;2;738;40986;3437;
1083;Syddanmark;2020-10-25;F;67;0;2;738;41053;3439;
1084;Hovedstaden;2020-10-25;M;229;0;5;738;41282;3444;
1082;Midtjylland;2020-10-25;M;75;0;0;738;41357;3444;
1081;Nordjylland;2020-10-25;M;42;0;1;738;41399;3445;
1085;Sjælland;2020-10-25;M;35;0;1;738;41434;3446;
1083;Syddanmark;2020-10-25;M;67;0;2;738;41501;3448;
1084;Hovedstaden;2020-10-26;F;230;0;5;738;41731;3453;
1082;Midtjylland;2020-10-26;F;88;0;1;738;41819;3454;
1081;Nordjylland;2020-10-26;F;54;1;2;739;41873;3456;
1085;Sjælland;2020-10-26;F;46;0;4;739;41919;3460;
1083;Syddanmark;2020-10-26;F;77;0;1;739;41996;3461;
1084;Hovedstaden;2020-10-26;M;216;0;3;739;42212;3464;
1082;Midtjylland;2020-10-26;M;75;0;2;739;42287;3466;
1081;Nordjylland;2020-10-26;M;78;0;4;739;42365;3470;
1085;Sjælland;2020-10-26;M;53;0;2;739;42418;3472;
1083;Syddanmark;2020-10-26;M;90;0;6;739;42508;3478;
1084;Hovedstaden;2020-10-27;F;303;1;10;740;42811;3488;
1082;Midtjylland;2020-10-27;F;114;0;0;740;42925;3488;
1081;Nordjylland;2020-10-27;F;69;0;3;740;42994;3491;
1085;Sjælland;2020-10-27;F;67;0;2;740;43061;3493;
1083;Syddanmark;2020-10-27;F;69;0;3;740;43130;3496;
1084;Hovedstaden;2020-10-27;M;272;0;3;740;43402;3499;
1082;Midtjylland;2020-10-27;M;127;0;6;740;43529;3505;
1081;Nordjylland;2020-10-27;M;79;2;4;742;43608;3509;
1085;Sjælland;2020-10-27;M;68;0;0;742;43676;3509;
1083;Syddanmark;2020-10-27;M;76;0;7;742;43752;3516;
1084;Hovedstaden;2020-10-28;F;258;0;6;742;44010;3522;
1082;Midtjylland;2020-10-28;F;122;1;4;743;44132;3526;
1081;Nordjylland;2020-10-28;F;61;0;3;743;44193;3529;
1085;Sjælland;2020-10-28;F;67;0;0;743;44260;3529;
1083;Syddanmark;2020-10-28;F;76;0;5;743;44336;3534;
1084;Hovedstaden;2020-10-28;M;271;3;9;746;44607;3543;
1082;Midtjylland;2020-10-28;M;108;0;4;746;44715;3547;
1081;Nordjylland;2020-10-28;M;53;0;4;746;44768;3551;
1085;Sjælland;2020-10-28;M;74;1;1;747;44842;3552;
1083;Syddanmark;2020-10-28;M;111;0;3;747;44953;3555;
1084;Hovedstaden;2020-10-29;F;220;1;4;748;45173;3559;
1082;Midtjylland;2020-10-29;F;57;0;4;748;45230;3563;
1081;Nordjylland;2020-10-29;F;50;0;1;748;45280;3564;
1085;Sjælland;2020-10-29;F;53;0;2;748;45333;3566;
1083;Syddanmark;2020-10-29;F;73;0;1;748;45406;3567;
1084;Hovedstaden;2020-10-29;M;239;2;8;750;45645;3575;
1082;Midtjylland;2020-10-29;M;84;0;1;750;45729;3576;
1081;Nordjylland;2020-10-29;M;71;0;2;750;45800;3578;
1085;Sjælland;2020-10-29;M;67;1;1;751;45867;3579;
1083;Syddanmark;2020-10-29;M;99;1;5;752;45966;3584;
1084;Hovedstaden;2020-10-30;F;239;0;5;752;46205;3589;
1082;Midtjylland;2020-10-30;F;98;0;3;752;46303;3592;
1081;Nordjylland;2020-10-30;F;57;0;1;752;46360;3593;
1085;Sjælland;2020-10-30;F;83;0;2;752;46443;3595;
1083;Syddanmark;2020-10-30;F;57;0;3;752;46500;3598;
1084;Hovedstaden;2020-10-30;M;255;1;9;753;46755;3607;
1082;Midtjylland;2020-10-30;M;97;3;5;756;46852;3612;
1081;Nordjylland;2020-10-30;M;56;0;3;756;46908;3615;
1085;Sjælland;2020-10-30;M;69;1;2;757;46977;3617;
1083;Syddanmark;2020-10-30;M;70;0;1;757;47047;3618;
1084;Hovedstaden;2020-10-31;F;245;1;5;758;47292;3623;
1082;Midtjylland;2020-10-31;F;91;0;1;758;47383;3624;
1081;Nordjylland;2020-10-31;F;48;0;0;758;47431;3624;
1085;Sjælland;2020-10-31;F;56;0;3;758;47487;3627;
1083;Syddanmark;2020-10-31;F;41;1;2;759;47528;3629;
1084;Hovedstaden;2020-10-31;M;258;0;11;759;47786;3640;
1082;Midtjylland;2020-10-31;M;78;0;2;759;47864;3642;
1081;Nordjylland;2020-10-31;M;48;0;0;759;47912;3642;
1085;Sjælland;2020-10-31;M;52;0;0;759;47964;3642;
1083;Syddanmark;2020-10-31;M;58;0;1;759;48022;3643;
1084;Hovedstaden;2020-11-01;F;236;1;9;760;48258;3652;
1082;Midtjylland;2020-11-01;F;88;1;3;761;48346;3655;
1081;Nordjylland;2020-11-01;F;51;0;1;761;48397;3656;
1085;Sjælland;2020-11-01;F;41;0;1;761;48438;3657;
1083;Syddanmark;2020-11-01;F;75;2;4;763;48513;3661;
1084;Hovedstaden;2020-11-01;M;229;0;6;763;48742;3667;
1082;Midtjylland;2020-11-01;M;85;0;2;763;48827;3669;
1081;Nordjylland;2020-11-01;M;45;1;2;764;48872;3671;
1085;Sjælland;2020-11-01;M;43;0;3;764;48915;3674;
1083;Syddanmark;2020-11-01;M;64;0;3;764;48979;3677;
1084;Hovedstaden;2020-11-02;F;319;2;7;766;49298;3684;
1082;Midtjylland;2020-11-02;F;101;0;1;766;49399;3685;
1081;Nordjylland;2020-11-02;F;59;1;1;767;49458;3686;
1085;Sjælland;2020-11-02;F;90;0;2;767;49548;3688;
1083;Syddanmark;2020-11-02;F;89;1;3;768;49637;3691;
1084;Hovedstaden;2020-11-02;M;286;1;5;769;49923;3696;
1082;Midtjylland;2020-11-02;M;105;0;2;769;50028;3698;
1081;Nordjylland;2020-11-02;M;57;0;0;769;50085;3698;
1085;Sjælland;2020-11-02;M;93;0;1;769;50178;3699;
1083;Syddanmark;2020-11-02;M;73;0;5;769;50251;3704;
1084;Hovedstaden;2020-11-03;F;304;2;11;771;50555;3715;
1082;Midtjylland;2020-11-03;F;109;0;0;771;50664;3715;
1081;Nordjylland;2020-11-03;F;75;0;4;771;50739;3719;
1085;Sjælland;2020-11-03;F;78;1;5;772;50817;3724;
1083;Syddanmark;2020-11-03;F;79;0;7;772;50896;3731;
1084;Hovedstaden;2020-11-03;M;275;0;8;772;51171;3739;
1082;Midtjylland;2020-11-03;M;104;0;5;772;51275;3744;
1081;Nordjylland;2020-11-03;M;62;1;3;773;51337;3747;
1085;Sjælland;2020-11-03;M;68;0;2;773;51405;3749;
1083;Syddanmark;2020-11-03;M;103;0;1;773;51508;3750;
1084;Hovedstaden;2020-11-04;F;282;0;8;773;51790;3758;
1082;Midtjylland;2020-11-04;F;126;1;2;774;51916;3760;
1081;Nordjylland;2020-11-04;F;39;0;0;774;51955;3760;
1085;Sjælland;2020-11-04;F;97;3;6;777;52052;3766;
1083;Syddanmark;2020-11-04;F;75;0;3;777;52127;3769;
1084;Hovedstaden;2020-11-04;M;302;1;10;778;52429;3779;
1082;Midtjylland;2020-11-04;M;108;1;4;779;52537;3783;
1081;Nordjylland;2020-11-04;M;44;0;1;779;52581;3784;
1085;Sjælland;2020-11-04;M;75;1;6;780;52656;3790;
1083;Syddanmark;2020-11-04;M;97;0;4;780;52753;3794;
1084;Hovedstaden;2020-11-05;F;239;2;5;782;52992;3799;
1082;Midtjylland;2020-11-05;F;102;0;2;782;53094;3801;
1081;Nordjylland;2020-11-05;F;45;1;3;783;53139;3804;
1085;Sjælland;2020-11-05;F;61;0;3;783;53200;3807;
1083;Syddanmark;2020-11-05;F;69;0;3;783;53269;3810;
1084;Hovedstaden;2020-11-05;M;233;1;5;784;53502;3815;
1082;Midtjylland;2020-11-05;M;80;0;5;784;53582;3820;
1081;Nordjylland;2020-11-05;M;38;1;1;785;53620;3821;
1085;Sjælland;2020-11-05;M;79;0;4;785;53699;3825;
1083;Syddanmark;2020-11-05;M;81;0;3;785;53780;3828;
1084;Hovedstaden;2020-11-06;F;209;0;9;785;53989;3837;
1082;Midtjylland;2020-11-06;F;77;2;2;787;54066;3839;
1081;Nordjylland;2020-11-06;F;29;0;0;787;54095;3839;
1085;Sjælland;2020-11-06;F;71;0;1;787;54166;3840;
1083;Syddanmark;2020-11-06;F;66;0;1;787;54232;3841;
1084;Hovedstaden;2020-11-06;M;254;2;13;789;54486;3854;
1082;Midtjylland;2020-11-06;M;85;0;7;789;54571;3861;
1081;Nordjylland;2020-11-06;M;31;0;0;789;54602;3861;
1085;Sjælland;2020-11-06;M;73;0;3;789;54675;3864;
1083;Syddanmark;2020-11-06;M;64;0;2;789;54739;3866;
1084;Hovedstaden;2020-11-07;F;194;0;0;789;54933;3866;
1082;Midtjylland;2020-11-07;F;89;0;1;789;55022;3867;
1081;Nordjylland;2020-11-07;F;29;0;2;789;55051;3869;
1085;Sjælland;2020-11-07;F;58;0;2;789;55109;3871;
1083;Syddanmark;2020-11-07;F;55;0;0;789;55164;3871;
1084;Hovedstaden;2020-11-07;M;191;0;5;789;55355;3876;
1082;Midtjylland;2020-11-07;M;85;0;2;789;55440;3878;
1081;Nordjylland;2020-11-07;M;39;0;0;789;55479;3878;
1085;Sjælland;2020-11-07;M;57;2;3;791;55536;3881;
1083;Syddanmark;2020-11-07;M;47;0;2;791;55583;3883;
1084;Hovedstaden;2020-11-08;F;159;1;5;792;55742;3888;
1082;Midtjylland;2020-11-08;F;75;0;2;792;55817;3890;
1081;Nordjylland;2020-11-08;F;20;1;1;793;55837;3891;
1085;Sjælland;2020-11-08;F;41;0;0;793;55878;3891;
1083;Syddanmark;2020-11-08;F;49;0;2;793;55927;3893;
1084;Hovedstaden;2020-11-08;M;193;0;9;793;56120;3902;
1082;Midtjylland;2020-11-08;M;79;1;3;794;56199;3905;
1081;Nordjylland;2020-11-08;M;21;0;0;794;56220;3905;
1085;Sjælland;2020-11-08;M;49;0;4;794;56269;3909;
1083;Syddanmark;2020-11-08;M;51;0;1;794;56320;3910;
1084;Hovedstaden;2020-11-09;F;229;0;11;794;56549;3921;
1082;Midtjylland;2020-11-09;F;90;2;5;796;56639;3926;
1081;Nordjylland;2020-11-09;F;39;0;1;796;56678;3927;
1085;Sjælland;2020-11-09;F;69;0;3;796;56747;3930;
1083;Syddanmark;2020-11-09;F;76;0;2;796;56823;3932;
1084;Hovedstaden;2020-11-09;M;255;3;11;799;57078;3943;
1082;Midtjylland;2020-11-09;M;114;3;5;802;57192;3948;
1081;Nordjylland;2020-11-09;M;32;0;4;802;57224;3952;
1085;Sjælland;2020-11-09;M;49;0;3;802;57273;3955;
1083;Syddanmark;2020-11-09;M;90;0;5;802;57363;3960;
1084;Hovedstaden;2020-11-10;F;276;0;9;802;57639;3969;
1082;Midtjylland;2020-11-10;F;123;1;6;803;57762;3975;
1081;Nordjylland;2020-11-10;F;30;0;2;803;57792;3977;
1085;Sjælland;2020-11-10;F;81;0;6;803;57873;3983;
1083;Syddanmark;2020-11-10;F;72;0;2;803;57945;3985;
1084;Hovedstaden;2020-11-10;M;220;0;5;803;58165;3990;
1082;Midtjylland;2020-11-10;M;103;0;1;803;58268;3991;
1081;Nordjylland;2020-11-10;M;31;0;0;803;58299;3991;
1085;Sjælland;2020-11-10;M;66;0;3;803;58365;3994;
1083;Syddanmark;2020-11-10;M;54;0;1;803;58419;3995;
1084;Hovedstaden;2020-11-11;F;218;1;5;804;58637;4000;
1082;Midtjylland;2020-11-11;F;131;0;1;804;58768;4001;
1081;Nordjylland;2020-11-11;F;27;0;1;804;58795;4002;
1085;Sjælland;2020-11-11;F;67;0;1;804;58862;4003;
1083;Syddanmark;2020-11-11;F;71;0;1;804;58933;4004;
1084;Hovedstaden;2020-11-11;M;223;2;8;806;59156;4012;
1082;Midtjylland;2020-11-11;M;133;2;9;808;59289;4021;
1081;Nordjylland;2020-11-11;M;43;0;1;808;59332;4022;
1085;Sjælland;2020-11-11;M;85;0;3;808;59417;4025;
1083;Syddanmark;2020-11-11;M;91;1;6;809;59508;4031;
1084;Hovedstaden;2020-11-12;F;237;3;5;812;59745;4036;
1082;Midtjylland;2020-11-12;F;126;1;4;813;59871;4040;
1081;Nordjylland;2020-11-12;F;28;1;0;814;59899;4040;
1085;Sjælland;2020-11-12;F;45;0;2;814;59944;4042;
1083;Syddanmark;2020-11-12;F;70;0;0;814;60014;4042;
1084;Hovedstaden;2020-11-12;M;238;2;9;816;60252;4051;
1082;Midtjylland;2020-11-12;M;122;2;3;818;60374;4054;
1081;Nordjylland;2020-11-12;M;39;0;1;818;60413;4055;
1085;Sjælland;2020-11-12;M;73;0;0;818;60486;4055;
1083;Syddanmark;2020-11-12;M;74;0;2;818;60560;4057;
1084;Hovedstaden;2020-11-13;F;262;3;12;821;60822;4069;
1082;Midtjylland;2020-11-13;F;109;0;3;821;60931;4072;
1081;Nordjylland;2020-11-13;F;35;0;2;821;60966;4074;
1085;Sjælland;2020-11-13;F;68;0;4;821;61034;4078;
1083;Syddanmark;2020-11-13;F;69;0;4;821;61103;4082;
1084;Hovedstaden;2020-11-13;M;257;1;5;822;61360;4087;
1082;Midtjylland;2020-11-13;M;124;1;8;823;61484;4095;
1081;Nordjylland;2020-11-13;M;42;0;0;823;61526;4095;
1085;Sjælland;2020-11-13;M;83;0;6;823;61609;4101;
1083;Syddanmark;2020-11-13;M;99;0;0;823;61708;4101;
1084;Hovedstaden;2020-11-14;F;236;0;8;823;61944;4109;
1082;Midtjylland;2020-11-14;F;99;2;3;825;62043;4112;
1081;Nordjylland;2020-11-14;F;31;0;0;825;62074;4112;
1085;Sjælland;2020-11-14;F;59;0;3;825;62133;4115;
1083;Syddanmark;2020-11-14;F;85;0;2;825;62218;4117;
1084;Hovedstaden;2020-11-14;M;232;0;5;825;62450;4122;
1082;Midtjylland;2020-11-14;M;125;0;3;825;62575;4125;
1081;Nordjylland;2020-11-14;M;34;0;3;825;62609;4128;
1085;Sjælland;2020-11-14;M;44;0;1;825;62653;4129;
1083;Syddanmark;2020-11-14;M;97;1;3;826;62750;4132;
1084;Hovedstaden;2020-11-15;F;222;1;6;827;62972;4138;
1082;Midtjylland;2020-11-15;F;91;0;1;827;63063;4139;
1081;Nordjylland;2020-11-15;F;29;0;1;827;63092;4140;
1085;Sjælland;2020-11-15;F;50;0;1;827;63142;4141;
1083;Syddanmark;2020-11-15;F;80;0;3;827;63222;4144;
1084;Hovedstaden;2020-11-15;M;230;0;5;827;63452;4149;
1082;Midtjylland;2020-11-15;M;113;0;2;827;63565;4151;
1081;Nordjylland;2020-11-15;M;44;0;0;827;63609;4151;
1085;Sjælland;2020-11-15;M;60;0;2;827;63669;4153;
1083;Syddanmark;2020-11-15;M;70;1;3;828;63739;4156;
1084;Hovedstaden;2020-11-16;F;261;0;4;828;64000;4160;
1082;Midtjylland;2020-11-16;F;146;0;3;828;64146;4163;
1081;Nordjylland;2020-11-16;F;27;0;0;828;64173;4163;
1085;Sjælland;2020-11-16;F;59;0;1;828;64232;4164;
1083;Syddanmark;2020-11-16;F;107;0;2;828;64339;4166;
1084;Hovedstaden;2020-11-16;M;289;2;12;830;64628;4178;
1082;Midtjylland;2020-11-16;M;155;1;8;831;64783;4186;
1081;Nordjylland;2020-11-16;M;31;1;4;832;64814;4190;
1085;Sjælland;2020-11-16;M;84;0;5;832;64898;4195;
1083;Syddanmark;2020-11-16;M;93;0;3;832;64991;4198;
1084;Hovedstaden;2020-11-17;F;277;0;15;832;65268;4213;
1082;Midtjylland;2020-11-17;F;148;0;4;832;65416;4217;
1081;Nordjylland;2020-11-17;F;34;0;1;832;65450;4218;
1085;Sjælland;2020-11-17;F;68;0;1;832;65518;4219;
1083;Syddanmark;2020-11-17;F;112;0;1;832;65630;4220;
1084;Hovedstaden;2020-11-17;M;314;1;8;833;65944;4228;
1082;Midtjylland;2020-11-17;M;152;0;6;833;66096;4234;
1081;Nordjylland;2020-11-17;M;31;1;2;834;66127;4236;
1085;Sjælland;2020-11-17;M;69;1;3;835;66196;4239;
1083;Syddanmark;2020-11-17;M;126;0;4;835;66322;4243;
1084;Hovedstaden;2020-11-18;F;287;0;6;835;66609;4249;
1082;Midtjylland;2020-11-18;F;157;1;6;836;66766;4255;
1081;Nordjylland;2020-11-18;F;25;0;0;836;66791;4255;
1085;Sjælland;2020-11-18;F;66;0;1;836;66857;4256;
1083;Syddanmark;2020-11-18;F;104;0;1;836;66961;4257;
1084;Hovedstaden;2020-11-18;M;305;4;9;840;67266;4266;
1082;Midtjylland;2020-11-18;M;141;0;5;840;67407;4271;
1081;Nordjylland;2020-11-18;M;28;0;1;840;67435;4272;
1085;Sjælland;2020-11-18;M;81;0;6;840;67516;4278;
1083;Syddanmark;2020-11-18;M;137;0;7;840;67653;4285;
1084;Hovedstaden;2020-11-19;F;282;4;8;844;67935;4293;
1082;Midtjylland;2020-11-19;F;131;5;3;849;68066;4296;
1081;Nordjylland;2020-11-19;F;25;0;3;849;68091;4299;
1085;Sjælland;2020-11-19;F;59;0;2;849;68150;4301;
1083;Syddanmark;2020-11-19;F;101;0;2;849;68251;4303;
1084;Hovedstaden;2020-11-19;M;291;0;5;849;68542;4308;
1082;Midtjylland;2020-11-19;M;110;2;4;851;68652;4312;
1081;Nordjylland;2020-11-19;M;19;0;2;851;68671;4314;
1085;Sjælland;2020-11-19;M;81;0;4;851;68752;4318;
1083;Syddanmark;2020-11-19;M;122;1;4;852;68874;4322;
1084;Hovedstaden;2020-11-20;F;285;6;8;858;69159;4330;
1082;Midtjylland;2020-11-20;F;112;5;5;863;69271;4335;
1081;Nordjylland;2020-11-20;F;32;1;4;864;69303;4339;
1085;Sjælland;2020-11-20;F;79;0;4;864;69382;4343;
1083;Syddanmark;2020-11-20;F;109;0;2;864;69491;4345;
1084;Hovedstaden;2020-11-20;M;266;1;5;865;69757;4350;
1082;Midtjylland;2020-11-20;M;104;3;5;868;69861;4355;
1081;Nordjylland;2020-11-20;M;32;1;2;869;69893;4357;
1085;Sjælland;2020-11-20;M;79;1;3;870;69972;4360;
1083;Syddanmark;2020-11-20;M;126;1;3;871;70098;4363;
1084;Hovedstaden;2020-11-21;F;235;0;9;871;70333;4372;
1082;Midtjylland;2020-11-21;F;80;0;1;871;70413;4373;
1081;Nordjylland;2020-11-21;F;17;0;2;871;70430;4375;
1085;Sjælland;2020-11-21;F;56;0;2;871;70486;4377;
1083;Syddanmark;2020-11-21;F;68;1;3;872;70554;4380;
1084;Hovedstaden;2020-11-21;M;280;2;9;874;70834;4389;
1082;Midtjylland;2020-11-21;M;98;0;3;874;70932;4392;
1081;Nordjylland;2020-11-21;M;19;0;3;874;70951;4395;
1085;Sjælland;2020-11-21;M;55;1;0;875;71006;4395;
1083;Syddanmark;2020-11-21;M;93;0;1;875;71099;4396;
1084;Hovedstaden;2020-11-22;F;261;1;7;876;71360;4403;
1082;Midtjylland;2020-11-22;F;99;0;2;876;71459;4405;
1081;Nordjylland;2020-11-22;F;23;0;2;876;71482;4407;
1085;Sjælland;2020-11-22;F;39;1;1;877;71521;4408;
1083;Syddanmark;2020-11-22;F;76;0;1;877;71597;4409;
1084;Hovedstaden;2020-11-22;M;254;4;12;881;71851;4421;
1082;Midtjylland;2020-11-22;M;93;0;1;881;71944;4422;
1081;Nordjylland;2020-11-22;M;15;0;1;881;71959;4423;
1085;Sjælland;2020-11-22;M;56;0;3;881;72015;4426;
1083;Syddanmark;2020-11-22;M;93;0;2;881;72108;4428;
1084;Hovedstaden;2020-11-23;F;292;3;10;884;72400;4438;
1082;Midtjylland;2020-11-23;F;97;0;2;884;72497;4440;
1081;Nordjylland;2020-11-23;F;20;0;1;884;72517;4441;
1085;Sjælland;2020-11-23;F;76;1;3;885;72593;4444;
1083;Syddanmark;2020-11-23;F;115;1;7;886;72708;4451;
1084;Hovedstaden;2020-11-23;M;300;3;8;889;73008;4459;
1082;Midtjylland;2020-11-23;M;94;2;5;891;73102;4464;
1081;Nordjylland;2020-11-23;M;15;0;0;891;73117;4464;
1085;Sjælland;2020-11-23;M;68;0;2;891;73185;4466;
1083;Syddanmark;2020-11-23;M;112;0;2;891;73297;4468;
1084;Hovedstaden;2020-11-24;F;337;3;4;894;73634;4472;
1082;Midtjylland;2020-11-24;F;123;1;2;895;73757;4474;
1081;Nordjylland;2020-11-24;F;21;0;0;895;73778;4474;
1085;Sjælland;2020-11-24;F;77;0;2;895;73855;4476;
1083;Syddanmark;2020-11-24;F;96;0;0;895;73951;4476;
1084;Hovedstaden;2020-11-24;M;337;1;17;896;74288;4493;
1082;Midtjylland;2020-11-24;M;115;1;6;897;74403;4499;
1081;Nordjylland;2020-11-24;M;21;0;0;897;74424;4499;
1085;Sjælland;2020-11-24;M;74;0;3;897;74498;4502;
1083;Syddanmark;2020-11-24;M;128;0;6;897;74626;4508;
1084;Hovedstaden;2020-11-25;F;334;1;4;898;74960;4512;
1082;Midtjylland;2020-11-25;F;100;0;5;898;75060;4517;
1081;Nordjylland;2020-11-25;F;26;0;1;898;75086;4518;
1085;Sjælland;2020-11-25;F;81;0;2;898;75167;4520;
1083;Syddanmark;2020-11-25;F;89;0;2;898;75256;4522;
1084;Hovedstaden;2020-11-25;M;335;0;5;898;75591;4527;
1082;Midtjylland;2020-11-25;M;135;2;6;900;75726;4533;
1081;Nordjylland;2020-11-25;M;20;1;2;901;75746;4535;
1085;Sjælland;2020-11-25;M;89;3;7;904;75835;4542;
1083;Syddanmark;2020-11-25;M;107;1;8;905;75942;4550;
1084;Hovedstaden;2020-11-26;F;319;0;4;905;76261;4554;
1082;Midtjylland;2020-11-26;F;117;2;5;907;76378;4559;
1081;Nordjylland;2020-11-26;F;25;0;1;907;76403;4560;
1085;Sjælland;2020-11-26;F;94;0;3;907;76497;4563;
1083;Syddanmark;2020-11-26;F;99;0;3;907;76596;4566;
1084;Hovedstaden;2020-11-26;M;300;5;11;912;76896;4577;
1082;Midtjylland;2020-11-26;M;130;0;2;912;77026;4579;
1081;Nordjylland;2020-11-26;M;20;0;0;912;77046;4579;
1085;Sjælland;2020-11-26;M;71;1;5;913;77117;4584;
1083;Syddanmark;2020-11-26;M;82;0;2;913;77199;4586;
1084;Hovedstaden;2020-11-27;F;345;7;13;920;77544;4599;
1082;Midtjylland;2020-11-27;F;115;1;4;921;77659;4603;
1081;Nordjylland;2020-11-27;F;16;0;2;921;77675;4605;
1085;Sjælland;2020-11-27;F;60;0;1;921;77735;4606;
1083;Syddanmark;2020-11-27;F;111;1;4;922;77846;4610;
1084;Hovedstaden;2020-11-27;M;349;0;10;922;78195;4620;
1082;Midtjylland;2020-11-27;M;116;3;6;925;78311;4626;
1081;Nordjylland;2020-11-27;M;22;0;0;925;78333;4626;
1085;Sjælland;2020-11-27;M;74;0;4;925;78407;4630;
1083;Syddanmark;2020-11-27;M;102;0;3;925;78509;4633;
1084;Hovedstaden;2020-11-28;F;313;0;6;925;78822;4639;
1082;Midtjylland;2020-11-28;F;98;0;0;925;78920;4639;
1081;Nordjylland;2020-11-28;F;13;0;0;925;78933;4639;
1085;Sjælland;2020-11-28;F;67;0;1;925;79000;4640;
1083;Syddanmark;2020-11-28;F;66;0;1;925;79066;4641;
1084;Hovedstaden;2020-11-28;M;315;1;10;926;79381;4651;
1082;Midtjylland;2020-11-28;M;114;1;4;927;79495;4655;
1081;Nordjylland;2020-11-28;M;13;0;1;927;79508;4656;
1085;Sjælland;2020-11-28;M;79;0;3;927;79587;4659;
1083;Syddanmark;2020-11-28;M;73;1;3;928;79660;4662;
1084;Hovedstaden;2020-11-29;F;326;0;6;928;79986;4668;
1082;Midtjylland;2020-11-29;F;76;0;3;928;80062;4671;
1081;Nordjylland;2020-11-29;F;12;0;0;928;80074;4671;
1085;Sjælland;2020-11-29;F;63;3;4;931;80137;4675;
1083;Syddanmark;2020-11-29;F;70;0;1;931;80207;4676;
1084;Hovedstaden;2020-11-29;M;348;3;4;934;80555;4680;
1082;Midtjylland;2020-11-29;M;109;1;4;935;80664;4684;
1081;Nordjylland;2020-11-29;M;25;0;1;935;80689;4685;
1085;Sjælland;2020-11-29;M;80;1;2;936;80769;4687;
1083;Syddanmark;2020-11-29;M;64;0;1;936;80833;4688;
1084;Hovedstaden;2020-11-30;F;408;5;15;941;81241;4703;
1082;Midtjylland;2020-11-30;F;160;2;6;943;81401;4709;
1081;Nordjylland;2020-11-30;F;24;0;0;943;81425;4709;
1085;Sjælland;2020-11-30;F;110;0;3;943;81535;4712;
1083;Syddanmark;2020-11-30;F;94;0;3;943;81629;4715;
1084;Hovedstaden;2020-11-30;M;353;4;7;947;81982;4722;
1082;Midtjylland;2020-11-30;M;166;3;5;950;82148;4727;
1081;Nordjylland;2020-11-30;M;15;0;0;950;82163;4727;
1085;Sjælland;2020-11-30;M;96;0;3;950;82259;4730;
1083;Syddanmark;2020-11-30;M;105;0;4;950;82364;4734;
1084;Hovedstaden;2020-12-01;F;500;2;14;952;82864;4748;
1082;Midtjylland;2020-12-01;F;148;1;8;953;83012;4756;
1081;Nordjylland;2020-12-01;F;29;0;1;953;83041;4757;
1085;Sjælland;2020-12-01;F;101;0;3;953;83142;4760;
1083;Syddanmark;2020-12-01;F;93;0;3;953;83235;4763;
1084;Hovedstaden;2020-12-01;M;460;1;4;954;83695;4767;
1082;Midtjylland;2020-12-01;M;144;1;6;955;83839;4773;
1081;Nordjylland;2020-12-01;M;18;0;1;955;83857;4774;
1085;Sjælland;2020-12-01;M;106;1;4;956;83963;4778;
1083;Syddanmark;2020-12-01;M;115;0;4;956;84078;4782;
1084;Hovedstaden;2020-12-02;F;504;1;9;957;84582;4791;
1082;Midtjylland;2020-12-02;F;171;0;4;957;84753;4795;
1081;Nordjylland;2020-12-02;F;30;0;0;957;84783;4795;
1085;Sjælland;2020-12-02;F;146;0;3;957;84929;4798;
1083;Syddanmark;2020-12-02;F;85;2;5;959;85014;4803;
1084;Hovedstaden;2020-12-02;M;526;2;17;961;85540;4820;
1082;Midtjylland;2020-12-02;M;155;0;8;961;85695;4828;
1081;Nordjylland;2020-12-02;M;30;0;0;961;85725;4828;
1085;Sjælland;2020-12-02;M;122;1;4;962;85847;4832;
1083;Syddanmark;2020-12-02;M;111;1;2;963;85958;4834;
1084;Hovedstaden;2020-12-03;F;536;2;14;965;86494;4848;
1082;Midtjylland;2020-12-03;F;155;0;5;965;86649;4853;
1081;Nordjylland;2020-12-03;F;23;0;0;965;86672;4853;
1085;Sjælland;2020-12-03;F;126;1;4;966;86798;4857;
1083;Syddanmark;2020-12-03;F;131;0;4;966;86929;4861;
1084;Hovedstaden;2020-12-03;M;490;2;14;968;87419;4875;
1082;Midtjylland;2020-12-03;M;177;3;6;971;87596;4881;
1081;Nordjylland;2020-12-03;M;30;0;0;971;87626;4881;
1085;Sjælland;2020-12-03;M;123;0;4;971;87749;4885;
1083;Syddanmark;2020-12-03;M;117;0;3;971;87866;4888;
1084;Hovedstaden;2020-12-04;F;528;2;18;973;88394;4906;
1082;Midtjylland;2020-12-04;F;208;1;5;974;88602;4911;
1081;Nordjylland;2020-12-04;F;26;0;1;974;88628;4912;
1085;Sjælland;2020-12-04;F;139;0;2;974;88767;4914;
1083;Syddanmark;2020-12-04;F;106;0;2;974;88873;4916;
1084;Hovedstaden;2020-12-04;M;530;4;16;978;89403;4932;
1082;Midtjylland;2020-12-04;M;195;1;7;979;89598;4939;
1081;Nordjylland;2020-12-04;M;39;0;0;979;89637;4939;
1085;Sjælland;2020-12-04;M;125;0;4;979;89762;4943;
1083;Syddanmark;2020-12-04;M;122;0;1;979;89884;4944;
1084;Hovedstaden;2020-12-05;F;483;6;12;985;90367;4956;
1082;Midtjylland;2020-12-05;F;138;3;4;988;90505;4960;
1081;Nordjylland;2020-12-05;F;25;0;0;988;90530;4960;
1085;Sjælland;2020-12-05;F;150;2;6;990;90680;4966;
1083;Syddanmark;2020-12-05;F;75;1;2;991;90755;4968;
1084;Hovedstaden;2020-12-05;M;491;5;17;996;91246;4985;
1082;Midtjylland;2020-12-05;M;128;0;6;996;91374;4991;
1081;Nordjylland;2020-12-05;M;28;1;3;997;91402;4994;
1085;Sjælland;2020-12-05;M;117;1;6;998;91519;5000;
1083;Syddanmark;2020-12-05;M;80;0;4;998;91599;5004;
1084;Hovedstaden;2020-12-06;F;600;2;14;1000;92199;5018;
1082;Midtjylland;2020-12-06;F;163;0;4;1000;92362;5022;
1081;Nordjylland;2020-12-06;F;42;1;0;1001;92404;5022;
1085;Sjælland;2020-12-06;F;136;0;3;1001;92540;5025;
1083;Syddanmark;2020-12-06;F;90;0;1;1001;92630;5026;
1084;Hovedstaden;2020-12-06;M;513;5;22;1006;93143;5048;
1082;Midtjylland;2020-12-06;M;142;0;2;1006;93285;5050;
1081;Nordjylland;2020-12-06;M;28;0;0;1006;93313;5050;
1085;Sjælland;2020-12-06;M;138;1;7;1007;93451;5057;
1083;Syddanmark;2020-12-06;M;124;1;4;1008;93575;5061;
1084;Hovedstaden;2020-12-07;F;759;11;28;1019;94334;5089;
1082;Midtjylland;2020-12-07;F;230;1;3;1020;94564;5092;
1081;Nordjylland;2020-12-07;F;47;0;1;1020;94611;5093;
1085;Sjælland;2020-12-07;F;198;0;8;1020;94809;5101;
1083;Syddanmark;2020-12-07;F;159;0;4;1020;94968;5105;
1084;Hovedstaden;2020-12-07;M;754;8;26;1028;95722;5131;
1082;Midtjylland;2020-12-07;M;213;0;3;1028;95935;5134;
1081;Nordjylland;2020-12-07;M;58;1;2;1029;95993;5136;
1085;Sjælland;2020-12-07;M;184;0;7;1029;96177;5143;
1083;Syddanmark;2020-12-07;M;150;1;8;1030;96327;5151;
1084;Hovedstaden;2020-12-08;F;862;5;19;1035;97189;5170;
1082;Midtjylland;2020-12-08;F;265;0;5;1035;97454;5175;
1081;Nordjylland;2020-12-08;F;78;0;3;1035;97532;5178;
1085;Sjælland;2020-12-08;F;232;1;6;1036;97764;5184;
1083;Syddanmark;2020-12-08;F;156;1;7;1037;97920;5191;
1084;Hovedstaden;2020-12-08;M;809;7;25;1044;98729;5216;
1082;Midtjylland;2020-12-08;M;254;1;4;1045;98983;5220;
1081;Nordjylland;2020-12-08;M;61;0;2;1045;99044;5222;
1085;Sjælland;2020-12-08;M;234;1;4;1046;99278;5226;
1083;Syddanmark;2020-12-08;M;174;0;1;1046;99452;5227;
1084;Hovedstaden;2020-12-09;F;838;2;22;1048;100290;5249;
1082;Midtjylland;2020-12-09;F;304;3;4;1051;100594;5253;
1081;Nordjylland;2020-12-09;F;66;0;0;1051;100660;5253;
1085;Sjælland;2020-12-09;F;228;1;10;1052;100888;5263;
1083;Syddanmark;2020-12-09;F;173;0;2;1052;101061;5265;
1084;Hovedstaden;2020-12-09;M;857;4;17;1056;101918;5282;
1082;Midtjylland;2020-12-09;M;274;1;8;1057;102192;5290;
1081;Nordjylland;2020-12-09;M;79;0;1;1057;102271;5291;
1085;Sjælland;2020-12-09;M;213;2;7;1059;102484;5298;
1083;Syddanmark;2020-12-09;M;160;0;2;1059;102644;5300;
1084;Hovedstaden;2020-12-10;F;947;9;20;1068;103591;5320;
1082;Midtjylland;2020-12-10;F;321;1;6;1069;103912;5326;
1081;Nordjylland;2020-12-10;F;78;0;4;1069;103990;5330;
1085;Sjælland;2020-12-10;F;243;1;5;1070;104233;5335;
1083;Syddanmark;2020-12-10;F;147;2;5;1072;104380;5340;
1084;Hovedstaden;2020-12-10;M;862;8;25;1080;105242;5365;
1082;Midtjylland;2020-12-10;M;279;2;4;1082;105521;5369;
1081;Nordjylland;2020-12-10;M;88;1;1;1083;105609;5370;
1085;Sjælland;2020-12-10;M;184;1;11;1084;105793;5381;
1083;Syddanmark;2020-12-10;M;135;0;4;1084;105928;5385;
1084;Hovedstaden;2020-12-11;F;840;7;24;1091;106768;5409;
1082;Midtjylland;2020-12-11;F;304;0;9;1091;107072;5418;
1081;Nordjylland;2020-12-11;F;58;1;0;1092;107130;5418;
1085;Sjælland;2020-12-11;F;255;2;7;1094;107385;5425;
1083;Syddanmark;2020-12-11;F;166;1;5;1095;107551;5430;
1084;Hovedstaden;2020-12-11;M;901;6;34;1101;108452;5464;
1082;Midtjylland;2020-12-11;M;279;0;10;1101;108731;5474;
1081;Nordjylland;2020-12-11;M;67;0;1;1101;108798;5475;
1085;Sjælland;2020-12-11;M;251;1;8;1102;109049;5483;
1083;Syddanmark;2020-12-11;M;175;0;5;1102;109224;5488;
1084;Hovedstaden;2020-12-12;F;857;3;27;1105;110081;5515;
1082;Midtjylland;2020-12-12;F;267;0;2;1105;110348;5517;
1081;Nordjylland;2020-12-12;F;76;0;1;1105;110424;5518;
1085;Sjælland;2020-12-12;F;224;0;0;1105;110648;5518;
1083;Syddanmark;2020-12-12;F;150;0;3;1105;110798;5521;
1084;Hovedstaden;2020-12-12;M;828;3;13;1108;111626;5534;
1082;Midtjylland;2020-12-12;M;277;1;8;1109;111903;5542;
1081;Nordjylland;2020-12-12;M;84;1;4;1110;111987;5546;
1085;Sjælland;2020-12-12;M;187;0;5;1110;112174;5551;
1083;Syddanmark;2020-12-12;M;138;0;3;1110;112312;5554;
1084;Hovedstaden;2020-12-13;F;967;8;33;1118;113279;5587;
1082;Midtjylland;2020-12-13;F;245;2;5;1120;113524;5592;
1081;Nordjylland;2020-12-13;F;61;0;3;1120;113585;5595;
1085;Sjælland;2020-12-13;F;207;0;3;1120;113792;5598;
1083;Syddanmark;2020-12-13;F;152;0;1;1120;113944;5599;
1084;Hovedstaden;2020-12-13;M;924;7;27;1127;114868;5626;
1082;Midtjylland;2020-12-13;M;231;1;7;1128;115099;5633;
1081;Nordjylland;2020-12-13;M;62;2;6;1130;115161;5639;
1085;Sjælland;2020-12-13;M;169;0;11;1130;115330;5650;
1083;Syddanmark;2020-12-13;M;147;1;6;1131;115477;5656;
1084;Hovedstaden;2020-12-14;F;1035;7;30;1138;116512;5686;
1082;Midtjylland;2020-12-14;F;381;1;10;1139;116893;5696;
1081;Nordjylland;2020-12-14;F;94;1;3;1140;116987;5699;
1085;Sjælland;2020-12-14;F;321;4;12;1144;117308;5711;
1083;Syddanmark;2020-12-14;F;206;0;7;1144;117514;5718;
1084;Hovedstaden;2020-12-14;M;981;12;35;1156;118495;5753;
1082;Midtjylland;2020-12-14;M;384;1;8;1157;118879;5761;
1081;Nordjylland;2020-12-14;M;99;0;4;1157;118978;5765;
1085;Sjælland;2020-12-14;M;271;4;13;1161;119249;5778;
1083;Syddanmark;2020-12-14;M;216;2;4;1163;119465;5782;
1084;Hovedstaden;2020-12-15;F;1114;5;34;1168;120579;5816;
1082;Midtjylland;2020-12-15;F;421;2;8;1170;121000;5824;
1081;Nordjylland;2020-12-15;F;98;0;2;1170;121098;5826;
1085;Sjælland;2020-12-15;F;323;4;10;1174;121421;5836;
1083;Syddanmark;2020-12-15;F;267;1;4;1175;121688;5840;
1084;Hovedstaden;2020-12-15;M;1013;2;24;1177;122701;5864;
1082;Midtjylland;2020-12-15;M;384;4;12;1181;123085;5876;
1081;Nordjylland;2020-12-15;M;113;1;1;1182;123198;5877;
1085;Sjælland;2020-12-15;M;287;4;17;1186;123485;5894;
1083;Syddanmark;2020-12-15;M;276;1;9;1187;123761;5903;
1084;Hovedstaden;2020-12-16;F;1191;5;43;1192;124952;5946;
1082;Midtjylland;2020-12-16;F;368;0;8;1192;125320;5954;
1081;Nordjylland;2020-12-16;F;113;1;2;1193;125433;5956;
1085;Sjælland;2020-12-16;F;378;2;8;1195;125811;5964;
1083;Syddanmark;2020-12-16;F;258;1;6;1196;126069;5970;
1084;Hovedstaden;2020-12-16;M;1021;5;36;1201;127090;6006;
1082;Midtjylland;2020-12-16;M;380;2;13;1203;127470;6019;
1081;Nordjylland;2020-12-16;M;113;1;7;1204;127583;6026;
1085;Sjælland;2020-12-16;M;307;1;13;1205;127890;6039;
1083;Syddanmark;2020-12-16;M;263;1;5;1206;128153;6044;
1084;Hovedstaden;2020-12-17;F;915;7;27;1213;129068;6071;
1082;Midtjylland;2020-12-17;F;312;1;8;1214;129380;6079;
1081;Nordjylland;2020-12-17;F;102;0;1;1214;129482;6080;
1085;Sjælland;2020-12-17;F;317;3;10;1217;129799;6090;
1083;Syddanmark;2020-12-17;F;257;1;6;1218;130056;6096;
1084;Hovedstaden;2020-12-17;M;824;10;54;1228;130880;6150;
1082;Midtjylland;2020-12-17;M;297;1;10;1229;131177;6160;
1081;Nordjylland;2020-12-17;M;100;0;1;1229;131277;6161;
1085;Sjælland;2020-12-17;M;254;3;9;1232;131531;6170;
1083;Syddanmark;2020-12-17;M;237;0;8;1232;131768;6178;
1084;Hovedstaden;2020-12-18;F;764;7;32;1239;132532;6210;
1082;Midtjylland;2020-12-18;F;293;0;4;1239;132825;6214;
1081;Nordjylland;2020-12-18;F;101;0;1;1239;132926;6215;
1085;Sjælland;2020-12-18;F;247;4;10;1243;133173;6225;
1083;Syddanmark;2020-12-18;F;184;3;11;1246;133357;6236;
1084;Hovedstaden;2020-12-18;M;757;11;37;1257;134114;6273;
1082;Midtjylland;2020-12-18;M;255;5;12;1262;134369;6285;
1081;Nordjylland;2020-12-18;M;112;0;2;1262;134481;6287;
1085;Sjælland;2020-12-18;M;228;5;17;1267;134709;6304;
1083;Syddanmark;2020-12-18;M;192;1;5;1268;134901;6309;
1084;Hovedstaden;2020-12-19;F;667;7;31;1275;135568;6340;
1082;Midtjylland;2020-12-19;F;252;2;10;1277;135820;6350;
1081;Nordjylland;2020-12-19;F;113;2;7;1279;135933;6357;
1085;Sjælland;2020-12-19;F;181;3;5;1282;136114;6362;
1083;Syddanmark;2020-12-19;F;202;1;6;1283;136316;6368;
1084;Hovedstaden;2020-12-19;M;611;10;25;1293;136927;6393;
1082;Midtjylland;2020-12-19;M;262;3;8;1296;137189;6401;
1081;Nordjylland;2020-12-19;M;98;0;4;1296;137287;6405;
1085;Sjælland;2020-12-19;M;207;4;11;1300;137494;6416;
1083;Syddanmark;2020-12-19;M;163;3;9;1303;137657;6425;
1084;Hovedstaden;2020-12-20;F;607;3;21;1306;138264;6446;
1082;Midtjylland;2020-12-20;F;205;0;5;1306;138469;6451;
1081;Nordjylland;2020-12-20;F;89;0;1;1306;138558;6452;
1085;Sjælland;2020-12-20;F;215;6;13;1312;138773;6465;
1083;Syddanmark;2020-12-20;F;156;1;5;1313;138929;6470;
1084;Hovedstaden;2020-12-20;M;566;8;41;1321;139495;6511;
1082;Midtjylland;2020-12-20;M;185;3;9;1324;139680;6520;
1081;Nordjylland;2020-12-20;M;80;1;2;1325;139760;6522;
1085;Sjælland;2020-12-20;M;183;1;7;1326;139943;6529;
1083;Syddanmark;2020-12-20;M;166;5;7;1331;140109;6536;
1084;Hovedstaden;2020-12-21;F;816;9;36;1340;140925;6572;
1082;Midtjylland;2020-12-21;F;310;1;9;1341;141235;6581;
1081;Nordjylland;2020-12-21;F;103;1;3;1342;141338;6584;
1085;Sjælland;2020-12-21;F;283;3;12;1345;141621;6596;
1083;Syddanmark;2020-12-21;F;238;0;8;1345;141859;6604;
1084;Hovedstaden;2020-12-21;M;634;12;38;1357;142493;6642;
1082;Midtjylland;2020-12-21;M;203;5;15;1362;142696;6657;
1081;Nordjylland;2020-12-21;M;94;1;7;1363;142790;6664;
1085;Sjælland;2020-12-21;M;206;0;8;1363;142996;6672;
1083;Syddanmark;2020-12-21;M;213;1;10;1364;143209;6682;
1084;Hovedstaden;2020-12-22;F;713;7;34;1371;143922;6716;
1082;Midtjylland;2020-12-22;F;256;3;12;1374;144178;6728;
1081;Nordjylland;2020-12-22;F;128;1;4;1375;144306;6732;
1085;Sjælland;2020-12-22;F;256;2;12;1377;144562;6744;
1083;Syddanmark;2020-12-22;F;194;3;6;1380;144756;6750;
1084;Hovedstaden;2020-12-22;M;632;10;42;1390;145388;6792;
1082;Midtjylland;2020-12-22;M;214;6;9;1396;145602;6801;
1081;Nordjylland;2020-12-22;M;114;5;8;1401;145716;6809;
1085;Sjælland;2020-12-22;M;203;4;12;1405;145919;6821;
1083;Syddanmark;2020-12-22;M;161;1;8;1406;146080;6829;
1084;Hovedstaden;2020-12-23;F;766;7;22;1413;146846;6851;
1082;Midtjylland;2020-12-23;F;268;1;11;1414;147114;6862;
1081;Nordjylland;2020-12-23;F;121;1;7;1415;147235;6869;
1085;Sjælland;2020-12-23;F;228;3;19;1418;147463;6888;
1083;Syddanmark;2020-12-23;F;199;1;7;1419;147662;6895;
1084;Hovedstaden;2020-12-23;M;662;8;29;1427;148324;6924;
1082;Midtjylland;2020-12-23;M;247;2;8;1429;148571;6932;
1081;Nordjylland;2020-12-23;M;134;3;4;1432;148705;6936;
1085;Sjælland;2020-12-23;M;215;3;14;1435;148920;6950;
1083;Syddanmark;2020-12-23;M;239;0;9;1435;149159;6959;
1084;Hovedstaden;2020-12-24;F;371;7;20;1442;149530;6979;
1082;Midtjylland;2020-12-24;F;132;1;10;1443;149662;6989;
1081;Nordjylland;2020-12-24;F;65;0;4;1443;149727;6993;
1085;Sjælland;2020-12-24;F;79;3;3;1446;149806;6996;
1083;Syddanmark;2020-12-24;F;111;0;2;1446;149917;6998;
1084;Hovedstaden;2020-12-24;M;359;5;27;1451;150276;7025;
1082;Midtjylland;2020-12-24;M;116;1;7;1452;150392;7032;
1081;Nordjylland;2020-12-24;M;69;0;4;1452;150461;7036;
1085;Sjælland;2020-12-24;M;77;3;6;1455;150538;7042;
1083;Syddanmark;2020-12-24;M;97;0;2;1455;150635;7044;
1084;Hovedstaden;2020-12-25;F;429;9;32;1464;151064;7076;
1082;Midtjylland;2020-12-25;F;112;1;4;1465;151176;7080;
1081;Nordjylland;2020-12-25;F;65;1;3;1466;151241;7083;
1085;Sjælland;2020-12-25;F;122;2;11;1468;151363;7094;
1083;Syddanmark;2020-12-25;F;129;0;6;1468;151492;7100;
1084;Hovedstaden;2020-12-25;M;376;12;33;1480;151868;7133;
1082;Midtjylland;2020-12-25;M;102;3;9;1483;151970;7142;
1081;Nordjylland;2020-12-25;M;65;3;1;1486;152035;7143;
1085;Sjælland;2020-12-25;M;83;2;10;1488;152118;7153;
1083;Syddanmark;2020-12-25;M;104;1;7;1489;152222;7160;
1084;Hovedstaden;2020-12-26;F;674;11;30;1500;152896;7190;
1082;Midtjylland;2020-12-26;F;230;1;7;1501;153126;7197;
1081;Nordjylland;2020-12-26;F;91;0;4;1501;153217;7201;
1085;Sjælland;2020-12-26;F;228;1;4;1502;153445;7205;
1083;Syddanmark;2020-12-26;F;171;1;4;1503;153616;7209;
1084;Hovedstaden;2020-12-26;M;605;11;43;1514;154221;7252;
1082;Midtjylland;2020-12-26;M;232;3;10;1517;154453;7262;
1081;Nordjylland;2020-12-26;M;87;0;6;1517;154540;7268;
1085;Sjælland;2020-12-26;M;218;3;20;1520;154758;7288;
1083;Syddanmark;2020-12-26;M;153;2;9;1522;154911;7297;
1084;Hovedstaden;2020-12-27;F;544;11;29;1533;155455;7326;
1082;Midtjylland;2020-12-27;F;232;3;8;1536;155687;7334;
1081;Nordjylland;2020-12-27;F;100;2;5;1538;155787;7339;
1085;Sjælland;2020-12-27;F;162;0;2;1538;155949;7341;
1083;Syddanmark;2020-12-27;F;155;4;10;1542;156104;7351;
1084;Hovedstaden;2020-12-27;M;470;7;25;1549;156574;7376;
1082;Midtjylland;2020-12-27;M;184;5;7;1554;156758;7383;
1081;Nordjylland;2020-12-27;M;71;1;3;1555;156829;7386;
1085;Sjælland;2020-12-27;M;165;6;17;1561;156994;7403;
1083;Syddanmark;2020-12-27;M;105;0;9;1561;157099;7412;
1084;Hovedstaden;2020-12-28;F;755;15;39;1576;157854;7451;
1082;Midtjylland;2020-12-28;F;306;3;14;1579;158160;7465;
1081;Nordjylland;2020-12-28;F;138;1;5;1580;158298;7470;
1085;Sjælland;2020-12-28;F;295;4;11;1584;158593;7481;
1083;Syddanmark;2020-12-28;F;216;4;12;1588;158809;7493;
1084;Hovedstaden;2020-12-28;M;536;10;35;1598;159345;7528;
1082;Midtjylland;2020-12-28;M;264;5;25;1603;159609;7553;
1081;Nordjylland;2020-12-28;M;123;1;1;1604;159732;7554;
1085;Sjælland;2020-12-28;M;249;1;21;1605;159981;7575;
1083;Syddanmark;2020-12-28;M;184;4;16;1609;160165;7591;
1084;Hovedstaden;2020-12-29;F;566;11;37;1620;160731;7628;
1082;Midtjylland;2020-12-29;F;281;4;9;1624;161012;7637;
1081;Nordjylland;2020-12-29;F;98;3;4;1627;161110;7641;
1085;Sjælland;2020-12-29;F;260;1;10;1628;161370;7651;
1083;Syddanmark;2020-12-29;F;175;1;4;1629;161545;7655;
1084;Hovedstaden;2020-12-29;M;425;11;34;1640;161970;7689;
1082;Midtjylland;2020-12-29;M;238;1;16;1641;162208;7705;
1081;Nordjylland;2020-12-29;M;89;0;3;1641;162297;7708;
1085;Sjælland;2020-12-29;M;182;0;9;1641;162479;7717;
1083;Syddanmark;2020-12-29;M;165;2;8;1643;162644;7725;
1084;Hovedstaden;2020-12-30;F;618;10;30;1653;163262;7755;
1082;Midtjylland;2020-12-30;F;250;2;10;1655;163512;7765;
1081;Nordjylland;2020-12-30;F;120;0;5;1655;163632;7770;
1085;Sjælland;2020-12-30;F;264;5;9;1660;163896;7779;
1083;Syddanmark;2020-12-30;F;200;3;5;1663;164096;7784;
1084;Hovedstaden;2020-12-30;M;566;10;35;1673;164662;7819;
1082;Midtjylland;2020-12-30;M;230;4;18;1677;164892;7837;
1081;Nordjylland;2020-12-30;M;93;1;7;1678;164985;7844;
1085;Sjælland;2020-12-30;M;256;7;18;1685;165241;7862;
1083;Syddanmark;2020-12-30;M;176;1;4;1686;165417;7866;
1084;Hovedstaden;2020-12-31;F;286;6;17;1692;165703;7883;
1082;Midtjylland;2020-12-31;F;123;2;2;1694;165826;7885;
1081;Nordjylland;2020-12-31;F;62;1;4;1695;165888;7889;
1085;Sjælland;2020-12-31;F;85;0;4;1695;165973;7893;
1083;Syddanmark;2020-12-31;F;90;1;6;1696;166063;7899;
1084;Hovedstaden;2020-12-31;M;279;8;27;1704;166342;7926;
1082;Midtjylland;2020-12-31;M;119;0;9;1704;166461;7935;
1081;Nordjylland;2020-12-31;M;42;0;2;1704;166503;7937;
1085;Sjælland;2020-12-31;M;68;0;8;1704;166571;7945;
1083;Syddanmark;2020-12-31;M;78;1;6;1705;166649;7951;
1084;Hovedstaden;2021-01-01;F;288;6;18;1711;166937;7969;
1082;Midtjylland;2021-01-01;F;129;1;3;1712;167066;7972;
1081;Nordjylland;2021-01-01;F;52;0;2;1712;167118;7974;
1085;Sjælland;2021-01-01;F;69;1;9;1713;167187;7983;
1083;Syddanmark;2021-01-01;F;90;0;4;1713;167277;7987;
1084;Hovedstaden;2021-01-01;M;285;6;23;1719;167562;8010;
1082;Midtjylland;2021-01-01;M;101;1;6;1720;167663;8016;
1081;Nordjylland;2021-01-01;M;42;2;6;1722;167705;8022;
1085;Sjælland;2021-01-01;M;70;1;10;1723;167775;8032;
1083;Syddanmark;2021-01-01;M;77;2;6;1725;167852;8038;
1084;Hovedstaden;2021-01-02;F;436;3;25;1728;168288;8063;
1082;Midtjylland;2021-01-02;F;217;2;3;1730;168505;8066;
1081;Nordjylland;2021-01-02;F;96;0;2;1730;168601;8068;
1085;Sjælland;2021-01-02;F;162;0;12;1730;168763;8080;
1083;Syddanmark;2021-01-02;F;136;1;4;1731;168899;8084;
1084;Hovedstaden;2021-01-02;M;402;7;22;1738;169301;8106;
1082;Midtjylland;2021-01-02;M;222;2;14;1740;169523;8120;
1081;Nordjylland;2021-01-02;M;90;2;9;1742;169613;8129;
1085;Sjælland;2021-01-02;M;160;8;13;1750;169773;8142;
1083;Syddanmark;2021-01-02;M;125;2;9;1752;169898;8151;
1084;Hovedstaden;2021-01-03;F;392;2;19;1754;170290;8170;
1082;Midtjylland;2021-01-03;F;184;2;6;1756;170474;8176;
1081;Nordjylland;2021-01-03;F;110;7;8;1763;170584;8184;
1085;Sjælland;2021-01-03;F;114;2;8;1765;170698;8192;
1083;Syddanmark;2021-01-03;F;114;1;5;1766;170812;8197;
1084;Hovedstaden;2021-01-03;M;322;3;22;1769;171134;8219;
1082;Midtjylland;2021-01-03;M;146;0;5;1769;171280;8224;
1081;Nordjylland;2021-01-03;M;68;3;6;1772;171348;8230;
1085;Sjælland;2021-01-03;M;107;2;11;1774;171455;8241;
1083;Syddanmark;2021-01-03;M;111;0;9;1774;171566;8250;
1084;Hovedstaden;2021-01-04;F;581;16;23;1790;172147;8273;
1082;Midtjylland;2021-01-04;F;245;5;6;1795;172392;8279;
1081;Nordjylland;2021-01-04;F;108;2;6;1797;172500;8285;
1085;Sjælland;2021-01-04;F;220;1;6;1798;172720;8291;
1083;Syddanmark;2021-01-04;F;175;0;6;1798;172895;8297;
1084;Hovedstaden;2021-01-04;M;482;12;31;1810;173377;8328;
1082;Midtjylland;2021-01-04;M;213;3;10;1813;173590;8338;
1081;Nordjylland;2021-01-04;M;102;2;5;1815;173692;8343;
1085;Sjælland;2021-01-04;M;179;2;10;1817;173871;8353;
1083;Syddanmark;2021-01-04;M;174;1;6;1818;174045;8359;
1084;Hovedstaden;2021-01-05;F;448;0;21;1818;174493;8380;
1082;Midtjylland;2021-01-05;F;183;4;9;1822;174676;8389;
1081;Nordjylland;2021-01-05;F;85;2;3;1824;174761;8392;
1085;Sjælland;2021-01-05;F;205;3;7;1827;174966;8399;
1083;Syddanmark;2021-01-05;F;157;3;10;1830;175123;8409;
1084;Hovedstaden;2021-01-05;M;380;7;21;1837;175503;8430;
1082;Midtjylland;2021-01-05;M;133;0;10;1837;175636;8440;
1081;Nordjylland;2021-01-05;M;69;0;2;1837;175705;8442;
1085;Sjælland;2021-01-05;M;146;3;8;1840;175851;8450;
1083;Syddanmark;2021-01-05;M;123;1;11;1841;175974;8461;
1084;Hovedstaden;2021-01-06;F;402;9;28;1850;176376;8489;
1082;Midtjylland;2021-01-06;F;154;5;10;1855;176530;8499;
1081;Nordjylland;2021-01-06;F;90;0;4;1855;176620;8503;
1085;Sjælland;2021-01-06;F;143;3;14;1858;176763;8517;
1083;Syddanmark;2021-01-06;F;111;0;5;1858;176874;8522;
1084;Hovedstaden;2021-01-06;M;314;10;28;1868;177188;8550;
1082;Midtjylland;2021-01-06;M;126;3;10;1871;177314;8560;
1081;Nordjylland;2021-01-06;M;87;2;2;1873;177401;8562;
1085;Sjælland;2021-01-06;M;129;3;8;1876;177530;8570;
1083;Syddanmark;2021-01-06;M;101;0;2;1876;177631;8572;
1084;Hovedstaden;2021-01-07;F;319;7;18;1883;177950;8590;
1082;Midtjylland;2021-01-07;F;190;5;9;1888;178140;8599;
1081;Nordjylland;2021-01-07;F;71;1;4;1889;178211;8603;
1085;Sjælland;2021-01-07;F;151;3;13;1892;178362;8616;
1083;Syddanmark;2021-01-07;F;136;2;8;1894;178498;8624;
1084;Hovedstaden;2021-01-07;M;267;3;17;1897;178765;8641;
1082;Midtjylland;2021-01-07;M;147;8;13;1905;178912;8654;
1081;Nordjylland;2021-01-07;M;74;1;2;1906;178986;8656;
1085;Sjælland;2021-01-07;M;96;4;14;1910;179082;8670;
1083;Syddanmark;2021-01-07;M;136;3;8;1913;179218;8678;
1084;Hovedstaden;2021-01-08;F;338;5;21;1918;179556;8699;
1082;Midtjylland;2021-01-08;F;144;1;10;1919;179700;8709;
1081;Nordjylland;2021-01-08;F;57;1;2;1920;179757;8711;
1085;Sjælland;2021-01-08;F;108;1;4;1921;179865;8715;
1083;Syddanmark;2021-01-08;F;119;1;9;1922;179984;8724;
1084;Hovedstaden;2021-01-08;M;270;7;18;1929;180254;8742;
1082;Midtjylland;2021-01-08;M;110;3;9;1932;180364;8751;
1081;Nordjylland;2021-01-08;M;61;2;10;1934;180425;8761;
1085;Sjælland;2021-01-08;M;115;2;10;1936;180540;8771;
1083;Syddanmark;2021-01-08;M;110;1;6;1937;180650;8777;
1084;Hovedstaden;2021-01-09;F;256;3;18;1940;180906;8795;
1082;Midtjylland;2021-01-09;F;113;2;3;1942;181019;8798;
1081;Nordjylland;2021-01-09;F;51;0;1;1942;181070;8799;
1085;Sjælland;2021-01-09;F;113;3;11;1945;181183;8810;
1083;Syddanmark;2021-01-09;F;88;3;4;1948;181271;8814;
1084;Hovedstaden;2021-01-09;M;228;9;25;1957;181499;8839;
1082;Midtjylland;2021-01-09;M;109;3;5;1960;181608;8844;
1081;Nordjylland;2021-01-09;M;50;0;3;1960;181658;8847;
1085;Sjælland;2021-01-09;M;99;3;13;1963;181757;8860;
1083;Syddanmark;2021-01-09;M;86;3;6;1966;181843;8866;
1084;Hovedstaden;2021-01-10;F;210;2;13;1968;182053;8879;
1082;Midtjylland;2021-01-10;F;100;2;6;1970;182153;8885;
1081;Nordjylland;2021-01-10;F;45;0;2;1970;182198;8887;
1085;Sjælland;2021-01-10;F;86;3;12;1973;182284;8899;
1083;Syddanmark;2021-01-10;F;75;1;7;1974;182359;8906;
1084;Hovedstaden;2021-01-10;M;198;7;19;1981;182557;8925;
1082;Midtjylland;2021-01-10;M;85;1;7;1982;182642;8932;
1081;Nordjylland;2021-01-10;M;36;2;3;1984;182678;8935;
1085;Sjælland;2021-01-10;M;81;1;6;1985;182759;8941;
1083;Syddanmark;2021-01-10;M;74;1;4;1986;182833;8945;
1084;Hovedstaden;2021-01-11;F;367;7;26;1993;183200;8971;
1082;Midtjylland;2021-01-11;F;104;1;6;1994;183304;8977;
1081;Nordjylland;2021-01-11;F;57;1;1;1995;183361;8978;
1085;Sjælland;2021-01-11;F;127;4;10;1999;183488;8988;
1083;Syddanmark;2021-01-11;F;116;2;9;2001;183604;8997;
1084;Hovedstaden;2021-01-11;M;249;9;18;2010;183853;9015;
1082;Midtjylland;2021-01-11;M;93;3;7;2013;183946;9022;
1081;Nordjylland;2021-01-11;M;50;0;1;2013;183996;9023;
1085;Sjælland;2021-01-11;M;97;1;12;2014;184093;9035;
1083;Syddanmark;2021-01-11;M;92;2;10;2016;184185;9045;
1084;Hovedstaden;2021-01-12;F;321;10;19;2026;184506;9064;
1082;Midtjylland;2021-01-12;F;98;3;10;2029;184604;9074;
1081;Nordjylland;2021-01-12;F;54;1;1;2030;184658;9075;
1085;Sjælland;2021-01-12;F;124;1;7;2031;184782;9082;
1083;Syddanmark;2021-01-12;F;73;0;3;2031;184855;9085;
1084;Hovedstaden;2021-01-12;M;269;4;18;2035;185124;9103;
1082;Midtjylland;2021-01-12;M;82;2;6;2037;185206;9109;
1081;Nordjylland;2021-01-12;M;51;0;3;2037;185257;9112;
1085;Sjælland;2021-01-12;M;110;5;8;2042;185367;9120;
1083;Syddanmark;2021-01-12;M;79;2;6;2044;185446;9126;
1084;Hovedstaden;2021-01-13;F;269;7;19;2051;185715;9145;
1082;Midtjylland;2021-01-13;F;102;2;0;2053;185817;9145;
1081;Nordjylland;2021-01-13;F;65;2;4;2055;185882;9149;
1085;Sjælland;2021-01-13;F;76;2;9;2057;185958;9158;
1083;Syddanmark;2021-01-13;F;83;1;0;2058;186041;9158;
1084;Hovedstaden;2021-01-13;M;246;3;25;2061;186287;9183;
1082;Midtjylland;2021-01-13;M;69;0;4;2061;186356;9187;
1081;Nordjylland;2021-01-13;M;55;3;5;2064;186411;9192;
1085;Sjælland;2021-01-13;M;82;3;13;2067;186493;9205;
1083;Syddanmark;2021-01-13;M;68;0;2;2067;186561;9207;
1084;Hovedstaden;2021-01-14;F;223;4;15;2071;186784;9222;
1082;Midtjylland;2021-01-14;F;105;1;4;2072;186889;9226;
1081;Nordjylland;2021-01-14;F;50;0;2;2072;186939;9228;
1085;Sjælland;2021-01-14;F;98;1;6;2073;187037;9234;
1083;Syddanmark;2021-01-14;F;86;1;4;2074;187123;9238;
1084;Hovedstaden;2021-01-14;M;201;9;23;2083;187324;9261;
1082;Midtjylland;2021-01-14;M;82;1;6;2084;187406;9267;
1081;Nordjylland;2021-01-14;M;48;0;1;2084;187454;9268;
1085;Sjælland;2021-01-14;M;50;1;5;2085;187504;9273;
1083;Syddanmark;2021-01-14;M;64;0;2;2085;187568;9275;
1084;Hovedstaden;2021-01-15;F;200;2;11;2087;187768;9286;
1082;Midtjylland;2021-01-15;F;64;2;5;2089;187832;9291;
1081;Nordjylland;2021-01-15;F;35;0;1;2089;187867;9292;
1085;Sjælland;2021-01-15;F;67;2;5;2091;187934;9297;
1083;Syddanmark;2021-01-15;F;70;0;5;2091;188004;9302;
1084;Hovedstaden;2021-01-15;M;192;4;16;2095;188196;9318;
1082;Midtjylland;2021-01-15;M;53;2;8;2097;188249;9326;
1081;Nordjylland;2021-01-15;M;51;2;5;2099;188300;9331;
1085;Sjælland;2021-01-15;M;66;3;9;2102;188366;9340;
1083;Syddanmark;2021-01-15;M;58;2;7;2104;188424;9347;
1084;Hovedstaden;2021-01-16;F;177;5;10;2109;188601;9357;
1082;Midtjylland;2021-01-16;F;35;1;2;2110;188636;9359;
1081;Nordjylland;2021-01-16;F;37;0;1;2110;188673;9360;
1085;Sjælland;2021-01-16;F;51;1;1;2111;188724;9361;
1083;Syddanmark;2021-01-16;F;73;2;10;2113;188797;9371;
1084;Hovedstaden;2021-01-16;M;163;3;13;2116;188960;9384;
1082;Midtjylland;2021-01-16;M;37;0;3;2116;188997;9387;
1081;Nordjylland;2021-01-16;M;37;2;5;2118;189034;9392;
1085;Sjælland;2021-01-16;M;55;0;4;2118;189089;9396;
1083;Syddanmark;2021-01-16;M;54;0;5;2118;189143;9401;
1084;Hovedstaden;2021-01-17;F;171;2;14;2120;189314;9415;
1082;Midtjylland;2021-01-17;F;43;0;2;2120;189357;9417;
1081;Nordjylland;2021-01-17;F;29;2;2;2122;189386;9419;
1085;Sjælland;2021-01-17;F;63;0;7;2122;189449;9426;
1083;Syddanmark;2021-01-17;F;49;1;2;2123;189498;9428;
1084;Hovedstaden;2021-01-17;M;150;3;16;2126;189648;9444;
1082;Midtjylland;2021-01-17;M;35;0;1;2126;189683;9445;
1081;Nordjylland;2021-01-17;M;36;2;4;2128;189719;9449;
1085;Sjælland;2021-01-17;M;52;1;7;2129;189771;9456;
1083;Syddanmark;2021-01-17;M;49;0;3;2129;189820;9459;
1084;Hovedstaden;2021-01-18;F;238;6;20;2135;190058;9479;
1082;Midtjylland;2021-01-18;F;65;1;3;2136;190123;9482;
1081;Nordjylland;2021-01-18;F;43;0;4;2136;190166;9486;
1085;Sjælland;2021-01-18;F;78;2;6;2138;190244;9492;
1083;Syddanmark;2021-01-18;F;77;2;6;2140;190321;9498;
1084;Hovedstaden;2021-01-18;M;207;8;34;2148;190528;9532;
1082;Midtjylland;2021-01-18;M;55;1;5;2149;190583;9537;
1081;Nordjylland;2021-01-18;M;31;3;4;2152;190614;9541;
1085;Sjælland;2021-01-18;M;62;1;12;2153;190676;9553;
1083;Syddanmark;2021-01-18;M;75;0;3;2153;190751;9556;
1084;Hovedstaden;2021-01-19;F;188;2;17;2155;190939;9573;
1082;Midtjylland;2021-01-19;F;65;1;3;2156;191004;9576;
1081;Nordjylland;2021-01-19;F;44;1;5;2157;191048;9581;
1085;Sjælland;2021-01-19;F;84;1;5;2158;191132;9586;
1083;Syddanmark;2021-01-19;F;80;3;3;2161;191212;9589;
1084;Hovedstaden;2021-01-19;M;174;7;23;2168;191386;9612;
1082;Midtjylland;2021-01-19;M;47;2;7;2170;191433;9619;
1081;Nordjylland;2021-01-19;M;50;3;6;2173;191483;9625;
1085;Sjælland;2021-01-19;M;80;1;9;2174;191563;9634;
1083;Syddanmark;2021-01-19;M;102;3;7;2177;191665;9641;
1084;Hovedstaden;2021-01-20;F;164;3;9;2180;191829;9650;
1082;Midtjylland;2021-01-20;F;60;1;2;2181;191889;9652;
1081;Nordjylland;2021-01-20;F;41;2;5;2183;191930;9657;
1085;Sjælland;2021-01-20;F;71;1;3;2184;192001;9660;
1083;Syddanmark;2021-01-20;F;58;1;5;2185;192059;9665;
1084;Hovedstaden;2021-01-20;M;153;3;8;2188;192212;9673;
1082;Midtjylland;2021-01-20;M;51;1;8;2189;192263;9681;
1081;Nordjylland;2021-01-20;M;39;0;4;2189;192302;9685;
1085;Sjælland;2021-01-20;M;78;0;4;2189;192380;9689;
1083;Syddanmark;2021-01-20;M;61;0;4;2189;192441;9693;
1084;Hovedstaden;2021-01-21;F;192;5;13;2194;192633;9706;
1082;Midtjylland;2021-01-21;F;63;1;4;2195;192696;9710;
1081;Nordjylland;2021-01-21;F;46;0;3;2195;192742;9713;
1085;Sjælland;2021-01-21;F;75;0;2;2195;192817;9715;
1083;Syddanmark;2021-01-21;F;58;2;6;2197;192875;9721;
1084;Hovedstaden;2021-01-21;M;187;5;22;2202;193062;9743;
1082;Midtjylland;2021-01-21;M;57;0;4;2202;193119;9747;
1081;Nordjylland;2021-01-21;M;28;0;2;2202;193147;9749;
1085;Sjælland;2021-01-21;M;71;0;10;2202;193218;9759;
1083;Syddanmark;2021-01-21;M;81;2;5;2204;193299;9764;
1084;Hovedstaden;2021-01-22;F;150;5;8;2209;193449;9772;
1082;Midtjylland;2021-01-22;F;51;1;3;2210;193500;9775;
1081;Nordjylland;2021-01-22;F;41;1;3;2211;193541;9778;
1085;Sjælland;2021-01-22;F;74;2;8;2213;193615;9786;
1083;Syddanmark;2021-01-22;F;53;1;2;2214;193668;9788;
1084;Hovedstaden;2021-01-22;M;139;3;10;2217;193807;9798;
1082;Midtjylland;2021-01-22;M;44;1;2;2218;193851;9800;
1081;Nordjylland;2021-01-22;M;43;3;5;2221;193894;9805;
1085;Sjælland;2021-01-22;M;56;1;5;2222;193950;9810;
1083;Syddanmark;2021-01-22;M;64;0;2;2222;194014;9812;
1084;Hovedstaden;2021-01-23;F;137;2;10;2224;194151;9822;
1082;Midtjylland;2021-01-23;F;42;1;2;2225;194193;9824;
1081;Nordjylland;2021-01-23;F;21;0;0;2225;194214;9824;
1085;Sjælland;2021-01-23;F;54;2;4;2227;194268;9828;
1083;Syddanmark;2021-01-23;F;45;0;3;2227;194313;9831;
1084;Hovedstaden;2021-01-23;M;120;2;11;2229;194433;9842;
1082;Midtjylland;2021-01-23;M;42;0;5;2229;194475;9847;
1081;Nordjylland;2021-01-23;M;24;1;3;2230;194499;9850;
1085;Sjælland;2021-01-23;M;46;1;4;2231;194545;9854;
1083;Syddanmark;2021-01-23;M;60;1;2;2232;194605;9856;
1084;Hovedstaden;2021-01-24;F;125;0;11;2232;194730;9867;
1082;Midtjylland;2021-01-24;F;32;1;0;2233;194762;9867;
1081;Nordjylland;2021-01-24;F;28;1;4;2234;194790;9871;
1085;Sjælland;2021-01-24;F;42;3;3;2237;194832;9874;
1083;Syddanmark;2021-01-24;F;49;0;2;2237;194881;9876;
1084;Hovedstaden;2021-01-24;M;121;2;10;2239;195002;9886;
1082;Midtjylland;2021-01-24;M;23;1;1;2240;195025;9887;
1081;Nordjylland;2021-01-24;M;29;0;1;2240;195054;9888;
1085;Sjælland;2021-01-24;M;42;0;4;2240;195096;9892;
1083;Syddanmark;2021-01-24;M;23;0;1;2240;195119;9893;
1084;Hovedstaden;2021-01-25;F;160;5;11;2245;195279;9904;
1082;Midtjylland;2021-01-25;F;43;0;4;2245;195322;9908;
1081;Nordjylland;2021-01-25;F;29;0;2;2245;195351;9910;
1085;Sjælland;2021-01-25;F;68;1;7;2246;195419;9917;
1083;Syddanmark;2021-01-25;F;50;0;3;2246;195469;9920;
1084;Hovedstaden;2021-01-25;M;172;3;14;2249;195641;9934;
1082;Midtjylland;2021-01-25;M;41;0;2;2249;195682;9936;
1081;Nordjylland;2021-01-25;M;23;0;2;2249;195705;9938;
1085;Sjælland;2021-01-25;M;63;0;6;2249;195768;9944;
1083;Syddanmark;2021-01-25;M;74;0;6;2249;195842;9950;
1084;Hovedstaden;2021-01-26;F;143;1;6;2250;195985;9956;
1082;Midtjylland;2021-01-26;F;48;0;2;2250;196033;9958;
1081;Nordjylland;2021-01-26;F;34;0;0;2250;196067;9958;
1085;Sjælland;2021-01-26;F;68;0;3;2250;196135;9961;
1083;Syddanmark;2021-01-26;F;59;0;1;2250;196194;9962;
1084;Hovedstaden;2021-01-26;M;137;2;13;2252;196331;9975;
1082;Midtjylland;2021-01-26;M;47;3;3;2255;196378;9978;
1081;Nordjylland;2021-01-26;M;33;0;4;2255;196411;9982;
1085;Sjælland;2021-01-26;M;67;1;5;2256;196478;9987;
1083;Syddanmark;2021-01-26;M;47;0;0;2256;196525;9987;
1084;Hovedstaden;2021-01-27;F;139;1;11;2257;196664;9998;
1082;Midtjylland;2021-01-27;F;36;0;1;2257;196700;9999;
1081;Nordjylland;2021-01-27;F;13;0;1;2257;196713;10000;
1085;Sjælland;2021-01-27;F;50;1;1;2258;196763;10001;
1083;Syddanmark;2021-01-27;F;39;1;3;2259;196802;10004;
1084;Hovedstaden;2021-01-27;M;111;4;10;2263;196913;10014;
1082;Midtjylland;2021-01-27;M;29;1;3;2264;196942;10017;
1081;Nordjylland;2021-01-27;M;23;0;2;2264;196965;10019;
1085;Sjælland;2021-01-27;M;52;3;8;2267;197017;10027;
1083;Syddanmark;2021-01-27;M;40;0;3;2267;197057;10030;
1084;Hovedstaden;2021-01-28;F;131;2;7;2269;197188;10037;
1082;Midtjylland;2021-01-28;F;44;1;4;2270;197232;10041;
1081;Nordjylland;2021-01-28;F;23;0;0;2270;197255;10041;
1085;Sjælland;2021-01-28;F;50;0;4;2270;197305;10045;
1083;Syddanmark;2021-01-28;F;31;0;1;2270;197336;10046;
1084;Hovedstaden;2021-01-28;M;106;4;9;2274;197442;10055;
1082;Midtjylland;2021-01-28;M;28;0;1;2274;197470;10056;
1081;Nordjylland;2021-01-28;M;17;2;2;2276;197487;10058;
1085;Sjælland;2021-01-28;M;33;0;3;2276;197520;10061;
1083;Syddanmark;2021-01-28;M;39;1;1;2277;197559;10062;
1084;Hovedstaden;2021-01-29;F;99;4;4;2281;197658;10066;
1082;Midtjylland;2021-01-29;F;20;0;2;2281;197678;10068;
1081;Nordjylland;2021-01-29;F;17;0;2;2281;197695;10070;
1085;Sjælland;2021-01-29;F;39;1;5;2282;197734;10075;
1083;Syddanmark;2021-01-29;F;35;0;0;2282;197769;10075;
1084;Hovedstaden;2021-01-29;M;84;3;7;2285;197853;10082;
1082;Midtjylland;2021-01-29;M;26;1;2;2286;197879;10084;
1081;Nordjylland;2021-01-29;M;14;0;3;2286;197893;10087;
1085;Sjælland;2021-01-29;M;25;0;4;2286;197918;10091;
1083;Syddanmark;2021-01-29;M;47;1;0;2287;197965;10091;
1084;Hovedstaden;2021-01-30;F;76;4;8;2291;198041;10099;
1082;Midtjylland;2021-01-30;F;13;0;0;2291;198054;10099;
1081;Nordjylland;2021-01-30;F;12;0;1;2291;198066;10100;
1085;Sjælland;2021-01-30;F;31;0;3;2291;198097;10103;
1083;Syddanmark;2021-01-30;F;36;0;2;2291;198133;10105;
1084;Hovedstaden;2021-01-30;M;92;0;7;2291;198225;10112;
1082;Midtjylland;2021-01-30;M;26;0;0;2291;198251;10112;
1081;Nordjylland;2021-01-30;M;16;1;1;2292;198267;10113;
1085;Sjælland;2021-01-30;M;25;0;2;2292;198292;10115;
1083;Syddanmark;2021-01-30;M;34;0;1;2292;198326;10116;
1084;Hovedstaden;2021-01-31;F;89;3;6;2295;198415;10122;
1082;Midtjylland;2021-01-31;F;25;1;2;2296;198440;10124;
1081;Nordjylland;2021-01-31;F;12;0;0;2296;198452;10124;
1085;Sjælland;2021-01-31;F;25;0;3;2296;198477;10127;
1083;Syddanmark;2021-01-31;F;30;1;2;2297;198507;10129;
1084;Hovedstaden;2021-01-31;M;94;0;9;2297;198601;10138;
1082;Midtjylland;2021-01-31;M;20;0;3;2297;198621;10141;
1081;Nordjylland;2021-01-31;M;20;0;1;2297;198641;10142;
1085;Sjælland;2021-01-31;M;37;0;4;2297;198678;10146;
1083;Syddanmark;2021-01-31;M;37;0;4;2297;198715;10150;
1084;Hovedstaden;2021-02-01;F;100;1;6;2298;198815;10156;
1082;Midtjylland;2021-02-01;F;36;0;3;2298;198851;10159;
1081;Nordjylland;2021-02-01;F;24;0;2;2298;198875;10161;
1085;Sjælland;2021-02-01;F;52;0;1;2298;198927;10162;
1083;Syddanmark;2021-02-01;F;52;1;5;2299;198979;10167;
1084;Hovedstaden;2021-02-01;M;113;5;12;2304;199092;10179;
1082;Midtjylland;2021-02-01;M;29;0;1;2304;199121;10180;
1081;Nordjylland;2021-02-01;M;22;1;4;2305;199143;10184;
1085;Sjælland;2021-02-01;M;36;1;4;2306;199179;10188;
1083;Syddanmark;2021-02-01;M;41;1;4;2307;199220;10192;
1084;Hovedstaden;2021-02-02;F;96;0;7;2307;199316;10199;
1082;Midtjylland;2021-02-02;F;34;0;1;2307;199350;10200;
1081;Nordjylland;2021-02-02;F;22;0;1;2307;199372;10201;
1085;Sjælland;2021-02-02;F;43;0;4;2307;199415;10205;
1083;Syddanmark;2021-02-02;F;51;3;8;2310;199466;10213;
1084;Hovedstaden;2021-02-02;M;114;4;9;2314;199580;10222;
1082;Midtjylland;2021-02-02;M;29;0;2;2314;199609;10224;
1081;Nordjylland;2021-02-02;M;23;1;2;2315;199632;10226;
1085;Sjælland;2021-02-02;M;34;0;2;2315;199666;10228;
1083;Syddanmark;2021-02-02;M;42;1;5;2316;199708;10233;
1084;Hovedstaden;2021-02-03;F;76;0;2;2316;199784;10235;
1082;Midtjylland;2021-02-03;F;21;0;1;2316;199805;10236;
1081;Nordjylland;2021-02-03;F;23;1;1;2317;199828;10237;
1085;Sjælland;2021-02-03;F;41;1;2;2318;199869;10239;
1083;Syddanmark;2021-02-03;F;53;1;2;2319;199922;10241;
1084;Hovedstaden;2021-02-03;M;83;0;5;2319;200005;10246;
1082;Midtjylland;2021-02-03;M;34;0;1;2319;200039;10247;
1081;Nordjylland;2021-02-03;M;19;0;3;2319;200058;10250;
1085;Sjælland;2021-02-03;M;31;1;3;2320;200089;10253;
1083;Syddanmark;2021-02-03;M;47;1;4;2321;200136;10257;
1084;Hovedstaden;2021-02-04;F;94;2;6;2323;200230;10263;
1082;Midtjylland;2021-02-04;F;36;0;0;2323;200266;10263;
1081;Nordjylland;2021-02-04;F;17;1;2;2324;200283;10265;
1085;Sjælland;2021-02-04;F;30;1;2;2325;200313;10267;
1083;Syddanmark;2021-02-04;F;34;0;1;2325;200347;10268;
1084;Hovedstaden;2021-02-04;M;103;0;10;2325;200450;10278;
1082;Midtjylland;2021-02-04;M;32;0;0;2325;200482;10278;
1081;Nordjylland;2021-02-04;M;13;0;1;2325;200495;10279;
1085;Sjælland;2021-02-04;M;45;1;6;2326;200540;10285;
1083;Syddanmark;2021-02-04;M;35;0;0;2326;200575;10285;
1084;Hovedstaden;2021-02-05;F;89;0;5;2326;200664;10290;
1082;Midtjylland;2021-02-05;F;34;0;1;2326;200698;10291;
1081;Nordjylland;2021-02-05;F;21;0;1;2326;200719;10292;
1085;Sjælland;2021-02-05;F;25;2;3;2328;200744;10295;
1083;Syddanmark;2021-02-05;F;32;1;0;2329;200776;10295;
1084;Hovedstaden;2021-02-05;M;83;3;7;2332;200859;10302;
1082;Midtjylland;2021-02-05;M;32;0;2;2332;200891;10304;
1081;Nordjylland;2021-02-05;M;12;0;1;2332;200903;10305;
1085;Sjælland;2021-02-05;M;36;1;5;2333;200939;10310;
1083;Syddanmark;2021-02-05;M;43;1;1;2334;200982;10311;
1084;Hovedstaden;2021-02-06;F;98;0;7;2334;201080;10318;
1082;Midtjylland;2021-02-06;F;30;0;2;2334;201110;10320;
1081;Nordjylland;2021-02-06;F;19;1;3;2335;201129;10323;
1085;Sjælland;2021-02-06;F;36;0;1;2335;201165;10324;
1083;Syddanmark;2021-02-06;F;44;0;2;2335;201209;10326;
1084;Hovedstaden;2021-02-06;M;72;0;1;2335;201281;10327;
1082;Midtjylland;2021-02-06;M;41;0;3;2335;201322;10330;
1081;Nordjylland;2021-02-06;M;11;0;1;2335;201333;10331;
1085;Sjælland;2021-02-06;M;31;1;3;2336;201364;10334;
1083;Syddanmark;2021-02-06;M;52;1;3;2337;201416;10337;
1084;Hovedstaden;2021-02-07;F;101;6;11;2343;201517;10348;
1082;Midtjylland;2021-02-07;F;33;0;0;2343;201550;10348;
1081;Nordjylland;2021-02-07;F;20;0;1;2343;201570;10349;
1085;Sjælland;2021-02-07;F;26;0;1;2343;201596;10350;
1083;Syddanmark;2021-02-07;F;35;1;2;2344;201631;10352;
1084;Hovedstaden;2021-02-07;M;70;2;7;2346;201701;10359;
1082;Midtjylland;2021-02-07;M;44;0;2;2346;201745;10361;
1081;Nordjylland;2021-02-07;M;13;0;2;2346;201758;10363;
1085;Sjælland;2021-02-07;M;20;0;0;2346;201778;10363;
1083;Syddanmark;2021-02-07;M;27;1;0;2347;201805;10363;
1084;Hovedstaden;2021-02-08;F;92;1;9;2348;201897;10372;
1082;Midtjylland;2021-02-08;F;27;0;1;2348;201924;10373;
1081;Nordjylland;2021-02-08;F;25;0;1;2348;201949;10374;
1085;Sjælland;2021-02-08;F;55;0;8;2348;202004;10382;
1083;Syddanmark;2021-02-08;F;41;0;5;2348;202045;10387;
1084;Hovedstaden;2021-02-08;M;73;1;4;2349;202118;10391;
1082;Midtjylland;2021-02-08;M;39;0;2;2349;202157;10393;
1081;Nordjylland;2021-02-08;M;13;1;3;2350;202170;10396;
1085;Sjælland;2021-02-08;M;47;1;5;2351;202217;10401;
1083;Syddanmark;2021-02-08;M;29;0;2;2351;202246;10403;
1084;Hovedstaden;2021-02-09;F;90;2;9;2353;202336;10412;
1082;Midtjylland;2021-02-09;F;25;0;0;2353;202361;10412;
1081;Nordjylland;2021-02-09;F;22;0;2;2353;202383;10414;
1085;Sjælland;2021-02-09;F;36;0;3;2353;202419;10417;
1083;Syddanmark;2021-02-09;F;45;1;3;2354;202464;10420;
1084;Hovedstaden;2021-02-09;M;88;0;4;2354;202552;10424;
1082;Midtjylland;2021-02-09;M;47;0;1;2354;202599;10425;
1081;Nordjylland;2021-02-09;M;15;0;3;2354;202614;10428;
1085;Sjælland;2021-02-09;M;37;0;3;2354;202651;10431;
1083;Syddanmark;2021-02-09;M;53;1;3;2355;202704;10434;
1084;Hovedstaden;2021-02-10;F;83;0;5;2355;202787;10439;
1082;Midtjylland;2021-02-10;F;43;2;3;2357;202830;10442;
1081;Nordjylland;2021-02-10;F;21;0;3;2357;202851;10445;
1085;Sjælland;2021-02-10;F;36;0;3;2357;202887;10448;
1083;Syddanmark;2021-02-10;F;36;0;0;2357;202923;10448;
1084;Hovedstaden;2021-02-10;M;95;1;6;2358;203018;10454;
1082;Midtjylland;2021-02-10;M;44;0;2;2358;203062;10456;
1081;Nordjylland;2021-02-10;M;23;0;3;2358;203085;10459;
1085;Sjælland;2021-02-10;M;26;0;2;2358;203111;10461;
1083;Syddanmark;2021-02-10;M;40;1;1;2359;203151;10462;
1084;Hovedstaden;2021-02-11;F;84;2;2;2361;203235;10464;
1082;Midtjylland;2021-02-11;F;33;0;1;2361;203268;10465;
1081;Nordjylland;2021-02-11;F;12;0;0;2361;203280;10465;
1085;Sjælland;2021-02-11;F;43;0;1;2361;203323;10466;
1083;Syddanmark;2021-02-11;F;38;0;3;2361;203361;10469;
1084;Hovedstaden;2021-02-11;M;66;1;4;2362;203427;10473;
1082;Midtjylland;2021-02-11;M;27;0;2;2362;203454;10475;
1081;Nordjylland;2021-02-11;M;9;1;1;2363;203463;10476;
1085;Sjælland;2021-02-11;M;39;1;5;2364;203502;10481;
1083;Syddanmark;2021-02-11;M;25;0;2;2364;203527;10483;
1084;Hovedstaden;2021-02-12;F;68;1;3;2365;203595;10486;
1082;Midtjylland;2021-02-12;F;20;0;0;2365;203615;10486;
1081;Nordjylland;2021-02-12;F;18;0;0;2365;203633;10486;
1085;Sjælland;2021-02-12;F;26;0;2;2365;203659;10488;
1083;Syddanmark;2021-02-12;F;20;0;0;2365;203679;10488;
1084;Hovedstaden;2021-02-12;M;77;0;8;2365;203756;10496;
1082;Midtjylland;2021-02-12;M;20;0;2;2365;203776;10498;
1081;Nordjylland;2021-02-12;M;16;0;1;2365;203792;10499;
1085;Sjælland;2021-02-12;M;27;0;2;2365;203819;10501;
1083;Syddanmark;2021-02-12;M;25;0;1;2365;203844;10502;
1084;Hovedstaden;2021-02-13;F;62;0;3;2365;203906;10505;
1082;Midtjylland;2021-02-13;F;25;0;0;2365;203931;10505;
1081;Nordjylland;2021-02-13;F;16;0;3;2365;203947;10508;
1085;Sjælland;2021-02-13;F;19;0;1;2365;203966;10509;
1083;Syddanmark;2021-02-13;F;42;0;3;2365;204008;10512;
1084;Hovedstaden;2021-02-13;M;64;1;3;2366;204072;10515;
1082;Midtjylland;2021-02-13;M;31;1;0;2367;204103;10515;
1081;Nordjylland;2021-02-13;M;15;0;0;2367;204118;10515;
1085;Sjælland;2021-02-13;M;12;0;0;2367;204130;10515;
1083;Syddanmark;2021-02-13;M;46;0;3;2367;204176;10518;
1084;Hovedstaden;2021-02-14;F;59;0;1;2367;204235;10519;
1082;Midtjylland;2021-02-14;F;18;0;2;2367;204253;10521;
1081;Nordjylland;2021-02-14;F;15;0;2;2367;204268;10523;
1085;Sjælland;2021-02-14;F;25;0;2;2367;204293;10525;
1083;Syddanmark;2021-02-14;F;48;0;1;2367;204341;10526;
1084;Hovedstaden;2021-02-14;M;67;1;2;2368;204408;10528;
1082;Midtjylland;2021-02-14;M;26;0;1;2368;204434;10529;
1081;Nordjylland;2021-02-14;M;19;0;0;2368;204453;10529;
1085;Sjælland;2021-02-14;M;21;1;2;2369;204474;10531;
1083;Syddanmark;2021-02-14;M;43;0;3;2369;204517;10534;
1084;Hovedstaden;2021-02-15;F;84;0;3;2369;204601;10537;
1082;Midtjylland;2021-02-15;F;34;0;0;2369;204635;10537;
1081;Nordjylland;2021-02-15;F;22;0;2;2369;204657;10539;
1085;Sjælland;2021-02-15;F;27;0;1;2369;204684;10540;
1083;Syddanmark;2021-02-15;F;51;0;2;2369;204735;10542;
1084;Hovedstaden;2021-02-15;M;79;1;5;2370;204814;10547;
1082;Midtjylland;2021-02-15;M;29;2;2;2372;204843;10549;
1081;Nordjylland;2021-02-15;M;11;0;1;2372;204854;10550;
1085;Sjælland;2021-02-15;M;23;0;3;2372;204877;10553;
1083;Syddanmark;2021-02-15;M;45;0;6;2372;204922;10559;
1084;Hovedstaden;2021-02-16;F;86;0;5;2372;205008;10564;
1082;Midtjylland;2021-02-16;F;37;0;0;2372;205045;10564;
1081;Nordjylland;2021-02-16;F;11;0;0;2372;205056;10564;
1085;Sjælland;2021-02-16;F;31;0;2;2372;205087;10566;
1083;Syddanmark;2021-02-16;F;89;0;4;2372;205176;10570;
1084;Hovedstaden;2021-02-16;M;84;1;4;2373;205260;10574;
1082;Midtjylland;2021-02-16;M;49;0;2;2373;205309;10576;
1081;Nordjylland;2021-02-16;M;10;0;0;2373;205319;10576;
1085;Sjælland;2021-02-16;M;33;0;3;2373;205352;10579;
1083;Syddanmark;2021-02-16;M;97;0;3;2373;205449;10582;
1084;Hovedstaden;2021-02-17;F;93;0;3;2373;205542;10585;
1082;Midtjylland;2021-02-17;F;34;0;1;2373;205576;10586;
1081;Nordjylland;2021-02-17;F;11;0;2;2373;205587;10588;
1085;Sjælland;2021-02-17;F;20;0;0;2373;205607;10588;
1083;Syddanmark;2021-02-17;F;84;0;2;2373;205691;10590;
1084;Hovedstaden;2021-02-17;M;93;1;6;2374;205784;10596;
1082;Midtjylland;2021-02-17;M;43;0;5;2374;205827;10601;
1081;Nordjylland;2021-02-17;M;19;0;0;2374;205846;10601;
1085;Sjælland;2021-02-17;M;28;0;4;2374;205874;10605;
1083;Syddanmark;2021-02-17;M;83;0;5;2374;205957;10610;
1084;Hovedstaden;2021-02-18;F;75;0;1;2374;206032;10611;
1082;Midtjylland;2021-02-18;F;36;0;0;2374;206068;10611;
1081;Nordjylland;2021-02-18;F;37;0;1;2374;206105;10612;
1085;Sjælland;2021-02-18;F;31;0;3;2374;206136;10615;
1083;Syddanmark;2021-02-18;F;81;0;3;2374;206217;10618;
1084;Hovedstaden;2021-02-18;M;71;1;6;2375;206288;10624;
1082;Midtjylland;2021-02-18;M;54;0;5;2375;206342;10629;
1081;Nordjylland;2021-02-18;M;37;0;3;2375;206379;10632;
1085;Sjælland;2021-02-18;M;39;1;6;2376;206418;10638;
1083;Syddanmark;2021-02-18;M;88;0;4;2376;206506;10642;
1084;Hovedstaden;2021-02-19;F;90;3;5;2379;206596;10647;
1082;Midtjylland;2021-02-19;F;28;0;1;2379;206624;10648;
1081;Nordjylland;2021-02-19;F;6;0;1;2379;206630;10649;
1085;Sjælland;2021-02-19;F;40;0;0;2379;206670;10649;
1083;Syddanmark;2021-02-19;F;57;0;3;2379;206727;10652;
1084;Hovedstaden;2021-02-19;M;97;0;7;2379;206824;10659;
1082;Midtjylland;2021-02-19;M;23;0;0;2379;206847;10659;
1081;Nordjylland;2021-02-19;M;20;0;3;2379;206867;10662;
1085;Sjælland;2021-02-19;M;37;0;4;2379;206904;10666;
1083;Syddanmark;2021-02-19;M;68;0;2;2379;206972;10668;
1084;Hovedstaden;2021-02-20;F;75;1;6;2380;207047;10674;
1082;Midtjylland;2021-02-20;F;32;0;1;2380;207079;10675;
1081;Nordjylland;2021-02-20;F;15;0;0;2380;207094;10675;
1085;Sjælland;2021-02-20;F;28;0;0;2380;207122;10675;
1083;Syddanmark;2021-02-20;F;53;0;2;2380;207175;10677;
1084;Hovedstaden;2021-02-20;M;82;0;9;2380;207257;10686;
1082;Midtjylland;2021-02-20;M;33;0;1;2380;207290;10687;
1081;Nordjylland;2021-02-20;M;11;0;0;2380;207301;10687;
1085;Sjælland;2021-02-20;M;33;1;1;2381;207334;10688;
1083;Syddanmark;2021-02-20;M;71;0;3;2381;207405;10691;
1084;Hovedstaden;2021-02-21;F;72;0;5;2381;207477;10696;
1082;Midtjylland;2021-02-21;F;40;0;0;2381;207517;10696;
1081;Nordjylland;2021-02-21;F;9;0;1;2381;207526;10697;
1085;Sjælland;2021-02-21;F;22;0;2;2381;207548;10699;
1083;Syddanmark;2021-02-21;F;84;0;3;2381;207632;10702;
1084;Hovedstaden;2021-02-21;M;91;0;7;2381;207723;10709;
1082;Midtjylland;2021-02-21;M;40;0;1;2381;207763;10710;
1081;Nordjylland;2021-02-21;M;12;0;1;2381;207775;10711;
1085;Sjælland;2021-02-21;M;37;0;3;2381;207812;10714;
1083;Syddanmark;2021-02-21;M;67;0;4;2381;207879;10718;
1084;Hovedstaden;2021-02-22;F;99;0;8;2381;207978;10726;
1082;Midtjylland;2021-02-22;F;44;0;1;2381;208022;10727;
1081;Nordjylland;2021-02-22;F;21;0;0;2381;208043;10727;
1085;Sjælland;2021-02-22;F;51;1;4;2382;208094;10731;
1083;Syddanmark;2021-02-22;F;93;0;4;2382;208187;10735;
1084;Hovedstaden;2021-02-22;M;104;0;2;2382;208291;10737;
1082;Midtjylland;2021-02-22;M;38;0;0;2382;208329;10737;
1081;Nordjylland;2021-02-22;M;19;0;2;2382;208348;10739;
1085;Sjælland;2021-02-22;M;43;0;3;2382;208391;10742;
1083;Syddanmark;2021-02-22;M;82;0;2;2382;208473;10744;
1084;Hovedstaden;2021-02-23;F;135;0;4;2382;208608;10748;
1082;Midtjylland;2021-02-23;F;23;1;1;2383;208631;10749;
1081;Nordjylland;2021-02-23;F;25;1;2;2384;208656;10751;
1085;Sjælland;2021-02-23;F;48;0;1;2384;208704;10752;
1083;Syddanmark;2021-02-23;F;73;0;4;2384;208777;10756;
1084;Hovedstaden;2021-02-23;M;123;0;8;2384;208900;10764;
1082;Midtjylland;2021-02-23;M;43;0;4;2384;208943;10768;
1081;Nordjylland;2021-02-23;M;17;0;1;2384;208960;10769;
1085;Sjælland;2021-02-23;M;52;1;6;2385;209012;10775;
1083;Syddanmark;2021-02-23;M;75;0;5;2385;209087;10780;
1084;Hovedstaden;2021-02-24;F;121;3;11;2388;209208;10791;
1082;Midtjylland;2021-02-24;F;33;0;0;2388;209241;10791;
1081;Nordjylland;2021-02-24;F;13;0;2;2388;209254;10793;
1085;Sjælland;2021-02-24;F;49;0;1;2388;209303;10794;
1083;Syddanmark;2021-02-24;F;60;0;5;2388;209363;10799;
1084;Hovedstaden;2021-02-24;M;112;0;8;2388;209475;10807;
1082;Midtjylland;2021-02-24;M;29;0;0;2388;209504;10807;
1081;Nordjylland;2021-02-24;M;12;0;1;2388;209516;10808;
1085;Sjælland;2021-02-24;M;40;0;0;2388;209556;10808;
1083;Syddanmark;2021-02-24;M;71;0;6;2388;209627;10814;
1084;Hovedstaden;2021-02-25;F;114;0;5;2388;209741;10819;
1082;Midtjylland;2021-02-25;F;31;0;1;2388;209772;10820;
1081;Nordjylland;2021-02-25;F;16;0;0;2388;209788;10820;
1085;Sjælland;2021-02-25;F;61;0;6;2388;209849;10826;
1083;Syddanmark;2021-02-25;F;55;0;5;2388;209904;10831;
1084;Hovedstaden;2021-02-25;M;119;1;4;2389;210023;10835;
1082;Midtjylland;2021-02-25;M;33;0;3;2389;210056;10838;
1081;Nordjylland;2021-02-25;M;13;0;0;2389;210069;10838;
1085;Sjælland;2021-02-25;M;43;0;2;2389;210112;10840;
1083;Syddanmark;2021-02-25;M;62;0;1;2389;210174;10841;
1084;Hovedstaden;2021-02-26;F;121;0;7;2389;210295;10848;
1082;Midtjylland;2021-02-26;F;19;0;0;2389;210314;10848;
1081;Nordjylland;2021-02-26;F;8;0;0;2389;210322;10848;
1085;Sjælland;2021-02-26;F;34;0;1;2389;210356;10849;
1083;Syddanmark;2021-02-26;F;65;0;2;2389;210421;10851;
1084;Hovedstaden;2021-02-26;M;110;0;3;2389;210531;10854;
1082;Midtjylland;2021-02-26;M;26;0;3;2389;210557;10857;
1081;Nordjylland;2021-02-26;M;12;0;0;2389;210569;10857;
1085;Sjælland;2021-02-26;M;32;1;3;2390;210601;10860;
1083;Syddanmark;2021-02-26;M;66;0;3;2390;210667;10863;
1084;Hovedstaden;2021-02-27;F;106;1;3;2391;210773;10866;
1082;Midtjylland;2021-02-27;F;25;0;2;2391;210798;10868;
1081;Nordjylland;2021-02-27;F;12;0;0;2391;210810;10868;
1085;Sjælland;2021-02-27;F;31;0;1;2391;210841;10869;
1083;Syddanmark;2021-02-27;F;46;1;2;2392;210887;10871;
1084;Hovedstaden;2021-02-27;M;98;0;4;2392;210985;10875;
1082;Midtjylland;2021-02-27;M;25;0;0;2392;211010;10875;
1081;Nordjylland;2021-02-27;M;8;0;0;2392;211018;10875;
1085;Sjælland;2021-02-27;M;31;0;4;2392;211049;10879;
1083;Syddanmark;2021-02-27;M;43;0;4;2392;211092;10883;
1084;Hovedstaden;2021-02-28;F;123;0;6;2392;211215;10889;
1082;Midtjylland;2021-02-28;F;27;0;2;2392;211242;10891;
1081;Nordjylland;2021-02-28;F;13;0;0;2392;211255;10891;
1085;Sjælland;2021-02-28;F;21;0;1;2392;211276;10892;
1083;Syddanmark;2021-02-28;F;58;1;5;2393;211334;10897;
1084;Hovedstaden;2021-02-28;M;119;0;4;2393;211453;10901;
1082;Midtjylland;2021-02-28;M;20;0;1;2393;211473;10902;
1081;Nordjylland;2021-02-28;M;13;0;1;2393;211486;10903;
1085;Sjælland;2021-02-28;M;28;0;0;2393;211514;10903;
1083;Syddanmark;2021-02-28;M;57;0;2;2393;211571;10905;
1084;Hovedstaden;2021-03-01;F;135;0;3;2393;211706;10908;
1082;Midtjylland;2021-03-01;F;31;0;1;2393;211737;10909;
1081;Nordjylland;2021-03-01;F;18;0;0;2393;211755;10909;
1085;Sjælland;2021-03-01;F;56;0;4;2393;211811;10913;
1083;Syddanmark;2021-03-01;F;63;0;5;2393;211874;10918;
1084;Hovedstaden;2021-03-01;M;130;0;4;2393;212004;10922;
1082;Midtjylland;2021-03-01;M;33;0;0;2393;212037;10922;
1081;Nordjylland;2021-03-01;M;16;0;1;2393;212053;10923;
1085;Sjælland;2021-03-01;M;50;2;4;2395;212103;10927;
1083;Syddanmark;2021-03-01;M;63;1;2;2396;212166;10929;
1084;Hovedstaden;2021-03-02;F;124;2;5;2398;212290;10934;
1082;Midtjylland;2021-03-02;F;40;0;1;2398;212330;10935;
1081;Nordjylland;2021-03-02;F;8;0;1;2398;212338;10936;
1085;Sjælland;2021-03-02;F;51;0;4;2398;212389;10940;
1083;Syddanmark;2021-03-02;F;71;0;3;2398;212460;10943;
1084;Hovedstaden;2021-03-02;M;133;1;10;2399;212593;10953;
1082;Midtjylland;2021-03-02;M;43;0;1;2399;212636;10954;
1081;Nordjylland;2021-03-02;M;11;0;0;2399;212647;10954;
1085;Sjælland;2021-03-02;M;46;0;4;2399;212693;10958;
1083;Syddanmark;2021-03-02;M;76;0;4;2399;212769;10962;
1084;Hovedstaden;2021-03-03;F;108;0;2;2399;212877;10964;
1082;Midtjylland;2021-03-03;F;40;0;3;2399;212917;10967;
1081;Nordjylland;2021-03-03;F;10;0;0;2399;212927;10967;
1085;Sjælland;2021-03-03;F;41;0;2;2399;212968;10969;
1083;Syddanmark;2021-03-03;F;77;0;7;2399;213045;10976;
1084;Hovedstaden;2021-03-03;M;112;0;3;2399;213157;10979;
1082;Midtjylland;2021-03-03;M;35;0;0;2399;213192;10979;
1081;Nordjylland;2021-03-03;M;12;0;0;2399;213204;10979;
1085;Sjælland;2021-03-03;M;43;0;4;2399;213247;10983;
1083;Syddanmark;2021-03-03;M;70;1;4;2400;213317;10987;
1084;Hovedstaden;2021-03-04;F;123;0;3;2400;213440;10990;
1082;Midtjylland;2021-03-04;F;24;0;0;2400;213464;10990;
1081;Nordjylland;2021-03-04;F;10;0;0;2400;213474;10990;
1085;Sjælland;2021-03-04;F;42;0;0;2400;213516;10990;
1083;Syddanmark;2021-03-04;F;43;1;3;2401;213559;10993;
1084;Hovedstaden;2021-03-04;M;105;0;3;2401;213664;10996;
1082;Midtjylland;2021-03-04;M;25;0;1;2401;213689;10997;
1081;Nordjylland;2021-03-04;M;8;0;0;2401;213697;10997;
1085;Sjælland;2021-03-04;M;40;0;3;2401;213737;11000;
1083;Syddanmark;2021-03-04;M;69;0;3;2401;213806;11003;
1084;Hovedstaden;2021-03-05;F;101;0;7;2401;213907;11010;
1082;Midtjylland;2021-03-05;F;38;0;3;2401;213945;11013;
1081;Nordjylland;2021-03-05;F;7;0;0;2401;213952;11013;
1085;Sjælland;2021-03-05;F;30;0;0;2401;213982;11013;
1083;Syddanmark;2021-03-05;F;40;0;2;2401;214022;11015;
1084;Hovedstaden;2021-03-05;M;113;3;9;2404;214135;11024;
1082;Midtjylland;2021-03-05;M;20;0;1;2404;214155;11025;
1081;Nordjylland;2021-03-05;M;14;0;1;2404;214169;11026;
1085;Sjælland;2021-03-05;M;36;1;4;2405;214205;11030;
1083;Syddanmark;2021-03-05;M;74;0;3;2405;214279;11033;
1084;Hovedstaden;2021-03-06;F;110;0;3;2405;214389;11036;
1082;Midtjylland;2021-03-06;F;29;0;1;2405;214418;11037;
1081;Nordjylland;2021-03-06;F;9;0;0;2405;214427;11037;
1085;Sjælland;2021-03-06;F;30;0;2;2405;214457;11039;
1083;Syddanmark;2021-03-06;F;44;0;0;2405;214501;11039;
1084;Hovedstaden;2021-03-06;M;97;0;6;2405;214598;11045;
1082;Midtjylland;2021-03-06;M;18;0;1;2405;214616;11046;
1081;Nordjylland;2021-03-06;M;10;0;1;2405;214626;11047;
1085;Sjælland;2021-03-06;M;42;0;6;2405;214668;11053;
1083;Syddanmark;2021-03-06;M;66;1;7;2406;214734;11060;
1084;Hovedstaden;2021-03-07;F;106;1;7;2407;214840;11067;
1082;Midtjylland;2021-03-07;F;46;0;1;2407;214886;11068;
1081;Nordjylland;2021-03-07;F;14;0;1;2407;214900;11069;
1085;Sjælland;2021-03-07;F;27;0;1;2407;214927;11070;
1083;Syddanmark;2021-03-07;F;48;0;2;2407;214975;11072;
1084;Hovedstaden;2021-03-07;M;87;0;4;2407;215062;11076;
1082;Midtjylland;2021-03-07;M;27;0;2;2407;215089;11078;
1081;Nordjylland;2021-03-07;M;10;0;0;2407;215099;11078;
1085;Sjælland;2021-03-07;M;34;0;3;2407;215133;11081;
1083;Syddanmark;2021-03-07;M;60;0;1;2407;215193;11082;
1084;Hovedstaden;2021-03-08;F;111;0;4;2407;215304;11086;
1082;Midtjylland;2021-03-08;F;42;0;4;2407;215346;11090;
1081;Nordjylland;2021-03-08;F;14;0;0;2407;215360;11090;
1085;Sjælland;2021-03-08;F;47;1;3;2408;215407;11093;
1083;Syddanmark;2021-03-08;F;66;0;3;2408;215473;11096;
1084;Hovedstaden;2021-03-08;M;146;0;4;2408;215619;11100;
1082;Midtjylland;2021-03-08;M;52;0;2;2408;215671;11102;
1081;Nordjylland;2021-03-08;M;7;0;1;2408;215678;11103;
1085;Sjælland;2021-03-08;M;33;0;2;2408;215711;11105;
1083;Syddanmark;2021-03-08;M;84;0;2;2408;215795;11107;
1084;Hovedstaden;2021-03-09;F;118;0;3;2408;215913;11110;
1082;Midtjylland;2021-03-09;F;36;0;2;2408;215949;11112;
1081;Nordjylland;2021-03-09;F;5;0;0;2408;215954;11112;
1085;Sjælland;2021-03-09;F;42;0;2;2408;215996;11114;
1083;Syddanmark;2021-03-09;F;92;0;5;2408;216088;11119;
1084;Hovedstaden;2021-03-09;M;150;0;6;2408;216238;11125;
1082;Midtjylland;2021-03-09;M;53;0;1;2408;216291;11126;
1081;Nordjylland;2021-03-09;M;13;0;2;2408;216304;11128;
1085;Sjælland;2021-03-09;M;39;2;6;2410;216343;11134;
1083;Syddanmark;2021-03-09;M;94;0;3;2410;216437;11137;
1084;Hovedstaden;2021-03-10;F;112;1;3;2411;216549;11140;
1082;Midtjylland;2021-03-10;F;40;0;1;2411;216589;11141;
1081;Nordjylland;2021-03-10;F;8;0;0;2411;216597;11141;
1085;Sjælland;2021-03-10;F;29;0;2;2411;216626;11143;
1083;Syddanmark;2021-03-10;F;84;0;5;2411;216710;11148;
1084;Hovedstaden;2021-03-10;M;102;0;3;2411;216812;11151;
1082;Midtjylland;2021-03-10;M;41;0;2;2411;216853;11153;
1081;Nordjylland;2021-03-10;M;16;0;0;2411;216869;11153;
1085;Sjælland;2021-03-10;M;32;0;1;2411;216901;11154;
1083;Syddanmark;2021-03-10;M;82;0;4;2411;216983;11158;
1084;Hovedstaden;2021-03-11;F;137;0;6;2411;217120;11164;
1082;Midtjylland;2021-03-11;F;35;0;1;2411;217155;11165;
1081;Nordjylland;2021-03-11;F;16;1;1;2412;217171;11166;
1085;Sjælland;2021-03-11;F;37;1;2;2413;217208;11168;
1083;Syddanmark;2021-03-11;F;75;0;3;2413;217283;11171;
1084;Hovedstaden;2021-03-11;M;115;0;5;2413;217398;11176;
1082;Midtjylland;2021-03-11;M;36;0;2;2413;217434;11178;
1081;Nordjylland;2021-03-11;M;18;0;0;2413;217452;11178;
1085;Sjælland;2021-03-11;M;47;1;1;2414;217499;11179;
1083;Syddanmark;2021-03-11;M;72;0;3;2414;217571;11182;
1084;Hovedstaden;2021-03-12;F;114;0;2;2414;217685;11184;
1082;Midtjylland;2021-03-12;F;35;0;0;2414;217720;11184;
1081;Nordjylland;2021-03-12;F;13;0;0;2414;217733;11184;
1085;Sjælland;2021-03-12;F;32;1;3;2415;217765;11187;
1083;Syddanmark;2021-03-12;F;65;0;5;2415;217830;11192;
1084;Hovedstaden;2021-03-12;M;108;1;4;2416;217938;11196;
1082;Midtjylland;2021-03-12;M;27;0;1;2416;217965;11197;
1081;Nordjylland;2021-03-12;M;7;0;0;2416;217972;11197;
1085;Sjælland;2021-03-12;M;31;0;3;2416;218003;11200;
1083;Syddanmark;2021-03-12;M;59;0;3;2416;218062;11203;
1084;Hovedstaden;2021-03-13;F;86;0;3;2416;218148;11206;
1082;Midtjylland;2021-03-13;F;35;0;0;2416;218183;11206;
1081;Nordjylland;2021-03-13;F;11;0;0;2416;218194;11206;
1085;Sjælland;2021-03-13;F;24;0;2;2416;218218;11208;
1083;Syddanmark;2021-03-13;F;69;0;4;2416;218287;11212;
1084;Hovedstaden;2021-03-13;M;107;0;9;2416;218394;11221;
1082;Midtjylland;2021-03-13;M;25;0;0;2416;218419;11221;
1081;Nordjylland;2021-03-13;M;13;0;1;2416;218432;11222;
1085;Sjælland;2021-03-13;M;23;0;1;2416;218455;11223;
1083;Syddanmark;2021-03-13;M;71;0;2;2416;218526;11225;
1084;Hovedstaden;2021-03-14;F;95;0;3;2416;218621;11228;
1082;Midtjylland;2021-03-14;F;33;0;0;2416;218654;11228;
1081;Nordjylland;2021-03-14;F;13;0;0;2416;218667;11228;
1085;Sjælland;2021-03-14;F;25;0;1;2416;218692;11229;
1083;Syddanmark;2021-03-14;F;65;1;5;2417;218757;11234;
1084;Hovedstaden;2021-03-14;M;122;1;5;2418;218879;11239;
1082;Midtjylland;2021-03-14;M;36;0;0;2418;218915;11239;
1081;Nordjylland;2021-03-14;M;10;0;0;2418;218925;11239;
1085;Sjælland;2021-03-14;M;22;0;0;2418;218947;11239;
1083;Syddanmark;2021-03-14;M;67;1;2;2419;219014;11241;
1084;Hovedstaden;2021-03-15;F;123;0;5;2419;219137;11246;
1082;Midtjylland;2021-03-15;F;45;0;5;2419;219182;11251;
1081;Nordjylland;2021-03-15;F;13;0;0;2419;219195;11251;
1085;Sjælland;2021-03-15;F;45;1;1;2420;219240;11252;
1083;Syddanmark;2021-03-15;F;103;0;3;2420;219343;11255;
1084;Hovedstaden;2021-03-15;M;135;2;11;2422;219478;11266;
1082;Midtjylland;2021-03-15;M;39;0;2;2422;219517;11268;
1081;Nordjylland;2021-03-15;M;15;0;0;2422;219532;11268;
1085;Sjælland;2021-03-15;M;38;1;3;2423;219570;11271;
1083;Syddanmark;2021-03-15;M;88;1;6;2424;219658;11277;
1084;Hovedstaden;2021-03-16;F;128;1;9;2425;219786;11286;
1082;Midtjylland;2021-03-16;F;46;0;1;2425;219832;11287;
1081;Nordjylland;2021-03-16;F;22;0;0;2425;219854;11287;
1085;Sjælland;2021-03-16;F;42;0;1;2425;219896;11288;
1083;Syddanmark;2021-03-16;F;102;0;2;2425;219998;11290;
1084;Hovedstaden;2021-03-16;M;155;1;5;2426;220153;11295;
1082;Midtjylland;2021-03-16;M;79;0;2;2426;220232;11297;
1081;Nordjylland;2021-03-16;M;26;0;3;2426;220258;11300;
1085;Sjælland;2021-03-16;M;52;0;2;2426;220310;11302;
1083;Syddanmark;2021-03-16;M;99;0;7;2426;220409;11309;
1084;Hovedstaden;2021-03-17;F;125;0;4;2426;220534;11313;
1082;Midtjylland;2021-03-17;F;43;0;1;2426;220577;11314;
1081;Nordjylland;2021-03-17;F;18;0;1;2426;220595;11315;
1085;Sjælland;2021-03-17;F;46;0;1;2426;220641;11316;
1083;Syddanmark;2021-03-17;F;81;0;4;2426;220722;11320;
1084;Hovedstaden;2021-03-17;M;131;0;7;2426;220853;11327;
1082;Midtjylland;2021-03-17;M;45;0;0;2426;220898;11327;
1081;Nordjylland;2021-03-17;M;24;0;1;2426;220922;11328;
1085;Sjælland;2021-03-17;M;44;1;2;2427;220966;11330;
1083;Syddanmark;2021-03-17;M;115;2;3;2429;221081;11333;
1084;Hovedstaden;2021-03-18;F;149;3;2;2432;221230;11335;
1082;Midtjylland;2021-03-18;F;40;0;1;2432;221270;11336;
1081;Nordjylland;2021-03-18;F;11;0;0;2432;221281;11336;
1085;Sjælland;2021-03-18;F;39;0;2;2432;221320;11338;
1083;Syddanmark;2021-03-18;F;91;0;3;2432;221411;11341;
1084;Hovedstaden;2021-03-18;M;142;1;6;2433;221553;11347;
1082;Midtjylland;2021-03-18;M;35;0;3;2433;221588;11350;
1081;Nordjylland;2021-03-18;M;19;0;2;2433;221607;11352;
1085;Sjælland;2021-03-18;M;45;0;3;2433;221652;11355;
1083;Syddanmark;2021-03-18;M;83;1;5;2434;221735;11360;
1084;Hovedstaden;2021-03-19;F;166;0;4;2434;221901;11364;
1082;Midtjylland;2021-03-19;F;42;0;1;2434;221943;11365;
1081;Nordjylland;2021-03-19;F;10;0;0;2434;221953;11365;
1085;Sjælland;2021-03-19;F;42;1;4;2435;221995;11369;
1083;Syddanmark;2021-03-19;F;64;0;3;2435;222059;11372;
1084;Hovedstaden;2021-03-19;M;165;0;3;2435;222224;11375;
1082;Midtjylland;2021-03-19;M;33;0;0;2435;222257;11375;
1081;Nordjylland;2021-03-19;M;11;0;1;2435;222268;11376;
1085;Sjælland;2021-03-19;M;41;0;5;2435;222309;11381;
1083;Syddanmark;2021-03-19;M;73;0;3;2435;222382;11384;
1084;Hovedstaden;2021-03-20;F;123;0;1;2435;222505;11385;
1082;Midtjylland;2021-03-20;F;26;1;1;2436;222531;11386;
1081;Nordjylland;2021-03-20;F;19;0;5;2436;222550;11391;
1085;Sjælland;2021-03-20;F;27;1;2;2437;222577;11393;
1083;Syddanmark;2021-03-20;F;71;0;2;2437;222648;11395;
1084;Hovedstaden;2021-03-20;M;168;0;9;2437;222816;11404;
1082;Midtjylland;2021-03-20;M;42;0;1;2437;222858;11405;
1081;Nordjylland;2021-03-20;M;21;0;0;2437;222879;11405;
1085;Sjælland;2021-03-20;M;29;0;2;2437;222908;11407;
1083;Syddanmark;2021-03-20;M;61;0;2;2437;222969;11409;
1084;Hovedstaden;2021-03-21;F;134;0;3;2437;223103;11412;
1082;Midtjylland;2021-03-21;F;39;0;1;2437;223142;11413;
1081;Nordjylland;2021-03-21;F;16;0;1;2437;223158;11414;
1085;Sjælland;2021-03-21;F;23;0;0;2437;223181;11414;
1083;Syddanmark;2021-03-21;F;62;0;3;2437;223243;11417;
1084;Hovedstaden;2021-03-21;M;145;1;7;2438;223388;11424;
1082;Midtjylland;2021-03-21;M;46;0;3;2438;223434;11427;
1081;Nordjylland;2021-03-21;M;15;0;0;2438;223449;11427;
1085;Sjælland;2021-03-21;M;28;1;1;2439;223477;11428;
1083;Syddanmark;2021-03-21;M;59;0;4;2439;223536;11432;
1084;Hovedstaden;2021-03-22;F;177;1;7;2440;223713;11439;
1082;Midtjylland;2021-03-22;F;44;1;3;2441;223757;11442;
1081;Nordjylland;2021-03-22;F;22;0;1;2441;223779;11443;
1085;Sjælland;2021-03-22;F;42;1;4;2442;223821;11447;
1083;Syddanmark;2021-03-22;F;85;0;2;2442;223906;11449;
1084;Hovedstaden;2021-03-22;M;193;2;11;2444;224099;11460;
1082;Midtjylland;2021-03-22;M;57;0;2;2444;224156;11462;
1081;Nordjylland;2021-03-22;M;25;0;1;2444;224181;11463;
1085;Sjælland;2021-03-22;M;41;0;2;2444;224222;11465;
1083;Syddanmark;2021-03-22;M;104;0;4;2444;224326;11469;
1084;Hovedstaden;2021-03-23;F;179;0;9;2444;224505;11478;
1082;Midtjylland;2021-03-23;F;76;0;0;2444;224581;11478;
1081;Nordjylland;2021-03-23;F;11;0;1;2444;224592;11479;
1085;Sjælland;2021-03-23;F;42;0;3;2444;224634;11482;
1083;Syddanmark;2021-03-23;F;76;1;3;2445;224710;11485;
1084;Hovedstaden;2021-03-23;M;214;2;6;2447;224924;11491;
1082;Midtjylland;2021-03-23;M;51;0;4;2447;224975;11495;
1081;Nordjylland;2021-03-23;M;24;0;2;2447;224999;11497;
1085;Sjælland;2021-03-23;M;47;0;1;2447;225046;11498;
1083;Syddanmark;2021-03-23;M;84;0;3;2447;225130;11501;
1084;Hovedstaden;2021-03-24;F;207;1;5;2448;225337;11506;
1082;Midtjylland;2021-03-24;F;50;0;1;2448;225387;11507;
1081;Nordjylland;2021-03-24;F;18;0;1;2448;225405;11508;
1085;Sjælland;2021-03-24;F;40;0;2;2448;225445;11510;
1083;Syddanmark;2021-03-24;F;80;0;0;2448;225525;11510;
1084;Hovedstaden;2021-03-24;M;187;0;7;2448;225712;11517;
1082;Midtjylland;2021-03-24;M;62;2;6;2450;225774;11523;
1081;Nordjylland;2021-03-24;M;24;0;1;2450;225798;11524;
1085;Sjælland;2021-03-24;M;43;0;2;2450;225841;11526;
1083;Syddanmark;2021-03-24;M;82;0;5;2450;225923;11531;
1084;Hovedstaden;2021-03-25;F;177;1;8;2451;226100;11539;
1082;Midtjylland;2021-03-25;F;40;1;4;2452;226140;11543;
1081;Nordjylland;2021-03-25;F;8;0;1;2452;226148;11544;
1085;Sjælland;2021-03-25;F;32;0;2;2452;226180;11546;
1083;Syddanmark;2021-03-25;F;59;0;2;2452;226239;11548;
1084;Hovedstaden;2021-03-25;M;180;0;10;2452;226419;11558;
1082;Midtjylland;2021-03-25;M;40;0;0;2452;226459;11558;
1081;Nordjylland;2021-03-25;M;21;0;2;2452;226480;11560;
1085;Sjælland;2021-03-25;M;35;0;1;2452;226515;11561;
1083;Syddanmark;2021-03-25;M;59;0;3;2452;226574;11564;
1084;Hovedstaden;2021-03-26;F;177;0;8;2452;226751;11572;
1082;Midtjylland;2021-03-26;F;41;0;1;2452;226792;11573;
1081;Nordjylland;2021-03-26;F;11;0;0;2452;226803;11573;
1085;Sjælland;2021-03-26;F;35;0;0;2452;226838;11573;
1083;Syddanmark;2021-03-26;F;69;0;5;2452;226907;11578;
1084;Hovedstaden;2021-03-26;M;202;0;5;2452;227109;11583;
1082;Midtjylland;2021-03-26;M;39;0;0;2452;227148;11583;
1081;Nordjylland;2021-03-26;M;14;0;1;2452;227162;11584;
1085;Sjælland;2021-03-26;M;43;0;2;2452;227205;11586;
1083;Syddanmark;2021-03-26;M;70;0;3;2452;227275;11589;
1084;Hovedstaden;2021-03-27;F;176;0;4;2452;227451;11593;
1082;Midtjylland;2021-03-27;F;54;0;1;2452;227505;11594;
1081;Nordjylland;2021-03-27;F;16;0;0;2452;227521;11594;
1085;Sjælland;2021-03-27;F;33;0;2;2452;227554;11596;
1083;Syddanmark;2021-03-27;F;74;0;5;2452;227628;11601;
1084;Hovedstaden;2021-03-27;M;162;2;12;2454;227790;11613;
1082;Midtjylland;2021-03-27;M;47;1;4;2455;227837;11617;
1081;Nordjylland;2021-03-27;M;20;0;3;2455;227857;11620;
1085;Sjælland;2021-03-27;M;46;0;9;2455;227903;11629;
1083;Syddanmark;2021-03-27;M;46;0;1;2455;227949;11630;
1084;Hovedstaden;2021-03-28;F;158;1;4;2456;228107;11634;
1082;Midtjylland;2021-03-28;F;40;1;4;2457;228147;11638;
1081;Nordjylland;2021-03-28;F;11;0;2;2457;228158;11640;
1085;Sjælland;2021-03-28;F;26;0;1;2457;228184;11641;
1083;Syddanmark;2021-03-28;F;64;1;1;2458;228248;11642;
1084;Hovedstaden;2021-03-28;M;164;0;3;2458;228412;11645;
1082;Midtjylland;2021-03-28;M;37;0;3;2458;228449;11648;
1081;Nordjylland;2021-03-28;M;14;0;0;2458;228463;11648;
1085;Sjælland;2021-03-28;M;39;0;3;2458;228502;11651;
1083;Syddanmark;2021-03-28;M;61;0;2;2458;228563;11653;
1084;Hovedstaden;2021-03-29;F;198;2;11;2460;228761;11664;
1082;Midtjylland;2021-03-29;F;55;0;0;2460;228816;11664;
1081;Nordjylland;2021-03-29;F;14;0;1;2460;228830;11665;
1085;Sjælland;2021-03-29;F;47;1;1;2461;228877;11666;
1083;Syddanmark;2021-03-29;F;74;0;5;2461;228951;11671;
1084;Hovedstaden;2021-03-29;M;208;3;16;2464;229159;11687;
1082;Midtjylland;2021-03-29;M;42;0;2;2464;229201;11689;
1081;Nordjylland;2021-03-29;M;26;0;0;2464;229227;11689;
1085;Sjælland;2021-03-29;M;42;0;3;2464;229269;11692;
1083;Syddanmark;2021-03-29;M;59;0;3;2464;229328;11695;
1084;Hovedstaden;2021-03-30;F;195;2;9;2466;229523;11704;
1082;Midtjylland;2021-03-30;F;48;1;4;2467;229571;11708;
1081;Nordjylland;2021-03-30;F;20;0;3;2467;229591;11711;
1085;Sjælland;2021-03-30;F;31;0;2;2467;229622;11713;
1083;Syddanmark;2021-03-30;F;62;0;2;2467;229684;11715;
1084;Hovedstaden;2021-03-30;M;175;1;11;2468;229859;11726;
1082;Midtjylland;2021-03-30;M;45;0;3;2468;229904;11729;
1081;Nordjylland;2021-03-30;M;22;0;1;2468;229926;11730;
1085;Sjælland;2021-03-30;M;32;0;1;2468;229958;11731;
1083;Syddanmark;2021-03-30;M;47;0;0;2468;230005;11731;
1084;Hovedstaden;2021-03-31;F;176;0;6;2468;230181;11737;
1082;Midtjylland;2021-03-31;F;46;1;0;2469;230227;11737;
1081;Nordjylland;2021-03-31;F;21;0;0;2469;230248;11737;
1085;Sjælland;2021-03-31;F;24;2;4;2471;230272;11741;
1083;Syddanmark;2021-03-31;F;51;0;2;2471;230323;11743;
1084;Hovedstaden;2021-03-31;M;200;1;12;2472;230523;11755;
1082;Midtjylland;2021-03-31;M;53;0;4;2472;230576;11759;
1081;Nordjylland;2021-03-31;M;29;0;0;2472;230605;11759;
1085;Sjælland;2021-03-31;M;35;0;2;2472;230640;11761;
1083;Syddanmark;2021-03-31;M;57;1;3;2473;230697;11764;
1084;Hovedstaden;2021-04-01;F;182;1;8;2474;230879;11772;
1082;Midtjylland;2021-04-01;F;58;0;4;2474;230937;11776;
1081;Nordjylland;2021-04-01;F;22;0;0;2474;230959;11776;
1085;Sjælland;2021-04-01;F;46;0;1;2474;231005;11777;
1083;Syddanmark;2021-04-01;F;65;0;1;2474;231070;11778;
1084;Hovedstaden;2021-04-01;M;178;0;10;2474;231248;11788;
1082;Midtjylland;2021-04-01;M;53;0;6;2474;231301;11794;
1081;Nordjylland;2021-04-01;M;24;0;0;2474;231325;11794;
1085;Sjælland;2021-04-01;M;44;0;0;2474;231369;11794;
1083;Syddanmark;2021-04-01;M;41;0;5;2474;231410;11799;
1084;Hovedstaden;2021-04-02;F;150;0;3;2474;231560;11802;
1082;Midtjylland;2021-04-02;F;46;0;1;2474;231606;11803;
1081;Nordjylland;2021-04-02;F;18;0;0;2474;231624;11803;
1085;Sjælland;2021-04-02;F;30;0;1;2474;231654;11804;
1083;Syddanmark;2021-04-02;F;40;0;1;2474;231694;11805;
1084;Hovedstaden;2021-04-02;M;127;0;7;2474;231821;11812;
1082;Midtjylland;2021-04-02;M;45;0;1;2474;231866;11813;
1081;Nordjylland;2021-04-02;M;18;0;1;2474;231884;11814;
1085;Sjælland;2021-04-02;M;34;0;3;2474;231918;11817;
1083;Syddanmark;2021-04-02;M;46;0;2;2474;231964;11819;
1084;Hovedstaden;2021-04-03;F;116;0;3;2474;232080;11822;
1082;Midtjylland;2021-04-03;F;59;0;2;2474;232139;11824;
1081;Nordjylland;2021-04-03;F;13;0;0;2474;232152;11824;
1085;Sjælland;2021-04-03;F;26;0;2;2474;232178;11826;
1083;Syddanmark;2021-04-03;F;43;0;1;2474;232221;11827;
1084;Hovedstaden;2021-04-03;M;126;1;8;2475;232347;11835;
1082;Midtjylland;2021-04-03;M;50;1;1;2476;232397;11836;
1081;Nordjylland;2021-04-03;M;26;0;1;2476;232423;11837;
1085;Sjælland;2021-04-03;M;30;0;0;2476;232453;11837;
1083;Syddanmark;2021-04-03;M;30;0;1;2476;232483;11838;
1084;Hovedstaden;2021-04-04;F;127;0;6;2476;232610;11844;
1082;Midtjylland;2021-04-04;F;36;0;0;2476;232646;11844;
1081;Nordjylland;2021-04-04;F;17;0;1;2476;232663;11845;
1085;Sjælland;2021-04-04;F;16;0;1;2476;232679;11846;
1083;Syddanmark;2021-04-04;F;36;0;3;2476;232715;11849;
1084;Hovedstaden;2021-04-04;M;116;0;3;2476;232831;11852;
1082;Midtjylland;2021-04-04;M;41;0;0;2476;232872;11852;
1081;Nordjylland;2021-04-04;M;26;0;1;2476;232898;11853;
1085;Sjælland;2021-04-04;M;25;0;0;2476;232923;11853;
1083;Syddanmark;2021-04-04;M;27;0;1;2476;232950;11854;
1084;Hovedstaden;2021-04-05;F;131;0;2;2476;233081;11856;
1082;Midtjylland;2021-04-05;F;50;0;1;2476;233131;11857;
1081;Nordjylland;2021-04-05;F;28;0;2;2476;233159;11859;
1085;Sjælland;2021-04-05;F;31;0;1;2476;233190;11860;
1083;Syddanmark;2021-04-05;F;39;0;1;2476;233229;11861;
1084;Hovedstaden;2021-04-05;M;140;0;6;2476;233369;11867;
1082;Midtjylland;2021-04-05;M;38;0;2;2476;233407;11869;
1081;Nordjylland;2021-04-05;M;25;0;1;2476;233432;11870;
1085;Sjælland;2021-04-05;M;35;0;2;2476;233467;11872;
1083;Syddanmark;2021-04-05;M;41;0;4;2476;233508;11876;
1084;Hovedstaden;2021-04-06;F;178;0;8;2476;233686;11884;
1082;Midtjylland;2021-04-06;F;40;0;1;2476;233726;11885;
1081;Nordjylland;2021-04-06;F;21;0;0;2476;233747;11885;
1085;Sjælland;2021-04-06;F;34;0;3;2476;233781;11888;
1083;Syddanmark;2021-04-06;F;54;0;5;2476;233835;11893;
1084;Hovedstaden;2021-04-06;M;203;0;11;2476;234038;11904;
1082;Midtjylland;2021-04-06;M;59;0;5;2476;234097;11909;
1081;Nordjylland;2021-04-06;M;32;0;0;2476;234129;11909;
1085;Sjælland;2021-04-06;M;30;0;1;2476;234159;11910;
1083;Syddanmark;2021-04-06;M;55;0;2;2476;234214;11912;
1084;Hovedstaden;2021-04-07;F;148;1;4;2477;234362;11916;
1082;Midtjylland;2021-04-07;F;54;0;3;2477;234416;11919;
1081;Nordjylland;2021-04-07;F;38;0;2;2477;234454;11921;
1085;Sjælland;2021-04-07;F;36;0;3;2477;234490;11924;
1083;Syddanmark;2021-04-07;F;57;0;2;2477;234547;11926;
1084;Hovedstaden;2021-04-07;M;180;2;4;2479;234727;11930;
1082;Midtjylland;2021-04-07;M;54;0;1;2479;234781;11931;
1081;Nordjylland;2021-04-07;M;30;0;1;2479;234811;11932;
1085;Sjælland;2021-04-07;M;50;0;4;2479;234861;11936;
1083;Syddanmark;2021-04-07;M;62;0;3;2479;234923;11939;
1084;Hovedstaden;2021-04-08;F;182;1;4;2480;235105;11943;
1082;Midtjylland;2021-04-08;F;68;1;3;2481;235173;11946;
1081;Nordjylland;2021-04-08;F;12;0;0;2481;235185;11946;
1085;Sjælland;2021-04-08;F;47;0;1;2481;235232;11947;
1083;Syddanmark;2021-04-08;F;39;1;1;2482;235271;11948;
1084;Hovedstaden;2021-04-08;M;177;0;5;2482;235448;11953;
1082;Midtjylland;2021-04-08;M;60;1;2;2483;235508;11955;
1081;Nordjylland;2021-04-08;M;28;1;2;2484;235536;11957;
1085;Sjælland;2021-04-08;M;51;0;4;2484;235587;11961;
1083;Syddanmark;2021-04-08;M;51;0;5;2484;235638;11966;
1084;Hovedstaden;2021-04-09;F;179;2;6;2486;235817;11972;
1082;Midtjylland;2021-04-09;F;44;0;1;2486;235861;11973;
1081;Nordjylland;2021-04-09;F;26;2;3;2488;235887;11976;
1085;Sjælland;2021-04-09;F;45;0;2;2488;235932;11978;
1083;Syddanmark;2021-04-09;F;48;0;0;2488;235980;11978;
1084;Hovedstaden;2021-04-09;M;195;1;6;2489;236175;11984;
1082;Midtjylland;2021-04-09;M;50;0;3;2489;236225;11987;
1081;Nordjylland;2021-04-09;M;28;0;0;2489;236253;11987;
1085;Sjælland;2021-04-09;M;48;0;2;2489;236301;11989;
1083;Syddanmark;2021-04-09;M;62;0;1;2489;236363;11990;
1084;Hovedstaden;2021-04-10;F;129;0;2;2489;236492;11992;
1082;Midtjylland;2021-04-10;F;35;0;5;2489;236527;11997;
1081;Nordjylland;2021-04-10;F;26;0;1;2489;236553;11998;
1085;Sjælland;2021-04-10;F;26;0;0;2489;236579;11998;
1083;Syddanmark;2021-04-10;F;47;0;1;2489;236626;11999;
1084;Hovedstaden;2021-04-10;M;134;1;2;2490;236760;12001;
1082;Midtjylland;2021-04-10;M;41;0;1;2490;236801;12002;
1081;Nordjylland;2021-04-10;M;32;0;0;2490;236833;12002;
1085;Sjælland;2021-04-10;M;31;0;0;2490;236864;12002;
1083;Syddanmark;2021-04-10;M;46;1;4;2491;236910;12006;
1084;Hovedstaden;2021-04-11;F;123;0;3;2491;237033;12009;
1082;Midtjylland;2021-04-11;F;56;1;3;2492;237089;12012;
1081;Nordjylland;2021-04-11;F;18;0;0;2492;237107;12012;
1085;Sjælland;2021-04-11;F;31;0;2;2492;237138;12014;
1083;Syddanmark;2021-04-11;F;30;0;4;2492;237168;12018;
1084;Hovedstaden;2021-04-11;M;116;0;4;2492;237284;12022;
1082;Midtjylland;2021-04-11;M;42;0;0;2492;237326;12022;
1081;Nordjylland;2021-04-11;M;23;0;0;2492;237349;12022;
1085;Sjælland;2021-04-11;M;44;0;2;2492;237393;12024;
1083;Syddanmark;2021-04-11;M;49;1;3;2493;237442;12027;
1084;Hovedstaden;2021-04-12;F;167;0;12;2493;237609;12039;
1082;Midtjylland;2021-04-12;F;46;0;1;2493;237655;12040;
1081;Nordjylland;2021-04-12;F;37;2;3;2495;237692;12043;
1085;Sjælland;2021-04-12;F;50;0;2;2495;237742;12045;
1083;Syddanmark;2021-04-12;F;56;0;5;2495;237798;12050;
1084;Hovedstaden;2021-04-12;M;202;3;10;2498;238000;12060;
1082;Midtjylland;2021-04-12;M;63;0;2;2498;238063;12062;
1081;Nordjylland;2021-04-12;M;31;0;1;2498;238094;12063;
1085;Sjælland;2021-04-12;M;57;0;4;2498;238151;12067;
1083;Syddanmark;2021-04-12;M;51;0;0;2498;238202;12067;
1084;Hovedstaden;2021-04-13;F;153;2;3;2500;238355;12070;
1082;Midtjylland;2021-04-13;F;67;0;2;2500;238422;12072;
1081;Nordjylland;2021-04-13;F;21;0;1;2500;238443;12073;
1085;Sjælland;2021-04-13;F;59;0;0;2500;238502;12073;
1083;Syddanmark;2021-04-13;F;43;0;2;2500;238545;12075;
1084;Hovedstaden;2021-04-13;M;182;0;6;2500;238727;12081;
1082;Midtjylland;2021-04-13;M;85;0;2;2500;238812;12083;
1081;Nordjylland;2021-04-13;M;33;0;0;2500;238845;12083;
1085;Sjælland;2021-04-13;M;42;0;2;2500;238887;12085;
1083;Syddanmark;2021-04-13;M;54;0;1;2500;238941;12086;
1084;Hovedstaden;2021-04-14;F;168;0;6;2500;239109;12092;
1082;Midtjylland;2021-04-14;F;53;0;2;2500;239162;12094;
1081;Nordjylland;2021-04-14;F;24;0;0;2500;239186;12094;
1085;Sjælland;2021-04-14;F;35;0;1;2500;239221;12095;
1083;Syddanmark;2021-04-14;F;37;0;1;2500;239258;12096;
1084;Hovedstaden;2021-04-14;M;167;0;6;2500;239425;12102;
1082;Midtjylland;2021-04-14;M;82;1;4;2501;239507;12106;
1081;Nordjylland;2021-04-14;M;30;0;0;2501;239537;12106;
1085;Sjælland;2021-04-14;M;41;0;3;2501;239578;12109;
1083;Syddanmark;2021-04-14;M;57;0;3;2501;239635;12112;
1084;Hovedstaden;2021-04-15;F;180;1;6;2502;239815;12118;
1082;Midtjylland;2021-04-15;F;85;0;3;2502;239900;12121;
1081;Nordjylland;2021-04-15;F;25;0;1;2502;239925;12122;
1085;Sjælland;2021-04-15;F;47;0;2;2502;239972;12124;
1083;Syddanmark;2021-04-15;F;53;0;3;2502;240025;12127;
1084;Hovedstaden;2021-04-15;M;146;2;4;2504;240171;12131;
1082;Midtjylland;2021-04-15;M;72;0;7;2504;240243;12138;
1081;Nordjylland;2021-04-15;M;24;0;0;2504;240267;12138;
1085;Sjælland;2021-04-15;M;43;0;2;2504;240310;12140;
1083;Syddanmark;2021-04-15;M;56;0;1;2504;240366;12141;
1084;Hovedstaden;2021-04-16;F;163;0;7;2504;240529;12148;
1082;Midtjylland;2021-04-16;F;58;0;3;2504;240587;12151;
1081;Nordjylland;2021-04-16;F;18;0;0;2504;240605;12151;
1085;Sjælland;2021-04-16;F;43;0;1;2504;240648;12152;
1083;Syddanmark;2021-04-16;F;42;0;1;2504;240690;12153;
1084;Hovedstaden;2021-04-16;M;172;0;1;2504;240862;12154;
1082;Midtjylland;2021-04-16;M;87;0;0;2504;240949;12154;
1081;Nordjylland;2021-04-16;M;25;0;1;2504;240974;12155;
1085;Sjælland;2021-04-16;M;43;1;1;2505;241017;12156;
1083;Syddanmark;2021-04-16;M;54;0;1;2505;241071;12157;
1084;Hovedstaden;2021-04-17;F;146;0;3;2505;241217;12160;
1082;Midtjylland;2021-04-17;F;72;0;5;2505;241289;12165;
1081;Nordjylland;2021-04-17;F;29;0;0;2505;241318;12165;
1085;Sjælland;2021-04-17;F;36;0;0;2505;241354;12165;
1083;Syddanmark;2021-04-17;F;36;0;2;2505;241390;12167;
1084;Hovedstaden;2021-04-17;M;162;0;7;2505;241552;12174;
1082;Midtjylland;2021-04-17;M;67;0;2;2505;241619;12176;
1081;Nordjylland;2021-04-17;M;27;1;0;2506;241646;12176;
1085;Sjælland;2021-04-17;M;34;0;1;2506;241680;12177;
1083;Syddanmark;2021-04-17;M;43;0;3;2506;241723;12180;
1084;Hovedstaden;2021-04-18;F;177;2;7;2508;241900;12187;
1082;Midtjylland;2021-04-18;F;76;0;5;2508;241976;12192;
1081;Nordjylland;2021-04-18;F;32;0;1;2508;242008;12193;
1085;Sjælland;2021-04-18;F;37;0;2;2508;242045;12195;
1083;Syddanmark;2021-04-18;F;37;0;4;2508;242082;12199;
1084;Hovedstaden;2021-04-18;M;180;0;9;2508;242262;12208;
1082;Midtjylland;2021-04-18;M;75;0;0;2508;242337;12208;
1081;Nordjylland;2021-04-18;M;18;0;0;2508;242355;12208;
1085;Sjælland;2021-04-18;M;41;0;3;2508;242396;12211;
1083;Syddanmark;2021-04-18;M;42;0;2;2508;242438;12213;
1084;Hovedstaden;2021-04-19;F;198;0;4;2508;242636;12217;
1082;Midtjylland;2021-04-19;F;81;0;1;2508;242717;12218;
1081;Nordjylland;2021-04-19;F;42;0;0;2508;242759;12218;
1085;Sjælland;2021-04-19;F;44;0;2;2508;242803;12220;
1083;Syddanmark;2021-04-19;F;53;0;3;2508;242856;12223;
1084;Hovedstaden;2021-04-19;M;181;1;8;2509;243037;12231;
1082;Midtjylland;2021-04-19;M;101;0;3;2509;243138;12234;
1081;Nordjylland;2021-04-19;M;48;1;2;2510;243186;12236;
1085;Sjælland;2021-04-19;M;60;0;6;2510;243246;12242;
1083;Syddanmark;2021-04-19;M;54;0;3;2510;243300;12245;
1084;Hovedstaden;2021-04-20;F;180;0;2;2510;243480;12247;
1082;Midtjylland;2021-04-20;F;88;0;6;2510;243568;12253;
1081;Nordjylland;2021-04-20;F;29;0;0;2510;243597;12253;
1085;Sjælland;2021-04-20;F;47;0;0;2510;243644;12253;
1083;Syddanmark;2021-04-20;F;42;0;0;2510;243686;12253;
1084;Hovedstaden;2021-04-20;M;183;0;7;2510;243869;12260;
1082;Midtjylland;2021-04-20;M;110;0;4;2510;243979;12264;
1081;Nordjylland;2021-04-20;M;55;0;2;2510;244034;12266;
1085;Sjælland;2021-04-20;M;52;1;3;2511;244086;12269;
1083;Syddanmark;2021-04-20;M;62;0;0;2511;244148;12269;
1084;Hovedstaden;2021-04-21;F;158;0;4;2511;244306;12273;
1082;Midtjylland;2021-04-21;F;63;0;0;2511;244369;12273;
1081;Nordjylland;2021-04-21;F;21;0;1;2511;244390;12274;
1085;Sjælland;2021-04-21;F;39;0;1;2511;244429;12275;
1083;Syddanmark;2021-04-21;F;34;0;2;2511;244463;12277;
1084;Hovedstaden;2021-04-21;M;159;1;7;2512;244622;12284;
1082;Midtjylland;2021-04-21;M;81;0;3;2512;244703;12287;
1081;Nordjylland;2021-04-21;M;18;0;1;2512;244721;12288;
1085;Sjælland;2021-04-21;M;47;0;2;2512;244768;12290;
1083;Syddanmark;2021-04-21;M;39;0;0;2512;244807;12290;
1084;Hovedstaden;2021-04-22;F;142;1;6;2513;244949;12296;
1082;Midtjylland;2021-04-22;F;52;0;0;2513;245001;12296;
1081;Nordjylland;2021-04-22;F;25;0;0;2513;245026;12296;
1085;Sjælland;2021-04-22;F;34;0;1;2513;245060;12297;
1083;Syddanmark;2021-04-22;F;35;0;0;2513;245095;12297;
1084;Hovedstaden;2021-04-22;M;150;0;2;2513;245245;12299;
1082;Midtjylland;2021-04-22;M;52;0;1;2513;245297;12300;
1081;Nordjylland;2021-04-22;M;26;0;1;2513;245323;12301;
1085;Sjælland;2021-04-22;M;50;0;2;2513;245373;12303;
1083;Syddanmark;2021-04-22;M;54;0;0;2513;245427;12303;
1084;Hovedstaden;2021-04-23;F;127;0;1;2513;245554;12304;
1082;Midtjylland;2021-04-23;F;54;0;1;2513;245608;12305;
1081;Nordjylland;2021-04-23;F;38;0;0;2513;245646;12305;
1085;Sjælland;2021-04-23;F;35;0;1;2513;245681;12306;
1083;Syddanmark;2021-04-23;F;51;0;2;2513;245732;12308;
1084;Hovedstaden;2021-04-23;M;140;2;6;2515;245872;12314;
1082;Midtjylland;2021-04-23;M;65;0;1;2515;245937;12315;
1081;Nordjylland;2021-04-23;M;43;0;1;2515;245980;12316;
1085;Sjælland;2021-04-23;M;29;0;1;2515;246009;12317;
1083;Syddanmark;2021-04-23;M;43;0;1;2515;246052;12318;
1084;Hovedstaden;2021-04-24;F;118;0;6;2515;246170;12324;
1082;Midtjylland;2021-04-24;F;62;0;2;2515;246232;12326;
1081;Nordjylland;2021-04-24;F;25;0;0;2515;246257;12326;
1085;Sjælland;2021-04-24;F;40;0;1;2515;246297;12327;
1083;Syddanmark;2021-04-24;F;27;0;2;2515;246324;12329;
1084;Hovedstaden;2021-04-24;M;112;0;5;2515;246436;12334;
1082;Midtjylland;2021-04-24;M;69;1;2;2516;246505;12336;
1081;Nordjylland;2021-04-24;M;36;0;0;2516;246541;12336;
1085;Sjælland;2021-04-24;M;29;0;1;2516;246570;12337;
1083;Syddanmark;2021-04-24;M;50;0;1;2516;246620;12338;
1084;Hovedstaden;2021-04-25;F;152;0;3;2516;246772;12341;
1082;Midtjylland;2021-04-25;F;53;0;1;2516;246825;12342;
1081;Nordjylland;2021-04-25;F;34;0;1;2516;246859;12343;
1085;Sjælland;2021-04-25;F;39;0;3;2516;246898;12346;
1083;Syddanmark;2021-04-25;F;35;0;3;2516;246933;12349;
1084;Hovedstaden;2021-04-25;M;122;0;4;2516;247055;12353;
1082;Midtjylland;2021-04-25;M;65;0;4;2516;247120;12357;
1081;Nordjylland;2021-04-25;M;30;0;0;2516;247150;12357;
1085;Sjælland;2021-04-25;M;27;0;1;2516;247177;12358;
1083;Syddanmark;2021-04-25;M;40;0;0;2516;247217;12358;
1084;Hovedstaden;2021-04-26;F;164;0;3;2516;247381;12361;
1082;Midtjylland;2021-04-26;F;61;0;1;2516;247442;12362;
1081;Nordjylland;2021-04-26;F;29;0;3;2516;247471;12365;
1085;Sjælland;2021-04-26;F;46;1;3;2517;247517;12368;
1083;Syddanmark;2021-04-26;F;40;0;3;2517;247557;12371;
1084;Hovedstaden;2021-04-26;M;185;0;7;2517;247742;12378;
1082;Midtjylland;2021-04-26;M;71;0;4;2517;247813;12382;
1081;Nordjylland;2021-04-26;M;46;1;5;2518;247859;12387;
1085;Sjælland;2021-04-26;M;57;0;3;2518;247916;12390;
1083;Syddanmark;2021-04-26;M;74;1;4;2519;247990;12394;
1084;Hovedstaden;2021-04-27;F;219;0;9;2519;248209;12403;
1082;Midtjylland;2021-04-27;F;62;0;2;2519;248271;12405;
1081;Nordjylland;2021-04-27;F;44;0;3;2519;248315;12408;
1085;Sjælland;2021-04-27;F;45;0;0;2519;248360;12408;
1083;Syddanmark;2021-04-27;F;61;0;1;2519;248421;12409;
1084;Hovedstaden;2021-04-27;M;217;0;2;2519;248638;12411;
1082;Midtjylland;2021-04-27;M;85;0;3;2519;248723;12414;
1081;Nordjylland;2021-04-27;M;32;0;0;2519;248755;12414;
1085;Sjælland;2021-04-27;M;51;0;3;2519;248806;12417;
1083;Syddanmark;2021-04-27;M;77;0;2;2519;248883;12419;
1084;Hovedstaden;2021-04-28;F;209;0;11;2519;249092;12430;
1082;Midtjylland;2021-04-28;F;69;0;2;2519;249161;12432;
1081;Nordjylland;2021-04-28;F;31;0;1;2519;249192;12433;
1085;Sjælland;2021-04-28;F;50;0;4;2519;249242;12437;
1083;Syddanmark;2021-04-28;F;49;0;2;2519;249291;12439;
1084;Hovedstaden;2021-04-28;M;187;0;5;2519;249478;12444;
1082;Midtjylland;2021-04-28;M;77;0;3;2519;249555;12447;
1081;Nordjylland;2021-04-28;M;34;0;1;2519;249589;12448;
1085;Sjælland;2021-04-28;M;42;0;1;2519;249631;12449;
1083;Syddanmark;2021-04-28;M;59;0;2;2519;249690;12451;
1084;Hovedstaden;2021-04-29;F;183;0;4;2519;249873;12455;
1082;Midtjylland;2021-04-29;F;66;0;3;2519;249939;12458;
1081;Nordjylland;2021-04-29;F;24;0;0;2519;249963;12458;
1085;Sjælland;2021-04-29;F;47;0;2;2519;250010;12460;
1083;Syddanmark;2021-04-29;F;56;0;4;2519;250066;12464;
1084;Hovedstaden;2021-04-29;M;199;0;8;2519;250265;12472;
1082;Midtjylland;2021-04-29;M;80;0;3;2519;250345;12475;
1081;Nordjylland;2021-04-29;M;35;0;2;2519;250380;12477;
1085;Sjælland;2021-04-29;M;53;0;1;2519;250433;12478;
1083;Syddanmark;2021-04-29;M;57;0;0;2519;250490;12478;
1084;Hovedstaden;2021-04-30;F;179;0;4;2519;250669;12482;
1082;Midtjylland;2021-04-30;F;58;0;1;2519;250727;12483;
1081;Nordjylland;2021-04-30;F;29;0;0;2519;250756;12483;
1085;Sjælland;2021-04-30;F;31;0;1;2519;250787;12484;
1083;Syddanmark;2021-04-30;F;55;0;1;2519;250842;12485;
1084;Hovedstaden;2021-04-30;M;188;0;6;2519;251030;12491;
1082;Midtjylland;2021-04-30;M;72;0;3;2519;251102;12494;
1081;Nordjylland;2021-04-30;M;35;1;2;2520;251137;12496;
1085;Sjælland;2021-04-30;M;38;0;1;2520;251175;12497;
1083;Syddanmark;2021-04-30;M;71;0;3;2520;251246;12500;
1084;Hovedstaden;2021-05-01;F;149;0;9;2520;251395;12509;
1082;Midtjylland;2021-05-01;F;74;0;1;2520;251469;12510;
1081;Nordjylland;2021-05-01;F;32;0;2;2520;251501;12512;
1085;Sjælland;2021-05-01;F;26;0;1;2520;251527;12513;
1083;Syddanmark;2021-05-01;F;48;0;1;2520;251575;12514;
1084;Hovedstaden;2021-05-01;M;153;1;5;2521;251728;12519;
1082;Midtjylland;2021-05-01;M;87;0;1;2521;251815;12520;
1081;Nordjylland;2021-05-01;M;31;0;2;2521;251846;12522;
1085;Sjælland;2021-05-01;M;42;0;1;2521;251888;12523;
1083;Syddanmark;2021-05-01;M;47;0;1;2521;251935;12524;
1084;Hovedstaden;2021-05-02;F;182;0;6;2521;252117;12530;
1082;Midtjylland;2021-05-02;F;65;0;3;2521;252182;12533;
1081;Nordjylland;2021-05-02;F;33;0;2;2521;252215;12535;
1085;Sjælland;2021-05-02;F;26;0;2;2521;252241;12537;
1083;Syddanmark;2021-05-02;F;44;0;1;2521;252285;12538;
1084;Hovedstaden;2021-05-02;M;176;0;7;2521;252461;12545;
1082;Midtjylland;2021-05-02;M;70;0;2;2521;252531;12547;
1081;Nordjylland;2021-05-02;M;26;0;0;2521;252557;12547;
1085;Sjælland;2021-05-02;M;30;0;2;2521;252587;12549;
1083;Syddanmark;2021-05-02;M;60;0;0;2521;252647;12549;
1084;Hovedstaden;2021-05-03;F;217;0;8;2521;252864;12557;
1082;Midtjylland;2021-05-03;F;98;1;3;2522;252962;12560;
1081;Nordjylland;2021-05-03;F;30;0;1;2522;252992;12561;
1085;Sjælland;2021-05-03;F;71;0;1;2522;253063;12562;
1083;Syddanmark;2021-05-03;F;58;0;1;2522;253121;12563;
1084;Hovedstaden;2021-05-03;M;278;0;5;2522;253399;12568;
1082;Midtjylland;2021-05-03;M;92;0;1;2522;253491;12569;
1081;Nordjylland;2021-05-03;M;43;0;1;2522;253534;12570;
1085;Sjælland;2021-05-03;M;64;0;2;2522;253598;12572;
1083;Syddanmark;2021-05-03;M;70;0;1;2522;253668;12573;
1084;Hovedstaden;2021-05-04;F;250;0;2;2522;253918;12575;
1082;Midtjylland;2021-05-04;F;91;0;3;2522;254009;12578;
1081;Nordjylland;2021-05-04;F;25;0;0;2522;254034;12578;
1085;Sjælland;2021-05-04;F;61;1;3;2523;254095;12581;
1083;Syddanmark;2021-05-04;F;59;0;0;2523;254154;12581;
1084;Hovedstaden;2021-05-04;M;217;0;5;2523;254371;12586;
1082;Midtjylland;2021-05-04;M;106;0;4;2523;254477;12590;
1081;Nordjylland;2021-05-04;M;33;0;0;2523;254510;12590;
1085;Sjælland;2021-05-04;M;56;0;5;2523;254566;12595;
1083;Syddanmark;2021-05-04;M;75;0;2;2523;254641;12597;
1084;Hovedstaden;2021-05-05;F;262;1;8;2524;254903;12605;
1082;Midtjylland;2021-05-05;F;92;0;0;2524;254995;12605;
1081;Nordjylland;2021-05-05;F;43;0;2;2524;255038;12607;
1085;Sjælland;2021-05-05;F;59;0;2;2524;255097;12609;
1083;Syddanmark;2021-05-05;F;72;0;2;2524;255169;12611;
1084;Hovedstaden;2021-05-05;M;250;1;7;2525;255419;12618;
1082;Midtjylland;2021-05-05;M;106;0;2;2525;255525;12620;
1081;Nordjylland;2021-05-05;M;43;0;1;2525;255568;12621;
1085;Sjælland;2021-05-05;M;64;0;6;2525;255632;12627;
1083;Syddanmark;2021-05-05;M;63;0;0;2525;255695;12627;
1084;Hovedstaden;2021-05-06;F;217;1;2;2526;255912;12629;
1082;Midtjylland;2021-05-06;F;71;0;3;2526;255983;12632;
1081;Nordjylland;2021-05-06;F;25;0;1;2526;256008;12633;
1085;Sjælland;2021-05-06;F;71;0;5;2526;256079;12638;
1083;Syddanmark;2021-05-06;F;40;0;1;2526;256119;12639;
1084;Hovedstaden;2021-05-06;M;226;0;5;2526;256345;12644;
1082;Midtjylland;2021-05-06;M;83;0;2;2526;256428;12646;
1081;Nordjylland;2021-05-06;M;31;0;2;2526;256459;12648;
1085;Sjælland;2021-05-06;M;76;0;2;2526;256535;12650;
1083;Syddanmark;2021-05-06;M;47;0;1;2526;256582;12651;
1084;Hovedstaden;2021-05-07;F;210;0;6;2526;256792;12657;
1082;Midtjylland;2021-05-07;F;80;0;2;2526;256872;12659;
1081;Nordjylland;2021-05-07;F;22;0;0;2526;256894;12659;
1085;Sjælland;2021-05-07;F;55;0;2;2526;256949;12661;
1083;Syddanmark;2021-05-07;F;58;0;1;2526;257007;12662;
1084;Hovedstaden;2021-05-07;M;210;0;8;2526;257217;12670;
1082;Midtjylland;2021-05-07;M;96;0;0;2526;257313;12670;
1081;Nordjylland;2021-05-07;M;40;1;3;2527;257353;12673;
1085;Sjælland;2021-05-07;M;59;0;1;2527;257412;12674;
1083;Syddanmark;2021-05-07;M;71;1;1;2528;257483;12675;
1084;Hovedstaden;2021-05-08;F;199;0;3;2528;257682;12678;
1082;Midtjylland;2021-05-08;F;91;0;2;2528;257773;12680;
1081;Nordjylland;2021-05-08;F;24;0;0;2528;257797;12680;
1085;Sjælland;2021-05-08;F;47;0;0;2528;257844;12680;
1083;Syddanmark;2021-05-08;F;41;0;0;2528;257885;12680;
1084;Hovedstaden;2021-05-08;M;241;0;10;2528;258126;12690;
1082;Midtjylland;2021-05-08;M;86;0;1;2528;258212;12691;
1081;Nordjylland;2021-05-08;M;40;0;1;2528;258252;12692;
1085;Sjælland;2021-05-08;M;37;0;0;2528;258289;12692;
1083;Syddanmark;2021-05-08;M;42;0;2;2528;258331;12694;
1084;Hovedstaden;2021-05-09;F;190;0;5;2528;258521;12699;
1082;Midtjylland;2021-05-09;F;62;0;0;2528;258583;12699;
1081;Nordjylland;2021-05-09;F;37;0;1;2528;258620;12700;
1085;Sjælland;2021-05-09;F;55;0;0;2528;258675;12700;
1083;Syddanmark;2021-05-09;F;38;0;3;2528;258713;12703;
1084;Hovedstaden;2021-05-09;M;203;0;4;2528;258916;12707;
1082;Midtjylland;2021-05-09;M;90;0;2;2528;259006;12709;
1081;Nordjylland;2021-05-09;M;36;0;0;2528;259042;12709;
1085;Sjælland;2021-05-09;M;45;0;0;2528;259087;12709;
1083;Syddanmark;2021-05-09;M;44;0;1;2528;259131;12710;
1084;Hovedstaden;2021-05-10;F;237;1;6;2529;259368;12716;
1082;Midtjylland;2021-05-10;F;136;0;1;2529;259504;12717;
1081;Nordjylland;2021-05-10;F;29;0;1;2529;259533;12718;
1085;Sjælland;2021-05-10;F;82;0;1;2529;259615;12719;
1083;Syddanmark;2021-05-10;F;53;0;1;2529;259668;12720;
1084;Hovedstaden;2021-05-10;M;232;1;4;2530;259900;12724;
1082;Midtjylland;2021-05-10;M;149;0;2;2530;260049;12726;
1081;Nordjylland;2021-05-10;M;46;0;1;2530;260095;12727;
1085;Sjælland;2021-05-10;M;102;0;5;2530;260197;12732;
1083;Syddanmark;2021-05-10;M;63;0;1;2530;260260;12733;
1084;Hovedstaden;2021-05-11;F;286;0;2;2530;260546;12735;
1082;Midtjylland;2021-05-11;F;125;1;3;2531;260671;12738;
1081;Nordjylland;2021-05-11;F;52;0;1;2531;260723;12739;
1085;Sjælland;2021-05-11;F;77;0;2;2531;260800;12741;
1083;Syddanmark;2021-05-11;F;53;0;0;2531;260853;12741;
1084;Hovedstaden;2021-05-11;M;338;0;6;2531;261191;12747;
1082;Midtjylland;2021-05-11;M;140;0;2;2531;261331;12749;
1081;Nordjylland;2021-05-11;M;64;0;2;2531;261395;12751;
1085;Sjælland;2021-05-11;M;89;0;3;2531;261484;12754;
1083;Syddanmark;2021-05-11;M;76;0;2;2531;261560;12756;
1084;Hovedstaden;2021-05-12;F;236;1;5;2532;261796;12761;
1082;Midtjylland;2021-05-12;F;110;0;2;2532;261906;12763;
1081;Nordjylland;2021-05-12;F;47;0;1;2532;261953;12764;
1085;Sjælland;2021-05-12;F;84;0;2;2532;262037;12766;
1083;Syddanmark;2021-05-12;F;44;0;5;2532;262081;12771;
1084;Hovedstaden;2021-05-12;M;325;1;9;2533;262406;12780;
1082;Midtjylland;2021-05-12;M;96;0;2;2533;262502;12782;
1081;Nordjylland;2021-05-12;M;56;0;0;2533;262558;12782;
1085;Sjælland;2021-05-12;M;103;0;3;2533;262661;12785;
1083;Syddanmark;2021-05-12;M;56;1;4;2534;262717;12789;
1084;Hovedstaden;2021-05-13;F;213;1;4;2535;262930;12793;
1082;Midtjylland;2021-05-13;F;78;0;2;2535;263008;12795;
1081;Nordjylland;2021-05-13;F;36;0;2;2535;263044;12797;
1085;Sjælland;2021-05-13;F;55;0;2;2535;263099;12799;
1083;Syddanmark;2021-05-13;F;42;0;1;2535;263141;12800;
1084;Hovedstaden;2021-05-13;M;228;0;3;2535;263369;12803;
1082;Midtjylland;2021-05-13;M;74;0;1;2535;263443;12804;
1081;Nordjylland;2021-05-13;M;66;0;0;2535;263509;12804;
1085;Sjælland;2021-05-13;M;65;0;2;2535;263574;12806;
1083;Syddanmark;2021-05-13;M;47;1;1;2536;263621;12807;
1084;Hovedstaden;2021-05-14;F;187;0;5;2536;263808;12812;
1082;Midtjylland;2021-05-14;F;84;0;1;2536;263892;12813;
1081;Nordjylland;2021-05-14;F;43;0;0;2536;263935;12813;
1085;Sjælland;2021-05-14;F;78;0;3;2536;264013;12816;
1083;Syddanmark;2021-05-14;F;44;0;3;2536;264057;12819;
1084;Hovedstaden;2021-05-14;M;211;1;4;2537;264268;12823;
1082;Midtjylland;2021-05-14;M;79;0;3;2537;264347;12826;
1081;Nordjylland;2021-05-14;M;34;0;1;2537;264381;12827;
1085;Sjælland;2021-05-14;M;57;0;3;2537;264438;12830;
1083;Syddanmark;2021-05-14;M;55;0;2;2537;264493;12832;
1084;Hovedstaden;2021-05-15;F;218;0;5;2537;264711;12837;
1082;Midtjylland;2021-05-15;F;83;0;2;2537;264794;12839;
1081;Nordjylland;2021-05-15;F;43;0;1;2537;264837;12840;
1085;Sjælland;2021-05-15;F;68;1;3;2538;264905;12843;
1083;Syddanmark;2021-05-15;F;54;0;3;2538;264959;12846;
1084;Hovedstaden;2021-05-15;M;200;0;4;2538;265159;12850;
1082;Midtjylland;2021-05-15;M;108;0;3;2538;265267;12853;
1081;Nordjylland;2021-05-15;M;54;0;0;2538;265321;12853;
1085;Sjælland;2021-05-15;M;65;0;0;2538;265386;12853;
1083;Syddanmark;2021-05-15;M;48;0;2;2538;265434;12855;
1084;Hovedstaden;2021-05-16;F;211;0;2;2538;265645;12857;
1082;Midtjylland;2021-05-16;F;66;0;1;2538;265711;12858;
1081;Nordjylland;2021-05-16;F;50;0;0;2538;265761;12858;
1085;Sjælland;2021-05-16;F;47;0;2;2538;265808;12860;
1083;Syddanmark;2021-05-16;F;47;0;2;2538;265855;12862;
1084;Hovedstaden;2021-05-16;M;233;0;7;2538;266088;12869;
1082;Midtjylland;2021-05-16;M;82;0;3;2538;266170;12872;
1081;Nordjylland;2021-05-16;M;55;0;0;2538;266225;12872;
1085;Sjælland;2021-05-16;M;77;0;1;2538;266302;12873;
1083;Syddanmark;2021-05-16;M;52;0;0;2538;266354;12873;
1084;Hovedstaden;2021-05-17;F;224;0;5;2538;266578;12878;
1082;Midtjylland;2021-05-17;F;96;0;3;2538;266674;12881;
1081;Nordjylland;2021-05-17;F;42;0;0;2538;266716;12881;
1085;Sjælland;2021-05-17;F;68;0;2;2538;266784;12883;
1083;Syddanmark;2021-05-17;F;77;0;3;2538;266861;12886;
1084;Hovedstaden;2021-05-17;M;278;0;6;2538;267139;12892;
1082;Midtjylland;2021-05-17;M;114;0;4;2538;267253;12896;
1081;Nordjylland;2021-05-17;M;68;0;0;2538;267321;12896;
1085;Sjælland;2021-05-17;M;90;0;0;2538;267411;12896;
1083;Syddanmark;2021-05-17;M;93;0;1;2538;267504;12897;
1084;Hovedstaden;2021-05-18;F;275;0;4;2538;267779;12901;
1082;Midtjylland;2021-05-18;F;85;0;0;2538;267864;12901;
1081;Nordjylland;2021-05-18;F;57;0;1;2538;267921;12902;
1085;Sjælland;2021-05-18;F;79;0;1;2538;268000;12903;
1083;Syddanmark;2021-05-18;F;70;0;4;2538;268070;12907;
1084;Hovedstaden;2021-05-18;M;273;0;5;2538;268343;12912;
1082;Midtjylland;2021-05-18;M;97;0;3;2538;268440;12915;
1081;Nordjylland;2021-05-18;M;64;0;2;2538;268504;12917;
1085;Sjælland;2021-05-18;M;79;0;2;2538;268583;12919;
1083;Syddanmark;2021-05-18;M;74;0;0;2538;268657;12919;
1084;Hovedstaden;2021-05-19;F;245;0;4;2538;268902;12923;
1082;Midtjylland;2021-05-19;F;88;0;2;2538;268990;12925;
1081;Nordjylland;2021-05-19;F;61;0;2;2538;269051;12927;
1085;Sjælland;2021-05-19;F;89;0;2;2538;269140;12929;
1083;Syddanmark;2021-05-19;F;62;0;0;2538;269202;12929;
1084;Hovedstaden;2021-05-19;M;256;0;6;2538;269458;12935;
1082;Midtjylland;2021-05-19;M;90;0;1;2538;269548;12936;
1081;Nordjylland;2021-05-19;M;66;0;0;2538;269614;12936;
1085;Sjælland;2021-05-19;M;111;0;4;2538;269725;12940;
1083;Syddanmark;2021-05-19;M;69;0;2;2538;269794;12942;
1084;Hovedstaden;2021-05-20;F;236;0;4;2538;270030;12946;
1082;Midtjylland;2021-05-20;F;64;0;0;2538;270094;12946;
1081;Nordjylland;2021-05-20;F;67;0;0;2538;270161;12946;
1085;Sjælland;2021-05-20;F;69;0;2;2538;270230;12948;
1083;Syddanmark;2021-05-20;F;61;0;0;2538;270291;12948;
1084;Hovedstaden;2021-05-20;M;219;0;6;2538;270510;12954;
1082;Midtjylland;2021-05-20;M;80;0;1;2538;270590;12955;
1081;Nordjylland;2021-05-20;M;77;0;1;2538;270667;12956;
1085;Sjælland;2021-05-20;M;87;0;2;2538;270754;12958;
1083;Syddanmark;2021-05-20;M;57;0;0;2538;270811;12958;
1084;Hovedstaden;2021-05-21;F;183;0;5;2538;270994;12963;
1082;Midtjylland;2021-05-21;F;65;0;2;2538;271059;12965;
1081;Nordjylland;2021-05-21;F;49;0;1;2538;271108;12966;
1085;Sjælland;2021-05-21;F;62;0;2;2538;271170;12968;
1083;Syddanmark;2021-05-21;F;49;0;1;2538;271219;12969;
1084;Hovedstaden;2021-05-21;M;193;1;4;2539;271412;12973;
1082;Midtjylland;2021-05-21;M;68;1;3;2540;271480;12976;
1081;Nordjylland;2021-05-21;M;38;0;1;2540;271518;12977;
1085;Sjælland;2021-05-21;M;74;0;1;2540;271592;12978;
1083;Syddanmark;2021-05-21;M;49;1;2;2541;271641;12980;
1084;Hovedstaden;2021-05-22;F;162;0;3;2541;271803;12983;
1082;Midtjylland;2021-05-22;F;85;0;0;2541;271888;12983;
1081;Nordjylland;2021-05-22;F;51;0;0;2541;271939;12983;
1085;Sjælland;2021-05-22;F;47;0;0;2541;271986;12983;
1083;Syddanmark;2021-05-22;F;55;0;0;2541;272041;12983;
1084;Hovedstaden;2021-05-22;M;166;0;6;2541;272207;12989;
1082;Midtjylland;2021-05-22;M;83;0;1;2541;272290;12990;
1081;Nordjylland;2021-05-22;M;49;0;0;2541;272339;12990;
1085;Sjælland;2021-05-22;M;36;0;1;2541;272375;12991;
1083;Syddanmark;2021-05-22;M;51;0;4;2541;272426;12995;
1084;Hovedstaden;2021-05-23;F;156;0;3;2541;272582;12998;
1082;Midtjylland;2021-05-23;F;85;0;1;2541;272667;12999;
1081;Nordjylland;2021-05-23;F;61;0;0;2541;272728;12999;
1085;Sjælland;2021-05-23;F;41;0;2;2541;272769;13001;
1083;Syddanmark;2021-05-23;F;50;0;1;2541;272819;13002;
1084;Hovedstaden;2021-05-23;M;149;0;5;2541;272968;13007;
1082;Midtjylland;2021-05-23;M;95;0;0;2541;273063;13007;
1081;Nordjylland;2021-05-23;M;53;0;0;2541;273116;13007;
1085;Sjælland;2021-05-23;M;57;0;4;2541;273173;13011;
1083;Syddanmark;2021-05-23;M;53;0;2;2541;273226;13013;
1084;Hovedstaden;2021-05-24;F;181;0;7;2541;273407;13020;
1082;Midtjylland;2021-05-24;F;83;0;0;2541;273490;13020;
1081;Nordjylland;2021-05-24;F;47;0;1;2541;273537;13021;
1085;Sjælland;2021-05-24;F;57;0;2;2541;273594;13023;
1083;Syddanmark;2021-05-24;F;50;0;1;2541;273644;13024;
1084;Hovedstaden;2021-05-24;M;176;0;3;2541;273820;13027;
1082;Midtjylland;2021-05-24;M;98;0;3;2541;273918;13030;
1081;Nordjylland;2021-05-24;M;52;1;4;2542;273970;13034;
1085;Sjælland;2021-05-24;M;64;0;0;2542;274034;13034;
1083;Syddanmark;2021-05-24;M;52;0;1;2542;274086;13035;
1084;Hovedstaden;2021-05-25;F;191;0;5;2542;274277;13040;
1082;Midtjylland;2021-05-25;F;98;0;1;2542;274375;13041;
1081;Nordjylland;2021-05-25;F;71;0;2;2542;274446;13043;
1085;Sjælland;2021-05-25;F;57;0;1;2542;274503;13044;
1083;Syddanmark;2021-05-25;F;70;0;2;2542;274573;13046;
1084;Hovedstaden;2021-05-25;M;234;0;6;2542;274807;13052;
1082;Midtjylland;2021-05-25;M;124;0;1;2542;274931;13053;
1081;Nordjylland;2021-05-25;M;81;0;2;2542;275012;13055;
1085;Sjælland;2021-05-25;M;73;0;1;2542;275085;13056;
1083;Syddanmark;2021-05-25;M;101;0;1;2542;275186;13057;
1084;Hovedstaden;2021-05-26;F;254;0;5;2542;275440;13062;
1082;Midtjylland;2021-05-26;F;82;0;2;2542;275522;13064;
1081;Nordjylland;2021-05-26;F;68;0;0;2542;275590;13064;
1085;Sjælland;2021-05-26;F;51;0;1;2542;275641;13065;
1083;Syddanmark;2021-05-26;F;68;0;3;2542;275709;13068;
1084;Hovedstaden;2021-05-26;M;295;0;4;2542;276004;13072;
1082;Midtjylland;2021-05-26;M;95;0;1;2542;276099;13073;
1081;Nordjylland;2021-05-26;M;121;0;2;2542;276220;13075;
1085;Sjælland;2021-05-26;M;77;0;1;2542;276297;13076;
1083;Syddanmark;2021-05-26;M;88;0;1;2542;276385;13077;
1084;Hovedstaden;2021-05-27;F;195;0;5;2542;276580;13082;
1082;Midtjylland;2021-05-27;F;95;0;2;2542;276675;13084;
1081;Nordjylland;2021-05-27;F;44;0;1;2542;276719;13085;
1085;Sjælland;2021-05-27;F;51;0;0;2542;276770;13085;
1083;Syddanmark;2021-05-27;F;56;0;2;2542;276826;13087;
1084;Hovedstaden;2021-05-27;M;241;0;4;2542;277067;13091;
1082;Midtjylland;2021-05-27;M;97;0;1;2542;277164;13092;
1081;Nordjylland;2021-05-27;M;64;0;2;2542;277228;13094;
1085;Sjælland;2021-05-27;M;78;1;3;2543;277306;13097;
1083;Syddanmark;2021-05-27;M;76;0;2;2543;277382;13099;
1084;Hovedstaden;2021-05-28;F;179;0;2;2543;277561;13101;
1082;Midtjylland;2021-05-28;F;80;0;1;2543;277641;13102;
1081;Nordjylland;2021-05-28;F;55;0;0;2543;277696;13102;
1085;Sjælland;2021-05-28;F;52;0;2;2543;277748;13104;
1083;Syddanmark;2021-05-28;F;67;0;1;2543;277815;13105;
1084;Hovedstaden;2021-05-28;M;194;0;4;2543;278009;13109;
1082;Midtjylland;2021-05-28;M;103;0;0;2543;278112;13109;
1081;Nordjylland;2021-05-28;M;59;0;0;2543;278171;13109;
1085;Sjælland;2021-05-28;M;60;0;0;2543;278231;13109;
1083;Syddanmark;2021-05-28;M;74;1;3;2544;278305;13112;
1084;Hovedstaden;2021-05-29;F;161;0;4;2544;278466;13116;
1082;Midtjylland;2021-05-29;F;64;0;2;2544;278530;13118;
1081;Nordjylland;2021-05-29;F;45;0;0;2544;278575;13118;
1085;Sjælland;2021-05-29;F;34;0;2;2544;278609;13120;
1083;Syddanmark;2021-05-29;F;58;0;3;2544;278667;13123;
1084;Hovedstaden;2021-05-29;M;194;1;3;2545;278861;13126;
1082;Midtjylland;2021-05-29;M;84;0;1;2545;278945;13127;
1081;Nordjylland;2021-05-29;M;66;0;0;2545;279011;13127;
1085;Sjælland;2021-05-29;M;47;0;2;2545;279058;13129;
1083;Syddanmark;2021-05-29;M;61;0;4;2545;279119;13133;
1084;Hovedstaden;2021-05-30;F;170;1;6;2546;279289;13139;
1082;Midtjylland;2021-05-30;F;76;0;0;2546;279365;13139;
1081;Nordjylland;2021-05-30;F;62;0;0;2546;279427;13139;
1085;Sjælland;2021-05-30;F;36;0;1;2546;279463;13140;
1083;Syddanmark;2021-05-30;F;52;0;2;2546;279515;13142;
1084;Hovedstaden;2021-05-30;M;167;0;5;2546;279682;13147;
1082;Midtjylland;2021-05-30;M;93;0;2;2546;279775;13149;
1081;Nordjylland;2021-05-30;M;62;0;0;2546;279837;13149;
1085;Sjælland;2021-05-30;M;46;0;0;2546;279883;13149;
1083;Syddanmark;2021-05-30;M;59;0;1;2546;279942;13150;
1084;Hovedstaden;2021-05-31;F;218;0;1;2546;280160;13151;
1082;Midtjylland;2021-05-31;F;87;0;1;2546;280247;13152;
1081;Nordjylland;2021-05-31;F;67;0;2;2546;280314;13154;
1085;Sjælland;2021-05-31;F;52;0;2;2546;280366;13156;
1083;Syddanmark;2021-05-31;F;68;0;1;2546;280434;13157;
1084;Hovedstaden;2021-05-31;M;215;0;5;2546;280649;13162;
1082;Midtjylland;2021-05-31;M;104;0;2;2546;280753;13164;
1081;Nordjylland;2021-05-31;M;87;0;0;2546;280840;13164;
1085;Sjælland;2021-05-31;M;48;0;0;2546;280888;13164;
1083;Syddanmark;2021-05-31;M;69;0;3;2546;280957;13167;
1084;Hovedstaden;2021-06-01;F;232;0;2;2546;281189;13169;
1082;Midtjylland;2021-06-01;F;101;0;3;2546;281290;13172;
1081;Nordjylland;2021-06-01;F;78;0;1;2546;281368;13173;
1085;Sjælland;2021-06-01;F;50;0;1;2546;281418;13174;
1083;Syddanmark;2021-06-01;F;70;0;1;2546;281488;13175;
1084;Hovedstaden;2021-06-01;M;267;0;1;2546;281755;13176;
1082;Midtjylland;2021-06-01;M;98;0;2;2546;281853;13178;
1081;Nordjylland;2021-06-01;M;98;0;2;2546;281951;13180;
1085;Sjælland;2021-06-01;M;50;0;6;2546;282001;13186;
1083;Syddanmark;2021-06-01;M;58;0;0;2546;282059;13186;
1084;Hovedstaden;2021-06-02;F;193;0;2;2546;282252;13188;
1082;Midtjylland;2021-06-02;F;84;0;3;2546;282336;13191;
1081;Nordjylland;2021-06-02;F;55;0;1;2546;282391;13192;
1085;Sjælland;2021-06-02;F;50;0;1;2546;282441;13193;
1083;Syddanmark;2021-06-02;F;31;0;1;2546;282472;13194;
1084;Hovedstaden;2021-06-02;M;225;1;6;2547;282697;13200;
1082;Midtjylland;2021-06-02;M;108;0;2;2547;282805;13202;
1081;Nordjylland;2021-06-02;M;85;1;2;2548;282890;13204;
1085;Sjælland;2021-06-02;M;51;0;0;2548;282941;13204;
1083;Syddanmark;2021-06-02;M;47;0;2;2548;282988;13206;
1084;Hovedstaden;2021-06-03;F;169;0;2;2548;283157;13208;
1082;Midtjylland;2021-06-03;F;66;0;1;2548;283223;13209;
1081;Nordjylland;2021-06-03;F;48;0;1;2548;283271;13210;
1085;Sjælland;2021-06-03;F;39;0;0;2548;283310;13210;
1083;Syddanmark;2021-06-03;F;30;0;0;2548;283340;13210;
1084;Hovedstaden;2021-06-03;M;180;0;1;2548;283520;13211;
1082;Midtjylland;2021-06-03;M;67;0;0;2548;283587;13211;
1081;Nordjylland;2021-06-03;M;53;0;0;2548;283640;13211;
1085;Sjælland;2021-06-03;M;63;0;1;2548;283703;13212;
1083;Syddanmark;2021-06-03;M;36;0;1;2548;283739;13213;
1084;Hovedstaden;2021-06-04;F;155;1;3;2549;283894;13216;
1082;Midtjylland;2021-06-04;F;79;0;2;2549;283973;13218;
1081;Nordjylland;2021-06-04;F;38;0;0;2549;284011;13218;
1085;Sjælland;2021-06-04;F;42;0;0;2549;284053;13218;
1083;Syddanmark;2021-06-04;F;26;0;0;2549;284079;13218;
1084;Hovedstaden;2021-06-04;M;151;0;1;2549;284230;13219;
1082;Midtjylland;2021-06-04;M;84;0;2;2549;284314;13221;
1081;Nordjylland;2021-06-04;M;45;0;1;2549;284359;13222;
1085;Sjælland;2021-06-04;M;45;0;0;2549;284404;13222;
1083;Syddanmark;2021-06-04;M;41;0;1;2549;284445;13223;
1084;Hovedstaden;2021-06-05;F;115;0;3;2549;284560;13226;
1082;Midtjylland;2021-06-05;F;73;0;0;2549;284633;13226;
1081;Nordjylland;2021-06-05;F;39;0;0;2549;284672;13226;
1085;Sjælland;2021-06-05;F;55;0;0;2549;284727;13226;
1083;Syddanmark;2021-06-05;F;14;0;0;2549;284741;13226;
1084;Hovedstaden;2021-06-05;M;123;0;3;2549;284864;13229;
1082;Midtjylland;2021-06-05;M;71;0;0;2549;284935;13229;
1081;Nordjylland;2021-06-05;M;44;0;2;2549;284979;13231;
1085;Sjælland;2021-06-05;M;49;0;1;2549;285028;13232;
1083;Syddanmark;2021-06-05;M;41;0;2;2549;285069;13234;
1084;Hovedstaden;2021-06-06;F;113;0;4;2549;285182;13238;
1082;Midtjylland;2021-06-06;F;46;0;1;2549;285228;13239;
1081;Nordjylland;2021-06-06;F;36;0;1;2549;285264;13240;
1085;Sjælland;2021-06-06;F;32;0;2;2549;285296;13242;
1083;Syddanmark;2021-06-06;F;22;0;0;2549;285318;13242;
1084;Hovedstaden;2021-06-06;M;126;0;1;2549;285444;13243;
1082;Midtjylland;2021-06-06;M;77;0;0;2549;285521;13243;
1081;Nordjylland;2021-06-06;M;41;0;0;2549;285562;13243;
1085;Sjælland;2021-06-06;M;32;0;0;2549;285594;13243;
1083;Syddanmark;2021-06-06;M;21;0;0;2549;285615;13243;
1084;Hovedstaden;2021-06-07;F;135;1;4;2550;285750;13247;
1082;Midtjylland;2021-06-07;F;67;0;1;2550;285817;13248;
1081;Nordjylland;2021-06-07;F;39;0;0;2550;285856;13248;
1085;Sjælland;2021-06-07;F;30;0;0;2550;285886;13248;
1083;Syddanmark;2021-06-07;F;42;0;2;2550;285928;13250;
1084;Hovedstaden;2021-06-07;M;137;0;3;2550;286065;13253;
1082;Midtjylland;2021-06-07;M;56;0;1;2550;286121;13254;
1081;Nordjylland;2021-06-07;M;53;0;0;2550;286174;13254;
1085;Sjælland;2021-06-07;M;30;0;1;2550;286204;13255;
1083;Syddanmark;2021-06-07;M;33;0;0;2550;286237;13255;
1084;Hovedstaden;2021-06-08;F;101;0;1;2550;286338;13256;
1082;Midtjylland;2021-06-08;F;46;0;0;2550;286384;13256;
1081;Nordjylland;2021-06-08;F;32;0;0;2550;286416;13256;
1085;Sjælland;2021-06-08;F;33;0;0;2550;286449;13256;
1083;Syddanmark;2021-06-08;F;33;0;2;2550;286482;13258;
1084;Hovedstaden;2021-06-08;M;122;0;0;2550;286604;13258;
1082;Midtjylland;2021-06-08;M;52;0;2;2550;286656;13260;
1081;Nordjylland;2021-06-08;M;28;0;1;2550;286684;13261;
1085;Sjælland;2021-06-08;M;35;0;0;2550;286719;13261;
1083;Syddanmark;2021-06-08;M;31;0;0;2550;286750;13261;
1084;Hovedstaden;2021-06-09;F;103;0;2;2550;286853;13263;
1082;Midtjylland;2021-06-09;F;49;0;0;2550;286902;13263;
1081;Nordjylland;2021-06-09;F;24;0;0;2550;286926;13263;
1085;Sjælland;2021-06-09;F;42;0;1;2550;286968;13264;
1083;Syddanmark;2021-06-09;F;22;0;2;2550;286990;13266;
1084;Hovedstaden;2021-06-09;M;92;0;4;2550;287082;13270;
1082;Midtjylland;2021-06-09;M;55;0;3;2550;287137;13273;
1081;Nordjylland;2021-06-09;M;37;0;0;2550;287174;13273;
1085;Sjælland;2021-06-09;M;30;0;0;2550;287204;13273;
1083;Syddanmark;2021-06-09;M;28;0;0;2550;287232;13273;
1084;Hovedstaden;2021-06-10;F;85;0;2;2550;287317;13275;
1082;Midtjylland;2021-06-10;F;41;0;0;2550;287358;13275;
1081;Nordjylland;2021-06-10;F;40;1;1;2551;287398;13276;
1085;Sjælland;2021-06-10;F;25;0;1;2551;287423;13277;
1083;Syddanmark;2021-06-10;F;19;0;0;2551;287442;13277;
1084;Hovedstaden;2021-06-10;M;89;0;0;2551;287531;13277;
1082;Midtjylland;2021-06-10;M;38;0;1;2551;287569;13278;
1081;Nordjylland;2021-06-10;M;27;0;0;2551;287596;13278;
1085;Sjælland;2021-06-10;M;27;0;1;2551;287623;13279;
1083;Syddanmark;2021-06-10;M;27;0;0;2551;287650;13279;
1084;Hovedstaden;2021-06-11;F;57;0;0;2551;287707;13279;
1082;Midtjylland;2021-06-11;F;35;0;0;2551;287742;13279;
1081;Nordjylland;2021-06-11;F;23;0;2;2551;287765;13281;
1085;Sjælland;2021-06-11;F;12;0;0;2551;287777;13281;
1083;Syddanmark;2021-06-11;F;17;0;0;2551;287794;13281;
1084;Hovedstaden;2021-06-11;M;68;0;3;2551;287862;13284;
1082;Midtjylland;2021-06-11;M;41;0;1;2551;287903;13285;
1081;Nordjylland;2021-06-11;M;27;0;0;2551;287930;13285;
1085;Sjælland;2021-06-11;M;22;0;0;2551;287952;13285;
1083;Syddanmark;2021-06-11;M;14;0;0;2551;287966;13285;
1084;Hovedstaden;2021-06-12;F;50;1;5;2552;288016;13290;
1082;Midtjylland;2021-06-12;F;25;0;0;2552;288041;13290;
1081;Nordjylland;2021-06-12;F;20;0;0;2552;288061;13290;
1085;Sjælland;2021-06-12;F;14;0;1;2552;288075;13291;
1083;Syddanmark;2021-06-12;F;11;0;0;2552;288086;13291;
1084;Hovedstaden;2021-06-12;M;60;0;2;2552;288146;13293;
1082;Midtjylland;2021-06-12;M;19;0;0;2552;288165;13293;
1081;Nordjylland;2021-06-12;M;16;0;0;2552;288181;13293;
1085;Sjælland;2021-06-12;M;20;0;0;2552;288201;13293;
1083;Syddanmark;2021-06-12;M;13;0;1;2552;288214;13294;
1084;Hovedstaden;2021-06-13;F;46;1;5;2553;288260;13299;
1082;Midtjylland;2021-06-13;F;25;0;0;2553;288285;13299;
1081;Nordjylland;2021-06-13;F;17;0;0;2553;288302;13299;
1085;Sjælland;2021-06-13;F;9;0;0;2553;288311;13299;
1083;Syddanmark;2021-06-13;F;19;0;1;2553;288330;13300;
1084;Hovedstaden;2021-06-13;M;41;0;0;2553;288371;13300;
1082;Midtjylland;2021-06-13;M;25;0;0;2553;288396;13300;
1081;Nordjylland;2021-06-13;M;20;0;0;2553;288416;13300;
1085;Sjælland;2021-06-13;M;15;0;0;2553;288431;13300;
1083;Syddanmark;2021-06-13;M;12;0;0;2553;288443;13300;
1084;Hovedstaden;2021-06-14;F;66;0;2;2553;288509;13302;
1082;Midtjylland;2021-06-14;F;25;0;1;2553;288534;13303;
1081;Nordjylland;2021-06-14;F;30;0;0;2553;288564;13303;
1085;Sjælland;2021-06-14;F;19;0;0;2553;288583;13303;
1083;Syddanmark;2021-06-14;F;24;0;0;2553;288607;13303;
1084;Hovedstaden;2021-06-14;M;53;0;3;2553;288660;13306;
1082;Midtjylland;2021-06-14;M;35;0;1;2553;288695;13307;
1081;Nordjylland;2021-06-14;M;19;0;0;2553;288714;13307;
1085;Sjælland;2021-06-14;M;31;0;3;2553;288745;13310;
1083;Syddanmark;2021-06-14;M;9;0;0;2553;288754;13310;
1084;Hovedstaden;2021-06-15;F;57;0;1;2553;288811;13311;
1082;Midtjylland;2021-06-15;F;36;0;0;2553;288847;13311;
1081;Nordjylland;2021-06-15;F;23;0;0;2553;288870;13311;
1085;Sjælland;2021-06-15;F;11;0;0;2553;288881;13311;
1083;Syddanmark;2021-06-15;F;15;0;0;2553;288896;13311;
1084;Hovedstaden;2021-06-15;M;70;0;2;2553;288966;13313;
1082;Midtjylland;2021-06-15;M;26;0;0;2553;288992;13313;
1081;Nordjylland;2021-06-15;M;33;0;2;2553;289025;13315;
1085;Sjælland;2021-06-15;M;18;0;0;2553;289043;13315;
1083;Syddanmark;2021-06-15;M;19;0;0;2553;289062;13315;
1084;Hovedstaden;2021-06-16;F;66;0;3;2553;289128;13318;
1082;Midtjylland;2021-06-16;F;29;0;0;2553;289157;13318;
1081;Nordjylland;2021-06-16;F;11;0;0;2553;289168;13318;
1085;Sjælland;2021-06-16;F;23;0;0;2553;289191;13318;
1083;Syddanmark;2021-06-16;F;12;0;0;2553;289203;13318;
1084;Hovedstaden;2021-06-16;M;77;0;1;2553;289280;13319;
1082;Midtjylland;2021-06-16;M;31;0;1;2553;289311;13320;
1081;Nordjylland;2021-06-16;M;12;0;0;2553;289323;13320;
1085;Sjælland;2021-06-16;M;13;0;0;2553;289336;13320;
1083;Syddanmark;2021-06-16;M;13;0;0;2553;289349;13320;
1084;Hovedstaden;2021-06-17;F;49;0;0;2553;289398;13320;
1082;Midtjylland;2021-06-17;F;17;0;0;2553;289415;13320;
1081;Nordjylland;2021-06-17;F;19;0;1;2553;289434;13321;
1085;Sjælland;2021-06-17;F;16;0;3;2553;289450;13324;
1083;Syddanmark;2021-06-17;F;3;0;0;2553;289453;13324;
1084;Hovedstaden;2021-06-17;M;53;0;0;2553;289506;13324;
1082;Midtjylland;2021-06-17;M;20;0;0;2553;289526;13324;
1081;Nordjylland;2021-06-17;M;10;0;0;2553;289536;13324;
1085;Sjælland;2021-06-17;M;14;0;0;2553;289550;13324;
1083;Syddanmark;2021-06-17;M;12;0;1;2553;289562;13325;
1084;Hovedstaden;2021-06-18;F;46;0;0;2553;289608;13325;
1082;Midtjylland;2021-06-18;F;14;0;1;2553;289622;13326;
1081;Nordjylland;2021-06-18;F;14;0;0;2553;289636;13326;
1085;Sjælland;2021-06-18;F;9;0;0;2553;289645;13326;
1083;Syddanmark;2021-06-18;F;3;0;0;2553;289648;13326;
1084;Hovedstaden;2021-06-18;M;52;0;2;2553;289700;13328;
1082;Midtjylland;2021-06-18;M;29;0;0;2553;289729;13328;
1081;Nordjylland;2021-06-18;M;15;1;3;2554;289744;13331;
1085;Sjælland;2021-06-18;M;14;0;0;2554;289758;13331;
1083;Syddanmark;2021-06-18;M;7;0;0;2554;289765;13331;
1084;Hovedstaden;2021-06-19;F;39;0;1;2554;289804;13332;
1082;Midtjylland;2021-06-19;F;9;0;0;2554;289813;13332;
1081;Nordjylland;2021-06-19;F;10;1;2;2555;289823;13334;
1085;Sjælland;2021-06-19;F;12;0;0;2555;289835;13334;
1083;Syddanmark;2021-06-19;F;7;0;0;2555;289842;13334;
1084;Hovedstaden;2021-06-19;M;55;0;3;2555;289897;13337;
1082;Midtjylland;2021-06-19;M;12;0;0;2555;289909;13337;
1081;Nordjylland;2021-06-19;M;12;1;2;2556;289921;13339;
1085;Sjælland;2021-06-19;M;10;0;1;2556;289931;13340;
1083;Syddanmark;2021-06-19;M;7;0;0;2556;289938;13340;
1084;Hovedstaden;2021-06-20;F;42;0;2;2556;289980;13342;
1082;Midtjylland;2021-06-20;F;16;0;0;2556;289996;13342;
1081;Nordjylland;2021-06-20;F;9;0;0;2556;290005;13342;
1085;Sjælland;2021-06-20;F;6;0;2;2556;290011;13344;
1083;Syddanmark;2021-06-20;F;5;0;1;2556;290016;13345;
1084;Hovedstaden;2021-06-20;M;37;0;0;2556;290053;13345;
1082;Midtjylland;2021-06-20;M;23;0;2;2556;290076;13347;
1081;Nordjylland;2021-06-20;M;8;0;0;2556;290084;13347;
1085;Sjælland;2021-06-20;M;10;0;1;2556;290094;13348;
1083;Syddanmark;2021-06-20;M;5;0;0;2556;290099;13348;
1084;Hovedstaden;2021-06-21;F;45;0;2;2556;290144;13350;
1082;Midtjylland;2021-06-21;F;12;0;1;2556;290156;13351;
1081;Nordjylland;2021-06-21;F;5;0;1;2556;290161;13352;
1085;Sjælland;2021-06-21;F;4;0;0;2556;290165;13352;
1083;Syddanmark;2021-06-21;F;8;0;1;2556;290173;13353;
1084;Hovedstaden;2021-06-21;M;63;0;0;2556;290236;13353;
1082;Midtjylland;2021-06-21;M;17;0;0;2556;290253;13353;
1081;Nordjylland;2021-06-21;M;12;0;0;2556;290265;13353;
1085;Sjælland;2021-06-21;M;6;0;0;2556;290271;13353;
1083;Syddanmark;2021-06-21;M;17;0;0;2556;290288;13353;
1084;Hovedstaden;2021-06-22;F;47;0;0;2556;290335;13353;
1082;Midtjylland;2021-06-22;F;9;0;0;2556;290344;13353;
1081;Nordjylland;2021-06-22;F;10;0;0;2556;290354;13353;
1085;Sjælland;2021-06-22;F;4;0;1;2556;290358;13354;
1083;Syddanmark;2021-06-22;F;4;0;0;2556;290362;13354;
1084;Hovedstaden;2021-06-22;M;54;0;1;2556;290416;13355;
1082;Midtjylland;2021-06-22;M;12;0;0;2556;290428;13355;
1081;Nordjylland;2021-06-22;M;4;0;0;2556;290432;13355;
1085;Sjælland;2021-06-22;M;14;0;0;2556;290446;13355;
1083;Syddanmark;2021-06-22;M;17;0;0;2556;290463;13355;
1084;Hovedstaden;2021-06-23;F;49;0;1;2556;290512;13356;
1082;Midtjylland;2021-06-23;F;16;0;2;2556;290528;13358;
1081;Nordjylland;2021-06-23;F;21;0;0;2556;290549;13358;
1085;Sjælland;2021-06-23;F;6;0;0;2556;290555;13358;
1083;Syddanmark;2021-06-23;F;8;0;0;2556;290563;13358;
1084;Hovedstaden;2021-06-23;M;49;0;0;2556;290612;13358;
1082;Midtjylland;2021-06-23;M;21;0;0;2556;290633;13358;
1081;Nordjylland;2021-06-23;M;13;0;0;2556;290646;13358;
1085;Sjælland;2021-06-23;M;11;0;1;2556;290657;13359;
1083;Syddanmark;2021-06-23;M;12;0;1;2556;290669;13360;
1084;Hovedstaden;2021-06-24;F;53;0;1;2556;290722;13361;
1082;Midtjylland;2021-06-24;F;15;0;0;2556;290737;13361;
1081;Nordjylland;2021-06-24;F;8;0;0;2556;290745;13361;
1085;Sjælland;2021-06-24;F;8;0;1;2556;290753;13362;
1083;Syddanmark;2021-06-24;F;15;0;0;2556;290768;13362;
1084;Hovedstaden;2021-06-24;M;57;0;2;2556;290825;13364;
1082;Midtjylland;2021-06-24;M;27;0;0;2556;290852;13364;
1081;Nordjylland;2021-06-24;M;13;0;0;2556;290865;13364;
1085;Sjælland;2021-06-24;M;4;0;0;2556;290869;13364;
1083;Syddanmark;2021-06-24;M;13;0;1;2556;290882;13365;
1084;Hovedstaden;2021-06-25;F;40;0;0;2556;290922;13365;
1082;Midtjylland;2021-06-25;F;13;0;0;2556;290935;13365;
1081;Nordjylland;2021-06-25;F;6;0;0;2556;290941;13365;
1085;Sjælland;2021-06-25;F;10;0;1;2556;290951;13366;
1083;Syddanmark;2021-06-25;F;7;0;0;2556;290958;13366;
1084;Hovedstaden;2021-06-25;M;58;0;4;2556;291016;13370;
1082;Midtjylland;2021-06-25;M;23;0;0;2556;291039;13370;
1081;Nordjylland;2021-06-25;M;14;0;0;2556;291053;13370;
1085;Sjælland;2021-06-25;M;9;0;0;2556;291062;13370;
1083;Syddanmark;2021-06-25;M;11;0;0;2556;291073;13370;
1084;Hovedstaden;2021-06-26;F;44;0;3;2556;291117;13373;
1082;Midtjylland;2021-06-26;F;9;0;1;2556;291126;13374;
1081;Nordjylland;2021-06-26;F;5;0;0;2556;291131;13374;
1085;Sjælland;2021-06-26;F;2;0;0;2556;291133;13374;
1083;Syddanmark;2021-06-26;F;4;0;0;2556;291137;13374;
1084;Hovedstaden;2021-06-26;M;49;0;2;2556;291186;13376;
1082;Midtjylland;2021-06-26;M;7;0;0;2556;291193;13376;
1081;Nordjylland;2021-06-26;M;8;0;0;2556;291201;13376;
1085;Sjælland;2021-06-26;M;5;0;0;2556;291206;13376;
1083;Syddanmark;2021-06-26;M;11;0;0;2556;291217;13376;
1084;Hovedstaden;2021-06-27;F;65;0;1;2556;291282;13377;
1082;Midtjylland;2021-06-27;F;8;0;0;2556;291290;13377;
1081;Nordjylland;2021-06-27;F;8;0;0;2556;291298;13377;
1085;Sjælland;2021-06-27;F;3;0;0;2556;291301;13377;
1083;Syddanmark;2021-06-27;F;10;0;0;2556;291311;13377;
1084;Hovedstaden;2021-06-27;M;52;1;1;2557;291363;13378;
1082;Midtjylland;2021-06-27;M;11;0;1;2557;291374;13379;
1081;Nordjylland;2021-06-27;M;13;0;0;2557;291387;13379;
1085;Sjælland;2021-06-27;M;8;0;0;2557;291395;13379;
1083;Syddanmark;2021-06-27;M;8;0;0;2557;291403;13379;
1084;Hovedstaden;2021-06-28;F;86;0;0;2557;291489;13379;
1082;Midtjylland;2021-06-28;F;20;0;0;2557;291509;13379;
1081;Nordjylland;2021-06-28;F;17;0;0;2557;291526;13379;
1085;Sjælland;2021-06-28;F;6;0;1;2557;291532;13380;
1083;Syddanmark;2021-06-28;F;9;0;0;2557;291541;13380;
1084;Hovedstaden;2021-06-28;M;85;0;2;2557;291626;13382;
1082;Midtjylland;2021-06-28;M;21;0;0;2557;291647;13382;
1081;Nordjylland;2021-06-28;M;21;0;0;2557;291668;13382;
1085;Sjælland;2021-06-28;M;15;0;0;2557;291683;13382;
1083;Syddanmark;2021-06-28;M;9;0;0;2557;291692;13382;
1084;Hovedstaden;2021-06-29;F;118;0;0;2557;291810;13382;
1082;Midtjylland;2021-06-29;F;19;0;0;2557;291829;13382;
1081;Nordjylland;2021-06-29;F;22;0;0;2557;291851;13382;
1085;Sjælland;2021-06-29;F;25;0;0;2557;291876;13382;
1083;Syddanmark;2021-06-29;F;14;0;0;2557;291890;13382;
1084;Hovedstaden;2021-06-29;M;133;0;2;2557;292023;13384;
1082;Midtjylland;2021-06-29;M;18;0;1;2557;292041;13385;
1081;Nordjylland;2021-06-29;M;22;0;0;2557;292063;13385;
1085;Sjælland;2021-06-29;M;21;0;2;2557;292084;13387;
1083;Syddanmark;2021-06-29;M;6;0;0;2557;292090;13387;
1084;Hovedstaden;2021-06-30;F;130;0;0;2557;292220;13387;
1082;Midtjylland;2021-06-30;F;30;0;1;2557;292250;13388;
1081;Nordjylland;2021-06-30;F;11;0;0;2557;292261;13388;
1085;Sjælland;2021-06-30;F;19;0;0;2557;292280;13388;
1083;Syddanmark;2021-06-30;F;15;0;0;2557;292295;13388;
1084;Hovedstaden;2021-06-30;M;182;0;4;2557;292477;13392;
1082;Midtjylland;2021-06-30;M;28;0;2;2557;292505;13394;
1081;Nordjylland;2021-06-30;M;20;0;0;2557;292525;13394;
1085;Sjælland;2021-06-30;M;28;0;0;2557;292553;13394;
1083;Syddanmark;2021-06-30;M;17;0;1;2557;292570;13395;
1084;Hovedstaden;2021-07-01;F;87;0;0;2557;292657;13395;
1082;Midtjylland;2021-07-01;F;28;0;1;2557;292685;13396;
1081;Nordjylland;2021-07-01;F;11;0;2;2557;292696;13398;
1085;Sjælland;2021-07-01;F;30;0;4;2557;292726;13402;
1083;Syddanmark;2021-07-01;F;16;0;0;2557;292742;13402;
1084;Hovedstaden;2021-07-01;M;123;0;2;2557;292865;13404;
1082;Midtjylland;2021-07-01;M;17;0;0;2557;292882;13404;
1081;Nordjylland;2021-07-01;M;16;0;0;2557;292898;13404;
1085;Sjælland;2021-07-01;M;34;0;1;2557;292932;13405;
1083;Syddanmark;2021-07-01;M;25;0;0;2557;292957;13405;
1084;Hovedstaden;2021-07-02;F;89;0;1;2557;293046;13406;
1082;Midtjylland;2021-07-02;F;26;1;1;2558;293072;13407;
1081;Nordjylland;2021-07-02;F;10;0;0;2558;293082;13407;
1085;Sjælland;2021-07-02;F;12;0;0;2558;293094;13407;
1083;Syddanmark;2021-07-02;F;14;0;0;2558;293108;13407;
1084;Hovedstaden;2021-07-02;M;135;0;2;2558;293243;13409;
1082;Midtjylland;2021-07-02;M;27;0;0;2558;293270;13409;
1081;Nordjylland;2021-07-02;M;16;0;0;2558;293286;13409;
1085;Sjælland;2021-07-02;M;26;0;1;2558;293312;13410;
1083;Syddanmark;2021-07-02;M;18;0;0;2558;293330;13410;
1084;Hovedstaden;2021-07-03;F;83;0;0;2558;293413;13410;
1082;Midtjylland;2021-07-03;F;24;0;0;2558;293437;13410;
1081;Nordjylland;2021-07-03;F;9;0;0;2558;293446;13410;
1085;Sjælland;2021-07-03;F;20;0;2;2558;293466;13412;
1083;Syddanmark;2021-07-03;F;11;0;0;2558;293477;13412;
1084;Hovedstaden;2021-07-03;M;103;1;2;2559;293580;13414;
1082;Midtjylland;2021-07-03;M;30;0;1;2559;293610;13415;
1081;Nordjylland;2021-07-03;M;28;0;0;2559;293638;13415;
1085;Sjælland;2021-07-03;M;26;0;0;2559;293664;13415;
1083;Syddanmark;2021-07-03;M;21;0;0;2559;293685;13415;
1084;Hovedstaden;2021-07-04;F;103;0;0;2559;293788;13415;
1082;Midtjylland;2021-07-04;F;29;0;0;2559;293817;13415;
1081;Nordjylland;2021-07-04;F;13;0;0;2559;293830;13415;
1085;Sjælland;2021-07-04;F;15;0;0;2559;293845;13415;
1083;Syddanmark;2021-07-04;F;23;0;0;2559;293868;13415;
1084;Hovedstaden;2021-07-04;M;125;0;1;2559;293993;13416;
1082;Midtjylland;2021-07-04;M;35;1;2;2560;294028;13418;
1081;Nordjylland;2021-07-04;M;15;0;0;2560;294043;13418;
1085;Sjælland;2021-07-04;M;25;0;1;2560;294068;13419;
1083;Syddanmark;2021-07-04;M;22;0;0;2560;294090;13419;
1084;Hovedstaden;2021-07-05;F;159;1;2;2561;294249;13421;
1082;Midtjylland;2021-07-05;F;68;0;0;2561;294317;13421;
1081;Nordjylland;2021-07-05;F;18;0;0;2561;294335;13421;
1085;Sjælland;2021-07-05;F;27;0;0;2561;294362;13421;
1083;Syddanmark;2021-07-05;F;51;0;1;2561;294413;13422;
1084;Hovedstaden;2021-07-05;M;153;0;2;2561;294566;13424;
1082;Midtjylland;2021-07-05;M;83;0;1;2561;294649;13425;
1081;Nordjylland;2021-07-05;M;28;0;0;2561;294677;13425;
1085;Sjælland;2021-07-05;M;31;0;0;2561;294708;13425;
1083;Syddanmark;2021-07-05;M;59;0;1;2561;294767;13426;
1084;Hovedstaden;2021-07-06;F;169;0;4;2561;294936;13430;
1082;Midtjylland;2021-07-06;F;60;0;2;2561;294996;13432;
1081;Nordjylland;2021-07-06;F;16;0;0;2561;295012;13432;
1085;Sjælland;2021-07-06;F;31;0;1;2561;295043;13433;
1083;Syddanmark;2021-07-06;F;47;0;0;2561;295090;13433;
1084;Hovedstaden;2021-07-06;M;183;0;3;2561;295273;13436;
1082;Midtjylland;2021-07-06;M;56;0;0;2561;295329;13436;
1081;Nordjylland;2021-07-06;M;18;0;0;2561;295347;13436;
1085;Sjælland;2021-07-06;M;20;0;0;2561;295367;13436;
1083;Syddanmark;2021-07-06;M;60;0;1;2561;295427;13437;
1084;Hovedstaden;2021-07-07;F;132;0;1;2561;295559;13438;
1082;Midtjylland;2021-07-07;F;66;0;0;2561;295625;13438;
1081;Nordjylland;2021-07-07;F;22;0;1;2561;295647;13439;
1085;Sjælland;2021-07-07;F;25;0;0;2561;295672;13439;
1083;Syddanmark;2021-07-07;F;38;0;0;2561;295710;13439;
1084;Hovedstaden;2021-07-07;M;167;0;1;2561;295877;13440;
1082;Midtjylland;2021-07-07;M;77;0;1;2561;295954;13441;
1081;Nordjylland;2021-07-07;M;14;0;0;2561;295968;13441;
1085;Sjælland;2021-07-07;M;32;0;2;2561;296000;13443;
1083;Syddanmark;2021-07-07;M;45;0;0;2561;296045;13443;
1084;Hovedstaden;2021-07-08;F;131;0;2;2561;296176;13445;
1082;Midtjylland;2021-07-08;F;59;0;1;2561;296235;13446;
1081;Nordjylland;2021-07-08;F;16;0;0;2561;296251;13446;
1085;Sjælland;2021-07-08;F;24;0;0;2561;296275;13446;
1083;Syddanmark;2021-07-08;F;26;0;2;2561;296301;13448;
1084;Hovedstaden;2021-07-08;M;144;0;2;2561;296445;13450;
1082;Midtjylland;2021-07-08;M;61;0;0;2561;296506;13450;
1081;Nordjylland;2021-07-08;M;19;0;1;2561;296525;13451;
1085;Sjælland;2021-07-08;M;29;0;0;2561;296554;13451;
1083;Syddanmark;2021-07-08;M;34;0;0;2561;296588;13451;
1084;Hovedstaden;2021-07-09;F;137;0;1;2561;296725;13452;
1082;Midtjylland;2021-07-09;F;65;0;0;2561;296790;13452;
1081;Nordjylland;2021-07-09;F;9;0;0;2561;296799;13452;
1085;Sjælland;2021-07-09;F;14;0;1;2561;296813;13453;
1083;Syddanmark;2021-07-09;F;26;0;1;2561;296839;13454;
1084;Hovedstaden;2021-07-09;M;167;0;0;2561;297006;13454;
1082;Midtjylland;2021-07-09;M;63;0;0;2561;297069;13454;
1081;Nordjylland;2021-07-09;M;18;0;0;2561;297087;13454;
1085;Sjælland;2021-07-09;M;34;0;0;2561;297121;13454;
1083;Syddanmark;2021-07-09;M;34;0;0;2561;297155;13454;
1084;Hovedstaden;2021-07-10;F;167;0;1;2561;297322;13455;
1082;Midtjylland;2021-07-10;F;64;0;0;2561;297386;13455;
1081;Nordjylland;2021-07-10;F;13;0;0;2561;297399;13455;
1085;Sjælland;2021-07-10;F;26;0;0;2561;297425;13455;
1083;Syddanmark;2021-07-10;F;44;0;0;2561;297469;13455;
1084;Hovedstaden;2021-07-10;M;186;0;2;2561;297655;13457;
1082;Midtjylland;2021-07-10;M;65;0;0;2561;297720;13457;
1081;Nordjylland;2021-07-10;M;20;0;0;2561;297740;13457;
1085;Sjælland;2021-07-10;M;36;0;0;2561;297776;13457;
1083;Syddanmark;2021-07-10;M;34;0;0;2561;297810;13457;
1084;Hovedstaden;2021-07-11;F;193;0;5;2561;298003;13462;
1082;Midtjylland;2021-07-11;F;84;0;3;2561;298087;13465;
1081;Nordjylland;2021-07-11;F;12;0;0;2561;298099;13465;
1085;Sjælland;2021-07-11;F;31;0;0;2561;298130;13465;
1083;Syddanmark;2021-07-11;F;55;0;1;2561;298185;13466;
1084;Hovedstaden;2021-07-11;M;291;0;2;2561;298476;13468;
1082;Midtjylland;2021-07-11;M;126;0;2;2561;298602;13470;
1081;Nordjylland;2021-07-11;M;29;0;0;2561;298631;13470;
1085;Sjælland;2021-07-11;M;32;0;0;2561;298663;13470;
1083;Syddanmark;2021-07-11;M;70;0;1;2561;298733;13471;
1084;Hovedstaden;2021-07-12;F;272;0;1;2561;299005;13472;
1082;Midtjylland;2021-07-12;F;111;0;1;2561;299116;13473;
1081;Nordjylland;2021-07-12;F;22;0;0;2561;299138;13473;
1085;Sjælland;2021-07-12;F;39;0;1;2561;299177;13474;
1083;Syddanmark;2021-07-12;F;54;1;1;2562;299231;13475;
1084;Hovedstaden;2021-07-12;M;305;0;2;2562;299536;13477;
1082;Midtjylland;2021-07-12;M;153;0;2;2562;299689;13479;
1081;Nordjylland;2021-07-12;M;23;0;1;2562;299712;13480;
1085;Sjælland;2021-07-12;M;45;0;1;2562;299757;13481;
1083;Syddanmark;2021-07-12;M;88;1;4;2563;299845;13485;
1084;Hovedstaden;2021-07-13;F;296;0;0;2563;300141;13485;
1082;Midtjylland;2021-07-13;F;121;1;2;2564;300262;13487;
1081;Nordjylland;2021-07-13;F;22;0;0;2564;300284;13487;
1085;Sjælland;2021-07-13;F;40;0;1;2564;300324;13488;
1083;Syddanmark;2021-07-13;F;59;0;2;2564;300383;13490;
1084;Hovedstaden;2021-07-13;M;344;0;3;2564;300727;13493;
1082;Midtjylland;2021-07-13;M;149;0;0;2564;300876;13493;
1081;Nordjylland;2021-07-13;M;30;0;0;2564;300906;13493;
1085;Sjælland;2021-07-13;M;56;0;1;2564;300962;13494;
1083;Syddanmark;2021-07-13;M;100;0;2;2564;301062;13496;
1084;Hovedstaden;2021-07-14;F;281;0;3;2564;301343;13499;
1082;Midtjylland;2021-07-14;F;140;0;1;2564;301483;13500;
1081;Nordjylland;2021-07-14;F;20;0;0;2564;301503;13500;
1085;Sjælland;2021-07-14;F;50;0;3;2564;301553;13503;
1083;Syddanmark;2021-07-14;F;50;0;1;2564;301603;13504;
1084;Hovedstaden;2021-07-14;M;331;0;2;2564;301934;13506;
1082;Midtjylland;2021-07-14;M;158;0;1;2564;302092;13507;
1081;Nordjylland;2021-07-14;M;25;0;1;2564;302117;13508;
1085;Sjælland;2021-07-14;M;53;0;1;2564;302170;13509;
1083;Syddanmark;2021-07-14;M;80;0;1;2564;302250;13510;
1084;Hovedstaden;2021-07-15;F;261;0;1;2564;302511;13511;
1082;Midtjylland;2021-07-15;F;101;0;2;2564;302612;13513;
1081;Nordjylland;2021-07-15;F;27;0;0;2564;302639;13513;
1085;Sjælland;2021-07-15;F;37;0;0;2564;302676;13513;
1083;Syddanmark;2021-07-15;F;55;0;1;2564;302731;13514;
1084;Hovedstaden;2021-07-15;M;295;0;4;2564;303026;13518;
1082;Midtjylland;2021-07-15;M;137;0;2;2564;303163;13520;
1081;Nordjylland;2021-07-15;M;19;0;0;2564;303182;13520;
1085;Sjælland;2021-07-15;M;40;0;2;2564;303222;13522;
1083;Syddanmark;2021-07-15;M;65;1;0;2565;303287;13522;
1084;Hovedstaden;2021-07-16;F;174;0;1;2565;303461;13523;
1082;Midtjylland;2021-07-16;F;97;0;1;2565;303558;13524;
1081;Nordjylland;2021-07-16;F;12;0;0;2565;303570;13524;
1085;Sjælland;2021-07-16;F;38;0;1;2565;303608;13525;
1083;Syddanmark;2021-07-16;F;47;0;1;2565;303655;13526;
1084;Hovedstaden;2021-07-16;M;231;1;3;2566;303886;13529;
1082;Midtjylland;2021-07-16;M;101;0;1;2566;303987;13530;
1081;Nordjylland;2021-07-16;M;21;0;0;2566;304008;13530;
1085;Sjælland;2021-07-16;M;43;0;0;2566;304051;13530;
1083;Syddanmark;2021-07-16;M;44;0;0;2566;304095;13530;
1084;Hovedstaden;2021-07-17;F;182;0;2;2566;304277;13532;
1082;Midtjylland;2021-07-17;F;90;1;2;2567;304367;13534;
1081;Nordjylland;2021-07-17;F;15;0;0;2567;304382;13534;
1085;Sjælland;2021-07-17;F;31;0;2;2567;304413;13536;
1083;Syddanmark;2021-07-17;F;47;0;0;2567;304460;13536;
1084;Hovedstaden;2021-07-17;M;205;0;2;2567;304665;13538;
1082;Midtjylland;2021-07-17;M;82;0;0;2567;304747;13538;
1081;Nordjylland;2021-07-17;M;28;0;0;2567;304775;13538;
1085;Sjælland;2021-07-17;M;43;0;1;2567;304818;13539;
1083;Syddanmark;2021-07-17;M;55;0;0;2567;304873;13539;
1084;Hovedstaden;2021-07-18;F;158;0;0;2567;305031;13539;
1082;Midtjylland;2021-07-18;F;78;0;0;2567;305109;13539;
1081;Nordjylland;2021-07-18;F;15;0;0;2567;305124;13539;
1085;Sjælland;2021-07-18;F;33;0;0;2567;305157;13539;
1083;Syddanmark;2021-07-18;F;51;0;1;2567;305208;13540;
1084;Hovedstaden;2021-07-18;M;168;0;2;2567;305376;13542;
1082;Midtjylland;2021-07-18;M;84;0;0;2567;305460;13542;
1081;Nordjylland;2021-07-18;M;24;0;0;2567;305484;13542;
1085;Sjælland;2021-07-18;M;58;1;1;2568;305542;13543;
1083;Syddanmark;2021-07-18;M;52;0;1;2568;305594;13544;
1084;Hovedstaden;2021-07-19;F;183;0;1;2568;305777;13545;
1082;Midtjylland;2021-07-19;F;114;0;2;2568;305891;13547;
1081;Nordjylland;2021-07-19;F;29;0;0;2568;305920;13547;
1085;Sjælland;2021-07-19;F;39;0;2;2568;305959;13549;
1083;Syddanmark;2021-07-19;F;48;0;2;2568;306007;13551;
1084;Hovedstaden;2021-07-19;M;206;1;3;2569;306213;13554;
1082;Midtjylland;2021-07-19;M;123;0;1;2569;306336;13555;
1081;Nordjylland;2021-07-19;M;31;0;0;2569;306367;13555;
1085;Sjælland;2021-07-19;M;34;0;1;2569;306401;13556;
1083;Syddanmark;2021-07-19;M;46;0;1;2569;306447;13557;
1084;Hovedstaden;2021-07-20;F;184;0;3;2569;306631;13560;
1082;Midtjylland;2021-07-20;F;78;0;1;2569;306709;13561;
1081;Nordjylland;2021-07-20;F;18;0;0;2569;306727;13561;
1085;Sjælland;2021-07-20;F;24;0;0;2569;306751;13561;
1083;Syddanmark;2021-07-20;F;56;0;2;2569;306807;13563;
1084;Hovedstaden;2021-07-20;M;210;0;1;2569;307017;13564;
1082;Midtjylland;2021-07-20;M;119;0;2;2569;307136;13566;
1081;Nordjylland;2021-07-20;M;17;0;0;2569;307153;13566;
1085;Sjælland;2021-07-20;M;37;0;0;2569;307190;13566;
1083;Syddanmark;2021-07-20;M;66;0;0;2569;307256;13566;
1084;Hovedstaden;2021-07-21;F;199;0;2;2569;307455;13568;
1082;Midtjylland;2021-07-21;F;81;0;0;2569;307536;13568;
1081;Nordjylland;2021-07-21;F;28;0;0;2569;307564;13568;
1085;Sjælland;2021-07-21;F;32;0;0;2569;307596;13568;
1083;Syddanmark;2021-07-21;F;42;0;0;2569;307638;13568;
1084;Hovedstaden;2021-07-21;M;173;1;1;2570;307811;13569;
1082;Midtjylland;2021-07-21;M;119;0;3;2570;307930;13572;
1081;Nordjylland;2021-07-21;M;32;0;0;2570;307962;13572;
1085;Sjælland;2021-07-21;M;35;0;1;2570;307997;13573;
1083;Syddanmark;2021-07-21;M;59;0;0;2570;308056;13573;
1084;Hovedstaden;2021-07-22;F;129;0;0;2570;308185;13573;
1082;Midtjylland;2021-07-22;F;91;0;1;2570;308276;13574;
1081;Nordjylland;2021-07-22;F;28;0;0;2570;308304;13574;
1085;Sjælland;2021-07-22;F;35;0;0;2570;308339;13574;
1083;Syddanmark;2021-07-22;F;47;0;0;2570;308386;13574;
1084;Hovedstaden;2021-07-22;M;169;0;2;2570;308555;13576;
1082;Midtjylland;2021-07-22;M;91;0;3;2570;308646;13579;
1081;Nordjylland;2021-07-22;M;22;0;1;2570;308668;13580;
1085;Sjælland;2021-07-22;M;34;0;1;2570;308702;13581;
1083;Syddanmark;2021-07-22;M;54;0;2;2570;308756;13583;
1084;Hovedstaden;2021-07-23;F;140;1;3;2571;308896;13586;
1082;Midtjylland;2021-07-23;F;94;0;3;2571;308990;13589;
1081;Nordjylland;2021-07-23;F;19;0;0;2571;309009;13589;
1085;Sjælland;2021-07-23;F;30;0;0;2571;309039;13589;
1083;Syddanmark;2021-07-23;F;52;0;0;2571;309091;13589;
1084;Hovedstaden;2021-07-23;M;161;2;4;2573;309252;13593;
1082;Midtjylland;2021-07-23;M;102;0;0;2573;309354;13593;
1081;Nordjylland;2021-07-23;M;27;0;1;2573;309381;13594;
1085;Sjælland;2021-07-23;M;34;1;1;2574;309415;13595;
1083;Syddanmark;2021-07-23;M;73;0;0;2574;309488;13595;
1084;Hovedstaden;2021-07-24;F;136;0;3;2574;309624;13598;
1082;Midtjylland;2021-07-24;F;81;0;1;2574;309705;13599;
1081;Nordjylland;2021-07-24;F;27;0;0;2574;309732;13599;
1085;Sjælland;2021-07-24;F;27;0;1;2574;309759;13600;
1083;Syddanmark;2021-07-24;F;28;0;0;2574;309787;13600;
1084;Hovedstaden;2021-07-24;M;132;0;0;2574;309919;13600;
1082;Midtjylland;2021-07-24;M;103;0;1;2574;310022;13601;
1081;Nordjylland;2021-07-24;M;31;0;0;2574;310053;13601;
1085;Sjælland;2021-07-24;M;22;0;0;2574;310075;13601;
1083;Syddanmark;2021-07-24;M;48;0;0;2574;310123;13601;
1084;Hovedstaden;2021-07-25;F;145;0;4;2574;310268;13605;
1082;Midtjylland;2021-07-25;F;93;0;0;2574;310361;13605;
1081;Nordjylland;2021-07-25;F;23;0;0;2574;310384;13605;
1085;Sjælland;2021-07-25;F;26;0;0;2574;310410;13605;
1083;Syddanmark;2021-07-25;F;59;0;2;2574;310469;13607;
1084;Hovedstaden;2021-07-25;M;203;0;3;2574;310672;13610;
1082;Midtjylland;2021-07-25;M;107;1;1;2575;310779;13611;
1081;Nordjylland;2021-07-25;M;32;0;0;2575;310811;13611;
1085;Sjælland;2021-07-25;M;27;0;0;2575;310838;13611;
1083;Syddanmark;2021-07-25;M;56;0;0;2575;310894;13611;
1084;Hovedstaden;2021-07-26;F;193;0;1;2575;311087;13612;
1082;Midtjylland;2021-07-26;F;126;0;0;2575;311213;13612;
1081;Nordjylland;2021-07-26;F;46;0;0;2575;311259;13612;
1085;Sjælland;2021-07-26;F;51;0;0;2575;311310;13612;
1083;Syddanmark;2021-07-26;F;70;0;5;2575;311380;13617;
1084;Hovedstaden;2021-07-26;M;213;0;0;2575;311593;13617;
1082;Midtjylland;2021-07-26;M;150;0;2;2575;311743;13619;
1081;Nordjylland;2021-07-26;M;62;0;0;2575;311805;13619;
1085;Sjælland;2021-07-26;M;39;0;1;2575;311844;13620;
1083;Syddanmark;2021-07-26;M;79;0;0;2575;311923;13620;
1084;Hovedstaden;2021-07-27;F;206;0;3;2575;312129;13623;
1082;Midtjylland;2021-07-27;F;119;1;0;2576;312248;13623;
1081;Nordjylland;2021-07-27;F;59;0;0;2576;312307;13623;
1085;Sjælland;2021-07-27;F;31;0;0;2576;312338;13623;
1083;Syddanmark;2021-07-27;F;55;0;0;2576;312393;13623;
1084;Hovedstaden;2021-07-27;M;192;0;2;2576;312585;13625;
1082;Midtjylland;2021-07-27;M;134;1;1;2577;312719;13626;
1081;Nordjylland;2021-07-27;M;66;0;0;2577;312785;13626;
1085;Sjælland;2021-07-27;M;40;0;2;2577;312825;13628;
1083;Syddanmark;2021-07-27;M;62;0;2;2577;312887;13630;
1084;Hovedstaden;2021-07-28;F;189;0;5;2577;313076;13635;
1082;Midtjylland;2021-07-28;F;107;0;1;2577;313183;13636;
1081;Nordjylland;2021-07-28;F;81;0;0;2577;313264;13636;
1085;Sjælland;2021-07-28;F;33;0;1;2577;313297;13637;
1083;Syddanmark;2021-07-28;F;62;0;0;2577;313359;13637;
1084;Hovedstaden;2021-07-28;M;193;0;5;2577;313552;13642;
1082;Midtjylland;2021-07-28;M;109;0;0;2577;313661;13642;
1081;Nordjylland;2021-07-28;M;80;0;0;2577;313741;13642;
1085;Sjælland;2021-07-28;M;36;0;0;2577;313777;13642;
1083;Syddanmark;2021-07-28;M;94;1;2;2578;313871;13644;
1084;Hovedstaden;2021-07-29;F;161;0;2;2578;314032;13646;
1082;Midtjylland;2021-07-29;F;103;0;2;2578;314135;13648;
1081;Nordjylland;2021-07-29;F;55;0;2;2578;314190;13650;
1085;Sjælland;2021-07-29;F;25;0;0;2578;314215;13650;
1083;Syddanmark;2021-07-29;F;75;0;1;2578;314290;13651;
1084;Hovedstaden;2021-07-29;M;154;0;4;2578;314444;13655;
1082;Midtjylland;2021-07-29;M;122;0;0;2578;314566;13655;
1081;Nordjylland;2021-07-29;M;72;0;0;2578;314638;13655;
1085;Sjælland;2021-07-29;M;36;0;1;2578;314674;13656;
1083;Syddanmark;2021-07-29;M;84;0;1;2578;314758;13657;
1084;Hovedstaden;2021-07-30;F;169;0;0;2578;314927;13657;
1082;Midtjylland;2021-07-30;F;92;0;2;2578;315019;13659;
1081;Nordjylland;2021-07-30;F;41;0;0;2578;315060;13659;
1085;Sjælland;2021-07-30;F;39;0;0;2578;315099;13659;
1083;Syddanmark;2021-07-30;F;57;1;0;2579;315156;13659;
1084;Hovedstaden;2021-07-30;M;177;1;7;2580;315333;13666;
1082;Midtjylland;2021-07-30;M;120;0;0;2580;315453;13666;
1081;Nordjylland;2021-07-30;M;48;0;1;2580;315501;13667;
1085;Sjælland;2021-07-30;M;39;0;1;2580;315540;13668;
1083;Syddanmark;2021-07-30;M;65;0;1;2580;315605;13669;
1084;Hovedstaden;2021-07-31;F;155;0;1;2580;315760;13670;
1082;Midtjylland;2021-07-31;F;89;0;1;2580;315849;13671;
1081;Nordjylland;2021-07-31;F;44;0;0;2580;315893;13671;
1085;Sjælland;2021-07-31;F;30;0;0;2580;315923;13671;
1083;Syddanmark;2021-07-31;F;57;0;2;2580;315980;13673;
1084;Hovedstaden;2021-07-31;M;135;0;1;2580;316115;13674;
1082;Midtjylland;2021-07-31;M;91;0;1;2580;316206;13675;
1081;Nordjylland;2021-07-31;M;71;0;0;2580;316277;13675;
1085;Sjælland;2021-07-31;M;25;0;1;2580;316302;13676;
1083;Syddanmark;2021-07-31;M;52;0;1;2580;316354;13677;
1084;Hovedstaden;2021-08-01;F;155;0;3;2580;316509;13680;
1082;Midtjylland;2021-08-01;F;86;0;1;2580;316595;13681;
1081;Nordjylland;2021-08-01;F;67;0;0;2580;316662;13681;
1085;Sjælland;2021-08-01;F;51;1;4;2581;316713;13685;
1083;Syddanmark;2021-08-01;F;57;0;2;2581;316770;13687;
1084;Hovedstaden;2021-08-01;M;180;0;1;2581;316950;13688;
1082;Midtjylland;2021-08-01;M;95;0;2;2581;317045;13690;
1081;Nordjylland;2021-08-01;M;48;0;0;2581;317093;13690;
1085;Sjælland;2021-08-01;M;26;0;0;2581;317119;13690;
1083;Syddanmark;2021-08-01;M;71;0;3;2581;317190;13693;
1084;Hovedstaden;2021-08-02;F;165;0;3;2581;317355;13696;
1082;Midtjylland;2021-08-02;F;108;0;2;2581;317463;13698;
1081;Nordjylland;2021-08-02;F;55;0;0;2581;317518;13698;
1085;Sjælland;2021-08-02;F;36;0;0;2581;317554;13698;
1083;Syddanmark;2021-08-02;F;69;0;2;2581;317623;13700;
1084;Hovedstaden;2021-08-02;M;174;0;3;2581;317797;13703;
1082;Midtjylland;2021-08-02;M;121;0;0;2581;317918;13703;
1081;Nordjylland;2021-08-02;M;59;0;0;2581;317977;13703;
1085;Sjælland;2021-08-02;M;42;1;2;2582;318019;13705;
1083;Syddanmark;2021-08-02;M;79;0;2;2582;318098;13707;
1084;Hovedstaden;2021-08-03;F;151;0;3;2582;318249;13710;
1082;Midtjylland;2021-08-03;F;116;0;3;2582;318365;13713;
1081;Nordjylland;2021-08-03;F;38;0;0;2582;318403;13713;
1085;Sjælland;2021-08-03;F;48;0;1;2582;318451;13714;
1083;Syddanmark;2021-08-03;F;69;0;1;2582;318520;13715;
1084;Hovedstaden;2021-08-03;M;155;0;3;2582;318675;13718;
1082;Midtjylland;2021-08-03;M;129;0;2;2582;318804;13720;
1081;Nordjylland;2021-08-03;M;51;0;0;2582;318855;13720;
1085;Sjælland;2021-08-03;M;45;0;0;2582;318900;13720;
1083;Syddanmark;2021-08-03;M;83;0;4;2582;318983;13724;
1084;Hovedstaden;2021-08-04;F;183;0;5;2582;319166;13729;
1082;Midtjylland;2021-08-04;F;95;0;2;2582;319261;13731;
1081;Nordjylland;2021-08-04;F;52;0;0;2582;319313;13731;
1085;Sjælland;2021-08-04;F;30;1;1;2583;319343;13732;
1083;Syddanmark;2021-08-04;F;82;0;0;2583;319425;13732;
1084;Hovedstaden;2021-08-04;M;167;0;3;2583;319592;13735;
1082;Midtjylland;2021-08-04;M;120;0;2;2583;319712;13737;
1081;Nordjylland;2021-08-04;M;61;0;0;2583;319773;13737;
1085;Sjælland;2021-08-04;M;39;0;0;2583;319812;13737;
1083;Syddanmark;2021-08-04;M;90;0;3;2583;319902;13740;
1084;Hovedstaden;2021-08-05;F;173;0;4;2583;320075;13744;
1082;Midtjylland;2021-08-05;F;98;0;1;2583;320173;13745;
1081;Nordjylland;2021-08-05;F;60;0;1;2583;320233;13746;
1085;Sjælland;2021-08-05;F;33;1;1;2584;320266;13747;
1083;Syddanmark;2021-08-05;F;80;0;2;2584;320346;13749;
1084;Hovedstaden;2021-08-05;M;184;1;2;2585;320530;13751;
1082;Midtjylland;2021-08-05;M;102;0;0;2585;320632;13751;
1081;Nordjylland;2021-08-05;M;62;0;1;2585;320694;13752;
1085;Sjælland;2021-08-05;M;40;0;1;2585;320734;13753;
1083;Syddanmark;2021-08-05;M;97;0;3;2585;320831;13756;
1084;Hovedstaden;2021-08-06;F;184;0;2;2585;321015;13758;
1082;Midtjylland;2021-08-06;F;95;0;1;2585;321110;13759;
1081;Nordjylland;2021-08-06;F;46;0;0;2585;321156;13759;
1085;Sjælland;2021-08-06;F;47;0;2;2585;321203;13761;
1083;Syddanmark;2021-08-06;F;68;0;2;2585;321271;13763;
1084;Hovedstaden;2021-08-06;M;187;0;2;2585;321458;13765;
1082;Midtjylland;2021-08-06;M;110;0;1;2585;321568;13766;
1081;Nordjylland;2021-08-06;M;66;0;1;2585;321634;13767;
1085;Sjælland;2021-08-06;M;40;0;1;2585;321674;13768;
1083;Syddanmark;2021-08-06;M;71;0;1;2585;321745;13769;
1084;Hovedstaden;2021-08-07;F;206;0;5;2585;321951;13774;
1082;Midtjylland;2021-08-07;F;98;0;1;2585;322049;13775;
1081;Nordjylland;2021-08-07;F;52;0;0;2585;322101;13775;
1085;Sjælland;2021-08-07;F;36;0;2;2585;322137;13777;
1083;Syddanmark;2021-08-07;F;55;0;1;2585;322192;13778;
1084;Hovedstaden;2021-08-07;M;178;0;4;2585;322370;13782;
1082;Midtjylland;2021-08-07;M;92;0;2;2585;322462;13784;
1081;Nordjylland;2021-08-07;M;38;0;0;2585;322500;13784;
1085;Sjælland;2021-08-07;M;24;0;0;2585;322524;13784;
1083;Syddanmark;2021-08-07;M;70;0;0;2585;322594;13784;
1084;Hovedstaden;2021-08-08;F;198;0;2;2585;322792;13786;
1082;Midtjylland;2021-08-08;F;109;0;2;2585;322901;13788;
1081;Nordjylland;2021-08-08;F;55;0;0;2585;322956;13788;
1085;Sjælland;2021-08-08;F;40;0;2;2585;322996;13790;
1083;Syddanmark;2021-08-08;F;77;0;1;2585;323073;13791;
1084;Hovedstaden;2021-08-08;M;197;1;1;2586;323270;13792;
1082;Midtjylland;2021-08-08;M;122;0;2;2586;323392;13794;
1081;Nordjylland;2021-08-08;M;60;0;0;2586;323452;13794;
1085;Sjælland;2021-08-08;M;47;0;0;2586;323499;13794;
1083;Syddanmark;2021-08-08;M;78;0;5;2586;323577;13799;
1084;Hovedstaden;2021-08-09;F;256;0;3;2586;323833;13802;
1082;Midtjylland;2021-08-09;F;99;0;4;2586;323932;13806;
1081;Nordjylland;2021-08-09;F;74;0;2;2586;324006;13808;
1085;Sjælland;2021-08-09;F;53;0;0;2586;324059;13808;
1083;Syddanmark;2021-08-09;F;90;0;1;2586;324149;13809;
1084;Hovedstaden;2021-08-09;M;217;0;8;2586;324366;13817;
1082;Midtjylland;2021-08-09;M;101;1;3;2587;324467;13820;
1081;Nordjylland;2021-08-09;M;47;0;1;2587;324514;13821;
1085;Sjælland;2021-08-09;M;73;0;1;2587;324587;13822;
1083;Syddanmark;2021-08-09;M;87;0;1;2587;324674;13823;
1084;Hovedstaden;2021-08-10;F;204;0;1;2587;324878;13824;
1082;Midtjylland;2021-08-10;F;128;0;2;2587;325006;13826;
1081;Nordjylland;2021-08-10;F;53;0;0;2587;325059;13826;
1085;Sjælland;2021-08-10;F;60;1;2;2588;325119;13828;
1083;Syddanmark;2021-08-10;F;80;0;3;2588;325199;13831;
1084;Hovedstaden;2021-08-10;M;217;2;9;2590;325416;13840;
1082;Midtjylland;2021-08-10;M;130;0;1;2590;325546;13841;
1081;Nordjylland;2021-08-10;M;62;0;0;2590;325608;13841;
1085;Sjælland;2021-08-10;M;49;0;0;2590;325657;13841;
1083;Syddanmark;2021-08-10;M;99;0;2;2590;325756;13843;
1084;Hovedstaden;2021-08-11;F;210;0;6;2590;325966;13849;
1082;Midtjylland;2021-08-11;F;118;0;1;2590;326084;13850;
1081;Nordjylland;2021-08-11;F;45;0;0;2590;326129;13850;
1085;Sjælland;2021-08-11;F;65;0;4;2590;326194;13854;
1083;Syddanmark;2021-08-11;F;68;0;4;2590;326262;13858;
1084;Hovedstaden;2021-08-11;M;186;0;4;2590;326448;13862;
1082;Midtjylland;2021-08-11;M;117;0;1;2590;326565;13863;
1081;Nordjylland;2021-08-11;M;58;1;4;2591;326623;13867;
1085;Sjælland;2021-08-11;M;58;0;1;2591;326681;13868;
1083;Syddanmark;2021-08-11;M;65;0;2;2591;326746;13870;
1084;Hovedstaden;2021-08-12;F;196;1;4;2592;326942;13874;
1082;Midtjylland;2021-08-12;F;136;0;4;2592;327078;13878;
1081;Nordjylland;2021-08-12;F;57;0;1;2592;327135;13879;
1085;Sjælland;2021-08-12;F;52;0;0;2592;327187;13879;
1083;Syddanmark;2021-08-12;F;79;0;2;2592;327266;13881;
1084;Hovedstaden;2021-08-12;M;185;1;6;2593;327451;13887;
1082;Midtjylland;2021-08-12;M;121;0;1;2593;327572;13888;
1081;Nordjylland;2021-08-12;M;53;0;0;2593;327625;13888;
1085;Sjælland;2021-08-12;M;60;0;1;2593;327685;13889;
1083;Syddanmark;2021-08-12;M;63;0;2;2593;327748;13891;
1084;Hovedstaden;2021-08-13;F;203;0;1;2593;327951;13892;
1082;Midtjylland;2021-08-13;F;111;0;4;2593;328062;13896;
1081;Nordjylland;2021-08-13;F;51;0;0;2593;328113;13896;
1085;Sjælland;2021-08-13;F;62;0;3;2593;328175;13899;
1083;Syddanmark;2021-08-13;F;76;0;0;2593;328251;13899;
1084;Hovedstaden;2021-08-13;M;195;1;6;2594;328446;13905;
1082;Midtjylland;2021-08-13;M;96;0;4;2594;328542;13909;
1081;Nordjylland;2021-08-13;M;53;0;0;2594;328595;13909;
1085;Sjælland;2021-08-13;M;62;0;1;2594;328657;13910;
1083;Syddanmark;2021-08-13;M;57;0;0;2594;328714;13910;
1084;Hovedstaden;2021-08-14;F;153;1;6;2595;328867;13916;
1082;Midtjylland;2021-08-14;F;100;0;1;2595;328967;13917;
1081;Nordjylland;2021-08-14;F;40;0;0;2595;329007;13917;
1085;Sjælland;2021-08-14;F;42;0;1;2595;329049;13918;
1083;Syddanmark;2021-08-14;F;84;0;4;2595;329133;13922;
1084;Hovedstaden;2021-08-14;M;177;1;4;2596;329310;13926;
1082;Midtjylland;2021-08-14;M;100;0;4;2596;329410;13930;
1081;Nordjylland;2021-08-14;M;38;0;0;2596;329448;13930;
1085;Sjælland;2021-08-14;M;34;0;3;2596;329482;13933;
1083;Syddanmark;2021-08-14;M;66;0;3;2596;329548;13936;
1084;Hovedstaden;2021-08-15;F;193;0;5;2596;329741;13941;
1082;Midtjylland;2021-08-15;F;128;0;5;2596;329869;13946;
1081;Nordjylland;2021-08-15;F;34;0;1;2596;329903;13947;
1085;Sjælland;2021-08-15;F;44;0;1;2596;329947;13948;
1083;Syddanmark;2021-08-15;F;90;0;2;2596;330037;13950;
1084;Hovedstaden;2021-08-15;M;202;0;3;2596;330239;13953;
1082;Midtjylland;2021-08-15;M;115;0;2;2596;330354;13955;
1081;Nordjylland;2021-08-15;M;33;0;1;2596;330387;13956;
1085;Sjælland;2021-08-15;M;30;0;0;2596;330417;13956;
1083;Syddanmark;2021-08-15;M;74;0;4;2596;330491;13960;
1084;Hovedstaden;2021-08-16;F;230;1;3;2597;330721;13963;
1082;Midtjylland;2021-08-16;F;133;1;4;2598;330854;13967;
1081;Nordjylland;2021-08-16;F;51;0;1;2598;330905;13968;
1085;Sjælland;2021-08-16;F;46;0;1;2598;330951;13969;
1083;Syddanmark;2021-08-16;F;128;0;1;2598;331079;13970;
1084;Hovedstaden;2021-08-16;M;196;0;6;2598;331275;13976;
1082;Midtjylland;2021-08-16;M;119;0;1;2598;331394;13977;
1081;Nordjylland;2021-08-16;M;52;0;2;2598;331446;13979;
1085;Sjælland;2021-08-16;M;54;0;2;2598;331500;13981;
1083;Syddanmark;2021-08-16;M;94;0;2;2598;331594;13983;
1084;Hovedstaden;2021-08-17;F;186;0;3;2598;331780;13986;
1082;Midtjylland;2021-08-17;F;117;0;3;2598;331897;13989;
1081;Nordjylland;2021-08-17;F;55;1;3;2599;331952;13992;
1085;Sjælland;2021-08-17;F;49;0;1;2599;332001;13993;
1083;Syddanmark;2021-08-17;F;105;0;2;2599;332106;13995;
1084;Hovedstaden;2021-08-17;M;188;0;6;2599;332294;14001;
1082;Midtjylland;2021-08-17;M;130;0;2;2599;332424;14003;
1081;Nordjylland;2021-08-17;M;51;0;2;2599;332475;14005;
1085;Sjælland;2021-08-17;M;38;0;2;2599;332513;14007;
1083;Syddanmark;2021-08-17;M;109;0;0;2599;332622;14007;
1084;Hovedstaden;2021-08-18;F;238;0;7;2599;332860;14014;
1082;Midtjylland;2021-08-18;F;107;0;1;2599;332967;14015;
1081;Nordjylland;2021-08-18;F;38;0;1;2599;333005;14016;
1085;Sjælland;2021-08-18;F;42;0;1;2599;333047;14017;
1083;Syddanmark;2021-08-18;F;97;0;3;2599;333144;14020;
1084;Hovedstaden;2021-08-18;M;187;0;6;2599;333331;14026;
1082;Midtjylland;2021-08-18;M;104;0;1;2599;333435;14027;
1081;Nordjylland;2021-08-18;M;46;0;2;2599;333481;14029;
1085;Sjælland;2021-08-18;M;46;0;1;2599;333527;14030;
1083;Syddanmark;2021-08-18;M;75;0;1;2599;333602;14031;
1084;Hovedstaden;2021-08-19;F;237;1;7;2600;333839;14038;
1082;Midtjylland;2021-08-19;F;117;0;5;2600;333956;14043;
1081;Nordjylland;2021-08-19;F;50;0;3;2600;334006;14046;
1085;Sjælland;2021-08-19;F;52;0;3;2600;334058;14049;
1083;Syddanmark;2021-08-19;F;86;0;0;2600;334144;14049;
1084;Hovedstaden;2021-08-19;M;198;0;3;2600;334342;14052;
1082;Midtjylland;2021-08-19;M;105;0;1;2600;334447;14053;
1081;Nordjylland;2021-08-19;M;45;0;0;2600;334492;14053;
1085;Sjælland;2021-08-19;M;40;0;1;2600;334532;14054;
1083;Syddanmark;2021-08-19;M;96;0;3;2600;334628;14057;
1084;Hovedstaden;2021-08-20;F;272;0;3;2600;334900;14060;
1082;Midtjylland;2021-08-20;F;95;1;3;2601;334995;14063;
1081;Nordjylland;2021-08-20;F;40;0;1;2601;335035;14064;
1085;Sjælland;2021-08-20;F;44;0;3;2601;335079;14067;
1083;Syddanmark;2021-08-20;F;81;0;1;2601;335160;14068;
1084;Hovedstaden;2021-08-20;M;203;0;4;2601;335363;14072;
1082;Midtjylland;2021-08-20;M;102;0;2;2601;335465;14074;
1081;Nordjylland;2021-08-20;M;42;0;0;2601;335507;14074;
1085;Sjælland;2021-08-20;M;56;0;1;2601;335563;14075;
1083;Syddanmark;2021-08-20;M;58;1;3;2602;335621;14078;
1084;Hovedstaden;2021-08-21;F;240;1;8;2603;335861;14086;
1082;Midtjylland;2021-08-21;F;63;0;0;2603;335924;14086;
1081;Nordjylland;2021-08-21;F;23;0;0;2603;335947;14086;
1085;Sjælland;2021-08-21;F;30;0;0;2603;335977;14086;
1083;Syddanmark;2021-08-21;F;55;1;0;2604;336032;14086;
1084;Hovedstaden;2021-08-21;M;206;0;3;2604;336238;14089;
1082;Midtjylland;2021-08-21;M;50;0;2;2604;336288;14091;
1081;Nordjylland;2021-08-21;M;32;0;0;2604;336320;14091;
1085;Sjælland;2021-08-21;M;29;1;1;2605;336349;14092;
1083;Syddanmark;2021-08-21;M;45;1;2;2606;336394;14094;
1084;Hovedstaden;2021-08-22;F;303;0;5;2606;336697;14099;
1082;Midtjylland;2021-08-22;F;92;0;4;2606;336789;14103;
1081;Nordjylland;2021-08-22;F;36;0;1;2606;336825;14104;
1085;Sjælland;2021-08-22;F;38;0;0;2606;336863;14104;
1083;Syddanmark;2021-08-22;F;81;0;1;2606;336944;14105;
1084;Hovedstaden;2021-08-22;M;242;0;10;2606;337186;14115;
1082;Midtjylland;2021-08-22;M;78;0;1;2606;337264;14116;
1081;Nordjylland;2021-08-22;M;26;0;0;2606;337290;14116;
1085;Sjælland;2021-08-22;M;35;0;2;2606;337325;14118;
1083;Syddanmark;2021-08-22;M;65;0;4;2606;337390;14122;
1084;Hovedstaden;2021-08-23;F;258;2;8;2608;337648;14130;
1082;Midtjylland;2021-08-23;F;105;0;1;2608;337753;14131;
1081;Nordjylland;2021-08-23;F;27;0;0;2608;337780;14131;
1085;Sjælland;2021-08-23;F;53;0;4;2608;337833;14135;
1083;Syddanmark;2021-08-23;F;90;1;3;2609;337923;14138;
1084;Hovedstaden;2021-08-23;M;254;1;4;2610;338177;14142;
1082;Midtjylland;2021-08-23;M;101;1;5;2611;338278;14147;
1081;Nordjylland;2021-08-23;M;43;0;1;2611;338321;14148;
1085;Sjælland;2021-08-23;M;43;0;2;2611;338364;14150;
1083;Syddanmark;2021-08-23;M;81;1;2;2612;338445;14152;
1084;Hovedstaden;2021-08-24;F;319;0;10;2612;338764;14162;
1082;Midtjylland;2021-08-24;F;74;0;1;2612;338838;14163;
1081;Nordjylland;2021-08-24;F;34;0;2;2612;338872;14165;
1085;Sjælland;2021-08-24;F;43;0;0;2612;338915;14165;
1083;Syddanmark;2021-08-24;F;79;0;3;2612;338994;14168;
1084;Hovedstaden;2021-08-24;M;240;0;3;2612;339234;14171;
1082;Midtjylland;2021-08-24;M;78;0;2;2612;339312;14173;
1081;Nordjylland;2021-08-24;M;28;0;1;2612;339340;14174;
1085;Sjælland;2021-08-24;M;37;0;3;2612;339377;14177;
1083;Syddanmark;2021-08-24;M;83;0;3;2612;339460;14180;
1084;Hovedstaden;2021-08-25;F;306;0;8;2612;339766;14188;
1082;Midtjylland;2021-08-25;F;74;0;0;2612;339840;14188;
1081;Nordjylland;2021-08-25;F;25;0;1;2612;339865;14189;
1085;Sjælland;2021-08-25;F;48;0;1;2612;339913;14190;
1083;Syddanmark;2021-08-25;F;79;0;1;2612;339992;14191;
1084;Hovedstaden;2021-08-25;M;205;1;7;2613;340197;14198;
1082;Midtjylland;2021-08-25;M;75;0;1;2613;340272;14199;
1081;Nordjylland;2021-08-25;M;25;0;1;2613;340297;14200;
1085;Sjælland;2021-08-25;M;51;0;3;2613;340348;14203;
1083;Syddanmark;2021-08-25;M;72;0;2;2613;340420;14205;
1084;Hovedstaden;2021-08-26;F;254;0;5;2613;340674;14210;
1082;Midtjylland;2021-08-26;F;113;0;1;2613;340787;14211;
1081;Nordjylland;2021-08-26;F;40;0;0;2613;340827;14211;
1085;Sjælland;2021-08-26;F;39;0;1;2613;340866;14212;
1083;Syddanmark;2021-08-26;F;87;1;2;2614;340953;14214;
1084;Hovedstaden;2021-08-26;M;246;1;4;2615;341199;14218;
1082;Midtjylland;2021-08-26;M;88;0;0;2615;341287;14218;
1081;Nordjylland;2021-08-26;M;35;0;0;2615;341322;14218;
1085;Sjælland;2021-08-26;M;41;0;2;2615;341363;14220;
1083;Syddanmark;2021-08-26;M;92;0;1;2615;341455;14221;
1084;Hovedstaden;2021-08-27;F;200;0;6;2615;341655;14227;
1082;Midtjylland;2021-08-27;F;77;2;2;2617;341732;14229;
1081;Nordjylland;2021-08-27;F;14;1;1;2618;341746;14230;
1085;Sjælland;2021-08-27;F;36;0;0;2618;341782;14230;
1083;Syddanmark;2021-08-27;F;66;1;3;2619;341848;14233;
1084;Hovedstaden;2021-08-27;M;161;2;4;2621;342009;14237;
1082;Midtjylland;2021-08-27;M;66;1;4;2622;342075;14241;
1081;Nordjylland;2021-08-27;M;29;1;1;2623;342104;14242;
1085;Sjælland;2021-08-27;M;40;2;2;2625;342144;14244;
1083;Syddanmark;2021-08-27;M;55;0;3;2625;342199;14247;
1084;Hovedstaden;2021-08-28;F;201;2;1;2627;342400;14248;
1082;Midtjylland;2021-08-28;F;58;0;0;2627;342458;14248;
1081;Nordjylland;2021-08-28;F;13;0;1;2627;342471;14249;
1085;Sjælland;2021-08-28;F;39;0;1;2627;342510;14250;
1083;Syddanmark;2021-08-28;F;48;0;1;2627;342558;14251;
1084;Hovedstaden;2021-08-28;M;176;1;1;2628;342734;14252;
1082;Midtjylland;2021-08-28;M;60;0;5;2628;342794;14257;
1081;Nordjylland;2021-08-28;M;19;0;0;2628;342813;14257;
1085;Sjælland;2021-08-28;M;23;0;0;2628;342836;14257;
1083;Syddanmark;2021-08-28;M;38;0;3;2628;342874;14260;
1084;Hovedstaden;2021-08-29;F;209;0;6;2628;343083;14266;
1082;Midtjylland;2021-08-29;F;61;0;3;2628;343144;14269;
1081;Nordjylland;2021-08-29;F;24;1;1;2629;343168;14270;
1085;Sjælland;2021-08-29;F;36;0;1;2629;343204;14271;
1083;Syddanmark;2021-08-29;F;58;0;1;2629;343262;14272;
1084;Hovedstaden;2021-08-29;M;223;1;6;2630;343485;14278;
1082;Midtjylland;2021-08-29;M;63;0;1;2630;343548;14279;
1081;Nordjylland;2021-08-29;M;14;0;0;2630;343562;14279;
1085;Sjælland;2021-08-29;M;38;0;1;2630;343600;14280;
1083;Syddanmark;2021-08-29;M;54;0;2;2630;343654;14282;
1084;Hovedstaden;2021-08-30;F;245;0;3;2630;343899;14285;
1082;Midtjylland;2021-08-30;F;80;0;3;2630;343979;14288;
1081;Nordjylland;2021-08-30;F;30;1;1;2631;344009;14289;
1085;Sjælland;2021-08-30;F;46;0;1;2631;344055;14290;
1083;Syddanmark;2021-08-30;F;91;1;2;2632;344146;14292;
1084;Hovedstaden;2021-08-30;M;201;2;9;2634;344347;14301;
1082;Midtjylland;2021-08-30;M;68;0;2;2634;344415;14303;
1081;Nordjylland;2021-08-30;M;31;0;1;2634;344446;14304;
1085;Sjælland;2021-08-30;M;52;0;1;2634;344498;14305;
1083;Syddanmark;2021-08-30;M;66;0;1;2634;344564;14306;
1084;Hovedstaden;2021-08-31;F;218;1;4;2635;344782;14310;
1082;Midtjylland;2021-08-31;F;82;0;2;2635;344864;14312;
1081;Nordjylland;2021-08-31;F;32;0;1;2635;344896;14313;
1085;Sjælland;2021-08-31;F;35;1;0;2636;344931;14313;
1083;Syddanmark;2021-08-31;F;66;0;1;2636;344997;14314;
1084;Hovedstaden;2021-08-31;M;194;0;5;2636;345191;14319;
1082;Midtjylland;2021-08-31;M;73;0;0;2636;345264;14319;
1081;Nordjylland;2021-08-31;M;19;0;0;2636;345283;14319;
1085;Sjælland;2021-08-31;M;34;0;1;2636;345317;14320;
1083;Syddanmark;2021-08-31;M;67;0;0;2636;345384;14320;
1084;Hovedstaden;2021-09-01;F;215;0;2;2636;345599;14322;
1082;Midtjylland;2021-09-01;F;66;0;0;2636;345665;14322;
1081;Nordjylland;2021-09-01;F;22;0;4;2636;345687;14326;
1085;Sjælland;2021-09-01;F;43;0;0;2636;345730;14326;
1083;Syddanmark;2021-09-01;F;41;0;1;2636;345771;14327;
1084;Hovedstaden;2021-09-01;M;185;2;7;2638;345956;14334;
1082;Midtjylland;2021-09-01;M;49;0;1;2638;346005;14335;
1081;Nordjylland;2021-09-01;M;16;1;2;2639;346021;14337;
1085;Sjælland;2021-09-01;M;39;0;2;2639;346060;14339;
1083;Syddanmark;2021-09-01;M;40;0;0;2639;346100;14339;
1084;Hovedstaden;2021-09-02;F;160;0;5;2639;346260;14344;
1082;Midtjylland;2021-09-02;F;46;0;0;2639;346306;14344;
1081;Nordjylland;2021-09-02;F;19;0;4;2639;346325;14348;
1085;Sjælland;2021-09-02;F;39;1;1;2640;346364;14349;
1083;Syddanmark;2021-09-02;F;40;0;1;2640;346404;14350;
1084;Hovedstaden;2021-09-02;M;156;0;4;2640;346560;14354;
1082;Midtjylland;2021-09-02;M;37;0;2;2640;346597;14356;
1081;Nordjylland;2021-09-02;M;17;0;2;2640;346614;14358;
1085;Sjælland;2021-09-02;M;40;0;1;2640;346654;14359;
1083;Syddanmark;2021-09-02;M;35;0;0;2640;346689;14359;
1084;Hovedstaden;2021-09-03;F;134;0;4;2640;346823;14363;
1082;Midtjylland;2021-09-03;F;61;0;4;2640;346884;14367;
1081;Nordjylland;2021-09-03;F;13;0;1;2640;346897;14368;
1085;Sjælland;2021-09-03;F;24;0;1;2640;346921;14369;
1083;Syddanmark;2021-09-03;F;47;0;2;2640;346968;14371;
1084;Hovedstaden;2021-09-03;M;146;0;3;2640;347114;14374;
1082;Midtjylland;2021-09-03;M;46;1;2;2641;347160;14376;
1081;Nordjylland;2021-09-03;M;12;0;2;2641;347172;14378;
1085;Sjælland;2021-09-03;M;32;0;0;2641;347204;14378;
1083;Syddanmark;2021-09-03;M;25;0;0;2641;347229;14378;
1084;Hovedstaden;2021-09-04;F;124;1;1;2642;347353;14379;
1082;Midtjylland;2021-09-04;F;37;0;0;2642;347390;14379;
1081;Nordjylland;2021-09-04;F;9;0;0;2642;347399;14379;
1085;Sjælland;2021-09-04;F;15;0;1;2642;347414;14380;
1083;Syddanmark;2021-09-04;F;39;0;1;2642;347453;14381;
1084;Hovedstaden;2021-09-04;M;115;1;2;2643;347568;14383;
1082;Midtjylland;2021-09-04;M;37;3;5;2646;347605;14388;
1081;Nordjylland;2021-09-04;M;7;0;0;2646;347612;14388;
1085;Sjælland;2021-09-04;M;16;0;2;2646;347628;14390;
1083;Syddanmark;2021-09-04;M;23;1;1;2647;347651;14391;
1084;Hovedstaden;2021-09-05;F;148;1;4;2648;347799;14395;
1082;Midtjylland;2021-09-05;F;40;0;1;2648;347839;14396;
1081;Nordjylland;2021-09-05;F;11;0;2;2648;347850;14398;
1085;Sjælland;2021-09-05;F;23;0;1;2648;347873;14399;
1083;Syddanmark;2021-09-05;F;27;0;1;2648;347900;14400;
1084;Hovedstaden;2021-09-05;M;136;0;5;2648;348036;14405;
1082;Midtjylland;2021-09-05;M;32;0;3;2648;348068;14408;
1081;Nordjylland;2021-09-05;M;9;0;0;2648;348077;14408;
1085;Sjælland;2021-09-05;M;26;0;0;2648;348103;14408;
1083;Syddanmark;2021-09-05;M;27;0;0;2648;348130;14408;
1084;Hovedstaden;2021-09-06;F;164;1;5;2649;348294;14413;
1082;Midtjylland;2021-09-06;F;35;0;1;2649;348329;14414;
1081;Nordjylland;2021-09-06;F;16;0;0;2649;348345;14414;
1085;Sjælland;2021-09-06;F;58;0;1;2649;348403;14415;
1083;Syddanmark;2021-09-06;F;45;1;1;2650;348448;14416;
1084;Hovedstaden;2021-09-06;M;157;0;4;2650;348605;14420;
1082;Midtjylland;2021-09-06;M;32;0;0;2650;348637;14420;
1081;Nordjylland;2021-09-06;M;9;0;0;2650;348646;14420;
1085;Sjælland;2021-09-06;M;45;0;0;2650;348691;14420;
1083;Syddanmark;2021-09-06;M;31;0;0;2650;348722;14420;
1084;Hovedstaden;2021-09-07;F;177;3;8;2653;348899;14428;
1082;Midtjylland;2021-09-07;F;49;2;3;2655;348948;14431;
1081;Nordjylland;2021-09-07;F;11;0;1;2655;348959;14432;
1085;Sjælland;2021-09-07;F;47;0;1;2655;349006;14433;
1083;Syddanmark;2021-09-07;F;47;0;0;2655;349053;14433;
1084;Hovedstaden;2021-09-07;M;144;0;2;2655;349197;14435;
1082;Midtjylland;2021-09-07;M;50;1;2;2656;349247;14437;
1081;Nordjylland;2021-09-07;M;5;0;0;2656;349252;14437;
1085;Sjælland;2021-09-07;M;46;0;1;2656;349298;14438;
1083;Syddanmark;2021-09-07;M;36;0;1;2656;349334;14439;
1084;Hovedstaden;2021-09-08;F;137;0;3;2656;349471;14442;
1082;Midtjylland;2021-09-08;F;43;2;3;2658;349514;14445;
1081;Nordjylland;2021-09-08;F;13;0;0;2658;349527;14445;
1085;Sjælland;2021-09-08;F;32;0;0;2658;349559;14445;
1083;Syddanmark;2021-09-08;F;28;0;0;2658;349587;14445;
1084;Hovedstaden;2021-09-08;M;137;0;4;2658;349724;14449;
1082;Midtjylland;2021-09-08;M;32;0;0;2658;349756;14449;
1081;Nordjylland;2021-09-08;M;15;0;0;2658;349771;14449;
1085;Sjælland;2021-09-08;M;33;1;2;2659;349804;14451;
1083;Syddanmark;2021-09-08;M;32;0;1;2659;349836;14452;
1084;Hovedstaden;2021-09-09;F;120;0;1;2659;349956;14453;
1082;Midtjylland;2021-09-09;F;54;0;0;2659;350010;14453;
1081;Nordjylland;2021-09-09;F;17;0;0;2659;350027;14453;
1085;Sjælland;2021-09-09;F;41;0;3;2659;350068;14456;
1083;Syddanmark;2021-09-09;F;36;0;2;2659;350104;14458;
1084;Hovedstaden;2021-09-09;M;99;0;3;2659;350203;14461;
1082;Midtjylland;2021-09-09;M;37;0;2;2659;350240;14463;
1081;Nordjylland;2021-09-09;M;11;0;0;2659;350251;14463;
1085;Sjælland;2021-09-09;M;48;1;3;2660;350299;14466;
1083;Syddanmark;2021-09-09;M;33;0;0;2660;350332;14466;
1084;Hovedstaden;2021-09-10;F;86;0;1;2660;350418;14467;
1082;Midtjylland;2021-09-10;F;35;0;1;2660;350453;14468;
1081;Nordjylland;2021-09-10;F;8;0;0;2660;350461;14468;
1085;Sjælland;2021-09-10;F;34;0;1;2660;350495;14469;
1083;Syddanmark;2021-09-10;F;34;1;1;2661;350529;14470;
1084;Hovedstaden;2021-09-10;M;90;2;3;2663;350619;14473;
1082;Midtjylland;2021-09-10;M;33;0;2;2663;350652;14475;
1081;Nordjylland;2021-09-10;M;9;0;0;2663;350661;14475;
1085;Sjælland;2021-09-10;M;29;1;1;2664;350690;14476;
1083;Syddanmark;2021-09-10;M;24;0;2;2664;350714;14478;
1084;Hovedstaden;2021-09-11;F;95;1;3;2665;350809;14481;
1082;Midtjylland;2021-09-11;F;28;0;1;2665;350837;14482;
1081;Nordjylland;2021-09-11;F;7;0;0;2665;350844;14482;
1085;Sjælland;2021-09-11;F;24;0;0;2665;350868;14482;
1083;Syddanmark;2021-09-11;F;14;0;0;2665;350882;14482;
1084;Hovedstaden;2021-09-11;M;79;0;1;2665;350961;14483;
1082;Midtjylland;2021-09-11;M;27;0;2;2665;350988;14485;
1081;Nordjylland;2021-09-11;M;3;0;0;2665;350991;14485;
1085;Sjælland;2021-09-11;M;18;0;2;2665;351009;14487;
1083;Syddanmark;2021-09-11;M;19;0;0;2665;351028;14487;
1084;Hovedstaden;2021-09-12;F;91;1;1;2666;351119;14488;
1082;Midtjylland;2021-09-12;F;23;0;0;2666;351142;14488;
1081;Nordjylland;2021-09-12;F;9;0;0;2666;351151;14488;
1085;Sjælland;2021-09-12;F;21;0;0;2666;351172;14488;
1083;Syddanmark;2021-09-12;F;13;0;0;2666;351185;14488;
1084;Hovedstaden;2021-09-12;M;103;0;0;2666;351288;14488;
1082;Midtjylland;2021-09-12;M;20;1;2;2667;351308;14490;
1081;Nordjylland;2021-09-12;M;10;0;1;2667;351318;14491;
1085;Sjælland;2021-09-12;M;29;0;1;2667;351347;14492;
1083;Syddanmark;2021-09-12;M;14;0;1;2667;351361;14493;
1084;Hovedstaden;2021-09-13;F;93;0;4;2667;351454;14497;
1082;Midtjylland;2021-09-13;F;29;0;1;2667;351483;14498;
1081;Nordjylland;2021-09-13;F;17;0;1;2667;351500;14499;
1085;Sjælland;2021-09-13;F;36;0;2;2667;351536;14501;
1083;Syddanmark;2021-09-13;F;23;0;0;2667;351559;14501;
1084;Hovedstaden;2021-09-13;M;105;1;1;2668;351664;14502;
1082;Midtjylland;2021-09-13;M;33;0;1;2668;351697;14503;
1081;Nordjylland;2021-09-13;M;21;0;3;2668;351718;14506;
1085;Sjælland;2021-09-13;M;30;0;2;2668;351748;14508;
1083;Syddanmark;2021-09-13;M;26;0;0;2668;351774;14508;
1084;Hovedstaden;2021-09-14;F;83;1;0;2669;351857;14508;
1082;Midtjylland;2021-09-14;F;21;1;1;2670;351878;14509;
1081;Nordjylland;2021-09-14;F;14;0;0;2670;351892;14509;
1085;Sjælland;2021-09-14;F;28;0;1;2670;351920;14510;
1083;Syddanmark;2021-09-14;F;20;0;0;2670;351940;14510;
1084;Hovedstaden;2021-09-14;M;101;0;1;2670;352041;14511;
1082;Midtjylland;2021-09-14;M;26;0;0;2670;352067;14511;
1081;Nordjylland;2021-09-14;M;9;0;0;2670;352076;14511;
1085;Sjælland;2021-09-14;M;15;0;0;2670;352091;14511;
1083;Syddanmark;2021-09-14;M;30;0;0;2670;352121;14511;
1084;Hovedstaden;2021-09-15;F;86;0;3;2670;352207;14514;
1082;Midtjylland;2021-09-15;F;30;0;0;2670;352237;14514;
1081;Nordjylland;2021-09-15;F;17;0;1;2670;352254;14515;
1085;Sjælland;2021-09-15;F;21;0;1;2670;352275;14516;
1083;Syddanmark;2021-09-15;F;22;0;0;2670;352297;14516;
1084;Hovedstaden;2021-09-15;M;68;0;2;2670;352365;14518;
1082;Midtjylland;2021-09-15;M;25;0;0;2670;352390;14518;
1081;Nordjylland;2021-09-15;M;10;0;1;2670;352400;14519;
1085;Sjælland;2021-09-15;M;20;0;0;2670;352420;14519;
1083;Syddanmark;2021-09-15;M;18;1;2;2671;352438;14521;
1084;Hovedstaden;2021-09-16;F;72;0;3;2671;352510;14524;
1082;Midtjylland;2021-09-16;F;25;0;1;2671;352535;14525;
1081;Nordjylland;2021-09-16;F;13;0;0;2671;352548;14525;
1085;Sjælland;2021-09-16;F;18;0;1;2671;352566;14526;
1083;Syddanmark;2021-09-16;F;29;0;0;2671;352595;14526;
1084;Hovedstaden;2021-09-16;M;72;0;1;2671;352667;14527;
1082;Midtjylland;2021-09-16;M;20;0;2;2671;352687;14529;
1081;Nordjylland;2021-09-16;M;10;0;0;2671;352697;14529;
1085;Sjælland;2021-09-16;M;18;0;2;2671;352715;14531;
1083;Syddanmark;2021-09-16;M;31;0;0;2671;352746;14531;
1084;Hovedstaden;2021-09-17;F;64;0;4;2671;352810;14535;
1082;Midtjylland;2021-09-17;F;22;0;0;2671;352832;14535;
1081;Nordjylland;2021-09-17;F;7;1;1;2672;352839;14536;
1085;Sjælland;2021-09-17;F;15;0;2;2672;352854;14538;
1083;Syddanmark;2021-09-17;F;40;1;0;2673;352894;14538;
1084;Hovedstaden;2021-09-17;M;83;0;2;2673;352977;14540;
1082;Midtjylland;2021-09-17;M;24;0;0;2673;353001;14540;
1081;Nordjylland;2021-09-17;M;9;0;0;2673;353010;14540;
1085;Sjælland;2021-09-17;M;21;0;0;2673;353031;14540;
1083;Syddanmark;2021-09-17;M;27;0;1;2673;353058;14541;
1084;Hovedstaden;2021-09-18;F;50;0;1;2673;353108;14542;
1082;Midtjylland;2021-09-18;F;30;0;0;2673;353138;14542;
1081;Nordjylland;2021-09-18;F;7;0;1;2673;353145;14543;
1085;Sjælland;2021-09-18;F;18;1;2;2674;353163;14545;
1083;Syddanmark;2021-09-18;F;16;0;3;2674;353179;14548;
1084;Hovedstaden;2021-09-18;M;41;1;1;2675;353220;14549;
1082;Midtjylland;2021-09-18;M;14;0;0;2675;353234;14549;
1081;Nordjylland;2021-09-18;M;3;0;1;2675;353237;14550;
1085;Sjælland;2021-09-18;M;15;1;1;2676;353252;14551;
1083;Syddanmark;2021-09-18;M;15;0;0;2676;353267;14551;
1084;Hovedstaden;2021-09-19;F;67;0;4;2676;353334;14555;
1082;Midtjylland;2021-09-19;F;31;1;1;2677;353365;14556;
1081;Nordjylland;2021-09-19;F;8;0;0;2677;353373;14556;
1085;Sjælland;2021-09-19;F;11;0;0;2677;353384;14556;
1083;Syddanmark;2021-09-19;F;25;0;1;2677;353409;14557;
1084;Hovedstaden;2021-09-19;M;57;0;2;2677;353466;14559;
1082;Midtjylland;2021-09-19;M;22;0;0;2677;353488;14559;
1081;Nordjylland;2021-09-19;M;9;0;0;2677;353497;14559;
1085;Sjælland;2021-09-19;M;12;0;0;2677;353509;14559;
1083;Syddanmark;2021-09-19;M;29;0;1;2677;353538;14560;
1084;Hovedstaden;2021-09-20;F;69;0;0;2677;353607;14560;
1082;Midtjylland;2021-09-20;F;31;0;2;2677;353638;14562;
1081;Nordjylland;2021-09-20;F;12;0;0;2677;353650;14562;
1085;Sjælland;2021-09-20;F;40;0;1;2677;353690;14563;
1083;Syddanmark;2021-09-20;F;37;0;1;2677;353727;14564;
1084;Hovedstaden;2021-09-20;M;75;0;4;2677;353802;14568;
1082;Midtjylland;2021-09-20;M;30;0;1;2677;353832;14569;
1081;Nordjylland;2021-09-20;M;18;0;2;2677;353850;14571;
1085;Sjælland;2021-09-20;M;33;0;1;2677;353883;14572;
1083;Syddanmark;2021-09-20;M;35;1;2;2678;353918;14574;
1084;Hovedstaden;2021-09-21;F;80;1;2;2679;353998;14576;
1082;Midtjylland;2021-09-21;F;27;0;0;2679;354025;14576;
1081;Nordjylland;2021-09-21;F;13;0;0;2679;354038;14576;
1085;Sjælland;2021-09-21;F;30;0;0;2679;354068;14576;
1083;Syddanmark;2021-09-21;F;37;0;2;2679;354105;14578;
1084;Hovedstaden;2021-09-21;M;44;0;0;2679;354149;14578;
1082;Midtjylland;2021-09-21;M;35;0;3;2679;354184;14581;
1081;Nordjylland;2021-09-21;M;16;0;2;2679;354200;14583;
1085;Sjælland;2021-09-21;M;28;0;0;2679;354228;14583;
1083;Syddanmark;2021-09-21;M;31;0;1;2679;354259;14584;
1084;Hovedstaden;2021-09-22;F;77;1;2;2680;354336;14586;
1082;Midtjylland;2021-09-22;F;32;0;1;2680;354368;14587;
1081;Nordjylland;2021-09-22;F;30;0;0;2680;354398;14587;
1085;Sjælland;2021-09-22;F;27;0;1;2680;354425;14588;
1083;Syddanmark;2021-09-22;F;30;4;0;2684;354455;14588;
1084;Hovedstaden;2021-09-22;M;62;0;2;2684;354517;14590;
1082;Midtjylland;2021-09-22;M;32;0;0;2684;354549;14590;
1081;Nordjylland;2021-09-22;M;24;0;1;2684;354573;14591;
1085;Sjælland;2021-09-22;M;23;1;3;2685;354596;14594;
1083;Syddanmark;2021-09-22;M;20;0;1;2685;354616;14595;
1084;Hovedstaden;2021-09-23;F;68;0;0;2685;354684;14595;
1082;Midtjylland;2021-09-23;F;31;0;0;2685;354715;14595;
1081;Nordjylland;2021-09-23;F;30;0;0;2685;354745;14595;
1085;Sjælland;2021-09-23;F;29;0;0;2685;354774;14595;
1083;Syddanmark;2021-09-23;F;28;0;2;2685;354802;14597;
1084;Hovedstaden;2021-09-23;M;76;0;5;2685;354878;14602;
1082;Midtjylland;2021-09-23;M;27;0;0;2685;354905;14602;
1081;Nordjylland;2021-09-23;M;29;0;1;2685;354934;14603;
1085;Sjælland;2021-09-23;M;25;0;2;2685;354959;14605;
1083;Syddanmark;2021-09-23;M;27;0;2;2685;354986;14607;
1084;Hovedstaden;2021-09-24;F;81;0;2;2685;355067;14609;
1082;Midtjylland;2021-09-24;F;18;0;2;2685;355085;14611;
1081;Nordjylland;2021-09-24;F;25;0;0;2685;355110;14611;
1085;Sjælland;2021-09-24;F;33;0;3;2685;355143;14614;
1083;Syddanmark;2021-09-24;F;33;0;1;2685;355176;14615;
1084;Hovedstaden;2021-09-24;M;62;0;3;2685;355238;14618;
1082;Midtjylland;2021-09-24;M;26;1;0;2686;355264;14618;
1081;Nordjylland;2021-09-24;M;17;0;1;2686;355281;14619;
1085;Sjælland;2021-09-24;M;25;0;3;2686;355306;14622;
1083;Syddanmark;2021-09-24;M;31;0;0;2686;355337;14622;
1084;Hovedstaden;2021-09-25;F;93;0;0;2686;355430;14622;
1082;Midtjylland;2021-09-25;F;16;0;1;2686;355446;14623;
1081;Nordjylland;2021-09-25;F;16;1;1;2687;355462;14624;
1085;Sjælland;2021-09-25;F;33;0;1;2687;355495;14625;
1083;Syddanmark;2021-09-25;F;20;0;0;2687;355515;14625;
1084;Hovedstaden;2021-09-25;M;82;0;6;2687;355597;14631;
1082;Midtjylland;2021-09-25;M;14;0;0;2687;355611;14631;
1081;Nordjylland;2021-09-25;M;12;0;1;2687;355623;14632;
1085;Sjælland;2021-09-25;M;25;0;1;2687;355648;14633;
1083;Syddanmark;2021-09-25;M;26;1;2;2688;355674;14635;
1084;Hovedstaden;2021-09-26;F;82;0;1;2688;355756;14636;
1082;Midtjylland;2021-09-26;F;12;0;1;2688;355768;14637;
1081;Nordjylland;2021-09-26;F;27;0;0;2688;355795;14637;
1085;Sjælland;2021-09-26;F;27;2;2;2690;355822;14639;
1083;Syddanmark;2021-09-26;F;32;1;3;2691;355854;14642;
1084;Hovedstaden;2021-09-26;M;91;0;5;2691;355945;14647;
1082;Midtjylland;2021-09-26;M;17;0;0;2691;355962;14647;
1081;Nordjylland;2021-09-26;M;20;1;0;2692;355982;14647;
1085;Sjælland;2021-09-26;M;23;0;2;2692;356005;14649;
1083;Syddanmark;2021-09-26;M;28;0;1;2692;356033;14650;
1084;Hovedstaden;2021-09-27;F;121;0;1;2692;356154;14651;
1082;Midtjylland;2021-09-27;F;24;0;0;2692;356178;14651;
1081;Nordjylland;2021-09-27;F;25;0;1;2692;356203;14652;
1085;Sjælland;2021-09-27;F;60;0;1;2692;356263;14653;
1083;Syddanmark;2021-09-27;F;36;0;0;2692;356299;14653;
1084;Hovedstaden;2021-09-27;M;119;0;2;2692;356418;14655;
1082;Midtjylland;2021-09-27;M;25;1;1;2693;356443;14656;
1081;Nordjylland;2021-09-27;M;20;0;1;2693;356463;14657;
1085;Sjælland;2021-09-27;M;30;0;0;2693;356493;14657;
1083;Syddanmark;2021-09-27;M;32;0;1;2693;356525;14658;
1084;Hovedstaden;2021-09-28;F;153;0;2;2693;356678;14660;
1082;Midtjylland;2021-09-28;F;44;0;0;2693;356722;14660;
1081;Nordjylland;2021-09-28;F;19;1;1;2694;356741;14661;
1085;Sjælland;2021-09-28;F;37;0;3;2694;356778;14664;
1083;Syddanmark;2021-09-28;F;37;0;0;2694;356815;14664;
1084;Hovedstaden;2021-09-28;M;122;0;6;2694;356937;14670;
1082;Midtjylland;2021-09-28;M;30;0;1;2694;356967;14671;
1081;Nordjylland;2021-09-28;M;21;0;0;2694;356988;14671;
1085;Sjælland;2021-09-28;M;18;0;1;2694;357006;14672;
1083;Syddanmark;2021-09-28;M;49;1;3;2695;357055;14675;
1084;Hovedstaden;2021-09-29;F;115;0;3;2695;357170;14678;
1082;Midtjylland;2021-09-29;F;22;0;1;2695;357192;14679;
1081;Nordjylland;2021-09-29;F;16;0;0;2695;357208;14679;
1085;Sjælland;2021-09-29;F;27;0;0;2695;357235;14679;
1083;Syddanmark;2021-09-29;F;25;0;0;2695;357260;14679;
1084;Hovedstaden;2021-09-29;M;118;0;3;2695;357378;14682;
1082;Midtjylland;2021-09-29;M;29;0;0;2695;357407;14682;
1081;Nordjylland;2021-09-29;M;10;0;1;2695;357417;14683;
1085;Sjælland;2021-09-29;M;17;0;0;2695;357434;14683;
1083;Syddanmark;2021-09-29;M;32;0;0;2695;357466;14683;
1084;Hovedstaden;2021-09-30;F;116;0;1;2695;357582;14684;
1082;Midtjylland;2021-09-30;F;30;0;0;2695;357612;14684;
1081;Nordjylland;2021-09-30;F;17;0;0;2695;357629;14684;
1085;Sjælland;2021-09-30;F;33;0;2;2695;357662;14686;
1083;Syddanmark;2021-09-30;F;34;0;2;2695;357696;14688;
1084;Hovedstaden;2021-09-30;M;105;0;4;2695;357801;14692;
1082;Midtjylland;2021-09-30;M;14;0;1;2695;357815;14693;
1081;Nordjylland;2021-09-30;M;14;0;0;2695;357829;14693;
1085;Sjælland;2021-09-30;M;30;0;1;2695;357859;14694;
1083;Syddanmark;2021-09-30;M;53;1;3;2696;357912;14697;
1084;Hovedstaden;2021-10-01;F;111;0;3;2696;358023;14700;
1082;Midtjylland;2021-10-01;F;20;0;0;2696;358043;14700;
1081;Nordjylland;2021-10-01;F;8;0;0;2696;358051;14700;
1085;Sjælland;2021-10-01;F;32;0;1;2696;358083;14701;
1083;Syddanmark;2021-10-01;F;26;0;2;2696;358109;14703;
1084;Hovedstaden;2021-10-01;M;114;0;2;2696;358223;14705;
1082;Midtjylland;2021-10-01;M;17;0;2;2696;358240;14707;
1081;Nordjylland;2021-10-01;M;7;0;0;2696;358247;14707;
1085;Sjælland;2021-10-01;M;34;0;0;2696;358281;14707;
1083;Syddanmark;2021-10-01;M;32;0;0;2696;358313;14707;
1084;Hovedstaden;2021-10-02;F;89;0;1;2696;358402;14708;
1082;Midtjylland;2021-10-02;F;31;0;0;2696;358433;14708;
1081;Nordjylland;2021-10-02;F;10;0;0;2696;358443;14708;
1085;Sjælland;2021-10-02;F;32;0;0;2696;358475;14708;
1083;Syddanmark;2021-10-02;F;19;0;0;2696;358494;14708;
1084;Hovedstaden;2021-10-02;M;77;0;1;2696;358571;14709;
1082;Midtjylland;2021-10-02;M;15;0;0;2696;358586;14709;
1081;Nordjylland;2021-10-02;M;11;0;0;2696;358597;14709;
1085;Sjælland;2021-10-02;M;19;0;0;2696;358616;14709;
1083;Syddanmark;2021-10-02;M;22;0;1;2696;358638;14710;
1084;Hovedstaden;2021-10-03;F;115;0;2;2696;358753;14712;
1082;Midtjylland;2021-10-03;F;27;0;0;2696;358780;14712;
1081;Nordjylland;2021-10-03;F;10;0;0;2696;358790;14712;
1085;Sjælland;2021-10-03;F;16;0;0;2696;358806;14712;
1083;Syddanmark;2021-10-03;F;22;0;0;2696;358828;14712;
1084;Hovedstaden;2021-10-03;M;126;0;2;2696;358954;14714;
1082;Midtjylland;2021-10-03;M;33;0;2;2696;358987;14716;
1081;Nordjylland;2021-10-03;M;9;0;0;2696;358996;14716;
1085;Sjælland;2021-10-03;M;29;0;2;2696;359025;14718;
1083;Syddanmark;2021-10-03;M;22;0;0;2696;359047;14718;
1084;Hovedstaden;2021-10-04;F;147;0;4;2696;359194;14722;
1082;Midtjylland;2021-10-04;F;27;0;0;2696;359221;14722;
1081;Nordjylland;2021-10-04;F;19;0;1;2696;359240;14723;
1085;Sjælland;2021-10-04;F;49;0;2;2696;359289;14725;
1083;Syddanmark;2021-10-04;F;53;0;2;2696;359342;14727;
1084;Hovedstaden;2021-10-04;M;111;1;4;2697;359453;14731;
1082;Midtjylland;2021-10-04;M;42;0;1;2697;359495;14732;
1081;Nordjylland;2021-10-04;M;15;0;0;2697;359510;14732;
1085;Sjælland;2021-10-04;M;40;0;1;2697;359550;14733;
1083;Syddanmark;2021-10-04;M;49;0;0;2697;359599;14733;
1084;Hovedstaden;2021-10-05;F;147;0;4;2697;359746;14737;
1082;Midtjylland;2021-10-05;F;30;0;0;2697;359776;14737;
1081;Nordjylland;2021-10-05;F;13;0;0;2697;359789;14737;
1085;Sjælland;2021-10-05;F;45;0;2;2697;359834;14739;
1083;Syddanmark;2021-10-05;F;46;0;2;2697;359880;14741;
1084;Hovedstaden;2021-10-05;M;139;1;3;2698;360019;14744;
1082;Midtjylland;2021-10-05;M;43;0;0;2698;360062;14744;
1081;Nordjylland;2021-10-05;M;13;0;0;2698;360075;14744;
1085;Sjælland;2021-10-05;M;35;1;3;2699;360110;14747;
1083;Syddanmark;2021-10-05;M;53;0;0;2699;360163;14747;
1084;Hovedstaden;2021-10-06;F;180;0;4;2699;360343;14751;
1082;Midtjylland;2021-10-06;F;40;0;0;2699;360383;14751;
1081;Nordjylland;2021-10-06;F;22;0;1;2699;360405;14752;
1085;Sjælland;2021-10-06;F;28;0;0;2699;360433;14752;
1083;Syddanmark;2021-10-06;F;53;0;0;2699;360486;14752;
1084;Hovedstaden;2021-10-06;M;173;0;5;2699;360659;14757;
1082;Midtjylland;2021-10-06;M;53;0;0;2699;360712;14757;
1081;Nordjylland;2021-10-06;M;13;0;0;2699;360725;14757;
1085;Sjælland;2021-10-06;M;29;0;4;2699;360754;14761;
1083;Syddanmark;2021-10-06;M;46;0;0;2699;360800;14761;
1084;Hovedstaden;2021-10-07;F;169;2;3;2701;360969;14764;
1082;Midtjylland;2021-10-07;F;48;0;2;2701;361017;14766;
1081;Nordjylland;2021-10-07;F;26;0;0;2701;361043;14766;
1085;Sjælland;2021-10-07;F;47;0;2;2701;361090;14768;
1083;Syddanmark;2021-10-07;F;53;0;1;2701;361143;14769;
1084;Hovedstaden;2021-10-07;M;152;0;1;2701;361295;14770;
1082;Midtjylland;2021-10-07;M;37;1;0;2702;361332;14770;
1081;Nordjylland;2021-10-07;M;24;0;1;2702;361356;14771;
1085;Sjælland;2021-10-07;M;45;2;1;2704;361401;14772;
1083;Syddanmark;2021-10-07;M;55;0;0;2704;361456;14772;
1084;Hovedstaden;2021-10-08;F;166;0;3;2704;361622;14775;
1082;Midtjylland;2021-10-08;F;46;1;1;2705;361668;14776;
1081;Nordjylland;2021-10-08;F;16;0;0;2705;361684;14776;
1085;Sjælland;2021-10-08;F;45;0;2;2705;361729;14778;
1083;Syddanmark;2021-10-08;F;36;0;0;2705;361765;14778;
1084;Hovedstaden;2021-10-08;M;134;0;2;2705;361899;14780;
1082;Midtjylland;2021-10-08;M;52;1;2;2706;361951;14782;
1081;Nordjylland;2021-10-08;M;19;0;0;2706;361970;14782;
1085;Sjælland;2021-10-08;M;53;0;1;2706;362023;14783;
1083;Syddanmark;2021-10-08;M;40;0;0;2706;362063;14783;
1084;Hovedstaden;2021-10-09;F;134;0;3;2706;362197;14786;
1082;Midtjylland;2021-10-09;F;37;0;0;2706;362234;14786;
1081;Nordjylland;2021-10-09;F;17;0;2;2706;362251;14788;
1085;Sjælland;2021-10-09;F;32;0;0;2706;362283;14788;
1083;Syddanmark;2021-10-09;F;32;0;1;2706;362315;14789;
1084;Hovedstaden;2021-10-09;M;107;1;5;2707;362422;14794;
1082;Midtjylland;2021-10-09;M;42;0;0;2707;362464;14794;
1081;Nordjylland;2021-10-09;M;6;0;0;2707;362470;14794;
1085;Sjælland;2021-10-09;M;31;0;0;2707;362501;14794;
1083;Syddanmark;2021-10-09;M;33;0;1;2707;362534;14795;
1084;Hovedstaden;2021-10-10;F;162;0;2;2707;362696;14797;
1082;Midtjylland;2021-10-10;F;48;0;1;2707;362744;14798;
1081;Nordjylland;2021-10-10;F;16;0;0;2707;362760;14798;
1085;Sjælland;2021-10-10;F;30;0;1;2707;362790;14799;
1083;Syddanmark;2021-10-10;F;36;1;0;2708;362826;14799;
1084;Hovedstaden;2021-10-10;M;158;0;6;2708;362984;14805;
1082;Midtjylland;2021-10-10;M;27;0;2;2708;363011;14807;
1081;Nordjylland;2021-10-10;M;5;0;0;2708;363016;14807;
1085;Sjælland;2021-10-10;M;27;0;1;2708;363043;14808;
1083;Syddanmark;2021-10-10;M;49;0;1;2708;363092;14809;
1084;Hovedstaden;2021-10-11;F;192;0;4;2708;363284;14813;
1082;Midtjylland;2021-10-11;F;59;0;0;2708;363343;14813;
1081;Nordjylland;2021-10-11;F;29;0;0;2708;363372;14813;
1085;Sjælland;2021-10-11;F;79;0;2;2708;363451;14815;
1083;Syddanmark;2021-10-11;F;64;0;3;2708;363515;14818;
1084;Hovedstaden;2021-10-11;M;172;0;3;2708;363687;14821;
1082;Midtjylland;2021-10-11;M;49;0;0;2708;363736;14821;
1081;Nordjylland;2021-10-11;M;8;0;0;2708;363744;14821;
1085;Sjælland;2021-10-11;M;46;0;3;2708;363790;14824;
1083;Syddanmark;2021-10-11;M;62;0;1;2708;363852;14825;
1084;Hovedstaden;2021-10-12;F;230;1;4;2709;364082;14829;
1082;Midtjylland;2021-10-12;F;42;0;0;2709;364124;14829;
1081;Nordjylland;2021-10-12;F;26;0;0;2709;364150;14829;
1085;Sjælland;2021-10-12;F;59;0;1;2709;364209;14830;
1083;Syddanmark;2021-10-12;F;52;0;1;2709;364261;14831;
1084;Hovedstaden;2021-10-12;M;184;1;6;2710;364445;14837;
1082;Midtjylland;2021-10-12;M;36;1;1;2711;364481;14838;
1081;Nordjylland;2021-10-12;M;12;0;0;2711;364493;14838;
1085;Sjælland;2021-10-12;M;66;0;4;2711;364559;14842;
1083;Syddanmark;2021-10-12;M;58;0;1;2711;364617;14843;
1084;Hovedstaden;2021-10-13;F;220;0;8;2711;364837;14851;
1082;Midtjylland;2021-10-13;F;41;0;1;2711;364878;14852;
1081;Nordjylland;2021-10-13;F;33;1;4;2712;364911;14856;
1085;Sjælland;2021-10-13;F;49;0;3;2712;364960;14859;
1083;Syddanmark;2021-10-13;F;55;1;2;2713;365015;14861;
1084;Hovedstaden;2021-10-13;M;209;0;3;2713;365224;14864;
1082;Midtjylland;2021-10-13;M;49;0;1;2713;365273;14865;
1081;Nordjylland;2021-10-13;M;15;0;3;2713;365288;14868;
1085;Sjælland;2021-10-13;M;51;0;0;2713;365339;14868;
1083;Syddanmark;2021-10-13;M;34;0;1;2713;365373;14869;
1084;Hovedstaden;2021-10-14;F;211;1;8;2714;365584;14877;
1082;Midtjylland;2021-10-14;F;49;0;2;2714;365633;14879;
1081;Nordjylland;2021-10-14;F;34;2;4;2716;365667;14883;
1085;Sjælland;2021-10-14;F;67;0;0;2716;365734;14883;
1083;Syddanmark;2021-10-14;F;58;1;2;2717;365792;14885;
1084;Hovedstaden;2021-10-14;M;177;1;7;2718;365969;14892;
1082;Midtjylland;2021-10-14;M;34;0;2;2718;366003;14894;
1081;Nordjylland;2021-10-14;M;21;0;1;2718;366024;14895;
1085;Sjælland;2021-10-14;M;62;0;2;2718;366086;14897;
1083;Syddanmark;2021-10-14;M;62;0;2;2718;366148;14899;
1084;Hovedstaden;2021-10-15;F;195;0;6;2718;366343;14905;
1082;Midtjylland;2021-10-15;F;44;0;1;2718;366387;14906;
1081;Nordjylland;2021-10-15;F;14;0;0;2718;366401;14906;
1085;Sjælland;2021-10-15;F;56;0;2;2718;366457;14908;
1083;Syddanmark;2021-10-15;F;42;0;1;2718;366499;14909;
1084;Hovedstaden;2021-10-15;M;163;0;4;2718;366662;14913;
1082;Midtjylland;2021-10-15;M;46;0;1;2718;366708;14914;
1081;Nordjylland;2021-10-15;M;14;0;1;2718;366722;14915;
1085;Sjælland;2021-10-15;M;45;1;2;2719;366767;14917;
1083;Syddanmark;2021-10-15;M;39;0;1;2719;366806;14918;
1084;Hovedstaden;2021-10-16;F;179;0;3;2719;366985;14921;
1082;Midtjylland;2021-10-16;F;37;0;0;2719;367022;14921;
1081;Nordjylland;2021-10-16;F;24;0;0;2719;367046;14921;
1085;Sjælland;2021-10-16;F;41;0;0;2719;367087;14921;
1083;Syddanmark;2021-10-16;F;38;0;0;2719;367125;14921;
1084;Hovedstaden;2021-10-16;M;152;1;8;2720;367277;14929;
1082;Midtjylland;2021-10-16;M;30;0;0;2720;367307;14929;
1081;Nordjylland;2021-10-16;M;29;2;2;2722;367336;14931;
1085;Sjælland;2021-10-16;M;39;0;3;2722;367375;14934;
1083;Syddanmark;2021-10-16;M;31;0;0;2722;367406;14934;
1084;Hovedstaden;2021-10-17;F;222;0;2;2722;367628;14936;
1082;Midtjylland;2021-10-17;F;37;0;0;2722;367665;14936;
1081;Nordjylland;2021-10-17;F;35;0;0;2722;367700;14936;
1085;Sjælland;2021-10-17;F;56;0;0;2722;367756;14936;
1083;Syddanmark;2021-10-17;F;38;0;2;2722;367794;14938;
1084;Hovedstaden;2021-10-17;M;192;3;9;2725;367986;14947;
1082;Midtjylland;2021-10-17;M;20;0;0;2725;368006;14947;
1081;Nordjylland;2021-10-17;M;39;0;0;2725;368045;14947;
1085;Sjælland;2021-10-17;M;42;0;0;2725;368087;14947;
1083;Syddanmark;2021-10-17;M;38;0;1;2725;368125;14948;
1084;Hovedstaden;2021-10-18;F;288;1;11;2726;368413;14959;
1082;Midtjylland;2021-10-18;F;55;1;3;2727;368468;14962;
1081;Nordjylland;2021-10-18;F;37;0;0;2727;368505;14962;
1085;Sjælland;2021-10-18;F;99;0;3;2727;368604;14965;
1083;Syddanmark;2021-10-18;F;72;0;1;2727;368676;14966;
1084;Hovedstaden;2021-10-18;M;217;0;9;2727;368893;14975;
1082;Midtjylland;2021-10-18;M;36;0;2;2727;368929;14977;
1081;Nordjylland;2021-10-18;M;34;0;3;2727;368963;14980;
1085;Sjælland;2021-10-18;M;78;0;2;2727;369041;14982;
1083;Syddanmark;2021-10-18;M;57;0;3;2727;369098;14985;
1084;Hovedstaden;2021-10-19;F;343;1;6;2728;369441;14991;
1082;Midtjylland;2021-10-19;F;58;1;1;2729;369499;14992;
1081;Nordjylland;2021-10-19;F;46;0;0;2729;369545;14992;
1085;Sjælland;2021-10-19;F;81;0;3;2729;369626;14995;
1083;Syddanmark;2021-10-19;F;60;0;1;2729;369686;14996;
1084;Hovedstaden;2021-10-19;M;293;1;11;2730;369979;15007;
1082;Midtjylland;2021-10-19;M;60;0;2;2730;370039;15009;
1081;Nordjylland;2021-10-19;M;34;0;0;2730;370073;15009;
1085;Sjælland;2021-10-19;M;85;0;2;2730;370158;15011;
1083;Syddanmark;2021-10-19;M;68;0;0;2730;370226;15011;
1084;Hovedstaden;2021-10-20;F;357;0;6;2730;370583;15017;
1082;Midtjylland;2021-10-20;F;71;0;1;2730;370654;15018;
1081;Nordjylland;2021-10-20;F;45;0;1;2730;370699;15019;
1085;Sjælland;2021-10-20;F;74;0;2;2730;370773;15021;
1083;Syddanmark;2021-10-20;F;97;1;5;2731;370870;15026;
1084;Hovedstaden;2021-10-20;M;377;1;11;2732;371247;15037;
1082;Midtjylland;2021-10-20;M;72;0;2;2732;371319;15039;
1081;Nordjylland;2021-10-20;M;45;0;2;2732;371364;15041;
1085;Sjælland;2021-10-20;M;79;0;2;2732;371443;15043;
1083;Syddanmark;2021-10-20;M;76;0;2;2732;371519;15045;
1084;Hovedstaden;2021-10-21;F;415;1;11;2733;371934;15056;
1082;Midtjylland;2021-10-21;F;70;1;2;2734;372004;15058;
1081;Nordjylland;2021-10-21;F;55;0;2;2734;372059;15060;
1085;Sjælland;2021-10-21;F;128;0;1;2734;372187;15061;
1083;Syddanmark;2021-10-21;F;70;0;1;2734;372257;15062;
1084;Hovedstaden;2021-10-21;M;359;2;8;2736;372616;15070;
1082;Midtjylland;2021-10-21;M;89;0;6;2736;372705;15076;
1081;Nordjylland;2021-10-21;M;50;0;0;2736;372755;15076;
1085;Sjælland;2021-10-21;M;121;0;4;2736;372876;15080;
1083;Syddanmark;2021-10-21;M;59;1;2;2737;372935;15082;
1084;Hovedstaden;2021-10-22;F;361;1;8;2738;373296;15090;
1082;Midtjylland;2021-10-22;F;70;0;1;2738;373366;15091;
1081;Nordjylland;2021-10-22;F;37;0;3;2738;373403;15094;
1085;Sjælland;2021-10-22;F;74;0;2;2738;373477;15096;
1083;Syddanmark;2021-10-22;F;69;1;0;2739;373546;15096;
1084;Hovedstaden;2021-10-22;M;344;1;11;2740;373890;15107;
1082;Midtjylland;2021-10-22;M;98;0;2;2740;373988;15109;
1081;Nordjylland;2021-10-22;M;49;2;3;2742;374037;15112;
1085;Sjælland;2021-10-22;M;63;1;1;2743;374100;15113;
1083;Syddanmark;2021-10-22;M;78;0;2;2743;374178;15115;
1084;Hovedstaden;2021-10-23;F;369;2;11;2745;374547;15126;
1082;Midtjylland;2021-10-23;F;84;0;0;2745;374631;15126;
1081;Nordjylland;2021-10-23;F;48;0;2;2745;374679;15128;
1085;Sjælland;2021-10-23;F;64;0;2;2745;374743;15130;
1083;Syddanmark;2021-10-23;F;67;0;2;2745;374810;15132;
1084;Hovedstaden;2021-10-23;M;325;1;14;2746;375135;15146;
1082;Midtjylland;2021-10-23;M;78;0;2;2746;375213;15148;
1081;Nordjylland;2021-10-23;M;36;0;3;2746;375249;15151;
1085;Sjælland;2021-10-23;M;62;2;4;2748;375311;15155;
1083;Syddanmark;2021-10-23;M;77;1;3;2749;375388;15158;
1084;Hovedstaden;2021-10-24;F;407;0;10;2749;375795;15168;
1082;Midtjylland;2021-10-24;F;94;0;4;2749;375889;15172;
1081;Nordjylland;2021-10-24;F;50;0;3;2749;375939;15175;
1085;Sjælland;2021-10-24;F;93;0;2;2749;376032;15177;
1083;Syddanmark;2021-10-24;F;84;0;2;2749;376116;15179;
1084;Hovedstaden;2021-10-24;M;390;2;12;2751;376506;15191;
1082;Midtjylland;2021-10-24;M;87;0;3;2751;376593;15194;
1081;Nordjylland;2021-10-24;M;54;0;1;2751;376647;15195;
1085;Sjælland;2021-10-24;M;93;0;2;2751;376740;15197;
1083;Syddanmark;2021-10-24;M;104;0;3;2751;376844;15200;
1084;Hovedstaden;2021-10-25;F;447;0;13;2751;377291;15213;
1082;Midtjylland;2021-10-25;F;98;0;1;2751;377389;15214;
1081;Nordjylland;2021-10-25;F;46;0;1;2751;377435;15215;
1085;Sjælland;2021-10-25;F;139;1;2;2752;377574;15217;
1083;Syddanmark;2021-10-25;F;118;0;2;2752;377692;15219;
1084;Hovedstaden;2021-10-25;M;389;1;7;2753;378081;15226;
1082;Midtjylland;2021-10-25;M;89;1;3;2754;378170;15229;
1081;Nordjylland;2021-10-25;M;39;1;1;2755;378209;15230;
1085;Sjælland;2021-10-25;M;153;0;8;2755;378362;15238;
1083;Syddanmark;2021-10-25;M;109;0;2;2755;378471;15240;
1084;Hovedstaden;2021-10-26;F;545;1;6;2756;379016;15246;
1082;Midtjylland;2021-10-26;F;96;0;4;2756;379112;15250;
1081;Nordjylland;2021-10-26;F;53;1;0;2757;379165;15250;
1085;Sjælland;2021-10-26;F;168;0;4;2757;379333;15254;
1083;Syddanmark;2021-10-26;F;124;2;4;2759;379457;15258;
1084;Hovedstaden;2021-10-26;M;518;2;14;2761;379975;15272;
1082;Midtjylland;2021-10-26;M;79;0;2;2761;380054;15274;
1081;Nordjylland;2021-10-26;M;49;0;2;2761;380103;15276;
1085;Sjælland;2021-10-26;M;163;0;1;2761;380266;15277;
1083;Syddanmark;2021-10-26;M;123;0;4;2761;380389;15281;
1084;Hovedstaden;2021-10-27;F;524;2;7;2763;380913;15288;
1082;Midtjylland;2021-10-27;F;122;0;0;2763;381035;15288;
1081;Nordjylland;2021-10-27;F;46;0;1;2763;381081;15289;
1085;Sjælland;2021-10-27;F;128;0;2;2763;381209;15291;
1083;Syddanmark;2021-10-27;F;119;0;3;2763;381328;15294;
1084;Hovedstaden;2021-10-27;M;509;2;14;2765;381837;15308;
1082;Midtjylland;2021-10-27;M;109;1;6;2766;381946;15314;
1081;Nordjylland;2021-10-27;M;45;0;3;2766;381991;15317;
1085;Sjælland;2021-10-27;M;107;0;1;2766;382098;15318;
1083;Syddanmark;2021-10-27;M;134;0;1;2766;382232;15319;
1084;Hovedstaden;2021-10-28;F;497;1;12;2767;382729;15331;
1082;Midtjylland;2021-10-28;F;126;0;3;2767;382855;15334;
1081;Nordjylland;2021-10-28;F;42;0;2;2767;382897;15336;
1085;Sjælland;2021-10-28;F;148;0;2;2767;383045;15338;
1083;Syddanmark;2021-10-28;F;120;0;3;2767;383165;15341;
1084;Hovedstaden;2021-10-28;M;453;3;11;2770;383618;15352;
1082;Midtjylland;2021-10-28;M;96;0;1;2770;383714;15353;
1081;Nordjylland;2021-10-28;M;40;0;0;2770;383754;15353;
1085;Sjælland;2021-10-28;M;138;0;5;2770;383892;15358;
1083;Syddanmark;2021-10-28;M;130;0;5;2770;384022;15363;
1084;Hovedstaden;2021-10-29;F;421;0;7;2770;384443;15370;
1082;Midtjylland;2021-10-29;F;122;1;4;2771;384565;15374;
1081;Nordjylland;2021-10-29;F;41;1;1;2772;384606;15375;
1085;Sjælland;2021-10-29;F;139;1;3;2773;384745;15378;
1083;Syddanmark;2021-10-29;F;114;2;4;2775;384859;15382;
1084;Hovedstaden;2021-10-29;M;405;2;11;2777;385264;15393;
1082;Midtjylland;2021-10-29;M;91;0;0;2777;385355;15393;
1081;Nordjylland;2021-10-29;M;50;0;3;2777;385405;15396;
1085;Sjælland;2021-10-29;M;155;0;2;2777;385560;15398;
1083;Syddanmark;2021-10-29;M;91;0;3;2777;385651;15401;
1084;Hovedstaden;2021-10-30;F;419;2;10;2779;386070;15411;
1082;Midtjylland;2021-10-30;F;91;0;1;2779;386161;15412;
1081;Nordjylland;2021-10-30;F;41;0;1;2779;386202;15413;
1085;Sjælland;2021-10-30;F;89;0;2;2779;386291;15415;
1083;Syddanmark;2021-10-30;F;85;1;2;2780;386376;15417;
1084;Hovedstaden;2021-10-30;M;367;1;5;2781;386743;15422;
1082;Midtjylland;2021-10-30;M;96;0;0;2781;386839;15422;
1081;Nordjylland;2021-10-30;M;46;0;3;2781;386885;15425;
1085;Sjælland;2021-10-30;M;87;0;3;2781;386972;15428;
1083;Syddanmark;2021-10-30;M;92;0;3;2781;387064;15431;
1084;Hovedstaden;2021-10-31;F;475;0;11;2781;387539;15442;
1082;Midtjylland;2021-10-31;F;121;0;0;2781;387660;15442;
1081;Nordjylland;2021-10-31;F;55;0;3;2781;387715;15445;
1085;Sjælland;2021-10-31;F;127;0;3;2781;387842;15448;
1083;Syddanmark;2021-10-31;F;137;0;4;2781;387979;15452;
1084;Hovedstaden;2021-10-31;M;407;1;10;2782;388386;15462;
1082;Midtjylland;2021-10-31;M;112;0;2;2782;388498;15464;
1081;Nordjylland;2021-10-31;M;67;0;2;2782;388565;15466;
1085;Sjælland;2021-10-31;M;102;0;1;2782;388667;15467;
1083;Syddanmark;2021-10-31;M;126;0;2;2782;388793;15469;
1084;Hovedstaden;2021-11-01;F;532;2;17;2784;389325;15486;
1082;Midtjylland;2021-11-01;F;132;0;1;2784;389457;15487;
1081;Nordjylland;2021-11-01;F;63;0;2;2784;389520;15489;
1085;Sjælland;2021-11-01;F;213;0;2;2784;389733;15491;
1083;Syddanmark;2021-11-01;F;154;0;6;2784;389887;15497;
1084;Hovedstaden;2021-11-01;M;551;3;17;2787;390438;15514;
1082;Midtjylland;2021-11-01;M;151;0;2;2787;390589;15516;
1081;Nordjylland;2021-11-01;M;82;0;2;2787;390671;15518;
1085;Sjælland;2021-11-01;M;183;0;3;2787;390854;15521;
1083;Syddanmark;2021-11-01;M;160;1;4;2788;391014;15525;
1084;Hovedstaden;2021-11-02;F;647;0;13;2788;391661;15538;
1082;Midtjylland;2021-11-02;F;136;1;3;2789;391797;15541;
1081;Nordjylland;2021-11-02;F;77;0;0;2789;391874;15541;
1085;Sjælland;2021-11-02;F;159;0;2;2789;392033;15543;
1083;Syddanmark;2021-11-02;F;175;0;2;2789;392208;15545;
1084;Hovedstaden;2021-11-02;M;556;1;7;2790;392764;15552;
1082;Midtjylland;2021-11-02;M;149;1;2;2791;392913;15554;
1081;Nordjylland;2021-11-02;M;71;0;2;2791;392984;15556;
1085;Sjælland;2021-11-02;M;207;0;4;2791;393191;15560;
1083;Syddanmark;2021-11-02;M;165;0;7;2791;393356;15567;
1084;Hovedstaden;2021-11-03;F;562;0;10;2791;393918;15577;
1082;Midtjylland;2021-11-03;F;175;0;2;2791;394093;15579;
1081;Nordjylland;2021-11-03;F;94;0;1;2791;394187;15580;
1085;Sjælland;2021-11-03;F;157;0;2;2791;394344;15582;
1083;Syddanmark;2021-11-03;F;158;0;4;2791;394502;15586;
1084;Hovedstaden;2021-11-03;M;577;0;15;2791;395079;15601;
1082;Midtjylland;2021-11-03;M;168;0;2;2791;395247;15603;
1081;Nordjylland;2021-11-03;M;76;1;4;2792;395323;15607;
1085;Sjælland;2021-11-03;M;187;0;0;2792;395510;15607;
1083;Syddanmark;2021-11-03;M;172;2;5;2794;395682;15612;
1084;Hovedstaden;2021-11-04;F;554;4;12;2798;396236;15624;
1082;Midtjylland;2021-11-04;F;172;0;3;2798;396408;15627;
1081;Nordjylland;2021-11-04;F;67;1;1;2799;396475;15628;
1085;Sjælland;2021-11-04;F;209;0;5;2799;396684;15633;
1083;Syddanmark;2021-11-04;F;166;1;2;2800;396850;15635;
1084;Hovedstaden;2021-11-04;M;543;3;14;2803;397393;15649;
1082;Midtjylland;2021-11-04;M;153;0;4;2803;397546;15653;
1081;Nordjylland;2021-11-04;M;81;0;1;2803;397627;15654;
1085;Sjælland;2021-11-04;M;253;1;4;2804;397880;15658;
1083;Syddanmark;2021-11-04;M;163;0;5;2804;398043;15663;
1084;Hovedstaden;2021-11-05;F;527;2;8;2806;398570;15671;
1082;Midtjylland;2021-11-05;F;194;0;1;2806;398764;15672;
1081;Nordjylland;2021-11-05;F;72;0;1;2806;398836;15673;
1085;Sjælland;2021-11-05;F;173;0;5;2806;399009;15678;
1083;Syddanmark;2021-11-05;F;185;0;2;2806;399194;15680;
1084;Hovedstaden;2021-11-05;M;493;3;12;2809;399687;15692;
1082;Midtjylland;2021-11-05;M;174;0;1;2809;399861;15693;
1081;Nordjylland;2021-11-05;M;75;1;1;2810;399936;15694;
1085;Sjælland;2021-11-05;M;182;0;4;2810;400118;15698;
1083;Syddanmark;2021-11-05;M;153;0;5;2810;400271;15703;
1084;Hovedstaden;2021-11-06;F;514;0;7;2810;400785;15710;
1082;Midtjylland;2021-11-06;F;138;0;0;2810;400923;15710;
1081;Nordjylland;2021-11-06;F;75;1;1;2811;400998;15711;
1085;Sjælland;2021-11-06;F;111;1;2;2812;401109;15713;
1083;Syddanmark;2021-11-06;F;125;0;1;2812;401234;15714;
1084;Hovedstaden;2021-11-06;M;519;1;9;2813;401753;15723;
1082;Midtjylland;2021-11-06;M;144;0;1;2813;401897;15724;
1081;Nordjylland;2021-11-06;M;62;0;1;2813;401959;15725;
1085;Sjælland;2021-11-06;M;141;0;0;2813;402100;15725;
1083;Syddanmark;2021-11-06;M;136;0;4;2813;402236;15729;
1084;Hovedstaden;2021-11-07;F;639;0;7;2813;402875;15736;
1082;Midtjylland;2021-11-07;F;242;0;0;2813;403117;15736;
1081;Nordjylland;2021-11-07;F;124;0;0;2813;403241;15736;
1085;Sjælland;2021-11-07;F;149;0;4;2813;403390;15740;
1083;Syddanmark;2021-11-07;F;191;1;6;2814;403581;15746;
1084;Hovedstaden;2021-11-07;M;628;4;17;2818;404209;15763;
1082;Midtjylland;2021-11-07;M;195;2;5;2820;404404;15768;
1081;Nordjylland;2021-11-07;M;87;1;1;2821;404491;15769;
1085;Sjælland;2021-11-07;M;159;0;2;2821;404650;15771;
1083;Syddanmark;2021-11-07;M;184;0;3;2821;404834;15774;
1084;Hovedstaden;2021-11-08;F;703;2;9;2823;405537;15783;
1082;Midtjylland;2021-11-08;F;264;0;1;2823;405801;15784;
1081;Nordjylland;2021-11-08;F;126;0;1;2823;405927;15785;
1085;Sjælland;2021-11-08;F;313;1;4;2824;406240;15789;
1083;Syddanmark;2021-11-08;F;265;0;2;2824;406505;15791;
1084;Hovedstaden;2021-11-08;M;740;2;21;2826;407245;15812;
1082;Midtjylland;2021-11-08;M;278;0;4;2826;407523;15816;
1081;Nordjylland;2021-11-08;M;126;1;3;2827;407649;15819;
1085;Sjælland;2021-11-08;M;288;0;4;2827;407937;15823;
1083;Syddanmark;2021-11-08;M;240;0;5;2827;408177;15828;
1084;Hovedstaden;2021-11-09;F;820;1;11;2828;408997;15839;
1082;Midtjylland;2021-11-09;F;300;0;1;2828;409297;15840;
1081;Nordjylland;2021-11-09;F;121;0;0;2828;409418;15840;
1085;Sjælland;2021-11-09;F;269;1;2;2829;409687;15842;
1083;Syddanmark;2021-11-09;F;280;1;5;2830;409967;15847;
1084;Hovedstaden;2021-11-09;M;820;0;13;2830;410787;15860;
1082;Midtjylland;2021-11-09;M;273;1;1;2831;411060;15861;
1081;Nordjylland;2021-11-09;M;142;0;1;2831;411202;15862;
1085;Sjælland;2021-11-09;M;272;0;4;2831;411474;15866;
1083;Syddanmark;2021-11-09;M;266;1;6;2832;411740;15872;
1084;Hovedstaden;2021-11-10;F;875;1;13;2833;412615;15885;
1082;Midtjylland;2021-11-10;F;300;0;1;2833;412915;15886;
1081;Nordjylland;2021-11-10;F;138;0;1;2833;413053;15887;
1085;Sjælland;2021-11-10;F;222;1;3;2834;413275;15890;
1083;Syddanmark;2021-11-10;F;259;0;6;2834;413534;15896;
1084;Hovedstaden;2021-11-10;M;833;2;8;2836;414367;15904;
1082;Midtjylland;2021-11-10;M;284;0;3;2836;414651;15907;
1081;Nordjylland;2021-11-10;M;139;3;5;2839;414790;15912;
1085;Sjælland;2021-11-10;M;225;1;5;2840;415015;15917;
1083;Syddanmark;2021-11-10;M;244;1;8;2841;415259;15925;
1084;Hovedstaden;2021-11-11;F;813;2;15;2843;416072;15940;
1082;Midtjylland;2021-11-11;F;253;0;3;2843;416325;15943;
1081;Nordjylland;2021-11-11;F;117;0;2;2843;416442;15945;
1085;Sjælland;2021-11-11;F;299;0;6;2843;416741;15951;
1083;Syddanmark;2021-11-11;F;263;0;3;2843;417004;15954;
1084;Hovedstaden;2021-11-11;M;772;2;12;2845;417776;15966;
1082;Midtjylland;2021-11-11;M;223;0;1;2845;417999;15967;
1081;Nordjylland;2021-11-11;M;104;0;2;2845;418103;15969;
1085;Sjælland;2021-11-11;M;309;3;10;2848;418412;15979;
1083;Syddanmark;2021-11-11;M;292;2;11;2850;418704;15990;
1084;Hovedstaden;2021-11-12;F;667;0;8;2850;419371;15998;
1082;Midtjylland;2021-11-12;F;225;0;2;2850;419596;16000;
1081;Nordjylland;2021-11-12;F;118;0;1;2850;419714;16001;
1085;Sjælland;2021-11-12;F;251;0;4;2850;419965;16005;
1083;Syddanmark;2021-11-12;F;241;1;7;2851;420206;16012;
1084;Hovedstaden;2021-11-12;M;675;2;10;2853;420881;16022;
1082;Midtjylland;2021-11-12;M;221;0;2;2853;421102;16024;
1081;Nordjylland;2021-11-12;M;130;1;4;2854;421232;16028;
1085;Sjælland;2021-11-12;M;232;3;10;2857;421464;16038;
1083;Syddanmark;2021-11-12;M;220;3;11;2860;421684;16049;
1084;Hovedstaden;2021-11-13;F;764;0;17;2860;422448;16066;
1082;Midtjylland;2021-11-13;F;272;0;4;2860;422720;16070;
1081;Nordjylland;2021-11-13;F;118;1;1;2861;422838;16071;
1085;Sjælland;2021-11-13;F;156;2;4;2863;422994;16075;
1083;Syddanmark;2021-11-13;F;215;1;4;2864;423209;16079;
1084;Hovedstaden;2021-11-13;M;702;2;7;2866;423911;16086;
1082;Midtjylland;2021-11-13;M;210;0;3;2866;424121;16089;
1081;Nordjylland;2021-11-13;M;114;0;1;2866;424235;16090;
1085;Sjælland;2021-11-13;M;165;1;6;2867;424400;16096;
1083;Syddanmark;2021-11-13;M;199;0;3;2867;424599;16099;
1084;Hovedstaden;2021-11-14;F;803;4;12;2871;425402;16111;
1082;Midtjylland;2021-11-14;F;247;0;4;2871;425649;16115;
1081;Nordjylland;2021-11-14;F;128;0;3;2871;425777;16118;
1085;Sjælland;2021-11-14;F;186;0;9;2871;425963;16127;
1083;Syddanmark;2021-11-14;F;229;0;2;2871;426192;16129;
1084;Hovedstaden;2021-11-14;M;762;3;11;2874;426954;16140;
1082;Midtjylland;2021-11-14;M;226;0;2;2874;427180;16142;
1081;Nordjylland;2021-11-14;M;119;1;5;2875;427299;16147;
1085;Sjælland;2021-11-14;M;154;5;12;2880;427453;16159;
1083;Syddanmark;2021-11-14;M;225;2;8;2882;427678;16167;
1084;Hovedstaden;2021-11-15;F;951;2;16;2884;428629;16183;
1082;Midtjylland;2021-11-15;F;338;0;4;2884;428967;16187;
1081;Nordjylland;2021-11-15;F;205;2;1;2886;429172;16188;
1085;Sjælland;2021-11-15;F;410;2;9;2888;429582;16197;
1083;Syddanmark;2021-11-15;F;424;2;12;2890;430006;16209;
1084;Hovedstaden;2021-11-15;M;981;2;9;2892;430987;16218;
1082;Midtjylland;2021-11-15;M;305;1;8;2893;431292;16226;
1081;Nordjylland;2021-11-15;M;158;1;4;2894;431450;16230;
1085;Sjælland;2021-11-15;M;386;3;4;2897;431836;16234;
1083;Syddanmark;2021-11-15;M;349;2;9;2899;432185;16243;
1084;Hovedstaden;2021-11-16;F;910;1;13;2900;433095;16256;
1082;Midtjylland;2021-11-16;F;290;2;3;2902;433385;16259;
1081;Nordjylland;2021-11-16;F;157;0;3;2902;433542;16262;
1085;Sjælland;2021-11-16;F;346;0;6;2902;433888;16268;
1083;Syddanmark;2021-11-16;F;345;0;5;2902;434233;16273;
1084;Hovedstaden;2021-11-16;M;937;2;14;2904;435170;16287;
1082;Midtjylland;2021-11-16;M;300;1;4;2905;435470;16291;
1081;Nordjylland;2021-11-16;M;157;0;1;2905;435627;16292;
1085;Sjælland;2021-11-16;M;324;1;6;2906;435951;16298;
1083;Syddanmark;2021-11-16;M;361;0;10;2906;436312;16308;
1084;Hovedstaden;2021-11-17;F;942;3;13;2909;437254;16321;
1082;Midtjylland;2021-11-17;F;313;0;7;2909;437567;16328;
1081;Nordjylland;2021-11-17;F;168;2;4;2911;437735;16332;
1085;Sjælland;2021-11-17;F;267;2;12;2913;438002;16344;
1083;Syddanmark;2021-11-17;F;319;1;5;2914;438321;16349;
1084;Hovedstaden;2021-11-17;M;908;1;6;2915;439229;16355;
1082;Midtjylland;2021-11-17;M;277;0;3;2915;439506;16358;
1081;Nordjylland;2021-11-17;M;188;0;0;2915;439694;16358;
1085;Sjælland;2021-11-17;M;207;3;7;2918;439901;16365;
1083;Syddanmark;2021-11-17;M;357;1;15;2919;440258;16380;
1084;Hovedstaden;2021-11-18;F;1003;2;13;2921;441261;16393;
1082;Midtjylland;2021-11-18;F;301;0;6;2921;441562;16399;
1081;Nordjylland;2021-11-18;F;144;0;1;2921;441706;16400;
1085;Sjælland;2021-11-18;F;385;2;10;2923;442091;16410;
1083;Syddanmark;2021-11-18;F;338;0;3;2923;442429;16413;
1084;Hovedstaden;2021-11-18;M;926;5;21;2928;443355;16434;
1082;Midtjylland;2021-11-18;M;290;0;2;2928;443645;16436;
1081;Nordjylland;2021-11-18;M;151;0;1;2928;443796;16437;
1085;Sjælland;2021-11-18;M;309;1;7;2929;444105;16444;
1083;Syddanmark;2021-11-18;M;326;1;4;2930;444431;16448;
1084;Hovedstaden;2021-11-19;F;955;0;9;2930;445386;16457;
1082;Midtjylland;2021-11-19;F;261;0;2;2930;445647;16459;
1081;Nordjylland;2021-11-19;F;141;1;3;2931;445788;16462;
1085;Sjælland;2021-11-19;F;319;2;10;2933;446107;16472;
1083;Syddanmark;2021-11-19;F;397;3;5;2936;446504;16477;
1084;Hovedstaden;2021-11-19;M;977;3;16;2939;447481;16493;
1082;Midtjylland;2021-11-19;M;238;1;3;2940;447719;16496;
1081;Nordjylland;2021-11-19;M;141;0;3;2940;447860;16499;
1085;Sjælland;2021-11-19;M;327;2;11;2942;448187;16510;
1083;Syddanmark;2021-11-19;M;342;3;7;2945;448529;16517;
1084;Hovedstaden;2021-11-20;F;910;1;13;2946;449439;16530;
1082;Midtjylland;2021-11-20;F;293;2;4;2948;449732;16534;
1081;Nordjylland;2021-11-20;F;156;0;2;2948;449888;16536;
1085;Sjælland;2021-11-20;F;222;3;4;2951;450110;16540;
1083;Syddanmark;2021-11-20;F;296;1;6;2952;450406;16546;
1084;Hovedstaden;2021-11-20;M;925;1;17;2953;451331;16563;
1082;Midtjylland;2021-11-20;M;317;3;5;2956;451648;16568;
1081;Nordjylland;2021-11-20;M;137;0;2;2956;451785;16570;
1085;Sjælland;2021-11-20;M;170;2;6;2958;451955;16576;
1083;Syddanmark;2021-11-20;M;285;1;3;2959;452240;16579;
1084;Hovedstaden;2021-11-21;F;879;2;13;2961;453119;16592;
1082;Midtjylland;2021-11-21;F;296;1;2;2962;453415;16594;
1081;Nordjylland;2021-11-21;F;126;1;2;2963;453541;16596;
1085;Sjælland;2021-11-21;F;243;1;5;2964;453784;16601;
1083;Syddanmark;2021-11-21;F;316;3;4;2967;454100;16605;
1084;Hovedstaden;2021-11-21;M;891;0;8;2967;454991;16613;
1082;Midtjylland;2021-11-21;M;284;1;4;2968;455275;16617;
1081;Nordjylland;2021-11-21;M;126;0;6;2968;455401;16623;
1085;Sjælland;2021-11-21;M;225;0;5;2968;455626;16628;
1083;Syddanmark;2021-11-21;M;288;2;7;2970;455914;16635;
1084;Hovedstaden;2021-11-22;F;991;0;9;2970;456905;16644;
1082;Midtjylland;2021-11-22;F;301;0;2;2970;457206;16646;
1081;Nordjylland;2021-11-22;F;153;0;1;2970;457359;16647;
1085;Sjælland;2021-11-22;F;415;0;6;2970;457774;16653;
1083;Syddanmark;2021-11-22;F;369;1;6;2971;458143;16659;
1084;Hovedstaden;2021-11-22;M;1048;2;7;2973;459191;16666;
1082;Midtjylland;2021-11-22;M;308;0;6;2973;459499;16672;
1081;Nordjylland;2021-11-22;M;158;0;5;2973;459657;16677;
1085;Sjælland;2021-11-22;M;399;0;10;2973;460056;16687;
1083;Syddanmark;2021-11-22;M;347;2;3;2975;460403;16690;
1084;Hovedstaden;2021-11-23;F;1005;2;12;2977;461408;16702;
1082;Midtjylland;2021-11-23;F;326;0;1;2977;461734;16703;
1081;Nordjylland;2021-11-23;F;170;1;2;2978;461904;16705;
1085;Sjælland;2021-11-23;F;426;2;11;2980;462330;16716;
1083;Syddanmark;2021-11-23;F;461;2;7;2982;462791;16723;
1084;Hovedstaden;2021-11-23;M;1055;2;14;2984;463846;16737;
1082;Midtjylland;2021-11-23;M;336;0;5;2984;464182;16742;
1081;Nordjylland;2021-11-23;M;146;0;1;2984;464328;16743;
1085;Sjælland;2021-11-23;M;376;0;11;2984;464704;16754;
1083;Syddanmark;2021-11-23;M;399;1;8;2985;465103;16762;
1084;Hovedstaden;2021-11-24;F;994;1;15;2986;466097;16777;
1082;Midtjylland;2021-11-24;F;297;0;3;2986;466394;16780;
1081;Nordjylland;2021-11-24;F;148;0;4;2986;466542;16784;
1085;Sjælland;2021-11-24;F;257;0;4;2986;466799;16788;
1083;Syddanmark;2021-11-24;F;354;1;6;2987;467153;16794;
1084;Hovedstaden;2021-11-24;M;922;0;14;2987;468075;16808;
1082;Midtjylland;2021-11-24;M;306;0;7;2987;468381;16815;
1081;Nordjylland;2021-11-24;M;144;1;2;2988;468525;16817;
1085;Sjælland;2021-11-24;M;247;0;5;2988;468772;16822;
1083;Syddanmark;2021-11-24;M;342;2;8;2990;469114;16830;
1084;Hovedstaden;2021-11-25;F;948;1;24;2991;470062;16854;
1082;Midtjylland;2021-11-25;F;285;1;4;2992;470347;16858;
1081;Nordjylland;2021-11-25;F;128;1;2;2993;470475;16860;
1085;Sjælland;2021-11-25;F;339;0;2;2993;470814;16862;
1083;Syddanmark;2021-11-25;F;370;1;5;2994;471184;16867;
1084;Hovedstaden;2021-11-25;M;875;1;15;2995;472059;16882;
1082;Midtjylland;2021-11-25;M;302;2;5;2997;472361;16887;
1081;Nordjylland;2021-11-25;M;137;1;3;2998;472498;16890;
1085;Sjælland;2021-11-25;M;365;1;8;2999;472863;16898;
1083;Syddanmark;2021-11-25;M;330;0;7;2999;473193;16905;
1084;Hovedstaden;2021-11-26;F;980;1;14;3000;474173;16919;
1082;Midtjylland;2021-11-26;F;314;2;9;3002;474487;16928;
1081;Nordjylland;2021-11-26;F;120;1;1;3003;474607;16929;
1085;Sjælland;2021-11-26;F;325;2;3;3005;474932;16932;
1083;Syddanmark;2021-11-26;F;320;1;10;3006;475252;16942;
1084;Hovedstaden;2021-11-26;M;967;4;12;3010;476219;16954;
1082;Midtjylland;2021-11-26;M;311;1;5;3011;476530;16959;
1081;Nordjylland;2021-11-26;M;157;0;1;3011;476687;16960;
1085;Sjælland;2021-11-26;M;341;2;6;3013;477028;16966;
1083;Syddanmark;2021-11-26;M;312;2;10;3015;477340;16976;
1084;Hovedstaden;2021-11-27;F;898;1;12;3016;478238;16988;
1082;Midtjylland;2021-11-27;F;373;0;4;3016;478611;16992;
1081;Nordjylland;2021-11-27;F;154;0;1;3016;478765;16993;
1085;Sjælland;2021-11-27;F;223;0;2;3016;478988;16995;
1083;Syddanmark;2021-11-27;F;308;0;5;3016;479296;17000;
1084;Hovedstaden;2021-11-27;M;960;1;14;3017;480256;17014;
1082;Midtjylland;2021-11-27;M;329;0;4;3017;480585;17018;
1081;Nordjylland;2021-11-27;M;133;0;0;3017;480718;17018;
1085;Sjælland;2021-11-27;M;180;0;4;3017;480898;17022;
1083;Syddanmark;2021-11-27;M;278;0;6;3017;481176;17028;
1084;Hovedstaden;2021-11-28;F;938;1;10;3018;482114;17038;
1082;Midtjylland;2021-11-28;F;383;0;7;3018;482497;17045;
1081;Nordjylland;2021-11-28;F;144;0;4;3018;482641;17049;
1085;Sjælland;2021-11-28;F;212;1;4;3019;482853;17053;
1083;Syddanmark;2021-11-28;F;289;1;5;3020;483142;17058;
1084;Hovedstaden;2021-11-28;M;975;4;13;3024;484117;17071;
1082;Midtjylland;2021-11-28;M;329;1;5;3025;484446;17076;
1081;Nordjylland;2021-11-28;M;142;1;4;3026;484588;17080;
1085;Sjælland;2021-11-28;M;207;0;4;3026;484795;17084;
1083;Syddanmark;2021-11-28;M;260;0;3;3026;485055;17087;
1084;Hovedstaden;2021-11-29;F;1123;2;7;3028;486178;17094;
1082;Midtjylland;2021-11-29;F;377;2;9;3030;486555;17103;
1081;Nordjylland;2021-11-29;F;173;0;1;3030;486728;17104;
1085;Sjælland;2021-11-29;F;497;1;6;3031;487225;17110;
1083;Syddanmark;2021-11-29;F;433;0;12;3031;487658;17122;
1084;Hovedstaden;2021-11-29;M;1057;4;14;3035;488715;17136;
1082;Midtjylland;2021-11-29;M;368;0;4;3035;489083;17140;
1081;Nordjylland;2021-11-29;M;183;0;2;3035;489266;17142;
1085;Sjælland;2021-11-29;M;452;0;5;3035;489718;17147;
1083;Syddanmark;2021-11-29;M;402;2;9;3037;490120;17156;
1084;Hovedstaden;2021-11-30;F;1228;0;13;3037;491348;17169;
1082;Midtjylland;2021-11-30;F;407;0;4;3037;491755;17173;
1081;Nordjylland;2021-11-30;F;175;4;6;3041;491930;17179;
1085;Sjælland;2021-11-30;F;456;1;6;3042;492386;17185;
1083;Syddanmark;2021-11-30;F;453;0;2;3042;492839;17187;
1084;Hovedstaden;2021-11-30;M;1127;3;13;3045;493966;17200;
1082;Midtjylland;2021-11-30;M;433;0;6;3045;494399;17206;
1081;Nordjylland;2021-11-30;M;166;0;4;3045;494565;17210;
1085;Sjælland;2021-11-30;M;486;4;10;3049;495051;17220;
1083;Syddanmark;2021-11-30;M;469;2;4;3051;495520;17224;
1084;Hovedstaden;2021-12-01;F;1053;3;14;3054;496573;17238;
1082;Midtjylland;2021-12-01;F;376;0;1;3054;496949;17239;
1081;Nordjylland;2021-12-01;F;151;1;4;3055;497100;17243;
1085;Sjælland;2021-12-01;F;263;0;11;3055;497363;17254;
1083;Syddanmark;2021-12-01;F;398;1;5;3056;497761;17259;
1084;Hovedstaden;2021-12-01;M;1039;3;16;3059;498800;17275;
1082;Midtjylland;2021-12-01;M;419;0;2;3059;499219;17277;
1081;Nordjylland;2021-12-01;M;153;4;7;3063;499372;17284;
1085;Sjælland;2021-12-01;M;269;1;5;3064;499641;17289;
1083;Syddanmark;2021-12-01;M;404;0;10;3064;500045;17299;
1084;Hovedstaden;2021-12-02;F;980;4;17;3068;501025;17316;
1082;Midtjylland;2021-12-02;F;364;0;3;3068;501389;17319;
1081;Nordjylland;2021-12-02;F;85;0;1;3068;501474;17320;
1085;Sjælland;2021-12-02;F;414;1;9;3069;501888;17329;
1083;Syddanmark;2021-12-02;F;408;1;5;3070;502296;17334;
1084;Hovedstaden;2021-12-02;M;1018;2;19;3072;503314;17353;
1082;Midtjylland;2021-12-02;M;397;0;3;3072;503711;17356;
1081;Nordjylland;2021-12-02;M;92;0;1;3072;503803;17357;
1085;Sjælland;2021-12-02;M;374;1;4;3073;504177;17361;
1083;Syddanmark;2021-12-02;M;439;1;9;3074;504616;17370;
1084;Hovedstaden;2021-12-03;F;1164;1;13;3075;505780;17383;
1082;Midtjylland;2021-12-03;F;412;0;8;3075;506192;17391;
1081;Nordjylland;2021-12-03;F;189;0;1;3075;506381;17392;
1085;Sjælland;2021-12-03;F;401;0;8;3075;506782;17400;
1083;Syddanmark;2021-12-03;F;405;0;14;3075;507187;17414;
1084;Hovedstaden;2021-12-03;M;1156;3;13;3078;508343;17427;
1082;Midtjylland;2021-12-03;M;440;0;5;3078;508783;17432;
1081;Nordjylland;2021-12-03;M;190;0;8;3078;508973;17440;
1085;Sjælland;2021-12-03;M;418;2;11;3080;509391;17451;
1083;Syddanmark;2021-12-03;M;382;0;7;3080;509773;17458;
1084;Hovedstaden;2021-12-04;F;1247;0;13;3080;511020;17471;
1082;Midtjylland;2021-12-04;F;466;0;4;3080;511486;17475;
1081;Nordjylland;2021-12-04;F;211;0;4;3080;511697;17479;
1085;Sjælland;2021-12-04;F;275;0;1;3080;511972;17480;
1083;Syddanmark;2021-12-04;F;405;1;6;3081;512377;17486;
1084;Hovedstaden;2021-12-04;M;1158;1;13;3082;513535;17499;
1082;Midtjylland;2021-12-04;M;438;1;4;3083;513973;17503;
1081;Nordjylland;2021-12-04;M;228;0;6;3083;514201;17509;
1085;Sjælland;2021-12-04;M;240;1;6;3084;514441;17515;
1083;Syddanmark;2021-12-04;M;420;1;2;3085;514861;17517;
1084;Hovedstaden;2021-12-05;F;1128;2;14;3087;515989;17531;
1082;Midtjylland;2021-12-05;F;404;1;6;3088;516393;17537;
1081;Nordjylland;2021-12-05;F;180;0;4;3088;516573;17541;
1085;Sjælland;2021-12-05;F;306;1;4;3089;516879;17545;
1083;Syddanmark;2021-12-05;F;345;0;3;3089;517224;17548;
1084;Hovedstaden;2021-12-05;M;1108;0;9;3089;518332;17557;
1082;Midtjylland;2021-12-05;M;479;0;3;3089;518811;17560;
1081;Nordjylland;2021-12-05;M;207;0;2;3089;519018;17562;
1085;Sjælland;2021-12-05;M;310;1;3;3090;519328;17565;
1083;Syddanmark;2021-12-05;M;327;0;8;3090;519655;17573;
1084;Hovedstaden;2021-12-06;F;1565;4;15;3094;521220;17588;
1082;Midtjylland;2021-12-06;F;582;1;4;3095;521802;17592;
1081;Nordjylland;2021-12-06;F;225;0;7;3095;522027;17599;
1085;Sjælland;2021-12-06;F;649;0;12;3095;522676;17611;
1083;Syddanmark;2021-12-06;F;541;1;9;3096;523217;17620;
1084;Hovedstaden;2021-12-06;M;1462;3;15;3099;524679;17635;
1082;Midtjylland;2021-12-06;M;617;3;9;3102;525296;17644;
1081;Nordjylland;2021-12-06;M;238;1;6;3103;525534;17650;
1085;Sjælland;2021-12-06;M;637;1;10;3104;526171;17660;
1083;Syddanmark;2021-12-06;M;563;4;7;3108;526734;17667;
1084;Hovedstaden;2021-12-07;F;1634;3;22;3111;528368;17689;
1082;Midtjylland;2021-12-07;F;623;0;5;3111;528991;17694;
1081;Nordjylland;2021-12-07;F;233;0;5;3111;529224;17699;
1085;Sjælland;2021-12-07;F;648;1;5;3112;529872;17704;
1083;Syddanmark;2021-12-07;F;558;0;11;3112;530430;17715;
1084;Hovedstaden;2021-12-07;M;1569;3;19;3115;531999;17734;
1082;Midtjylland;2021-12-07;M;630;1;5;3116;532629;17739;
1081;Nordjylland;2021-12-07;M;244;1;2;3117;532873;17741;
1085;Sjælland;2021-12-07;M;614;1;5;3118;533487;17746;
1083;Syddanmark;2021-12-07;M;569;1;13;3119;534056;17759;
1084;Hovedstaden;2021-12-08;F;1481;0;10;3119;535537;17769;
1082;Midtjylland;2021-12-08;F;611;3;5;3122;536148;17774;
1081;Nordjylland;2021-12-08;F;244;0;2;3122;536392;17776;
1085;Sjælland;2021-12-08;F;405;2;5;3124;536797;17781;
1083;Syddanmark;2021-12-08;F;529;0;6;3124;537326;17787;
1084;Hovedstaden;2021-12-08;M;1529;2;23;3126;538855;17810;
1082;Midtjylland;2021-12-08;M;627;0;1;3126;539482;17811;
1081;Nordjylland;2021-12-08;M;273;0;3;3126;539755;17814;
1085;Sjælland;2021-12-08;M;440;2;8;3128;540195;17822;
1083;Syddanmark;2021-12-08;M;519;1;5;3129;540714;17827;
1084;Hovedstaden;2021-12-09;F;1525;1;19;3130;542239;17846;
1082;Midtjylland;2021-12-09;F;593;0;6;3130;542832;17852;
1081;Nordjylland;2021-12-09;F;201;0;1;3130;543033;17853;
1085;Sjælland;2021-12-09;F;484;0;7;3130;543517;17860;
1083;Syddanmark;2021-12-09;F;482;0;8;3130;543999;17868;
1084;Hovedstaden;2021-12-09;M;1498;2;18;3132;545497;17886;
1082;Midtjylland;2021-12-09;M;621;1;8;3133;546118;17894;
1081;Nordjylland;2021-12-09;M;217;0;1;3133;546335;17895;
1085;Sjælland;2021-12-09;M;478;0;7;3133;546813;17902;
1083;Syddanmark;2021-12-09;M;536;5;7;3138;547349;17909;
1084;Hovedstaden;2021-12-10;F;1553;1;23;3139;548902;17932;
1082;Midtjylland;2021-12-10;F;593;1;1;3140;549495;17933;
1081;Nordjylland;2021-12-10;F;223;0;3;3140;549718;17936;
1085;Sjælland;2021-12-10;F;550;1;8;3141;550268;17944;
1083;Syddanmark;2021-12-10;F;496;0;7;3141;550764;17951;
1084;Hovedstaden;2021-12-10;M;1547;1;14;3142;552311;17965;
1082;Midtjylland;2021-12-10;M;614;1;4;3143;552925;17969;
1081;Nordjylland;2021-12-10;M;218;1;2;3144;553143;17971;
1085;Sjælland;2021-12-10;M;548;1;10;3145;553691;17981;
1083;Syddanmark;2021-12-10;M;587;3;11;3148;554278;17992;
1084;Hovedstaden;2021-12-11;F;1605;0;18;3148;555883;18010;
1082;Midtjylland;2021-12-11;F;628;1;3;3149;556511;18013;
1081;Nordjylland;2021-12-11;F;283;0;4;3149;556794;18017;
1085;Sjælland;2021-12-11;F;386;0;3;3149;557180;18020;
1083;Syddanmark;2021-12-11;F;468;0;4;3149;557648;18024;
1084;Hovedstaden;2021-12-11;M;1659;0;13;3149;559307;18037;
1082;Midtjylland;2021-12-11;M;623;1;6;3150;559930;18043;
1081;Nordjylland;2021-12-11;M;232;0;2;3150;560162;18045;
1085;Sjælland;2021-12-11;M;376;1;5;3151;560538;18050;
1083;Syddanmark;2021-12-11;M;428;2;3;3153;560966;18053;
1084;Hovedstaden;2021-12-12;F;1860;1;16;3154;562826;18069;
1082;Midtjylland;2021-12-12;F;748;0;1;3154;563574;18070;
1081;Nordjylland;2021-12-12;F;241;0;1;3154;563815;18071;
1085;Sjælland;2021-12-12;F;383;2;8;3156;564198;18079;
1083;Syddanmark;2021-12-12;F;487;0;3;3156;564685;18082;
1084;Hovedstaden;2021-12-12;M;1609;5;19;3161;566294;18101;
1082;Midtjylland;2021-12-12;M;692;0;5;3161;566986;18106;
1081;Nordjylland;2021-12-12;M;276;1;2;3162;567262;18108;
1085;Sjælland;2021-12-12;M;365;1;3;3163;567627;18111;
1083;Syddanmark;2021-12-12;M;473;1;5;3164;568100;18116;
1084;Hovedstaden;2021-12-13;F;2540;4;22;3168;570640;18138;
1082;Midtjylland;2021-12-13;F;898;0;7;3168;571538;18145;
1081;Nordjylland;2021-12-13;F;312;0;3;3168;571850;18148;
1085;Sjælland;2021-12-13;F;900;0;12;3168;572750;18160;
1083;Syddanmark;2021-12-13;F;730;1;5;3169;573480;18165;
1084;Hovedstaden;2021-12-13;M;2391;6;20;3175;575871;18185;
1082;Midtjylland;2021-12-13;M;885;2;6;3177;576756;18191;
1081;Nordjylland;2021-12-13;M;342;2;4;3179;577098;18195;
1085;Sjælland;2021-12-13;M;836;1;11;3180;577934;18206;
1083;Syddanmark;2021-12-13;M;736;0;8;3180;578670;18214;
1084;Hovedstaden;2021-12-14;F;2877;3;15;3183;581547;18229;
1082;Midtjylland;2021-12-14;F;919;3;3;3186;582466;18232;
1081;Nordjylland;2021-12-14;F;334;0;1;3186;582800;18233;
1085;Sjælland;2021-12-14;F;861;1;8;3187;583661;18241;
1083;Syddanmark;2021-12-14;F;802;0;6;3187;584463;18247;
1084;Hovedstaden;2021-12-14;M;2831;2;21;3189;587294;18268;
1082;Midtjylland;2021-12-14;M;873;1;4;3190;588167;18272;
1081;Nordjylland;2021-12-14;M;343;0;1;3190;588510;18273;
1085;Sjælland;2021-12-14;M;871;3;11;3193;589381;18284;
1083;Syddanmark;2021-12-14;M;767;0;8;3193;590148;18292;
1084;Hovedstaden;2021-12-15;F;2942;4;30;3197;593090;18322;
1082;Midtjylland;2021-12-15;F;909;0;7;3197;593999;18329;
1081;Nordjylland;2021-12-15;F;352;1;5;3198;594351;18334;
1085;Sjælland;2021-12-15;F;666;0;10;3198;595017;18344;
1083;Syddanmark;2021-12-15;F;694;0;5;3198;595711;18349;
1084;Hovedstaden;2021-12-15;M;3007;6;31;3204;598718;18380;
1082;Midtjylland;2021-12-15;M;900;1;4;3205;599618;18384;
1081;Nordjylland;2021-12-15;M;330;0;3;3205;599948;18387;
1085;Sjælland;2021-12-15;M;680;3;12;3208;600628;18399;
1083;Syddanmark;2021-12-15;M;707;1;5;3209;601335;18404;
1084;Hovedstaden;2021-12-16;F;2689;2;18;3211;604024;18422;
1082;Midtjylland;2021-12-16;F;866;1;8;3212;604890;18430;
1081;Nordjylland;2021-12-16;F;318;0;5;3212;605208;18435;
1085;Sjælland;2021-12-16;F;795;1;7;3213;606003;18442;
1083;Syddanmark;2021-12-16;F;702;1;5;3214;606705;18447;
1084;Hovedstaden;2021-12-16;M;2532;6;22;3220;609237;18469;
1082;Midtjylland;2021-12-16;M;867;0;7;3220;610104;18476;
1081;Nordjylland;2021-12-16;M;304;0;5;3220;610408;18481;
1085;Sjælland;2021-12-16;M;767;3;7;3223;611175;18488;
1083;Syddanmark;2021-12-16;M;707;1;9;3224;611882;18497;
1084;Hovedstaden;2021-12-17;F;2910;2;18;3226;614792;18515;
1082;Midtjylland;2021-12-17;F;905;0;11;3226;615697;18526;
1081;Nordjylland;2021-12-17;F;302;0;2;3226;615999;18528;
1085;Sjælland;2021-12-17;F;724;2;10;3228;616723;18538;
1083;Syddanmark;2021-12-17;F;747;1;6;3229;617470;18544;
1084;Hovedstaden;2021-12-17;M;2710;2;21;3231;620180;18565;
1082;Midtjylland;2021-12-17;M;914;1;6;3232;621094;18571;
1081;Nordjylland;2021-12-17;M;311;0;4;3232;621405;18575;
1085;Sjælland;2021-12-17;M;757;2;8;3234;622162;18583;
1083;Syddanmark;2021-12-17;M;740;1;12;3235;622902;18595;
1084;Hovedstaden;2021-12-18;F;2730;2;18;3237;625632;18613;
1082;Midtjylland;2021-12-18;F;943;1;5;3238;626575;18618;
1081;Nordjylland;2021-12-18;F;352;0;5;3238;626927;18623;
1085;Sjælland;2021-12-18;F;568;0;3;3238;627495;18626;
1083;Syddanmark;2021-12-18;F;714;0;9;3238;628209;18635;
1084;Hovedstaden;2021-12-18;M;2511;2;17;3240;630720;18652;
1082;Midtjylland;2021-12-18;M;974;0;7;3240;631694;18659;
1081;Nordjylland;2021-12-18;M;366;0;4;3240;632060;18663;
1085;Sjælland;2021-12-18;M;557;0;8;3240;632617;18671;
1083;Syddanmark;2021-12-18;M;695;1;5;3241;633312;18676;
1084;Hovedstaden;2021-12-19;F;2772;3;18;3244;636084;18694;
1082;Midtjylland;2021-12-19;F;1009;0;9;3244;637093;18703;
1081;Nordjylland;2021-12-19;F;302;0;3;3244;637395;18706;
1085;Sjælland;2021-12-19;F;589;0;2;3244;637984;18708;
1083;Syddanmark;2021-12-19;F;650;0;7;3244;638634;18715;
1084;Hovedstaden;2021-12-19;M;2646;3;10;3247;641280;18725;
1082;Midtjylland;2021-12-19;M;1011;1;6;3248;642291;18731;
1081;Nordjylland;2021-12-19;M;361;2;4;3250;642652;18735;
1085;Sjælland;2021-12-19;M;550;1;7;3251;643202;18742;
1083;Syddanmark;2021-12-19;M;700;0;4;3251;643902;18746;
1084;Hovedstaden;2021-12-20;F;3549;1;26;3252;647451;18772;
1082;Midtjylland;2021-12-20;F;1094;2;6;3254;648545;18778;
1081;Nordjylland;2021-12-20;F;429;1;3;3255;648974;18781;
1085;Sjælland;2021-12-20;F;1095;0;11;3255;650069;18792;
1083;Syddanmark;2021-12-20;F;866;0;5;3255;650935;18797;
1084;Hovedstaden;2021-12-20;M;3363;4;28;3259;654298;18825;
1082;Midtjylland;2021-12-20;M;1111;1;7;3260;655409;18832;
1081;Nordjylland;2021-12-20;M;416;0;5;3260;655825;18837;
1085;Sjælland;2021-12-20;M;1082;0;10;3260;656907;18847;
1083;Syddanmark;2021-12-20;M;851;3;6;3263;657758;18853;
1084;Hovedstaden;2021-12-21;F;3561;1;22;3264;661319;18875;
1082;Midtjylland;2021-12-21;F;1066;2;7;3266;662385;18882;
1081;Nordjylland;2021-12-21;F;441;0;4;3266;662826;18886;
1085;Sjælland;2021-12-21;F;936;2;8;3268;663762;18894;
1083;Syddanmark;2021-12-21;F;863;0;4;3268;664625;18898;
1084;Hovedstaden;2021-12-21;M;3469;4;25;3272;668094;18923;
1082;Midtjylland;2021-12-21;M;1051;2;10;3274;669145;18933;
1081;Nordjylland;2021-12-21;M;430;1;5;3275;669575;18938;
1085;Sjælland;2021-12-21;M;966;3;16;3278;670541;18954;
1083;Syddanmark;2021-12-21;M;842;0;12;3278;671383;18966;
1084;Hovedstaden;2021-12-22;F;3282;1;30;3279;674665;18996;
1082;Midtjylland;2021-12-22;F;1006;0;7;3279;675671;19003;
1081;Nordjylland;2021-12-22;F;388;2;4;3281;676059;19007;
1085;Sjælland;2021-12-22;F;713;2;7;3283;676772;19014;
1083;Syddanmark;2021-12-22;F;755;1;12;3284;677527;19026;
1084;Hovedstaden;2021-12-22;M;3204;6;24;3290;680731;19050;
1082;Midtjylland;2021-12-22;M;1059;1;5;3291;681790;19055;
1081;Nordjylland;2021-12-22;M;366;0;3;3291;682156;19058;
1085;Sjælland;2021-12-22;M;739;0;6;3291;682895;19064;
1083;Syddanmark;2021-12-22;M;693;1;5;3292;683588;19069;
1084;Hovedstaden;2021-12-23;F;3408;2;22;3294;686996;19091;
1082;Midtjylland;2021-12-23;F;1014;0;10;3294;688010;19101;
1081;Nordjylland;2021-12-23;F;429;0;1;3294;688439;19102;
1085;Sjælland;2021-12-23;F;872;1;5;3295;689311;19107;
1083;Syddanmark;2021-12-23;F;815;0;4;3295;690126;19111;
1084;Hovedstaden;2021-12-23;M;3335;5;17;3300;693461;19128;
1082;Midtjylland;2021-12-23;M;1118;0;3;3300;694579;19131;
1081;Nordjylland;2021-12-23;M;480;0;2;3300;695059;19133;
1085;Sjælland;2021-12-23;M;881;4;13;3304;695940;19146;
1083;Syddanmark;2021-12-23;M;834;1;1;3305;696774;19147;
1084;Hovedstaden;2021-12-24;F;1532;0;20;3305;698306;19167;
1082;Midtjylland;2021-12-24;F;781;0;5;3305;699087;19172;
1081;Nordjylland;2021-12-24;F;249;0;2;3305;699336;19174;
1085;Sjælland;2021-12-24;F;421;0;6;3305;699757;19180;
1083;Syddanmark;2021-12-24;F;630;1;5;3306;700387;19185;
1084;Hovedstaden;2021-12-24;M;1482;1;10;3307;701869;19195;
1082;Midtjylland;2021-12-24;M;857;0;4;3307;702726;19199;
1081;Nordjylland;2021-12-24;M;289;0;9;3307;703015;19208;
1085;Sjælland;2021-12-24;M;474;2;7;3309;703489;19215;
1083;Syddanmark;2021-12-24;M;649;0;2;3309;704138;19217;
1084;Hovedstaden;2021-12-25;F;1871;5;27;3314;706009;19244;
1082;Midtjylland;2021-12-25;F;882;0;4;3314;706891;19248;
1081;Nordjylland;2021-12-25;F;295;0;1;3314;707186;19249;
1085;Sjælland;2021-12-25;F;528;2;6;3316;707714;19255;
1083;Syddanmark;2021-12-25;F;680;1;8;3317;708394;19263;
1084;Hovedstaden;2021-12-25;M;1638;6;19;3323;710032;19282;
1082;Midtjylland;2021-12-25;M;875;0;7;3323;710907;19289;
1081;Nordjylland;2021-12-25;M;281;0;3;3323;711188;19292;
1085;Sjælland;2021-12-25;M;486;3;7;3326;711674;19299;
1083;Syddanmark;2021-12-25;M;657;1;5;3327;712331;19304;
1084;Hovedstaden;2021-12-26;F;2484;1;22;3328;714815;19326;
1082;Midtjylland;2021-12-26;F;1356;0;3;3328;716171;19329;
1081;Nordjylland;2021-12-26;F;378;0;3;3328;716549;19332;
1085;Sjælland;2021-12-26;F;769;1;8;3329;717318;19340;
1083;Syddanmark;2021-12-26;F;1050;0;7;3329;718368;19347;
1084;Hovedstaden;2021-12-26;M;2169;4;21;3333;720537;19368;
1082;Midtjylland;2021-12-26;M;1270;2;5;3335;721807;19373;
1081;Nordjylland;2021-12-26;M;392;1;2;3336;722199;19375;
1085;Sjælland;2021-12-26;M;643;0;6;3336;722842;19381;
1083;Syddanmark;2021-12-26;M;954;0;4;3336;723796;19385;
1084;Hovedstaden;2021-12-27;F;5562;6;40;3342;729358;19425;
1082;Midtjylland;2021-12-27;F;2114;3;18;3345;731472;19443;
1081;Nordjylland;2021-12-27;F;979;0;7;3345;732451;19450;
1085;Sjælland;2021-12-27;F;1878;2;16;3347;734329;19466;
1083;Syddanmark;2021-12-27;F;1705;1;11;3348;736034;19477;
1084;Hovedstaden;2021-12-27;M;5167;2;34;3350;741201;19511;
1082;Midtjylland;2021-12-27;M;1954;4;11;3354;743155;19522;
1081;Nordjylland;2021-12-27;M;1036;0;4;3354;744191;19526;
1085;Sjælland;2021-12-27;M;1720;2;14;3356;745911;19540;
1083;Syddanmark;2021-12-27;M;1744;0;18;3356;747655;19558;
1084;Hovedstaden;2021-12-28;F;5389;7;57;3363;753044;19615;
1082;Midtjylland;2021-12-28;F;2146;0;12;3363;755190;19627;
1081;Nordjylland;2021-12-28;F;910;0;5;3363;756100;19632;
1085;Sjælland;2021-12-28;F;1680;4;20;3367;757780;19652;
1083;Syddanmark;2021-12-28;F;1796;4;20;3371;759576;19672;
1084;Hovedstaden;2021-12-28;M;4874;3;31;3374;764450;19703;
1082;Midtjylland;2021-12-28;M;2071;3;11;3377;766521;19714;
1081;Nordjylland;2021-12-28;M;959;0;5;3377;767480;19719;
1085;Sjælland;2021-12-28;M;1636;0;17;3377;769116;19736;
1083;Syddanmark;2021-12-28;M;1709;1;10;3378;770825;19746;
1084;Hovedstaden;2021-12-29;F;4152;0;25;3378;774977;19771;
1082;Midtjylland;2021-12-29;F;1674;3;10;3381;776651;19781;
1081;Nordjylland;2021-12-29;F;835;2;8;3383;777486;19789;
1085;Sjælland;2021-12-29;F;1268;0;14;3383;778754;19803;
1083;Syddanmark;2021-12-29;F;1377;2;6;3385;780131;19809;
1084;Hovedstaden;2021-12-29;M;3871;6;36;3391;784002;19845;
1082;Midtjylland;2021-12-29;M;1659;1;6;3392;785661;19851;
1081;Nordjylland;2021-12-29;M;816;1;5;3393;786477;19856;
1085;Sjælland;2021-12-29;M;1212;1;10;3394;787689;19866;
1083;Syddanmark;2021-12-29;M;1372;0;7;3394;789061;19873;
1084;Hovedstaden;2021-12-30;F;4377;12;30;3406;793438;19903;
1082;Midtjylland;2021-12-30;F;1878;2;13;3408;795316;19916;
1081;Nordjylland;2021-12-30;F;955;1;6;3409;796271;19922;
1085;Sjælland;2021-12-30;F;1516;4;13;3413;797787;19935;
1083;Syddanmark;2021-12-30;F;1698;1;13;3414;799485;19948;
1084;Hovedstaden;2021-12-30;M;4067;3;26;3417;803552;19974;
1082;Midtjylland;2021-12-30;M;1882;2;10;3419;805434;19984;
1081;Nordjylland;2021-12-30;M;899;3;9;3422;806333;19993;
1085;Sjælland;2021-12-30;M;1421;3;11;3425;807754;20004;
1083;Syddanmark;2021-12-30;M;1640;1;10;3426;809394;20014;
1084;Hovedstaden;2021-12-31;F;1819;1;19;3427;811213;20033;
1082;Midtjylland;2021-12-31;F;1130;0;3;3427;812343;20036;
1081;Nordjylland;2021-12-31;F;461;1;1;3428;812804;20037;
1085;Sjælland;2021-12-31;F;648;0;11;3428;813452;20048;
1083;Syddanmark;2021-12-31;F;1111;0;14;3428;814563;20062;
1084;Hovedstaden;2021-12-31;M;1661;1;18;3429;816224;20080;
1082;Midtjylland;2021-12-31;M;1186;2;9;3431;817410;20089;
1081;Nordjylland;2021-12-31;M;472;0;2;3431;817882;20091;
1085;Sjælland;2021-12-31;M;637;2;10;3433;818519;20101;
1083;Syddanmark;2021-12-31;M;1091;3;6;3436;819610;20107;
1084;Hovedstaden;2022-01-01;F;1786;2;19;3438;821396;20126;
1082;Midtjylland;2022-01-01;F;1071;1;5;3439;822467;20131;
1081;Nordjylland;2022-01-01;F;342;0;5;3439;822809;20136;
1085;Sjælland;2022-01-01;F;666;0;12;3439;823475;20148;
1083;Syddanmark;2022-01-01;F;925;1;15;3440;824400;20163;
1084;Hovedstaden;2022-01-01;M;1590;4;19;3444;825990;20182;
1082;Midtjylland;2022-01-01;M;1047;1;8;3445;827037;20190;
1081;Nordjylland;2022-01-01;M;323;0;3;3445;827360;20193;
1085;Sjælland;2022-01-01;M;584;2;7;3447;827944;20200;
1083;Syddanmark;2022-01-01;M;824;1;8;3448;828768;20208;
1084;Hovedstaden;2022-01-02;F;4967;2;41;3450;833735;20249;
1082;Midtjylland;2022-01-02;F;2128;0;13;3450;835863;20262;
1081;Nordjylland;2022-01-02;F;1153;1;7;3451;837016;20269;
1085;Sjælland;2022-01-02;F;1073;2;12;3453;838089;20281;
1083;Syddanmark;2022-01-02;F;1499;0;9;3453;839588;20290;
1084;Hovedstaden;2022-01-02;M;4630;2;27;3455;844218;20317;
1082;Midtjylland;2022-01-02;M;2109;0;9;3455;846327;20326;
1081;Nordjylland;2022-01-02;M;1265;1;11;3456;847592;20337;
1085;Sjælland;2022-01-02;M;1055;3;17;3459;848647;20354;
1083;Syddanmark;2022-01-02;M;1498;1;8;3460;850145;20362;
1084;Hovedstaden;2022-01-03;F;5954;6;37;3466;856099;20399;
1082;Midtjylland;2022-01-03;F;2656;3;12;3469;858755;20411;
1081;Nordjylland;2022-01-03;F;1152;2;8;3471;859907;20419;
1085;Sjælland;2022-01-03;F;2049;1;15;3472;861956;20434;
1083;Syddanmark;2022-01-03;F;2383;4;12;3476;864339;20446;
1084;Hovedstaden;2022-01-03;M;5211;5;28;3481;869550;20474;
1082;Midtjylland;2022-01-03;M;2623;3;16;3484;872173;20490;
1081;Nordjylland;2022-01-03;M;1115;2;7;3486;873288;20497;
1085;Sjælland;2022-01-03;M;2048;1;15;3487;875336;20512;
1083;Syddanmark;2022-01-03;M;2331;0;9;3487;877667;20521;
1084;Hovedstaden;2022-01-04;F;5225;1;33;3488;882892;20554;
1082;Midtjylland;2022-01-04;F;2517;2;16;3490;885409;20570;
1081;Nordjylland;2022-01-04;F;1069;0;5;3490;886478;20575;
1085;Sjælland;2022-01-04;F;1745;3;15;3493;888223;20590;
1083;Syddanmark;2022-01-04;F;2307;1;6;3494;890530;20596;
1084;Hovedstaden;2022-01-04;M;4861;6;33;3500;895391;20629;
1082;Midtjylland;2022-01-04;M;2595;0;13;3500;897986;20642;
1081;Nordjylland;2022-01-04;M;1137;0;8;3500;899123;20650;
1085;Sjælland;2022-01-04;M;1772;1;14;3501;900895;20664;
1083;Syddanmark;2022-01-04;M;2452;3;10;3504;903347;20674;
1084;Hovedstaden;2022-01-05;F;3901;6;30;3510;907248;20704;
1082;Midtjylland;2022-01-05;F;1936;0;8;3510;909184;20712;
1081;Nordjylland;2022-01-05;F;845;0;6;3510;910029;20718;
1085;Sjælland;2022-01-05;F;1062;0;16;3510;911091;20734;
1083;Syddanmark;2022-01-05;F;1662;2;13;3512;912753;20747;
1084;Hovedstaden;2022-01-05;M;3763;1;17;3513;916516;20764;
1082;Midtjylland;2022-01-05;M;2098;2;9;3515;918614;20773;
1081;Nordjylland;2022-01-05;M;963;0;7;3515;919577;20780;
1085;Sjælland;2022-01-05;M;1106;1;11;3516;920683;20791;
1083;Syddanmark;2022-01-05;M;1744;1;6;3517;922427;20797;
1084;Hovedstaden;2022-01-06;F;3461;2;23;3519;925888;20820;
1082;Midtjylland;2022-01-06;F;1730;0;6;3519;927618;20826;
1081;Nordjylland;2022-01-06;F;713;0;1;3519;928331;20827;
1085;Sjælland;2022-01-06;F;1221;2;13;3521;929552;20840;
1083;Syddanmark;2022-01-06;F;1489;1;9;3522;931041;20849;
1084;Hovedstaden;2022-01-06;M;3225;4;21;3526;934266;20870;
1082;Midtjylland;2022-01-06;M;1630;1;8;3527;935896;20878;
1081;Nordjylland;2022-01-06;M;713;1;1;3528;936609;20879;
1085;Sjælland;2022-01-06;M;1182;0;16;3528;937791;20895;
1083;Syddanmark;2022-01-06;M;1408;2;10;3530;939199;20905;
1084;Hovedstaden;2022-01-07;F;3028;2;31;3532;942227;20936;
1082;Midtjylland;2022-01-07;F;1688;0;5;3532;943915;20941;
1081;Nordjylland;2022-01-07;F;665;0;1;3532;944580;20942;
1085;Sjælland;2022-01-07;F;1079;0;9;3532;945659;20951;
1083;Syddanmark;2022-01-07;F;1421;0;7;3532;947080;20958;
1084;Hovedstaden;2022-01-07;M;2870;3;21;3535;949950;20979;
1082;Midtjylland;2022-01-07;M;1653;1;10;3536;951603;20989;
1081;Nordjylland;2022-01-07;M;661;0;4;3536;952264;20993;
1085;Sjælland;2022-01-07;M;1044;1;6;3537;953308;20999;
1083;Syddanmark;2022-01-07;M;1434;4;9;3541;954742;21008;
1084;Hovedstaden;2022-01-08;F;3148;2;20;3543;957890;21028;
1082;Midtjylland;2022-01-08;F;1693;1;5;3544;959583;21033;
1081;Nordjylland;2022-01-08;F;623;1;0;3545;960206;21033;
1085;Sjælland;2022-01-08;F;870;1;8;3546;961076;21041;
1083;Syddanmark;2022-01-08;F;1104;1;5;3547;962180;21046;
1084;Hovedstaden;2022-01-08;M;3022;4;16;3551;965202;21062;
1082;Midtjylland;2022-01-08;M;1486;1;2;3552;966688;21064;
1081;Nordjylland;2022-01-08;M;670;1;5;3553;967358;21069;
1085;Sjælland;2022-01-08;M;793;2;5;3555;968151;21074;
1083;Syddanmark;2022-01-08;M;1168;0;6;3555;969319;21080;
1084;Hovedstaden;2022-01-09;F;3820;5;23;3560;973139;21103;
1082;Midtjylland;2022-01-09;F;2006;0;11;3560;975145;21114;
1081;Nordjylland;2022-01-09;F;782;0;2;3560;975927;21116;
1085;Sjælland;2022-01-09;F;972;1;2;3561;976899;21118;
1083;Syddanmark;2022-01-09;F;1504;1;13;3562;978403;21131;
1084;Hovedstaden;2022-01-09;M;3395;1;17;3563;981798;21148;
1082;Midtjylland;2022-01-09;M;1911;1;7;3564;983709;21155;
1081;Nordjylland;2022-01-09;M;786;0;5;3564;984495;21160;
1085;Sjælland;2022-01-09;M;911;0;6;3564;985406;21166;
1083;Syddanmark;2022-01-09;M;1375;2;10;3566;986781;21176;
1084;Hovedstaden;2022-01-10;F;5026;4;21;3570;991807;21197;
1082;Midtjylland;2022-01-10;F;2492;1;9;3571;994299;21206;
1081;Nordjylland;2022-01-10;F;1013;2;10;3573;995312;21216;
1085;Sjælland;2022-01-10;F;1910;2;16;3575;997222;21232;
1083;Syddanmark;2022-01-10;F;2397;1;13;3576;999619;21245;
1084;Hovedstaden;2022-01-10;M;4702;2;27;3578;1004321;21272;
1082;Midtjylland;2022-01-10;M;2347;3;10;3581;1006668;21282;
1081;Nordjylland;2022-01-10;M;977;1;7;3582;1007645;21289;
1085;Sjælland;2022-01-10;M;1734;0;10;3582;1009379;21299;
1083;Syddanmark;2022-01-10;M;2254;1;10;3583;1011633;21309;
1084;Hovedstaden;2022-01-11;F;5160;5;35;3588;1016793;21344;
1082;Midtjylland;2022-01-11;F;2458;2;12;3590;1019251;21356;
1081;Nordjylland;2022-01-11;F;1073;1;6;3591;1020324;21362;
1085;Sjælland;2022-01-11;F;1622;0;20;3591;1021946;21382;
1083;Syddanmark;2022-01-11;F;2312;1;13;3592;1024258;21395;
1084;Hovedstaden;2022-01-11;M;4601;2;30;3594;1028859;21425;
1082;Midtjylland;2022-01-11;M;2317;2;7;3596;1031176;21432;
1081;Nordjylland;2022-01-11;M;993;1;3;3597;1032169;21435;
1085;Sjælland;2022-01-11;M;1548;4;9;3601;1033717;21444;
1083;Syddanmark;2022-01-11;M;2273;1;12;3602;1035990;21456;
1084;Hovedstaden;2022-01-12;F;4977;4;32;3606;1040967;21488;
1082;Midtjylland;2022-01-12;F;2666;1;12;3607;1043633;21500;
1081;Nordjylland;2022-01-12;F;1088;2;10;3609;1044721;21510;
1085;Sjælland;2022-01-12;F;1459;0;6;3609;1046180;21516;
1083;Syddanmark;2022-01-12;F;2239;2;17;3611;1048419;21533;
1084;Hovedstaden;2022-01-12;M;4556;5;32;3616;1052975;21565;
1082;Midtjylland;2022-01-12;M;2575;2;9;3618;1055550;21574;
1081;Nordjylland;2022-01-12;M;1088;0;4;3618;1056638;21578;
1085;Sjælland;2022-01-12;M;1381;2;17;3620;1058019;21595;
1083;Syddanmark;2022-01-12;M;2163;0;13;3620;1060182;21608;
1084;Hovedstaden;2022-01-13;F;5035;7;28;3627;1065217;21636;
1082;Midtjylland;2022-01-13;F;2746;3;17;3630;1067963;21653;
1081;Nordjylland;2022-01-13;F;989;2;10;3632;1068952;21663;
1085;Sjælland;2022-01-13;F;1893;1;10;3633;1070845;21673;
1083;Syddanmark;2022-01-13;F;2573;0;9;3633;1073418;21682;
1084;Hovedstaden;2022-01-13;M;4546;6;31;3639;1077964;21713;
1082;Midtjylland;2022-01-13;M;2627;0;10;3639;1080591;21723;
1081;Nordjylland;2022-01-13;M;975;1;0;3640;1081566;21723;
1085;Sjælland;2022-01-13;M;1756;4;9;3644;1083322;21732;
1083;Syddanmark;2022-01-13;M;2319;1;13;3645;1085641;21745;
1084;Hovedstaden;2022-01-14;F;5624;7;34;3652;1091265;21779;
1082;Midtjylland;2022-01-14;F;3016;2;16;3654;1094281;21795;
1081;Nordjylland;2022-01-14;F;1073;0;5;3654;1095354;21800;
1085;Sjælland;2022-01-14;F;1894;0;9;3654;1097248;21809;
1083;Syddanmark;2022-01-14;F;2727;1;14;3655;1099975;21823;
1084;Hovedstaden;2022-01-14;M;4988;7;30;3662;1104963;21853;
1082;Midtjylland;2022-01-14;M;2851;0;14;3662;1107814;21867;
1081;Nordjylland;2022-01-14;M;1031;3;7;3665;1108845;21874;
1085;Sjælland;2022-01-14;M;1831;0;9;3665;1110676;21883;
1083;Syddanmark;2022-01-14;M;2575;1;6;3666;1113251;21889;
1084;Hovedstaden;2022-01-15;F;5789;2;28;3668;1119040;21917;
1082;Midtjylland;2022-01-15;F;3265;1;13;3669;1122305;21930;
1081;Nordjylland;2022-01-15;F;1115;1;3;3670;1123420;21933;
1085;Sjælland;2022-01-15;F;1515;2;18;3672;1124935;21951;
1083;Syddanmark;2022-01-15;F;2341;2;6;3674;1127276;21957;
1084;Hovedstaden;2022-01-15;M;5259;3;16;3677;1132535;21973;
1082;Midtjylland;2022-01-15;M;3073;1;13;3678;1135608;21986;
1081;Nordjylland;2022-01-15;M;1042;0;5;3678;1136650;21991;
1085;Sjælland;2022-01-15;M;1377;2;11;3680;1138027;22002;
1083;Syddanmark;2022-01-15;M;2151;2;11;3682;1140178;22013;
1084;Hovedstaden;2022-01-16;F;6122;4;39;3686;1146300;22052;
1082;Midtjylland;2022-01-16;F;3749;0;16;3686;1150049;22068;
1081;Nordjylland;2022-01-16;F;1332;2;4;3688;1151381;22072;
1085;Sjælland;2022-01-16;F;1786;2;14;3690;1153167;22086;
1083;Syddanmark;2022-01-16;F;2848;2;16;3692;1156015;22102;
1084;Hovedstaden;2022-01-16;M;5509;6;38;3698;1161524;22140;
1082;Midtjylland;2022-01-16;M;3327;1;18;3699;1164851;22158;
1081;Nordjylland;2022-01-16;M;1249;0;8;3699;1166100;22166;
1085;Sjælland;2022-01-16;M;1517;2;12;3701;1167617;22178;
1083;Syddanmark;2022-01-16;M;2509;3;14;3704;1170126;22192;
1084;Hovedstaden;2022-01-17;F;8276;2;50;3706;1178402;22242;
1082;Midtjylland;2022-01-17;F;4557;1;11;3707;1182959;22253;
1081;Nordjylland;2022-01-17;F;1832;2;14;3709;1184791;22267;
1085;Sjælland;2022-01-17;F;3560;1;13;3710;1188351;22280;
1083;Syddanmark;2022-01-17;F;4897;1;20;3711;1193248;22300;
1084;Hovedstaden;2022-01-17;M;7451;4;33;3715;1200699;22333;
1082;Midtjylland;2022-01-17;M;4269;0;13;3715;1204968;22346;
1081;Nordjylland;2022-01-17;M;1774;1;6;3716;1206742;22352;
1085;Sjælland;2022-01-17;M;3229;0;11;3716;1209971;22363;
1083;Syddanmark;2022-01-17;M;4312;5;16;3721;1214283;22379;
1084;Hovedstaden;2022-01-18;F;8238;3;35;3724;1222521;22414;
1082;Midtjylland;2022-01-18;F;4481;1;19;3725;1227002;22433;
1081;Nordjylland;2022-01-18;F;1701;2;9;3727;1228703;22442;
1085;Sjælland;2022-01-18;F;3273;1;16;3728;1231976;22458;
1083;Syddanmark;2022-01-18;F;4666;1;15;3729;1236642;22473;
1084;Hovedstaden;2022-01-18;M;7565;4;34;3733;1244207;22507;
1082;Midtjylland;2022-01-18;M;4137;2;15;3735;1248344;22522;
1081;Nordjylland;2022-01-18;M;1631;1;7;3736;1249975;22529;
1085;Sjælland;2022-01-18;M;2974;0;7;3736;1252949;22536;
1083;Syddanmark;2022-01-18;M;4345;2;12;3738;1257294;22548;
1084;Hovedstaden;2022-01-19;F;7796;3;47;3741;1265090;22595;
1082;Midtjylland;2022-01-19;F;4555;3;25;3744;1269645;22620;
1081;Nordjylland;2022-01-19;F;1694;0;7;3744;1271339;22627;
1085;Sjælland;2022-01-19;F;2663;1;19;3745;1274002;22646;
1083;Syddanmark;2022-01-19;F;4194;2;17;3747;1278196;22663;
1084;Hovedstaden;2022-01-19;M;7109;5;34;3752;1285305;22697;
1082;Midtjylland;2022-01-19;M;4325;3;16;3755;1289630;22713;
1081;Nordjylland;2022-01-19;M;1615;1;5;3756;1291245;22718;
1085;Sjælland;2022-01-19;M;2464;0;6;3756;1293709;22724;
1083;Syddanmark;2022-01-19;M;3929;2;17;3758;1297638;22741;
1084;Hovedstaden;2022-01-20;F;7348;9;52;3767;1304986;22793;
1082;Midtjylland;2022-01-20;F;4233;2;15;3769;1309219;22808;
1081;Nordjylland;2022-01-20;F;1683;1;9;3770;1310902;22817;
1085;Sjælland;2022-01-20;F;3248;3;14;3773;1314150;22831;
1083;Syddanmark;2022-01-20;F;4318;1;15;3774;1318468;22846;
1084;Hovedstaden;2022-01-20;M;6555;7;31;3781;1325023;22877;
1082;Midtjylland;2022-01-20;M;3877;1;13;3782;1328900;22890;
1081;Nordjylland;2022-01-20;M;1619;2;6;3784;1330519;22896;
1085;Sjælland;2022-01-20;M;3099;1;17;3785;1333618;22913;
1083;Syddanmark;2022-01-20;M;3973;2;17;3787;1337591;22930;
1084;Hovedstaden;2022-01-21;F;7261;6;37;3793;1344852;22967;
1082;Midtjylland;2022-01-21;F;4541;2;15;3795;1349393;22982;
1081;Nordjylland;2022-01-21;F;1602;4;16;3799;1350995;22998;
1085;Sjælland;2022-01-21;F;3080;0;15;3799;1354075;23013;
1083;Syddanmark;2022-01-21;F;4340;1;20;3800;1358415;23033;
1084;Hovedstaden;2022-01-21;M;6497;2;34;3802;1364912;23067;
1082;Midtjylland;2022-01-21;M;4199;1;16;3803;1369111;23083;
1081;Nordjylland;2022-01-21;M;1464;0;5;3803;1370575;23088;
1085;Sjælland;2022-01-21;M;2891;1;17;3804;1373466;23105;
1083;Syddanmark;2022-01-21;M;4064;5;14;3809;1377530;23119;
1084;Hovedstaden;2022-01-22;F;7323;8;43;3817;1384853;23162;
1082;Midtjylland;2022-01-22;F;4478;1;15;3818;1389331;23177;
1081;Nordjylland;2022-01-22;F;1761;1;9;3819;1391092;23186;
1085;Sjælland;2022-01-22;F;2291;2;12;3821;1393383;23198;
1083;Syddanmark;2022-01-22;F;3462;1;9;3822;1396845;23207;
1084;Hovedstaden;2022-01-22;M;6660;2;27;3824;1403505;23234;
1082;Midtjylland;2022-01-22;M;4175;1;10;3825;1407680;23244;
1081;Nordjylland;2022-01-22;M;1628;0;3;3825;1409308;23247;
1085;Sjælland;2022-01-22;M;2094;1;16;3826;1411402;23263;
1083;Syddanmark;2022-01-22;M;3198;0;13;3826;1414600;23276;
1084;Hovedstaden;2022-01-23;F;7908;6;54;3832;1422508;23330;
1082;Midtjylland;2022-01-23;F;4950;2;16;3834;1427458;23346;
1081;Nordjylland;2022-01-23;F;1921;0;3;3834;1429379;23349;
1085;Sjælland;2022-01-23;F;2604;1;19;3835;1431983;23368;
1083;Syddanmark;2022-01-23;F;4055;2;18;3837;1436038;23386;
1084;Hovedstaden;2022-01-23;M;7160;3;27;3840;1443198;23413;
1082;Midtjylland;2022-01-23;M;4518;2;14;3842;1447716;23427;
1081;Nordjylland;2022-01-23;M;1685;2;10;3844;1449401;23437;
1085;Sjælland;2022-01-23;M;2230;2;19;3846;1451631;23456;
1083;Syddanmark;2022-01-23;M;3563;1;13;3847;1455194;23469;
1084;Hovedstaden;2022-01-24;F;9551;6;51;3853;1464745;23520;
1082;Midtjylland;2022-01-24;F;6398;0;21;3853;1471143;23541;
1081;Nordjylland;2022-01-24;F;2667;2;8;3855;1473810;23549;
1085;Sjælland;2022-01-24;F;4919;3;30;3858;1478729;23579;
1083;Syddanmark;2022-01-24;F;6481;2;30;3860;1485210;23609;
1084;Hovedstaden;2022-01-24;M;8661;4;33;3864;1493871;23642;
1082;Midtjylland;2022-01-24;M;5858;1;23;3865;1499729;23665;
1081;Nordjylland;2022-01-24;M;2554;1;7;3866;1502283;23672;
1085;Sjælland;2022-01-24;M;4352;4;28;3870;1506635;23700;
1083;Syddanmark;2022-01-24;M;5861;3;20;3873;1512496;23720;
1084;Hovedstaden;2022-01-25;F;8502;5;39;3878;1520998;23759;
1082;Midtjylland;2022-01-25;F;5920;2;30;3880;1526918;23789;
1081;Nordjylland;2022-01-25;F;2577;2;10;3882;1529495;23799;
1085;Sjælland;2022-01-25;F;3943;2;23;3884;1533438;23822;
1083;Syddanmark;2022-01-25;F;6118;7;31;3891;1539556;23853;
1084;Hovedstaden;2022-01-25;M;7681;7;48;3898;1547237;23901;
1082;Midtjylland;2022-01-25;M;5390;1;11;3899;1552627;23912;
1081;Nordjylland;2022-01-25;M;2437;1;10;3900;1555064;23922;
1085;Sjælland;2022-01-25;M;3758;2;26;3902;1558822;23948;
1083;Syddanmark;2022-01-25;M;5580;3;25;3905;1564402;23973;
1084;Hovedstaden;2022-01-26;F;7167;5;53;3910;1571569;24026;
1082;Midtjylland;2022-01-26;F;5702;3;24;3913;1577271;24050;
1081;Nordjylland;2022-01-26;F;2318;2;12;3915;1579589;24062;
1085;Sjælland;2022-01-26;F;2899;2;14;3917;1582488;24076;
1083;Syddanmark;2022-01-26;F;4949;5;23;3922;1587437;24099;
1084;Hovedstaden;2022-01-26;M;6529;3;47;3925;1593966;24146;
1082;Midtjylland;2022-01-26;M;5220;1;23;3926;1599186;24169;
1081;Nordjylland;2022-01-26;M;2199;0;5;3926;1601385;24174;
1085;Sjælland;2022-01-26;M;2674;3;14;3929;1604059;24188;
1083;Syddanmark;2022-01-26;M;4792;3;23;3932;1608851;24211;
1084;Hovedstaden;2022-01-27;F;6440;7;49;3939;1615291;24260;
1082;Midtjylland;2022-01-27;F;5077;0;26;3939;1620368;24286;
1081;Nordjylland;2022-01-27;F;1985;0;4;3939;1622353;24290;
1085;Sjælland;2022-01-27;F;3460;3;25;3942;1625813;24315;
1083;Syddanmark;2022-01-27;F;4868;2;26;3944;1630681;24341;
1084;Hovedstaden;2022-01-27;M;5731;7;35;3951;1636412;24376;
1082;Midtjylland;2022-01-27;M;4621;2;18;3953;1641033;24394;
1081;Nordjylland;2022-01-27;M;1903;1;13;3954;1642936;24407;
1085;Sjælland;2022-01-27;M;3123;2;11;3956;1646059;24418;
1083;Syddanmark;2022-01-27;M;4370;2;16;3958;1650429;24434;
1084;Hovedstaden;2022-01-28;F;5660;1;37;3959;1656089;24471;
1082;Midtjylland;2022-01-28;F;5084;2;21;3961;1661173;24492;
1081;Nordjylland;2022-01-28;F;1963;0;10;3961;1663136;24502;
1085;Sjælland;2022-01-28;F;2881;2;13;3963;1666017;24515;
1083;Syddanmark;2022-01-28;F;4443;2;14;3965;1670460;24529;
1084;Hovedstaden;2022-01-28;M;5111;7;34;3972;1675571;24563;
1082;Midtjylland;2022-01-28;M;4492;0;19;3972;1680063;24582;
1081;Nordjylland;2022-01-28;M;1809;1;8;3973;1681872;24590;
1085;Sjælland;2022-01-28;M;2680;4;14;3977;1684552;24604;
1083;Syddanmark;2022-01-28;M;4016;1;16;3978;1688568;24620;
1084;Hovedstaden;2022-01-29;F;5144;1;23;3979;1693712;24643;
1082;Midtjylland;2022-01-29;F;2965;1;18;3980;1696677;24661;
1081;Nordjylland;2022-01-29;F;1849;1;8;3981;1698526;24669;
1085;Sjælland;2022-01-29;F;2078;0;15;3981;1700604;24684;
1083;Syddanmark;2022-01-29;F;3731;1;26;3982;1704335;24710;
1084;Hovedstaden;2022-01-29;M;4534;3;28;3985;1708869;24738;
1082;Midtjylland;2022-01-29;M;2605;2;9;3987;1711474;24747;
1081;Nordjylland;2022-01-29;M;1784;0;2;3987;1713258;24749;
1085;Sjælland;2022-01-29;M;1804;2;10;3989;1715062;24759;
1083;Syddanmark;2022-01-29;M;3421;4;11;3993;1718483;24770;
1084;Hovedstaden;2022-01-30;F;4819;6;44;3999;1723302;24814;
1082;Midtjylland;2022-01-30;F;4674;1;16;4000;1727976;24830;
1081;Nordjylland;2022-01-30;F;2582;1;13;4001;1730558;24843;
1085;Sjælland;2022-01-30;F;2196;0;16;4001;1732754;24859;
1083;Syddanmark;2022-01-30;F;4196;2;24;4003;1736950;24883;
1084;Hovedstaden;2022-01-30;M;4389;1;29;4004;1741339;24912;
1082;Midtjylland;2022-01-30;M;4017;4;15;4008;1745356;24927;
1081;Nordjylland;2022-01-30;M;2324;2;14;4010;1747680;24941;
1085;Sjælland;2022-01-30;M;1907;2;14;4012;1749587;24955;
1083;Syddanmark;2022-01-30;M;3788;2;12;4014;1753375;24967;
1084;Hovedstaden;2022-01-31;F;8374;8;66;4022;1761749;25033;
1082;Midtjylland;2022-01-31;F;7909;5;30;4027;1769658;25063;
1081;Nordjylland;2022-01-31;F;2770;1;15;4028;1772428;25078;
1085;Sjælland;2022-01-31;F;4490;3;29;4031;1776918;25107;
1083;Syddanmark;2022-01-31;F;6451;1;27;4032;1783369;25134;
1084;Hovedstaden;2022-01-31;M;7374;13;44;4045;1790743;25178;
1082;Midtjylland;2022-01-31;M;6812;5;32;4050;1797555;25210;
1081;Nordjylland;2022-01-31;M;2448;2;9;4052;1800003;25219;
1085;Sjælland;2022-01-31;M;3907;1;24;4053;1803910;25243;
1083;Syddanmark;2022-01-31;M;5852;5;24;4058;1809762;25267;
1084;Hovedstaden;2022-02-01;F;6211;5;40;4063;1815973;25307;
1082;Midtjylland;2022-02-01;F;6327;6;30;4069;1822300;25337;
1081;Nordjylland;2022-02-01;F;2456;2;12;4071;1824756;25349;
1085;Sjælland;2022-02-01;F;3241;3;25;4074;1827997;25374;
1083;Syddanmark;2022-02-01;F;5859;2;38;4076;1833856;25412;
1084;Hovedstaden;2022-02-01;M;5607;7;43;4083;1839463;25455;
1082;Midtjylland;2022-02-01;M;5822;8;15;4091;1845285;25470;
1081;Nordjylland;2022-02-01;M;2299;3;18;4094;1847584;25488;
1085;Sjælland;2022-02-01;M;2988;4;27;4098;1850572;25515;
1083;Syddanmark;2022-02-01;M;5300;3;21;4101;1855872;25536;
1084;Hovedstaden;2022-02-02;F;5472;3;37;4104;1861344;25573;
1082;Midtjylland;2022-02-02;F;5914;3;28;4107;1867258;25601;
1081;Nordjylland;2022-02-02;F;2505;2;15;4109;1869763;25616;
1085;Sjælland;2022-02-02;F;2356;1;34;4110;1872119;25650;
1083;Syddanmark;2022-02-02;F;4685;2;19;4112;1876804;25669;
1084;Hovedstaden;2022-02-02;M;4976;4;37;4116;1881780;25706;
1082;Midtjylland;2022-02-02;M;5505;0;13;4116;1887285;25719;
1081;Nordjylland;2022-02-02;M;2286;1;12;4117;1889571;25731;
1085;Sjælland;2022-02-02;M;2270;3;36;4120;1891841;25767;
1083;Syddanmark;2022-02-02;M;4504;7;31;4127;1896345;25798;
1084;Hovedstaden;2022-02-03;F;5253;7;47;4134;1901598;25845;
1082;Midtjylland;2022-02-03;F;5576;3;22;4137;1907174;25867;
1081;Nordjylland;2022-02-03;F;2183;3;13;4140;1909357;25880;
1085;Sjælland;2022-02-03;F;3037;3;18;4143;1912394;25898;
1083;Syddanmark;2022-02-03;F;4982;5;30;4148;1917376;25928;
1084;Hovedstaden;2022-02-03;M;4486;5;30;4153;1921862;25958;
1082;Midtjylland;2022-02-03;M;5142;3;20;4156;1927004;25978;
1081;Nordjylland;2022-02-03;M;2090;2;13;4158;1929094;25991;
1085;Sjælland;2022-02-03;M;2678;6;23;4164;1931772;26014;
1083;Syddanmark;2022-02-03;M;4315;5;30;4169;1936087;26044;
1084;Hovedstaden;2022-02-04;F;4669;4;34;4173;1940756;26078;
1082;Midtjylland;2022-02-04;F;5322;1;29;4174;1946078;26107;
1081;Nordjylland;2022-02-04;F;2215;0;11;4174;1948293;26118;
1085;Sjælland;2022-02-04;F;2663;4;23;4178;1950956;26141;
1083;Syddanmark;2022-02-04;F;4728;3;25;4181;1955684;26166;
1084;Hovedstaden;2022-02-04;M;4040;4;40;4185;1959724;26206;
1082;Midtjylland;2022-02-04;M;4794;2;21;4187;1964518;26227;
1081;Nordjylland;2022-02-04;M;2071;1;18;4188;1966589;26245;
1085;Sjælland;2022-02-04;M;2405;2;27;4190;1968994;26272;
1083;Syddanmark;2022-02-04;M;4281;6;31;4196;1973275;26303;
1084;Hovedstaden;2022-02-05;F;4473;0;36;4196;1977748;26339;
1082;Midtjylland;2022-02-05;F;5269;1;27;4197;1983017;26366;
1081;Nordjylland;2022-02-05;F;2425;1;10;4198;1985442;26376;
1085;Sjælland;2022-02-05;F;1830;3;16;4201;1987272;26392;
1083;Syddanmark;2022-02-05;F;3886;3;29;4204;1991158;26421;
1084;Hovedstaden;2022-02-05;M;3828;2;20;4206;1994986;26441;
1082;Midtjylland;2022-02-05;M;4613;5;21;4211;1999599;26462;
1081;Nordjylland;2022-02-05;M;2232;3;9;4214;2001831;26471;
1085;Sjælland;2022-02-05;M;1649;1;14;4215;2003480;26485;
1083;Syddanmark;2022-02-05;M;3392;5;32;4220;2006872;26517;
1084;Hovedstaden;2022-02-06;F;5969;3;49;4223;2012841;26566;
1082;Midtjylland;2022-02-06;F;6518;2;30;4225;2019359;26596;
1081;Nordjylland;2022-02-06;F;2936;2;18;4227;2022295;26614;
1085;Sjælland;2022-02-06;F;2318;2;17;4229;2024613;26631;
1083;Syddanmark;2022-02-06;F;4986;3;31;4232;2029599;26662;
1084;Hovedstaden;2022-02-06;M;5048;1;32;4233;2034647;26694;
1082;Midtjylland;2022-02-06;M;5577;1;22;4234;2040224;26716;
1081;Nordjylland;2022-02-06;M;2746;2;10;4236;2042970;26726;
1085;Sjælland;2022-02-06;M;1961;4;21;4240;2044931;26747;
1083;Syddanmark;2022-02-06;M;4172;7;25;4247;2049103;26772;
1084;Hovedstaden;2022-02-07;F;7409;7;61;4254;2056512;26833;
1082;Midtjylland;2022-02-07;F;8258;4;44;4258;2064770;26877;
1081;Nordjylland;2022-02-07;F;3487;2;14;4260;2068257;26891;
1085;Sjælland;2022-02-07;F;4470;4;25;4264;2072727;26916;
1083;Syddanmark;2022-02-07;F;7316;8;52;4272;2080043;26968;
1084;Hovedstaden;2022-02-07;M;6224;3;42;4275;2086267;27010;
1082;Midtjylland;2022-02-07;M;6886;7;36;4282;2093153;27046;
1081;Nordjylland;2022-02-07;M;3104;2;16;4284;2096257;27062;
1085;Sjælland;2022-02-07;M;3923;7;36;4291;2100180;27098;
1083;Syddanmark;2022-02-07;M;6271;7;44;4298;2106451;27142;
1084;Hovedstaden;2022-02-08;F;6932;4;50;4302;2113383;27192;
1082;Midtjylland;2022-02-08;F;8042;1;44;4303;2121425;27236;
1081;Nordjylland;2022-02-08;F;3659;3;10;4306;2125084;27246;
1085;Sjælland;2022-02-08;F;3732;7;29;4313;2128816;27275;
1083;Syddanmark;2022-02-08;F;7125;6;42;4319;2135941;27317;
1084;Hovedstaden;2022-02-08;M;6127;3;31;4322;2142068;27348;
1082;Midtjylland;2022-02-08;M;7079;5;33;4327;2149147;27381;
1081;Nordjylland;2022-02-08;M;3176;5;15;4332;2152323;27396;
1085;Sjælland;2022-02-08;M;3432;4;20;4336;2155755;27416;
1083;Syddanmark;2022-02-08;M;6264;4;36;4340;2162019;27452;
1084;Hovedstaden;2022-02-09;F;6076;6;65;4346;2168095;27517;
1082;Midtjylland;2022-02-09;F;7614;2;35;4348;2175709;27552;
1081;Nordjylland;2022-02-09;F;3573;3;17;4351;2179282;27569;
1085;Sjælland;2022-02-09;F;2941;2;25;4353;2182223;27594;
1083;Syddanmark;2022-02-09;F;5948;5;40;4358;2188171;27634;
1084;Hovedstaden;2022-02-09;M;5478;8;59;4366;2193649;27693;
1082;Midtjylland;2022-02-09;M;7061;8;37;4374;2200710;27730;
1081;Nordjylland;2022-02-09;M;3286;2;23;4376;2203996;27753;
1085;Sjælland;2022-02-09;M;2736;1;31;4377;2206732;27784;
1083;Syddanmark;2022-02-09;M;5531;6;48;4383;2212263;27832;
1084;Hovedstaden;2022-02-10;F;5302;4;42;4387;2217565;27874;
1082;Midtjylland;2022-02-10;F;6320;2;37;4389;2223885;27911;
1081;Nordjylland;2022-02-10;F;3085;4;22;4393;2226970;27933;
1085;Sjælland;2022-02-10;F;3188;2;20;4395;2230158;27953;
1083;Syddanmark;2022-02-10;F;5730;6;32;4401;2235888;27985;
1084;Hovedstaden;2022-02-10;M;4523;4;49;4405;2240411;28034;
1082;Midtjylland;2022-02-10;M;5743;9;44;4414;2246154;28078;
1081;Nordjylland;2022-02-10;M;3057;1;18;4415;2249211;28096;
1085;Sjælland;2022-02-10;M;2934;5;17;4420;2252145;28113;
1083;Syddanmark;2022-02-10;M;5223;9;46;4429;2257368;28159;
1084;Hovedstaden;2022-02-11;F;4207;6;41;4435;2261575;28200;
1082;Midtjylland;2022-02-11;F;5815;2;29;4437;2267390;28229;
1081;Nordjylland;2022-02-11;F;2926;2;22;4439;2270316;28251;
1085;Sjælland;2022-02-11;F;2635;8;26;4447;2272951;28277;
1083;Syddanmark;2022-02-11;F;4721;5;35;4452;2277672;28312;
1084;Hovedstaden;2022-02-11;M;3716;4;47;4456;2281388;28359;
1082;Midtjylland;2022-02-11;M;5293;7;45;4463;2286681;28404;
1081;Nordjylland;2022-02-11;M;2741;1;16;4464;2289422;28420;
1085;Sjælland;2022-02-11;M;2495;3;25;4467;2291917;28445;
1083;Syddanmark;2022-02-11;M;4331;5;32;4472;2296248;28477;
1084;Hovedstaden;2022-02-12;F;3683;3;23;4475;2299931;28500;
1082;Midtjylland;2022-02-12;F;4858;3;40;4478;2304789;28540;
1081;Nordjylland;2022-02-12;F;2760;2;14;4480;2307549;28554;
1085;Sjælland;2022-02-12;F;1707;2;19;4482;2309256;28573;
1083;Syddanmark;2022-02-12;F;4056;5;21;4487;2313312;28594;
1084;Hovedstaden;2022-02-12;M;3296;2;32;4489;2316608;28626;
1082;Midtjylland;2022-02-12;M;4542;3;30;4492;2321150;28656;
1081;Nordjylland;2022-02-12;M;2437;2;14;4494;2323587;28670;
1085;Sjælland;2022-02-12;M;1506;0;20;4494;2325093;28690;
1083;Syddanmark;2022-02-12;M;3777;4;28;4498;2328870;28718;
1084;Hovedstaden;2022-02-13;F;4103;3;48;4501;2332973;28766;
1082;Midtjylland;2022-02-13;F;5514;1;27;4502;2338487;28793;
1081;Nordjylland;2022-02-13;F;2911;3;20;4505;2341398;28813;
1085;Sjælland;2022-02-13;F;1912;3;19;4508;2343310;28832;
1083;Syddanmark;2022-02-13;F;4305;2;28;4510;2347615;28860;
1084;Hovedstaden;2022-02-13;M;3587;4;36;4514;2351202;28896;
1082;Midtjylland;2022-02-13;M;4924;4;32;4518;2356126;28928;
1081;Nordjylland;2022-02-13;M;2709;2;15;4520;2358835;28943;
1085;Sjælland;2022-02-13;M;1694;5;14;4525;2360529;28957;
1083;Syddanmark;2022-02-13;M;3929;3;41;4528;2364458;28998;
1084;Hovedstaden;2022-02-14;F;5433;10;55;4538;2369891;29053;
1082;Midtjylland;2022-02-14;F;6130;4;51;4542;2376021;29104;
1081;Nordjylland;2022-02-14;F;3419;5;24;4547;2379440;29128;
1085;Sjælland;2022-02-14;F;3483;4;35;4551;2382923;29163;
1083;Syddanmark;2022-02-14;F;5600;4;55;4555;2388523;29218;
1084;Hovedstaden;2022-02-14;M;4538;4;54;4559;2393061;29272;
1082;Midtjylland;2022-02-14;M;5403;11;38;4570;2398464;29310;
1081;Nordjylland;2022-02-14;M;3137;3;34;4573;2401601;29344;
1085;Sjælland;2022-02-14;M;2991;3;39;4576;2404592;29383;
1083;Syddanmark;2022-02-14;M;5080;11;53;4587;2409672;29436;
1084;Hovedstaden;2022-02-15;F;5166;5;46;4592;2414838;29482;
1082;Midtjylland;2022-02-15;F;5896;4;41;4596;2420734;29523;
1081;Nordjylland;2022-02-15;F;3076;5;23;4601;2423810;29546;
1085;Sjælland;2022-02-15;F;3039;4;22;4605;2426849;29568;
1083;Syddanmark;2022-02-15;F;5082;9;37;4614;2431931;29605;
1084;Hovedstaden;2022-02-15;M;4404;5;47;4619;2436335;29652;
1082;Midtjylland;2022-02-15;M;5265;6;38;4625;2441600;29690;
1081;Nordjylland;2022-02-15;M;2779;5;35;4630;2444379;29725;
1085;Sjælland;2022-02-15;M;2662;4;39;4634;2447041;29764;
1083;Syddanmark;2022-02-15;M;4633;6;36;4640;2451674;29800;
1084;Hovedstaden;2022-02-16;F;4381;3;47;4643;2456055;29847;
1082;Midtjylland;2022-02-16;F;5213;5;54;4648;2461268;29901;
1081;Nordjylland;2022-02-16;F;2841;2;16;4650;2464109;29917;
1085;Sjælland;2022-02-16;F;2095;1;23;4651;2466204;29940;
1083;Syddanmark;2022-02-16;F;4313;6;32;4657;2470517;29972;
1084;Hovedstaden;2022-02-16;M;3917;6;55;4663;2474434;30027;
1082;Midtjylland;2022-02-16;M;4843;4;38;4667;2479277;30065;
1081;Nordjylland;2022-02-16;M;2578;5;26;4672;2481855;30091;
1085;Sjælland;2022-02-16;M;1907;1;20;4673;2483762;30111;
1083;Syddanmark;2022-02-16;M;3965;9;43;4682;2487727;30154;
1084;Hovedstaden;2022-02-17;F;3957;8;63;4690;2491684;30217;
1082;Midtjylland;2022-02-17;F;4877;1;45;4691;2496561;30262;
1081;Nordjylland;2022-02-17;F;2443;3;17;4694;2499004;30279;
1085;Sjælland;2022-02-17;F;2512;11;27;4705;2501516;30306;
1083;Syddanmark;2022-02-17;F;4252;13;46;4718;2505768;30352;
1084;Hovedstaden;2022-02-17;M;3593;7;32;4725;2509361;30384;
1082;Midtjylland;2022-02-17;M;4206;2;34;4727;2513567;30418;
1081;Nordjylland;2022-02-17;M;2279;4;20;4731;2515846;30438;
1085;Sjælland;2022-02-17;M;2154;2;29;4733;2518000;30467;
1083;Syddanmark;2022-02-17;M;3791;9;50;4742;2521791;30517;
1084;Hovedstaden;2022-02-18;F;3094;7;37;4749;2524885;30554;
1082;Midtjylland;2022-02-18;F;3777;7;41;4756;2528662;30595;
1081;Nordjylland;2022-02-18;F;2060;3;26;4759;2530722;30621;
1085;Sjælland;2022-02-18;F;1816;1;24;4760;2532538;30645;
1083;Syddanmark;2022-02-18;F;3449;5;39;4765;2535987;30684;
1084;Hovedstaden;2022-02-18;M;2556;3;34;4768;2538543;30718;
1082;Midtjylland;2022-02-18;M;3430;5;25;4773;2541973;30743;
1081;Nordjylland;2022-02-18;M;1853;5;25;4778;2543826;30768;
1085;Sjælland;2022-02-18;M;1614;5;22;4783;2545440;30790;
1083;Syddanmark;2022-02-18;M;3091;10;39;4793;2548531;30829;
1084;Hovedstaden;2022-02-19;F;3118;2;25;4795;2551649;30854;
1082;Midtjylland;2022-02-19;F;3857;3;22;4798;2555506;30876;
1081;Nordjylland;2022-02-19;F;1820;4;22;4802;2557326;30898;
1085;Sjælland;2022-02-19;F;1256;3;21;4805;2558582;30919;
1083;Syddanmark;2022-02-19;F;3154;3;29;4808;2561736;30948;
1084;Hovedstaden;2022-02-19;M;2633;5;19;4813;2564369;30967;
1082;Midtjylland;2022-02-19;M;3439;5;29;4818;2567808;30996;
1081;Nordjylland;2022-02-19;M;1696;4;27;4822;2569504;31023;
1085;Sjælland;2022-02-19;M;1115;4;18;4826;2570619;31041;
1083;Syddanmark;2022-02-19;M;2836;2;26;4828;2573455;31067;
1084;Hovedstaden;2022-02-20;F;3786;5;38;4833;2577241;31105;
1082;Midtjylland;2022-02-20;F;4692;4;35;4837;2581933;31140;
1081;Nordjylland;2022-02-20;F;1991;2;18;4839;2583924;31158;
1085;Sjælland;2022-02-20;F;1476;4;10;4843;2585400;31168;
1083;Syddanmark;2022-02-20;F;3734;4;38;4847;2589134;31206;
1084;Hovedstaden;2022-02-20;M;3243;7;42;4854;2592377;31248;
1082;Midtjylland;2022-02-20;M;4356;1;29;4855;2596733;31277;
1081;Nordjylland;2022-02-20;M;1812;4;25;4859;2598545;31302;
1085;Sjælland;2022-02-20;M;1362;1;22;4860;2599907;31324;
1083;Syddanmark;2022-02-20;M;3219;1;27;4861;2603126;31351;
1084;Hovedstaden;2022-02-21;F;4135;7;53;4868;2607261;31404;
1082;Midtjylland;2022-02-21;F;4658;8;36;4876;2611919;31440;
1081;Nordjylland;2022-02-21;F;2247;3;21;4879;2614166;31461;
1085;Sjælland;2022-02-21;F;2525;2;22;4881;2616691;31483;
1083;Syddanmark;2022-02-21;F;4205;6;43;4887;2620896;31526;
1084;Hovedstaden;2022-02-21;M;3505;9;57;4896;2624401;31583;
1082;Midtjylland;2022-02-21;M;4156;10;39;4906;2628557;31622;
1081;Nordjylland;2022-02-21;M;1910;2;29;4908;2630467;31651;
1085;Sjælland;2022-02-21;M;2203;8;32;4916;2632670;31683;
1083;Syddanmark;2022-02-21;M;3615;6;45;4922;2636285;31728;
1084;Hovedstaden;2022-02-22;F;3555;5;34;4927;2639840;31762;
1082;Midtjylland;2022-02-22;F;3724;3;34;4930;2643564;31796;
1081;Nordjylland;2022-02-22;F;2047;6;17;4936;2645611;31813;
1085;Sjælland;2022-02-22;F;1789;2;16;4938;2647400;31829;
1083;Syddanmark;2022-02-22;F;3341;4;34;4942;2650741;31863;
1084;Hovedstaden;2022-02-22;M;3003;3;40;4945;2653744;31903;
1082;Midtjylland;2022-02-22;M;3422;7;32;4952;2657166;31935;
1081;Nordjylland;2022-02-22;M;1829;6;27;4958;2658995;31962;
1085;Sjælland;2022-02-22;M;1565;5;29;4963;2660560;31991;
1083;Syddanmark;2022-02-22;M;3080;7;35;4970;2663640;32026;
1084;Hovedstaden;2022-02-23;F;3004;6;27;4976;2666644;32053;
1082;Midtjylland;2022-02-23;F;3290;7;35;4983;2669934;32088;
1081;Nordjylland;2022-02-23;F;1802;2;17;4985;2671736;32105;
1085;Sjælland;2022-02-23;F;1451;2;29;4987;2673187;32134;
1083;Syddanmark;2022-02-23;F;2749;11;38;4998;2675936;32172;
1084;Hovedstaden;2022-02-23;M;2667;7;34;5005;2678603;32206;
1082;Midtjylland;2022-02-23;M;3055;5;32;5010;2681658;32238;
1081;Nordjylland;2022-02-23;M;1620;2;29;5012;2683278;32267;
1085;Sjælland;2022-02-23;M;1276;2;18;5014;2684554;32285;
1083;Syddanmark;2022-02-23;M;2475;4;43;5018;2687029;32328;
1084;Hovedstaden;2022-02-24;F;2571;0;43;5018;2689600;32371;
1082;Midtjylland;2022-02-24;F;2830;4;26;5022;2692430;32397;
1081;Nordjylland;2022-02-24;F;1604;3;17;5025;2694034;32414;
1085;Sjælland;2022-02-24;F;1463;1;19;5026;2695497;32433;
1083;Syddanmark;2022-02-24;F;2580;7;35;5033;2698077;32468;
1084;Hovedstaden;2022-02-24;M;2220;9;47;5042;2700297;32515;
1082;Midtjylland;2022-02-24;M;2372;2;22;5044;2702669;32537;
1081;Nordjylland;2022-02-24;M;1339;3;23;5047;2704008;32560;
1085;Sjælland;2022-02-24;M;1339;7;32;5054;2705347;32592;
1083;Syddanmark;2022-02-24;M;2276;9;34;5063;2707623;32626;
1084;Hovedstaden;2022-02-25;F;1996;2;22;5065;2709619;32648;
1082;Midtjylland;2022-02-25;F;2375;1;28;5066;2711994;32676;
1081;Nordjylland;2022-02-25;F;1276;6;19;5072;2713270;32695;
1085;Sjælland;2022-02-25;F;1133;0;14;5072;2714403;32709;
1083;Syddanmark;2022-02-25;F;2066;2;32;5074;2716469;32741;
1084;Hovedstaden;2022-02-25;M;1734;2;26;5076;2718203;32767;
1082;Midtjylland;2022-02-25;M;2066;4;29;5080;2720269;32796;
1081;Nordjylland;2022-02-25;M;1144;3;23;5083;2721413;32819;
1085;Sjælland;2022-02-25;M;1034;2;15;5085;2722447;32834;
1083;Syddanmark;2022-02-25;M;1763;6;33;5091;2724210;32867;
1084;Hovedstaden;2022-02-26;F;1751;5;24;5096;2725961;32891;
1082;Midtjylland;2022-02-26;F;2066;1;29;5097;2728027;32920;
1081;Nordjylland;2022-02-26;F;1150;3;13;5100;2729177;32933;
1085;Sjælland;2022-02-26;F;796;0;13;5100;2729973;32946;
1083;Syddanmark;2022-02-26;F;1575;2;20;5102;2731548;32966;
1084;Hovedstaden;2022-02-26;M;1562;3;28;5105;2733110;32994;
1082;Midtjylland;2022-02-26;M;1787;2;21;5107;2734897;33015;
1081;Nordjylland;2022-02-26;M;1006;1;14;5108;2735903;33029;
1085;Sjælland;2022-02-26;M;707;6;12;5114;2736610;33041;
1083;Syddanmark;2022-02-26;M;1447;6;25;5120;2738057;33066;
1084;Hovedstaden;2022-02-27;F;2138;1;20;5121;2740195;33086;
1082;Midtjylland;2022-02-27;F;2459;0;18;5121;2742654;33104;
1081;Nordjylland;2022-02-27;F;1466;1;19;5122;2744120;33123;
1085;Sjælland;2022-02-27;F;1087;1;8;5123;2745207;33131;
1083;Syddanmark;2022-02-27;F;1972;2;18;5125;2747179;33149;
1084;Hovedstaden;2022-02-27;M;1749;6;30;5131;2748928;33179;
1082;Midtjylland;2022-02-27;M;2128;3;16;5134;2751056;33195;
1081;Nordjylland;2022-02-27;M;1237;3;16;5137;2752293;33211;
1085;Sjælland;2022-02-27;M;893;0;15;5137;2753186;33226;
1083;Syddanmark;2022-02-27;M;1727;2;23;5139;2754913;33249;
1084;Hovedstaden;2022-02-28;F;2726;5;35;5144;2757639;33284;
1082;Midtjylland;2022-02-28;F;3063;6;23;5150;2760702;33307;
1081;Nordjylland;2022-02-28;F;1393;1;20;5151;2762095;33327;
1085;Sjælland;2022-02-28;F;1689;5;17;5156;2763784;33344;
1083;Syddanmark;2022-02-28;F;2677;6;36;5162;2766461;33380;
1084;Hovedstaden;2022-02-28;M;2292;8;50;5170;2768753;33430;
1082;Midtjylland;2022-02-28;M;2557;5;34;5175;2771310;33464;
1081;Nordjylland;2022-02-28;M;1326;3;19;5178;2772636;33483;
1085;Sjælland;2022-02-28;M;1398;4;18;5182;2774034;33501;
1083;Syddanmark;2022-02-28;M;2353;8;47;5190;2776387;33548;
1084;Hovedstaden;2022-03-01;F;2366;3;33;5193;2778753;33581;
1082;Midtjylland;2022-03-01;F;2688;6;37;5199;2781441;33618;
1081;Nordjylland;2022-03-01;F;1289;1;21;5200;2782730;33639;
1085;Sjælland;2022-03-01;F;1116;3;14;5203;2783846;33653;
1083;Syddanmark;2022-03-01;F;2338;3;24;5206;2786184;33677;
1084;Hovedstaden;2022-03-01;M;1971;9;33;5215;2788155;33710;
1082;Midtjylland;2022-03-01;M;2318;6;34;5221;2790473;33744;
1081;Nordjylland;2022-03-01;M;1138;3;22;5224;2791611;33766;
1085;Sjælland;2022-03-01;M;1002;1;12;5225;2792613;33778;
1083;Syddanmark;2022-03-01;M;2061;7;36;5232;2794674;33814;
1084;Hovedstaden;2022-03-02;F;2202;3;47;5235;2796876;33861;
1082;Midtjylland;2022-03-02;F;2640;1;20;5236;2799516;33881;
1081;Nordjylland;2022-03-02;F;1195;2;15;5238;2800711;33896;
1085;Sjælland;2022-03-02;F;1071;1;21;5239;2801782;33917;
1083;Syddanmark;2022-03-02;F;2105;5;27;5244;2803887;33944;
1084;Hovedstaden;2022-03-02;M;1933;5;25;5249;2805820;33969;
1082;Midtjylland;2022-03-02;M;2271;4;27;5253;2808091;33996;
1081;Nordjylland;2022-03-02;M;1096;3;16;5256;2809187;34012;
1085;Sjælland;2022-03-02;M;964;2;18;5258;2810151;34030;
1083;Syddanmark;2022-03-02;M;1861;5;24;5263;2812012;34054;
1084;Hovedstaden;2022-03-03;F;1995;6;45;5269;2814007;34099;
1082;Midtjylland;2022-03-03;F;2212;4;16;5273;2816219;34115;
1081;Nordjylland;2022-03-03;F;963;5;15;5278;2817182;34130;
1085;Sjælland;2022-03-03;F;1120;4;16;5282;2818302;34146;
1083;Syddanmark;2022-03-03;F;2187;7;25;5289;2820489;34171;
1084;Hovedstaden;2022-03-03;M;1623;3;31;5292;2822112;34202;
1082;Midtjylland;2022-03-03;M;1986;3;25;5295;2824098;34227;
1081;Nordjylland;2022-03-03;M;852;4;17;5299;2824950;34244;
1085;Sjælland;2022-03-03;M;993;3;32;5302;2825943;34276;
1083;Syddanmark;2022-03-03;M;1827;6;25;5308;2827770;34301;
1084;Hovedstaden;2022-03-04;F;1702;2;27;5310;2829472;34328;
1082;Midtjylland;2022-03-04;F;1900;2;22;5312;2831372;34350;
1081;Nordjylland;2022-03-04;F;849;3;20;5315;2832221;34370;
1085;Sjælland;2022-03-04;F;924;2;19;5317;2833145;34389;
1083;Syddanmark;2022-03-04;F;1794;3;24;5320;2834939;34413;
1084;Hovedstaden;2022-03-04;M;1404;8;35;5328;2836343;34448;
1082;Midtjylland;2022-03-04;M;1697;5;25;5333;2838040;34473;
1081;Nordjylland;2022-03-04;M;759;4;12;5337;2838799;34485;
1085;Sjælland;2022-03-04;M;844;2;23;5339;2839643;34508;
1083;Syddanmark;2022-03-04;M;1509;6;28;5345;2841152;34536;
1084;Hovedstaden;2022-03-05;F;1424;0;17;5345;2842576;34553;
1082;Midtjylland;2022-03-05;F;1663;6;12;5351;2844239;34565;
1081;Nordjylland;2022-03-05;F;760;1;14;5352;2844999;34579;
1085;Sjælland;2022-03-05;F;554;1;5;5353;2845553;34584;
1083;Syddanmark;2022-03-05;F;1428;4;17;5357;2846981;34601;
1084;Hovedstaden;2022-03-05;M;1191;0;17;5357;2848172;34618;
1082;Midtjylland;2022-03-05;M;1410;2;20;5359;2849582;34638;
1081;Nordjylland;2022-03-05;M;702;2;18;5361;2850284;34656;
1085;Sjælland;2022-03-05;M;518;4;18;5365;2850802;34674;
1083;Syddanmark;2022-03-05;M;1282;0;29;5365;2852084;34703;
1084;Hovedstaden;2022-03-06;F;1703;3;31;5368;2853787;34734;
1082;Midtjylland;2022-03-06;F;2013;4;21;5372;2855800;34755;
1081;Nordjylland;2022-03-06;F;946;2;10;5374;2856746;34765;
1085;Sjælland;2022-03-06;F;758;1;10;5375;2857504;34775;
1083;Syddanmark;2022-03-06;F;1688;6;27;5381;2859192;34802;
1084;Hovedstaden;2022-03-06;M;1465;2;16;5383;2860657;34818;
1082;Midtjylland;2022-03-06;M;1720;5;26;5388;2862377;34844;
1081;Nordjylland;2022-03-06;M;831;3;12;5391;2863208;34856;
1085;Sjælland;2022-03-06;M;655;3;15;5394;2863863;34871;
1083;Syddanmark;2022-03-06;M;1506;6;26;5400;2865369;34897;
1084;Hovedstaden;2022-03-07;F;2149;4;27;5404;2867518;34924;
1082;Midtjylland;2022-03-07;F;2386;5;24;5409;2869904;34948;
1081;Nordjylland;2022-03-07;F;1030;1;23;5410;2870934;34971;
1085;Sjælland;2022-03-07;F;1249;8;23;5418;2872183;34994;
1083;Syddanmark;2022-03-07;F;2128;8;23;5426;2874311;35017;
1084;Hovedstaden;2022-03-07;M;1761;3;29;5429;2876072;35046;
1082;Midtjylland;2022-03-07;M;2045;1;28;5430;2878117;35074;
1081;Nordjylland;2022-03-07;M;852;5;19;5435;2878969;35093;
1085;Sjælland;2022-03-07;M;1071;5;20;5440;2880040;35113;
1083;Syddanmark;2022-03-07;M;1888;3;33;5443;2881928;35146;
1084;Hovedstaden;2022-03-08;F;1974;0;30;5443;2883902;35176;
1082;Midtjylland;2022-03-08;F;2157;4;29;5447;2886059;35205;
1081;Nordjylland;2022-03-08;F;971;2;8;5449;2887030;35213;
1085;Sjælland;2022-03-08;F;1079;3;13;5452;2888109;35226;
1083;Syddanmark;2022-03-08;F;2150;6;32;5458;2890259;35258;
1084;Hovedstaden;2022-03-08;M;1847;6;28;5464;2892106;35286;
1082;Midtjylland;2022-03-08;M;1908;3;24;5467;2894014;35310;
1081;Nordjylland;2022-03-08;M;834;4;11;5471;2894848;35321;
1085;Sjælland;2022-03-08;M;962;1;14;5472;2895810;35335;
1083;Syddanmark;2022-03-08;M;1852;2;36;5474;2897662;35371;
1084;Hovedstaden;2022-03-09;F;1797;2;28;5476;2899459;35399;
1082;Midtjylland;2022-03-09;F;1913;3;21;5479;2901372;35420;
1081;Nordjylland;2022-03-09;F;965;2;20;5481;2902337;35440;
1085;Sjælland;2022-03-09;F;993;0;17;5481;2903330;35457;
1083;Syddanmark;2022-03-09;F;1745;6;22;5487;2905075;35479;
1084;Hovedstaden;2022-03-09;M;1608;4;37;5491;2906683;35516;
1082;Midtjylland;2022-03-09;M;1746;2;14;5493;2908429;35530;
1081;Nordjylland;2022-03-09;M;812;2;13;5495;2909241;35543;
1085;Sjælland;2022-03-09;M;903;3;16;5498;2910144;35559;
1083;Syddanmark;2022-03-09;M;1633;5;30;5503;2911777;35589;
1084;Hovedstaden;2022-03-10;F;1537;5;25;5508;2913314;35614;
1082;Midtjylland;2022-03-10;F;1613;2;26;5510;2914927;35640;
1081;Nordjylland;2022-03-10;F;695;6;14;5516;2915622;35654;
1085;Sjælland;2022-03-10;F;881;4;13;5520;2916503;35667;
1083;Syddanmark;2022-03-10;F;1637;7;32;5527;2918140;35699;
1084;Hovedstaden;2022-03-10;M;1348;2;17;5529;2919488;35716;
1082;Midtjylland;2022-03-10;M;1390;1;12;5530;2920878;35728;
1081;Nordjylland;2022-03-10;M;603;2;8;5532;2921481;35736;
1085;Sjælland;2022-03-10;M;782;1;18;5533;2922263;35754;
1083;Syddanmark;2022-03-10;M;1482;6;31;5539;2923745;35785;
1084;Hovedstaden;2022-03-11;F;972;1;17;5540;2924717;35802;
1082;Midtjylland;2022-03-11;F;1051;3;18;5543;2925768;35820;
1081;Nordjylland;2022-03-11;F;483;1;11;5544;2926251;35831;
1085;Sjælland;2022-03-11;F;557;1;11;5545;2926808;35842;
1083;Syddanmark;2022-03-11;F;1034;1;22;5546;2927842;35864;
1084;Hovedstaden;2022-03-11;M;872;0;18;5546;2928714;35882;
1082;Midtjylland;2022-03-11;M;938;2;18;5548;2929652;35900;
1081;Nordjylland;2022-03-11;M;438;1;12;5549;2930090;35912;
1085;Sjælland;2022-03-11;M;476;5;23;5554;2930566;35935;
1083;Syddanmark;2022-03-11;M;944;4;30;5558;2931510;35965;
1084;Hovedstaden;2022-03-12;F;850;1;16;5559;2932360;35981;
1082;Midtjylland;2022-03-12;F;855;3;15;5562;2933215;35996;
1081;Nordjylland;2022-03-12;F;425;0;6;5562;2933640;36002;
1085;Sjælland;2022-03-12;F;400;2;14;5564;2934040;36016;
1083;Syddanmark;2022-03-12;F;857;3;17;5567;2934897;36033;
1084;Hovedstaden;2022-03-12;M;699;0;19;5567;2935596;36052;
1082;Midtjylland;2022-03-12;M;742;5;19;5572;2936338;36071;
1081;Nordjylland;2022-03-12;M;379;2;8;5574;2936717;36079;
1085;Sjælland;2022-03-12;M;353;4;25;5578;2937070;36104;
1083;Syddanmark;2022-03-12;M;739;5;19;5583;2937809;36123;
1084;Hovedstaden;2022-03-13;F;1088;2;24;5585;2938897;36147;
1082;Midtjylland;2022-03-13;F;1096;2;6;5587;2939993;36153;
1081;Nordjylland;2022-03-13;F;547;1;9;5588;2940540;36162;
1085;Sjælland;2022-03-13;F;477;3;9;5591;2941017;36171;
1083;Syddanmark;2022-03-13;F;1057;1;22;5592;2942074;36193;
1084;Hovedstaden;2022-03-13;M;940;5;30;5597;2943014;36223;
1082;Midtjylland;2022-03-13;M;929;1;17;5598;2943943;36240;
1081;Nordjylland;2022-03-13;M;436;1;13;5599;2944379;36253;
1085;Sjælland;2022-03-13;M;415;0;7;5599;2944794;36260;
1083;Syddanmark;2022-03-13;M;933;3;21;5602;2945727;36281;
1084;Hovedstaden;2022-03-14;F;1270;6;34;5608;2946997;36315;
1082;Midtjylland;2022-03-14;F;1379;5;21;5613;2948376;36336;
1081;Nordjylland;2022-03-14;F;627;2;12;5615;2949003;36348;
1085;Sjælland;2022-03-14;F;914;0;11;5615;2949917;36359;
1083;Syddanmark;2022-03-14;F;1321;1;21;5616;2951238;36380;
1084;Hovedstaden;2022-03-14;M;1091;4;25;5620;2952329;36405;
1082;Midtjylland;2022-03-14;M;1159;2;25;5622;2953488;36430;
1081;Nordjylland;2022-03-14;M;530;5;20;5627;2954018;36450;
1085;Sjælland;2022-03-14;M;679;2;19;5629;2954697;36469;
1083;Syddanmark;2022-03-14;M;1100;3;32;5632;2955797;36501;
1084;Hovedstaden;2022-03-15;F;1129;4;22;5636;2956926;36523;
1082;Midtjylland;2022-03-15;F;1230;1;20;5637;2958156;36543;
1081;Nordjylland;2022-03-15;F;581;3;11;5640;2958737;36554;
1085;Sjælland;2022-03-15;F;681;1;15;5641;2959418;36569;
1083;Syddanmark;2022-03-15;F;1210;3;20;5644;2960628;36589;
1084;Hovedstaden;2022-03-15;M;977;1;17;5645;2961605;36606;
1082;Midtjylland;2022-03-15;M;1053;1;15;5646;2962658;36621;
1081;Nordjylland;2022-03-15;M;444;5;17;5651;2963102;36638;
1085;Sjælland;2022-03-15;M;587;1;22;5652;2963689;36660;
1083;Syddanmark;2022-03-15;M;1047;2;25;5654;2964736;36685;
1084;Hovedstaden;2022-03-16;F;1099;2;21;5656;2965835;36706;
1082;Midtjylland;2022-03-16;F;1021;2;17;5658;2966856;36723;
1081;Nordjylland;2022-03-16;F;537;0;10;5658;2967393;36733;
1085;Sjælland;2022-03-16;F;633;1;7;5659;2968026;36740;
1083;Syddanmark;2022-03-16;F;1067;3;18;5662;2969093;36758;
1084;Hovedstaden;2022-03-16;M;880;2;17;5664;2969973;36775;
1082;Midtjylland;2022-03-16;M;942;8;18;5672;2970915;36793;
1081;Nordjylland;2022-03-16;M;439;2;13;5674;2971354;36806;
1085;Sjælland;2022-03-16;M;572;2;19;5676;2971926;36825;
1083;Syddanmark;2022-03-16;M;941;4;25;5680;2972867;36850;
1084;Hovedstaden;2022-03-17;F;964;3;19;5683;2973831;36869;
1082;Midtjylland;2022-03-17;F;952;0;19;5683;2974783;36888;
1081;Nordjylland;2022-03-17;F;512;3;11;5686;2975295;36899;
1085;Sjælland;2022-03-17;F;594;8;14;5694;2975889;36913;
1083;Syddanmark;2022-03-17;F;1021;2;24;5696;2976910;36937;
1084;Hovedstaden;2022-03-17;M;822;3;18;5699;2977732;36955;
1082;Midtjylland;2022-03-17;M;846;4;16;5703;2978578;36971;
1081;Nordjylland;2022-03-17;M;374;0;11;5703;2978952;36982;
1085;Sjælland;2022-03-17;M;507;2;16;5705;2979459;36998;
1083;Syddanmark;2022-03-17;M;816;6;23;5711;2980275;37021;
1084;Hovedstaden;2022-03-18;F;756;1;21;5712;2981031;37042;
1082;Midtjylland;2022-03-18;F;796;1;15;5713;2981827;37057;
1081;Nordjylland;2022-03-18;F;413;0;5;5713;2982240;37062;
1085;Sjælland;2022-03-18;F;495;1;18;5714;2982735;37080;
1083;Syddanmark;2022-03-18;F;821;0;16;5714;2983556;37096;
1084;Hovedstaden;2022-03-18;M;656;4;20;5718;2984212;37116;
1082;Midtjylland;2022-03-18;M;704;3;16;5721;2984916;37132;
1081;Nordjylland;2022-03-18;M;328;0;8;5721;2985244;37140;
1085;Sjælland;2022-03-18;M;392;1;8;5722;2985636;37148;
1083;Syddanmark;2022-03-18;M;687;4;26;5726;2986323;37174;
1084;Hovedstaden;2022-03-19;F;641;0;13;5726;2986964;37187;
1082;Midtjylland;2022-03-19;F;583;1;12;5727;2987547;37199;
1081;Nordjylland;2022-03-19;F;306;0;5;5727;2987853;37204;
1085;Sjælland;2022-03-19;F;340;1;7;5728;2988193;37211;
1083;Syddanmark;2022-03-19;F;624;2;20;5730;2988817;37231;
1084;Hovedstaden;2022-03-19;M;545;3;13;5733;2989362;37244;
1082;Midtjylland;2022-03-19;M;541;2;12;5735;2989903;37256;
1081;Nordjylland;2022-03-19;M;239;2;16;5737;2990142;37272;
1085;Sjælland;2022-03-19;M;311;0;7;5737;2990453;37279;
1083;Syddanmark;2022-03-19;M;531;4;18;5741;2990984;37297;
1084;Hovedstaden;2022-03-20;F;843;2;18;5743;2991827;37315;
1082;Midtjylland;2022-03-20;F;750;0;8;5743;2992577;37323;
1081;Nordjylland;2022-03-20;F;307;1;9;5744;2992884;37332;
1085;Sjælland;2022-03-20;F;419;0;12;5744;2993303;37344;
1083;Syddanmark;2022-03-20;F;701;0;14;5744;2994004;37358;
1084;Hovedstaden;2022-03-20;M;699;0;13;5744;2994703;37371;
1082;Midtjylland;2022-03-20;M;597;2;15;5746;2995300;37386;
1081;Nordjylland;2022-03-20;M;297;3;10;5749;2995597;37396;
1085;Sjælland;2022-03-20;M;307;1;8;5750;2995904;37404;
1083;Syddanmark;2022-03-20;M;618;1;23;5751;2996522;37427;
1084;Hovedstaden;2022-03-21;F;983;0;26;5751;2997505;37453;
1082;Midtjylland;2022-03-21;F;918;1;13;5752;2998423;37466;
1081;Nordjylland;2022-03-21;F;441;0;8;5752;2998864;37474;
1085;Sjælland;2022-03-21;F;702;2;17;5754;2999566;37491;
1083;Syddanmark;2022-03-21;F;1090;2;17;5756;3000656;37508;
1084;Hovedstaden;2022-03-21;M;804;6;22;5762;3001460;37530;
1082;Midtjylland;2022-03-21;M;743;4;15;5766;3002203;37545;
1081;Nordjylland;2022-03-21;M;385;1;10;5767;3002588;37555;
1085;Sjælland;2022-03-21;M;579;1;15;5768;3003167;37570;
1083;Syddanmark;2022-03-21;M;850;4;24;5772;3004017;37594;
1084;Hovedstaden;2022-03-22;F;935;1;21;5773;3004952;37615;
1082;Midtjylland;2022-03-22;F;759;0;9;5773;3005711;37624;
1081;Nordjylland;2022-03-22;F;330;0;10;5773;3006041;37634;
1085;Sjælland;2022-03-22;F;496;2;15;5775;3006537;37649;
1083;Syddanmark;2022-03-22;F;835;0;16;5775;3007372;37665;
1084;Hovedstaden;2022-03-22;M;704;4;21;5779;3008076;37686;
1082;Midtjylland;2022-03-22;M;707;4;21;5783;3008783;37707;
1081;Nordjylland;2022-03-22;M;285;4;13;5787;3009068;37720;
1085;Sjælland;2022-03-22;M;444;1;7;5788;3009512;37727;
1083;Syddanmark;2022-03-22;M;759;7;35;5795;3010271;37762;
1084;Hovedstaden;2022-03-23;F;794;0;15;5795;3011065;37777;
1082;Midtjylland;2022-03-23;F;729;1;18;5796;3011794;37795;
1081;Nordjylland;2022-03-23;F;340;3;15;5799;3012134;37810;
1085;Sjælland;2022-03-23;F;502;4;20;5803;3012636;37830;
1083;Syddanmark;2022-03-23;F;807;4;22;5807;3013443;37852;
1084;Hovedstaden;2022-03-23;M;666;3;26;5810;3014109;37878;
1082;Midtjylland;2022-03-23;M;615;0;20;5810;3014724;37898;
1081;Nordjylland;2022-03-23;M;284;2;12;5812;3015008;37910;
1085;Sjælland;2022-03-23;M;430;0;16;5812;3015438;37926;
1083;Syddanmark;2022-03-23;M;612;1;22;5813;3016050;37948;
1084;Hovedstaden;2022-03-24;F;735;3;19;5816;3016785;37967;
1082;Midtjylland;2022-03-24;F;596;1;6;5817;3017381;37973;
1081;Nordjylland;2022-03-24;F;292;1;5;5818;3017673;37978;
1085;Sjælland;2022-03-24;F;424;3;12;5821;3018097;37990;
1083;Syddanmark;2022-03-24;F;658;1;13;5822;3018755;38003;
1084;Hovedstaden;2022-03-24;M;584;5;13;5827;3019339;38016;
1082;Midtjylland;2022-03-24;M;519;0;11;5827;3019858;38027;
1081;Nordjylland;2022-03-24;M;242;0;5;5827;3020100;38032;
1085;Sjælland;2022-03-24;M;351;1;8;5828;3020451;38040;
1083;Syddanmark;2022-03-24;M;600;2;17;5830;3021051;38057;
1084;Hovedstaden;2022-03-25;F;601;3;17;5833;3021652;38074;
1082;Midtjylland;2022-03-25;F;509;1;12;5834;3022161;38086;
1081;Nordjylland;2022-03-25;F;266;0;6;5834;3022427;38092;
1085;Sjælland;2022-03-25;F;346;2;13;5836;3022773;38105;
1083;Syddanmark;2022-03-25;F;569;2;15;5838;3023342;38120;
1084;Hovedstaden;2022-03-25;M;473;2;13;5840;3023815;38133;
1082;Midtjylland;2022-03-25;M;482;4;21;5844;3024297;38154;
1081;Nordjylland;2022-03-25;M;212;1;8;5845;3024509;38162;
1085;Sjælland;2022-03-25;M;271;0;8;5845;3024780;38170;
1083;Syddanmark;2022-03-25;M;514;4;27;5849;3025294;38197;
1084;Hovedstaden;2022-03-26;F;445;1;9;5850;3025739;38206;
1082;Midtjylland;2022-03-26;F;390;2;11;5852;3026129;38217;
1081;Nordjylland;2022-03-26;F;199;0;5;5852;3026328;38222;
1085;Sjælland;2022-03-26;F;203;0;4;5852;3026531;38226;
1083;Syddanmark;2022-03-26;F;373;2;6;5854;3026904;38232;
1084;Hovedstaden;2022-03-26;M;399;2;11;5856;3027303;38243;
1082;Midtjylland;2022-03-26;M;350;1;8;5857;3027653;38251;
1081;Nordjylland;2022-03-26;M;166;0;2;5857;3027819;38253;
1085;Sjælland;2022-03-26;M;174;1;10;5858;3027993;38263;
1083;Syddanmark;2022-03-26;M;318;0;13;5858;3028311;38276;
1084;Hovedstaden;2022-03-27;F;537;3;16;5861;3028848;38292;
1082;Midtjylland;2022-03-27;F;456;1;7;5862;3029304;38299;
1081;Nordjylland;2022-03-27;F;188;0;4;5862;3029492;38303;
1085;Sjælland;2022-03-27;F;212;0;7;5862;3029704;38310;
1083;Syddanmark;2022-03-27;F;438;3;7;5865;3030142;38317;
1084;Hovedstaden;2022-03-27;M;443;0;18;5865;3030585;38335;
1082;Midtjylland;2022-03-27;M;415;1;14;5866;3031000;38349;
1081;Nordjylland;2022-03-27;M;158;0;5;5866;3031158;38354;
1085;Sjælland;2022-03-27;M;193;0;10;5866;3031351;38364;
1083;Syddanmark;2022-03-27;M;382;2;13;5868;3031733;38377;
1084;Hovedstaden;2022-03-28;F;724;3;16;5871;3032457;38393;
1082;Midtjylland;2022-03-28;F;529;1;18;5872;3032986;38411;
1081;Nordjylland;2022-03-28;F;278;1;6;5873;3033264;38417;
1085;Sjælland;2022-03-28;F;472;1;7;5874;3033736;38424;
1083;Syddanmark;2022-03-28;F;668;3;17;5877;3034404;38441;
1084;Hovedstaden;2022-03-28;M;591;3;17;5880;3034995;38458;
1082;Midtjylland;2022-03-28;M;470;0;12;5880;3035465;38470;
1081;Nordjylland;2022-03-28;M;251;0;7;5880;3035716;38477;
1085;Sjælland;2022-03-28;M;385;2;9;5882;3036101;38486;
1083;Syddanmark;2022-03-28;M;592;3;22;5885;3036693;38508;
1084;Hovedstaden;2022-03-29;F;621;1;21;5886;3037314;38529;
1082;Midtjylland;2022-03-29;F;507;0;6;5886;3037821;38535;
1081;Nordjylland;2022-03-29;F;236;0;8;5886;3038057;38543;
1085;Sjælland;2022-03-29;F;340;0;9;5886;3038397;38552;
1083;Syddanmark;2022-03-29;F;545;2;17;5888;3038942;38569;
1084;Hovedstaden;2022-03-29;M;504;4;11;5892;3039446;38580;
1082;Midtjylland;2022-03-29;M;405;1;14;5893;3039851;38594;
1081;Nordjylland;2022-03-29;M;178;2;9;5895;3040029;38603;
1085;Sjælland;2022-03-29;M;288;5;16;5900;3040317;38619;
1083;Syddanmark;2022-03-29;M;451;3;13;5903;3040768;38632;
1084;Hovedstaden;2022-03-30;F;549;3;18;5906;3041317;38650;
1082;Midtjylland;2022-03-30;F;440;1;11;5907;3041757;38661;
1081;Nordjylland;2022-03-30;F;212;0;5;5907;3041969;38666;
1085;Sjælland;2022-03-30;F;344;0;10;5907;3042313;38676;
1083;Syddanmark;2022-03-30;F;449;3;18;5910;3042762;38694;
1084;Hovedstaden;2022-03-30;M;474;1;11;5911;3043236;38705;
1082;Midtjylland;2022-03-30;M;370;1;9;5912;3043606;38714;
1081;Nordjylland;2022-03-30;M;171;0;6;5912;3043777;38720;
1085;Sjælland;2022-03-30;M;309;1;14;5913;3044086;38734;
1083;Syddanmark;2022-03-30;M;426;2;14;5915;3044512;38748;
1084;Hovedstaden;2022-03-31;F;447;2;15;5917;3044959;38763;
1082;Midtjylland;2022-03-31;F;367;2;15;5919;3045326;38778;
1081;Nordjylland;2022-03-31;F;161;1;8;5920;3045487;38786;
1085;Sjælland;2022-03-31;F;267;0;12;5920;3045754;38798;
1083;Syddanmark;2022-03-31;F;424;0;10;5920;3046178;38808;
1084;Hovedstaden;2022-03-31;M;361;3;15;5923;3046539;38823;
1082;Midtjylland;2022-03-31;M;321;3;11;5926;3046860;38834;
1081;Nordjylland;2022-03-31;M;142;2;5;5928;3047002;38839;
1085;Sjælland;2022-03-31;M;210;0;7;5928;3047212;38846;
1083;Syddanmark;2022-03-31;M;333;4;13;5932;3047545;38859;
1084;Hovedstaden;2022-04-01;F;415;1;19;5933;3047960;38878;
1082;Midtjylland;2022-04-01;F;285;0;8;5933;3048245;38886;
1081;Nordjylland;2022-04-01;F;155;1;6;5934;3048400;38892;
1085;Sjælland;2022-04-01;F;220;0;9;5934;3048620;38901;
1083;Syddanmark;2022-04-01;F;364;3;10;5937;3048984;38911;
1084;Hovedstaden;2022-04-01;M;301;1;13;5938;3049285;38924;
1082;Midtjylland;2022-04-01;M;233;0;7;5938;3049518;38931;
1081;Nordjylland;2022-04-01;M;126;2;8;5940;3049644;38939;
1085;Sjælland;2022-04-01;M;181;0;5;5940;3049825;38944;
1083;Syddanmark;2022-04-01;M;321;0;16;5940;3050146;38960;
1084;Hovedstaden;2022-04-02;F;317;0;15;5940;3050463;38975;
1082;Midtjylland;2022-04-02;F;224;0;4;5940;3050687;38979;
1081;Nordjylland;2022-04-02;F;106;0;6;5940;3050793;38985;
1085;Sjælland;2022-04-02;F;155;3;11;5943;3050948;38996;
1083;Syddanmark;2022-04-02;F;282;2;10;5945;3051230;39006;
1084;Hovedstaden;2022-04-02;M;271;0;10;5945;3051501;39016;
1082;Midtjylland;2022-04-02;M;211;0;4;5945;3051712;39020;
1081;Nordjylland;2022-04-02;M;99;1;7;5946;3051811;39027;
1085;Sjælland;2022-04-02;M;146;0;9;5946;3051957;39036;
1083;Syddanmark;2022-04-02;M;220;0;7;5946;3052177;39043;
1084;Hovedstaden;2022-04-03;F;349;0;13;5946;3052526;39056;
1082;Midtjylland;2022-04-03;F;269;0;8;5946;3052795;39064;
1081;Nordjylland;2022-04-03;F;109;0;0;5946;3052904;39064;
1085;Sjælland;2022-04-03;F;177;2;9;5948;3053081;39073;
1083;Syddanmark;2022-04-03;F;304;3;12;5951;3053385;39085;
1084;Hovedstaden;2022-04-03;M;323;0;5;5951;3053708;39090;
1082;Midtjylland;2022-04-03;M;229;0;6;5951;3053937;39096;
1081;Nordjylland;2022-04-03;M;128;2;10;5953;3054065;39106;
1085;Sjælland;2022-04-03;M;155;2;6;5955;3054220;39112;
1083;Syddanmark;2022-04-03;M;258;4;14;5959;3054478;39126;
1084;Hovedstaden;2022-04-04;F;488;8;17;5967;3054966;39143;
1082;Midtjylland;2022-04-04;F;411;1;9;5968;3055377;39152;
1081;Nordjylland;2022-04-04;F;160;0;3;5968;3055537;39155;
1085;Sjælland;2022-04-04;F;372;3;11;5971;3055909;39166;
1083;Syddanmark;2022-04-04;F;437;2;13;5973;3056346;39179;
1084;Hovedstaden;2022-04-04;M;428;5;20;5978;3056774;39199;
1082;Midtjylland;2022-04-04;M;321;2;13;5980;3057095;39212;
1081;Nordjylland;2022-04-04;M;160;0;10;5980;3057255;39222;
1085;Sjælland;2022-04-04;M;291;1;11;5981;3057546;39233;
1083;Syddanmark;2022-04-04;M;359;4;19;5985;3057905;39252;
1084;Hovedstaden;2022-04-05;F;466;3;21;5988;3058371;39273;
1082;Midtjylland;2022-04-05;F;333;0;8;5988;3058704;39281;
1081;Nordjylland;2022-04-05;F;191;5;6;5993;3058895;39287;
1085;Sjælland;2022-04-05;F;298;1;12;5994;3059193;39299;
1083;Syddanmark;2022-04-05;F;375;1;6;5995;3059568;39305;
1084;Hovedstaden;2022-04-05;M;412;1;20;5996;3059980;39325;
1082;Midtjylland;2022-04-05;M;300;1;9;5997;3060280;39334;
1081;Nordjylland;2022-04-05;M;160;3;6;6000;3060440;39340;
1085;Sjælland;2022-04-05;M;224;2;12;6002;3060664;39352;
1083;Syddanmark;2022-04-05;M;314;2;13;6004;3060978;39365;
1084;Hovedstaden;2022-04-06;F;402;2;10;6006;3061380;39375;
1082;Midtjylland;2022-04-06;F;307;1;9;6007;3061687;39384;
1081;Nordjylland;2022-04-06;F;146;0;3;6007;3061833;39387;
1085;Sjælland;2022-04-06;F;256;2;13;6009;3062089;39400;
1083;Syddanmark;2022-04-06;F;369;1;10;6010;3062458;39410;
1084;Hovedstaden;2022-04-06;M;356;2;18;6012;3062814;39428;
1082;Midtjylland;2022-04-06;M;261;2;6;6014;3063075;39434;
1081;Nordjylland;2022-04-06;M;118;2;5;6016;3063193;39439;
1085;Sjælland;2022-04-06;M;214;0;11;6016;3063407;39450;
1083;Syddanmark;2022-04-06;M;323;4;12;6020;3063730;39462;
1084;Hovedstaden;2022-04-07;F;434;1;12;6021;3064164;39474;
1082;Midtjylland;2022-04-07;F;305;0;6;6021;3064469;39480;
1081;Nordjylland;2022-04-07;F;148;1;7;6022;3064617;39487;
1085;Sjælland;2022-04-07;F;269;2;7;6024;3064886;39494;
1083;Syddanmark;2022-04-07;F;360;2;8;6026;3065246;39502;
1084;Hovedstaden;2022-04-07;M;369;4;16;6030;3065615;39518;
1082;Midtjylland;2022-04-07;M;252;0;12;6030;3065867;39530;
1081;Nordjylland;2022-04-07;M;116;0;6;6030;3065983;39536;
1085;Sjælland;2022-04-07;M;175;2;5;6032;3066158;39541;
1083;Syddanmark;2022-04-07;M;278;7;20;6039;3066436;39561;
1084;Hovedstaden;2022-04-08;F;334;1;6;6040;3066770;39567;
1082;Midtjylland;2022-04-08;F;255;1;10;6041;3067025;39577;
1081;Nordjylland;2022-04-08;F;124;1;9;6042;3067149;39586;
1085;Sjælland;2022-04-08;F;220;0;7;6042;3067369;39593;
1083;Syddanmark;2022-04-08;F;303;2;14;6044;3067672;39607;
1084;Hovedstaden;2022-04-08;M;274;1;15;6045;3067946;39622;
1082;Midtjylland;2022-04-08;M;202;0;7;6045;3068148;39629;
1081;Nordjylland;2022-04-08;M;105;0;5;6045;3068253;39634;
1085;Sjælland;2022-04-08;M;186;0;10;6045;3068439;39644;
1083;Syddanmark;2022-04-08;M;226;1;18;6046;3068665;39662;
1084;Hovedstaden;2022-04-09;F;275;0;8;6046;3068940;39670;
1082;Midtjylland;2022-04-09;F;201;4;7;6050;3069141;39677;
1081;Nordjylland;2022-04-09;F;108;0;6;6050;3069249;39683;
1085;Sjælland;2022-04-09;F;120;0;8;6050;3069369;39691;
1083;Syddanmark;2022-04-09;F;216;3;13;6053;3069585;39704;
1084;Hovedstaden;2022-04-09;M;237;0;6;6053;3069822;39710;
1082;Midtjylland;2022-04-09;M;178;0;13;6053;3070000;39723;
1081;Nordjylland;2022-04-09;M;84;0;6;6053;3070084;39729;
1085;Sjælland;2022-04-09;M;126;0;10;6053;3070210;39739;
1083;Syddanmark;2022-04-09;M;183;1;6;6054;3070393;39745;
1084;Hovedstaden;2022-04-10;F;367;2;16;6056;3070760;39761;
1082;Midtjylland;2022-04-10;F;216;1;7;6057;3070976;39768;
1081;Nordjylland;2022-04-10;F;88;0;2;6057;3071064;39770;
1085;Sjælland;2022-04-10;F;130;0;5;6057;3071194;39775;
1083;Syddanmark;2022-04-10;F;224;2;7;6059;3071418;39782;
1084;Hovedstaden;2022-04-10;M;239;1;10;6060;3071657;39792;
1082;Midtjylland;2022-04-10;M;179;1;6;6061;3071836;39798;
1081;Nordjylland;2022-04-10;M;71;0;1;6061;3071907;39799;
1085;Sjælland;2022-04-10;M;137;1;13;6062;3072044;39812;
1083;Syddanmark;2022-04-10;M;182;0;9;6062;3072226;39821;
1084;Hovedstaden;2022-04-11;F;387;1;14;6063;3072613;39835;
1082;Midtjylland;2022-04-11;F;320;1;13;6064;3072933;39848;
1081;Nordjylland;2022-04-11;F;157;1;4;6065;3073090;39852;
1085;Sjælland;2022-04-11;F;275;0;10;6065;3073365;39862;
1083;Syddanmark;2022-04-11;F;304;2;5;6067;3073669;39867;
1084;Hovedstaden;2022-04-11;M;289;2;18;6069;3073958;39885;
1082;Midtjylland;2022-04-11;M;274;2;11;6071;3074232;39896;
1081;Nordjylland;2022-04-11;M;124;1;6;6072;3074356;39902;
1085;Sjælland;2022-04-11;M;202;2;15;6074;3074558;39917;
1083;Syddanmark;2022-04-11;M;255;3;12;6077;3074813;39929;
1084;Hovedstaden;2022-04-12;F;356;0;10;6077;3075169;39939;
1082;Midtjylland;2022-04-12;F;253;0;8;6077;3075422;39947;
1081;Nordjylland;2022-04-12;F;115;0;6;6077;3075537;39953;
1085;Sjælland;2022-04-12;F;218;1;11;6078;3075755;39964;
1083;Syddanmark;2022-04-12;F;274;2;7;6080;3076029;39971;
1084;Hovedstaden;2022-04-12;M;306;1;17;6081;3076335;39988;
1082;Midtjylland;2022-04-12;M;219;0;10;6081;3076554;39998;
1081;Nordjylland;2022-04-12;M;103;0;5;6081;3076657;40003;
1085;Sjælland;2022-04-12;M;180;1;7;6082;3076837;40010;
1083;Syddanmark;2022-04-12;M;241;0;11;6082;3077078;40021;
1084;Hovedstaden;2022-04-13;F;355;3;13;6085;3077433;40034;
1082;Midtjylland;2022-04-13;F;227;0;9;6085;3077660;40043;
1081;Nordjylland;2022-04-13;F;107;1;5;6086;3077767;40048;
1085;Sjælland;2022-04-13;F;222;0;9;6086;3077989;40057;
1083;Syddanmark;2022-04-13;F;266;0;9;6086;3078255;40066;
1084;Hovedstaden;2022-04-13;M;304;1;21;6087;3078559;40087;
1082;Midtjylland;2022-04-13;M;200;0;5;6087;3078759;40092;
1081;Nordjylland;2022-04-13;M;85;2;3;6089;3078844;40095;
1085;Sjælland;2022-04-13;M;188;1;15;6090;3079032;40110;
1083;Syddanmark;2022-04-13;M;222;0;7;6090;3079254;40117;
1084;Hovedstaden;2022-04-14;F;217;1;9;6091;3079471;40126;
1082;Midtjylland;2022-04-14;F;141;0;6;6091;3079612;40132;
1081;Nordjylland;2022-04-14;F;120;0;3;6091;3079732;40135;
1085;Sjælland;2022-04-14;F;77;1;8;6092;3079809;40143;
1083;Syddanmark;2022-04-14;F;196;2;12;6094;3080005;40155;
1084;Hovedstaden;2022-04-14;M;179;0;9;6094;3080184;40164;
1082;Midtjylland;2022-04-14;M;138;1;8;6095;3080322;40172;
1081;Nordjylland;2022-04-14;M;80;0;7;6095;3080402;40179;
1085;Sjælland;2022-04-14;M;78;1;8;6096;3080480;40187;
1083;Syddanmark;2022-04-14;M;177;0;8;6096;3080657;40195;
1084;Hovedstaden;2022-04-15;F;205;0;6;6096;3080862;40201;
1082;Midtjylland;2022-04-15;F;173;0;8;6096;3081035;40209;
1081;Nordjylland;2022-04-15;F;63;0;3;6096;3081098;40212;
1085;Sjælland;2022-04-15;F;146;1;9;6097;3081244;40221;
1083;Syddanmark;2022-04-15;F;193;2;4;6099;3081437;40225;
1084;Hovedstaden;2022-04-15;M;191;0;11;6099;3081628;40236;
1082;Midtjylland;2022-04-15;M;140;1;5;6100;3081768;40241;
1081;Nordjylland;2022-04-15;M;51;1;6;6101;3081819;40247;
1085;Sjælland;2022-04-15;M;115;2;7;6103;3081934;40254;
1083;Syddanmark;2022-04-15;M;164;1;11;6104;3082098;40265;
1084;Hovedstaden;2022-04-16;F;276;1;12;6105;3082374;40277;
1082;Midtjylland;2022-04-16;F;170;0;3;6105;3082544;40280;
1081;Nordjylland;2022-04-16;F;100;1;5;6106;3082644;40285;
1085;Sjælland;2022-04-16;F;166;1;4;6107;3082810;40289;
1083;Syddanmark;2022-04-16;F;153;5;6;6112;3082963;40295;
1084;Hovedstaden;2022-04-16;M;245;1;7;6113;3083208;40302;
1082;Midtjylland;2022-04-16;M;127;0;4;6113;3083335;40306;
1081;Nordjylland;2022-04-16;M;72;0;2;6113;3083407;40308;
1085;Sjælland;2022-04-16;M;129;1;12;6114;3083536;40320;
1083;Syddanmark;2022-04-16;M;124;2;6;6116;3083660;40326;
1084;Hovedstaden;2022-04-17;F;193;1;12;6117;3083853;40338;
1082;Midtjylland;2022-04-17;F;159;0;8;6117;3084012;40346;
1081;Nordjylland;2022-04-17;F;55;0;6;6117;3084067;40352;
1085;Sjælland;2022-04-17;F;78;1;6;6118;3084145;40358;
1083;Syddanmark;2022-04-17;F;173;2;6;6120;3084318;40364;
1084;Hovedstaden;2022-04-17;M;152;2;16;6122;3084470;40380;
1082;Midtjylland;2022-04-17;M;149;1;8;6123;3084619;40388;
1081;Nordjylland;2022-04-17;M;62;0;4;6123;3084681;40392;
1085;Sjælland;2022-04-17;M;68;2;9;6125;3084749;40401;
1083;Syddanmark;2022-04-17;M;163;1;11;6126;3084912;40412;
1084;Hovedstaden;2022-04-18;F;283;3;18;6129;3085195;40430;
1082;Midtjylland;2022-04-18;F;215;3;9;6132;3085410;40439;
1081;Nordjylland;2022-04-18;F;155;1;3;6133;3085565;40442;
1085;Sjælland;2022-04-18;F;119;0;5;6133;3085684;40447;
1083;Syddanmark;2022-04-18;F;188;0;12;6133;3085872;40459;
1084;Hovedstaden;2022-04-18;M;223;2;16;6135;3086095;40475;
1082;Midtjylland;2022-04-18;M;175;0;5;6135;3086270;40480;
1081;Nordjylland;2022-04-18;M;102;1;5;6136;3086372;40485;
1085;Sjælland;2022-04-18;M;99;1;3;6137;3086471;40488;
1083;Syddanmark;2022-04-18;M;179;1;7;6138;3086650;40495;
1084;Hovedstaden;2022-04-19;F;396;1;12;6139;3087046;40507;
1082;Midtjylland;2022-04-19;F;239;0;5;6139;3087285;40512;
1081;Nordjylland;2022-04-19;F;161;0;2;6139;3087446;40514;
1085;Sjælland;2022-04-19;F;289;2;9;6141;3087735;40523;
1083;Syddanmark;2022-04-19;F;249;1;12;6142;3087984;40535;
1084;Hovedstaden;2022-04-19;M;328;1;17;6143;3088312;40552;
1082;Midtjylland;2022-04-19;M;203;1;6;6144;3088515;40558;
1081;Nordjylland;2022-04-19;M;122;0;8;6144;3088637;40566;
1085;Sjælland;2022-04-19;M;250;1;8;6145;3088887;40574;
1083;Syddanmark;2022-04-19;M;206;2;11;6147;3089093;40585;
1084;Hovedstaden;2022-04-20;F;302;1;12;6148;3089395;40597;
1082;Midtjylland;2022-04-20;F;238;0;4;6148;3089633;40601;
1081;Nordjylland;2022-04-20;F;135;0;3;6148;3089768;40604;
1085;Sjælland;2022-04-20;F;183;0;2;6148;3089951;40606;
1083;Syddanmark;2022-04-20;F;189;4;9;6152;3090140;40615;
1084;Hovedstaden;2022-04-20;M;263;2;11;6154;3090403;40626;
1082;Midtjylland;2022-04-20;M;191;2;9;6156;3090594;40635;
1081;Nordjylland;2022-04-20;M;122;1;5;6157;3090716;40640;
1085;Sjælland;2022-04-20;M;138;1;5;6158;3090854;40645;
1083;Syddanmark;2022-04-20;M;179;1;11;6159;3091033;40656;
1084;Hovedstaden;2022-04-21;F;278;3;12;6162;3091311;40668;
1082;Midtjylland;2022-04-21;F;195;0;14;6162;3091506;40682;
1081;Nordjylland;2022-04-21;F;113;0;3;6162;3091619;40685;
1085;Sjælland;2022-04-21;F;129;0;4;6162;3091748;40689;
1083;Syddanmark;2022-04-21;F;184;1;8;6163;3091932;40697;
1084;Hovedstaden;2022-04-21;M;236;5;13;6168;3092168;40710;
1082;Midtjylland;2022-04-21;M;173;0;7;6168;3092341;40717;
1081;Nordjylland;2022-04-21;M;90;2;6;6170;3092431;40723;
1085;Sjælland;2022-04-21;M;127;0;10;6170;3092558;40733;
1083;Syddanmark;2022-04-21;M;153;3;4;6173;3092711;40737;
1084;Hovedstaden;2022-04-22;F;212;2;12;6175;3092923;40749;
1082;Midtjylland;2022-04-22;F;133;0;5;6175;3093056;40754;
1081;Nordjylland;2022-04-22;F;78;1;6;6176;3093134;40760;
1085;Sjælland;2022-04-22;F;105;1;7;6177;3093239;40767;
1083;Syddanmark;2022-04-22;F;157;0;8;6177;3093396;40775;
1084;Hovedstaden;2022-04-22;M;165;1;10;6178;3093561;40785;
1082;Midtjylland;2022-04-22;M;129;1;8;6179;3093690;40793;
1081;Nordjylland;2022-04-22;M;73;4;7;6183;3093763;40800;
1085;Sjælland;2022-04-22;M;93;0;5;6183;3093856;40805;
1083;Syddanmark;2022-04-22;M;115;1;5;6184;3093971;40810;
1084;Hovedstaden;2022-04-23;F;166;1;16;6185;3094137;40826;
1082;Midtjylland;2022-04-23;F;110;1;7;6186;3094247;40833;
1081;Nordjylland;2022-04-23;F;58;0;0;6186;3094305;40833;
1085;Sjælland;2022-04-23;F;66;0;3;6186;3094371;40836;
1083;Syddanmark;2022-04-23;F;140;2;4;6188;3094511;40840;
1084;Hovedstaden;2022-04-23;M;117;4;6;6192;3094628;40846;
1082;Midtjylland;2022-04-23;M;97;0;2;6192;3094725;40848;
1081;Nordjylland;2022-04-23;M;54;1;2;6193;3094779;40850;
1085;Sjælland;2022-04-23;M;57;2;6;6195;3094836;40856;
1083;Syddanmark;2022-04-23;M;110;0;8;6195;3094946;40864;
1084;Hovedstaden;2022-04-24;F;188;1;9;6196;3095134;40873;
1082;Midtjylland;2022-04-24;F;119;0;4;6196;3095253;40877;
1081;Nordjylland;2022-04-24;F;62;1;5;6197;3095315;40882;
1085;Sjælland;2022-04-24;F;87;1;4;6198;3095402;40886;
1083;Syddanmark;2022-04-24;F;109;2;6;6200;3095511;40892;
1084;Hovedstaden;2022-04-24;M;141;2;11;6202;3095652;40903;
1082;Midtjylland;2022-04-24;M;87;0;3;6202;3095739;40906;
1081;Nordjylland;2022-04-24;M;43;2;4;6204;3095782;40910;
1085;Sjælland;2022-04-24;M;73;2;7;6206;3095855;40917;
1083;Syddanmark;2022-04-24;M;88;2;6;6208;3095943;40923;
1084;Hovedstaden;2022-04-25;F;272;1;16;6209;3096215;40939;
1082;Midtjylland;2022-04-25;F;153;1;9;6210;3096368;40948;
1081;Nordjylland;2022-04-25;F;88;0;5;6210;3096456;40953;
1085;Sjælland;2022-04-25;F;138;3;9;6213;3096594;40962;
1083;Syddanmark;2022-04-25;F;161;0;6;6213;3096755;40968;
1084;Hovedstaden;2022-04-25;M;178;2;15;6215;3096933;40983;
1082;Midtjylland;2022-04-25;M;157;1;9;6216;3097090;40992;
1081;Nordjylland;2022-04-25;M;77;0;0;6216;3097167;40992;
1085;Sjælland;2022-04-25;M;126;1;7;6217;3097293;40999;
1083;Syddanmark;2022-04-25;M;148;1;5;6218;3097441;41004;
1084;Hovedstaden;2022-04-26;F;222;2;12;6220;3097663;41016;
1082;Midtjylland;2022-04-26;F;150;0;4;6220;3097813;41020;
1081;Nordjylland;2022-04-26;F;62;1;7;6221;3097875;41027;
1085;Sjælland;2022-04-26;F;94;0;10;6221;3097969;41037;
1083;Syddanmark;2022-04-26;F;138;0;9;6221;3098107;41046;
1084;Hovedstaden;2022-04-26;M;152;1;13;6222;3098259;41059;
1082;Midtjylland;2022-04-26;M;111;1;6;6223;3098370;41065;
1081;Nordjylland;2022-04-26;M;54;1;3;6224;3098424;41068;
1085;Sjælland;2022-04-26;M;82;0;5;6224;3098506;41073;
1083;Syddanmark;2022-04-26;M;110;2;7;6226;3098616;41080;
1084;Hovedstaden;2022-04-27;F;198;0;8;6226;3098814;41088;
1082;Midtjylland;2022-04-27;F;112;0;3;6226;3098926;41091;
1081;Nordjylland;2022-04-27;F;58;0;1;6226;3098984;41092;
1085;Sjælland;2022-04-27;F;107;0;3;6226;3099091;41095;
1083;Syddanmark;2022-04-27;F;101;0;3;6226;3099192;41098;
1084;Hovedstaden;2022-04-27;M;177;0;8;6226;3099369;41106;
1082;Midtjylland;2022-04-27;M;99;1;5;6227;3099468;41111;
1081;Nordjylland;2022-04-27;M;43;1;2;6228;3099511;41113;
1085;Sjælland;2022-04-27;M;79;0;4;6228;3099590;41117;
1083;Syddanmark;2022-04-27;M;106;1;4;6229;3099696;41121;
1084;Hovedstaden;2022-04-28;F;204;0;9;6229;3099900;41130;
1082;Midtjylland;2022-04-28;F;85;0;1;6229;3099985;41131;
1081;Nordjylland;2022-04-28;F;52;0;4;6229;3100037;41135;
1085;Sjælland;2022-04-28;F;95;1;7;6230;3100132;41142;
1083;Syddanmark;2022-04-28;F;104;1;6;6231;3100236;41148;
1084;Hovedstaden;2022-04-28;M;163;0;10;6231;3100399;41158;
1082;Midtjylland;2022-04-28;M;90;0;8;6231;3100489;41166;
1081;Nordjylland;2022-04-28;M;42;1;1;6232;3100531;41167;
1085;Sjælland;2022-04-28;M;64;1;4;6233;3100595;41171;
1083;Syddanmark;2022-04-28;M;83;0;7;6233;3100678;41178;
1084;Hovedstaden;2022-04-29;F;150;1;9;6234;3100828;41187;
1082;Midtjylland;2022-04-29;F;102;0;5;6234;3100930;41192;
1081;Nordjylland;2022-04-29;F;42;1;1;6235;3100972;41193;
1085;Sjælland;2022-04-29;F;66;1;5;6236;3101038;41198;
1083;Syddanmark;2022-04-29;F;93;1;5;6237;3101131;41203;
1084;Hovedstaden;2022-04-29;M;146;0;9;6237;3101277;41212;
1082;Midtjylland;2022-04-29;M;75;1;3;6238;3101352;41215;
1081;Nordjylland;2022-04-29;M;39;0;2;6238;3101391;41217;
1085;Sjælland;2022-04-29;M;60;1;5;6239;3101451;41222;
1083;Syddanmark;2022-04-29;M;75;1;7;6240;3101526;41229;
1084;Hovedstaden;2022-04-30;F;157;1;11;6241;3101683;41240;
1082;Midtjylland;2022-04-30;F;60;0;4;6241;3101743;41244;
1081;Nordjylland;2022-04-30;F;28;0;2;6241;3101771;41246;
1085;Sjælland;2022-04-30;F;42;0;2;6241;3101813;41248;
1083;Syddanmark;2022-04-30;F;84;1;6;6242;3101897;41254;
1084;Hovedstaden;2022-04-30;M;107;0;7;6242;3102004;41261;
1082;Midtjylland;2022-04-30;M;58;0;3;6242;3102062;41264;
1081;Nordjylland;2022-04-30;M;24;0;0;6242;3102086;41264;
1085;Sjælland;2022-04-30;M;35;0;6;6242;3102121;41270;
1083;Syddanmark;2022-04-30;M;68;0;1;6242;3102189;41271;
1084;Hovedstaden;2022-05-01;F;147;2;10;6244;3102336;41281;
1082;Midtjylland;2022-05-01;F;80;0;1;6244;3102416;41282;
1081;Nordjylland;2022-05-01;F;48;2;1;6246;3102464;41283;
1085;Sjælland;2022-05-01;F;81;0;7;6246;3102545;41290;
1083;Syddanmark;2022-05-01;F;87;1;4;6247;3102632;41294;
1084;Hovedstaden;2022-05-01;M;108;2;5;6249;3102740;41299;
1082;Midtjylland;2022-05-01;M;66;1;6;6250;3102806;41305;
1081;Nordjylland;2022-05-01;M;31;1;2;6251;3102837;41307;
1085;Sjælland;2022-05-01;M;68;1;2;6252;3102905;41309;
1083;Syddanmark;2022-05-01;M;57;0;3;6252;3102962;41312;
1084;Hovedstaden;2022-05-02;F;190;1;10;6253;3103152;41322;
1082;Midtjylland;2022-05-02;F;122;0;4;6253;3103274;41326;
1081;Nordjylland;2022-05-02;F;44;0;1;6253;3103318;41327;
1085;Sjælland;2022-05-02;F;85;2;2;6255;3103403;41329;
1083;Syddanmark;2022-05-02;F;131;0;4;6255;3103534;41333;
1084;Hovedstaden;2022-05-02;M;170;0;12;6255;3103704;41345;
1082;Midtjylland;2022-05-02;M;95;1;2;6256;3103799;41347;
1081;Nordjylland;2022-05-02;M;47;0;4;6256;3103846;41351;
1085;Sjælland;2022-05-02;M;70;1;7;6257;3103916;41358;
1083;Syddanmark;2022-05-02;M;87;0;4;6257;3104003;41362;
1084;Hovedstaden;2022-05-03;F;162;1;9;6258;3104165;41371;
1082;Midtjylland;2022-05-03;F;88;0;4;6258;3104253;41375;
1081;Nordjylland;2022-05-03;F;30;0;3;6258;3104283;41378;
1085;Sjælland;2022-05-03;F;86;0;4;6258;3104369;41382;
1083;Syddanmark;2022-05-03;F;111;0;1;6258;3104480;41383;
1084;Hovedstaden;2022-05-03;M;143;4;9;6262;3104623;41392;
1082;Midtjylland;2022-05-03;M;97;1;4;6263;3104720;41396;
1081;Nordjylland;2022-05-03;M;39;0;4;6263;3104759;41400;
1085;Sjælland;2022-05-03;M;91;0;6;6263;3104850;41406;
1083;Syddanmark;2022-05-03;M;84;2;5;6265;3104934;41411;
1084;Hovedstaden;2022-05-04;F;181;2;3;6267;3105115;41414;
1082;Midtjylland;2022-05-04;F;108;2;1;6269;3105223;41415;
1081;Nordjylland;2022-05-04;F;47;0;1;6269;3105270;41416;
1085;Sjælland;2022-05-04;F;76;0;3;6269;3105346;41419;
1083;Syddanmark;2022-05-04;F;107;0;1;6269;3105453;41420;
1084;Hovedstaden;2022-05-04;M;114;0;9;6269;3105567;41429;
1082;Midtjylland;2022-05-04;M;97;1;4;6270;3105664;41433;
1081;Nordjylland;2022-05-04;M;41;0;4;6270;3105705;41437;
1085;Sjælland;2022-05-04;M;41;0;2;6270;3105746;41439;
1083;Syddanmark;2022-05-04;M;94;2;10;6272;3105840;41449;
1084;Hovedstaden;2022-05-05;F;197;3;11;6275;3106037;41460;
1082;Midtjylland;2022-05-05;F;81;0;1;6275;3106118;41461;
1081;Nordjylland;2022-05-05;F;53;2;5;6277;3106171;41466;
1085;Sjælland;2022-05-05;F;77;0;2;6277;3106248;41468;
1083;Syddanmark;2022-05-05;F;99;1;3;6278;3106347;41471;
1084;Hovedstaden;2022-05-05;M;163;0;11;6278;3106510;41482;
1082;Midtjylland;2022-05-05;M;100;0;5;6278;3106610;41487;
1081;Nordjylland;2022-05-05;M;31;0;1;6278;3106641;41488;
1085;Sjælland;2022-05-05;M;89;2;4;6280;3106730;41492;
1083;Syddanmark;2022-05-05;M;80;3;6;6283;3106810;41498;
1084;Hovedstaden;2022-05-06;F;143;1;7;6284;3106953;41505;
1082;Midtjylland;2022-05-06;F;94;0;5;6284;3107047;41510;
1081;Nordjylland;2022-05-06;F;35;0;4;6284;3107082;41514;
1085;Sjælland;2022-05-06;F;62;0;0;6284;3107144;41514;
1083;Syddanmark;2022-05-06;F;73;0;5;6284;3107217;41519;
1084;Hovedstaden;2022-05-06;M;112;0;6;6284;3107329;41525;
1082;Midtjylland;2022-05-06;M;75;0;4;6284;3107404;41529;
1081;Nordjylland;2022-05-06;M;29;0;3;6284;3107433;41532;
1085;Sjælland;2022-05-06;M;53;0;2;6284;3107486;41534;
1083;Syddanmark;2022-05-06;M;73;0;7;6284;3107559;41541;
1084;Hovedstaden;2022-05-07;F;125;1;6;6285;3107684;41547;
1082;Midtjylland;2022-05-07;F;53;0;1;6285;3107737;41548;
1081;Nordjylland;2022-05-07;F;27;0;1;6285;3107764;41549;
1085;Sjælland;2022-05-07;F;41;1;5;6286;3107805;41554;
1083;Syddanmark;2022-05-07;F;63;0;1;6286;3107868;41555;
1084;Hovedstaden;2022-05-07;M;88;0;3;6286;3107956;41558;
1082;Midtjylland;2022-05-07;M;46;1;5;6287;3108002;41563;
1081;Nordjylland;2022-05-07;M;20;0;2;6287;3108022;41565;
1085;Sjælland;2022-05-07;M;41;1;5;6288;3108063;41570;
1083;Syddanmark;2022-05-07;M;68;1;4;6289;3108131;41574;
1084;Hovedstaden;2022-05-08;F;106;0;5;6289;3108237;41579;
1082;Midtjylland;2022-05-08;F;66;0;1;6289;3108303;41580;
1081;Nordjylland;2022-05-08;F;44;1;3;6290;3108347;41583;
1085;Sjælland;2022-05-08;F;44;0;2;6290;3108391;41585;
1083;Syddanmark;2022-05-08;F;60;0;3;6290;3108451;41588;
1084;Hovedstaden;2022-05-08;M;109;2;8;6292;3108560;41596;
1082;Midtjylland;2022-05-08;M;51;0;2;6292;3108611;41598;
1081;Nordjylland;2022-05-08;M;32;0;2;6292;3108643;41600;
1085;Sjælland;2022-05-08;M;47;3;8;6295;3108690;41608;
1083;Syddanmark;2022-05-08;M;60;0;7;6295;3108750;41615;
1084;Hovedstaden;2022-05-09;F;187;0;9;6295;3108937;41624;
1082;Midtjylland;2022-05-09;F;95;0;4;6295;3109032;41628;
1081;Nordjylland;2022-05-09;F;44;1;2;6296;3109076;41630;
1085;Sjælland;2022-05-09;F;70;0;1;6296;3109146;41631;
1083;Syddanmark;2022-05-09;F;113;1;5;6297;3109259;41636;
1084;Hovedstaden;2022-05-09;M;125;0;5;6297;3109384;41641;
1082;Midtjylland;2022-05-09;M;98;0;3;6297;3109482;41644;
1081;Nordjylland;2022-05-09;M;48;0;2;6297;3109530;41646;
1085;Sjælland;2022-05-09;M;51;0;5;6297;3109581;41651;
1083;Syddanmark;2022-05-09;M;97;2;7;6299;3109678;41658;
1084;Hovedstaden;2022-05-10;F;156;1;8;6300;3109834;41666;
1082;Midtjylland;2022-05-10;F;91;0;2;6300;3109925;41668;
1081;Nordjylland;2022-05-10;F;38;0;3;6300;3109963;41671;
1085;Sjælland;2022-05-10;F;84;1;4;6301;3110047;41675;
1083;Syddanmark;2022-05-10;F;101;0;1;6301;3110148;41676;
1084;Hovedstaden;2022-05-10;M;127;2;7;6303;3110275;41683;
1082;Midtjylland;2022-05-10;M;69;0;4;6303;3110344;41687;
1081;Nordjylland;2022-05-10;M;42;0;3;6303;3110386;41690;
1085;Sjælland;2022-05-10;M;53;1;5;6304;3110439;41695;
1083;Syddanmark;2022-05-10;M;76;2;3;6306;3110515;41698;
1084;Hovedstaden;2022-05-11;F;135;0;5;6306;3110650;41703;
1082;Midtjylland;2022-05-11;F;78;0;1;6306;3110728;41704;
1081;Nordjylland;2022-05-11;F;38;1;2;6307;3110766;41706;
1085;Sjælland;2022-05-11;F;59;0;2;6307;3110825;41708;
1083;Syddanmark;2022-05-11;F;94;0;5;6307;3110919;41713;
1084;Hovedstaden;2022-05-11;M;105;1;4;6308;3111024;41717;
1082;Midtjylland;2022-05-11;M;79;1;3;6309;3111103;41720;
1081;Nordjylland;2022-05-11;M;26;0;3;6309;3111129;41723;
1085;Sjælland;2022-05-11;M;64;0;0;6309;3111193;41723;
1083;Syddanmark;2022-05-11;M;77;0;5;6309;3111270;41728;
1084;Hovedstaden;2022-05-12;F;181;0;5;6309;3111451;41733;
1082;Midtjylland;2022-05-12;F;68;0;2;6309;3111519;41735;
1081;Nordjylland;2022-05-12;F;28;0;2;6309;3111547;41737;
1085;Sjælland;2022-05-12;F;56;0;0;6309;3111603;41737;
1083;Syddanmark;2022-05-12;F;68;1;4;6310;3111671;41741;
1084;Hovedstaden;2022-05-12;M;113;0;5;6310;3111784;41746;
1082;Midtjylland;2022-05-12;M;81;0;1;6310;3111865;41747;
1081;Nordjylland;2022-05-12;M;28;0;1;6310;3111893;41748;
1085;Sjælland;2022-05-12;M;49;1;7;6311;3111942;41755;
1083;Syddanmark;2022-05-12;M;59;1;6;6312;3112001;41761;
1084;Hovedstaden;2022-05-13;F;77;0;9;6312;3112078;41770;
1082;Midtjylland;2022-05-13;F;55;1;3;6313;3112133;41773;
1081;Nordjylland;2022-05-13;F;20;0;3;6313;3112153;41776;
1085;Sjælland;2022-05-13;F;24;0;2;6313;3112177;41778;
1083;Syddanmark;2022-05-13;F;57;0;1;6313;3112234;41779;
1084;Hovedstaden;2022-05-13;M;56;0;4;6313;3112290;41783;
1082;Midtjylland;2022-05-13;M;37;0;3;6313;3112327;41786;
1081;Nordjylland;2022-05-13;M;20;1;3;6314;3112347;41789;
1085;Sjælland;2022-05-13;M;18;1;3;6315;3112365;41792;
1083;Syddanmark;2022-05-13;M;54;0;2;6315;3112419;41794;
1084;Hovedstaden;2022-05-14;F;103;0;3;6315;3112522;41797;
1082;Midtjylland;2022-05-14;F;53;0;2;6315;3112575;41799;
1081;Nordjylland;2022-05-14;F;26;0;4;6315;3112601;41803;
1085;Sjælland;2022-05-14;F;26;0;0;6315;3112627;41803;
1083;Syddanmark;2022-05-14;F;46;0;0;6315;3112673;41803;
1084;Hovedstaden;2022-05-14;M;98;1;5;6316;3112771;41808;
1082;Midtjylland;2022-05-14;M;47;1;5;6317;3112818;41813;
1081;Nordjylland;2022-05-14;M;14;0;0;6317;3112832;41813;
1085;Sjælland;2022-05-14;M;13;0;1;6317;3112845;41814;
1083;Syddanmark;2022-05-14;M;59;0;2;6317;3112904;41816;
1084;Hovedstaden;2022-05-15;F;122;0;6;6317;3113026;41822;
1082;Midtjylland;2022-05-15;F;53;0;5;6317;3113079;41827;
1081;Nordjylland;2022-05-15;F;27;0;3;6317;3113106;41830;
1085;Sjælland;2022-05-15;F;47;0;1;6317;3113153;41831;
1083;Syddanmark;2022-05-15;F;49;0;2;6317;3113202;41833;
1084;Hovedstaden;2022-05-15;M;109;1;5;6318;3113311;41838;
1082;Midtjylland;2022-05-15;M;48;1;4;6319;3113359;41842;
1081;Nordjylland;2022-05-15;M;33;0;2;6319;3113392;41844;
1085;Sjælland;2022-05-15;M;42;0;4;6319;3113434;41848;
1083;Syddanmark;2022-05-15;M;50;0;4;6319;3113484;41852;
1084;Hovedstaden;2022-05-16;F;131;0;5;6319;3113615;41857;
1082;Midtjylland;2022-05-16;F;101;0;6;6319;3113716;41863;
1081;Nordjylland;2022-05-16;F;26;0;1;6319;3113742;41864;
1085;Sjælland;2022-05-16;F;65;0;2;6319;3113807;41866;
1083;Syddanmark;2022-05-16;F;89;0;1;6319;3113896;41867;
1084;Hovedstaden;2022-05-16;M;116;0;6;6319;3114012;41873;
1082;Midtjylland;2022-05-16;M;69;0;1;6319;3114081;41874;
1081;Nordjylland;2022-05-16;M;31;0;2;6319;3114112;41876;
1085;Sjælland;2022-05-16;M;60;0;3;6319;3114172;41879;
1083;Syddanmark;2022-05-16;M;88;2;5;6321;3114260;41884;
1084;Hovedstaden;2022-05-17;F;122;0;5;6321;3114382;41889;
1082;Midtjylland;2022-05-17;F;83;0;3;6321;3114465;41892;
1081;Nordjylland;2022-05-17;F;23;0;0;6321;3114488;41892;
1085;Sjælland;2022-05-17;F;65;0;3;6321;3114553;41895;
1083;Syddanmark;2022-05-17;F;90;0;3;6321;3114643;41898;
1084;Hovedstaden;2022-05-17;M;109;0;8;6321;3114752;41906;
1082;Midtjylland;2022-05-17;M;72;1;4;6322;3114824;41910;
1081;Nordjylland;2022-05-17;M;30;1;2;6323;3114854;41912;
1085;Sjælland;2022-05-17;M;57;0;6;6323;3114911;41918;
1083;Syddanmark;2022-05-17;M;89;1;6;6324;3115000;41924;
1084;Hovedstaden;2022-05-18;F;107;1;4;6325;3115107;41928;
1082;Midtjylland;2022-05-18;F;63;0;1;6325;3115170;41929;
1081;Nordjylland;2022-05-18;F;32;1;2;6326;3115202;41931;
1085;Sjælland;2022-05-18;F;63;0;0;6326;3115265;41931;
1083;Syddanmark;2022-05-18;F;72;0;1;6326;3115337;41932;
1084;Hovedstaden;2022-05-18;M;107;1;7;6327;3115444;41939;
1082;Midtjylland;2022-05-18;M;69;0;6;6327;3115513;41945;
1081;Nordjylland;2022-05-18;M;22;0;2;6327;3115535;41947;
1085;Sjælland;2022-05-18;M;58;0;3;6327;3115593;41950;
1083;Syddanmark;2022-05-18;M;54;0;0;6327;3115647;41950;
1084;Hovedstaden;2022-05-19;F;110;0;11;6327;3115757;41961;
1082;Midtjylland;2022-05-19;F;71;1;3;6328;3115828;41964;
1081;Nordjylland;2022-05-19;F;21;0;1;6328;3115849;41965;
1085;Sjælland;2022-05-19;F;53;1;2;6329;3115902;41967;
1083;Syddanmark;2022-05-19;F;74;0;1;6329;3115976;41968;
1084;Hovedstaden;2022-05-19;M;107;1;6;6330;3116083;41974;
1082;Midtjylland;2022-05-19;M;67;1;4;6331;3116150;41978;
1081;Nordjylland;2022-05-19;M;20;1;2;6332;3116170;41980;
1085;Sjælland;2022-05-19;M;38;0;1;6332;3116208;41981;
1083;Syddanmark;2022-05-19;M;61;0;4;6332;3116269;41985;
1084;Hovedstaden;2022-05-20;F;97;0;4;6332;3116366;41989;
1082;Midtjylland;2022-05-20;F;63;0;3;6332;3116429;41992;
1081;Nordjylland;2022-05-20;F;26;0;2;6332;3116455;41994;
1085;Sjælland;2022-05-20;F;39;1;3;6333;3116494;41997;
1083;Syddanmark;2022-05-20;F;41;0;2;6333;3116535;41999;
1084;Hovedstaden;2022-05-20;M;79;0;3;6333;3116614;42002;
1082;Midtjylland;2022-05-20;M;53;1;2;6334;3116667;42004;
1081;Nordjylland;2022-05-20;M;18;0;1;6334;3116685;42005;
1085;Sjælland;2022-05-20;M;30;0;3;6334;3116715;42008;
1083;Syddanmark;2022-05-20;M;36;1;1;6335;3116751;42009;
1084;Hovedstaden;2022-05-21;F;62;0;1;6335;3116813;42010;
1082;Midtjylland;2022-05-21;F;45;1;3;6336;3116858;42013;
1081;Nordjylland;2022-05-21;F;14;1;2;6337;3116872;42015;
1085;Sjælland;2022-05-21;F;28;0;3;6337;3116900;42018;
1083;Syddanmark;2022-05-21;F;42;0;2;6337;3116942;42020;
1084;Hovedstaden;2022-05-21;M;63;1;2;6338;3117005;42022;
1082;Midtjylland;2022-05-21;M;36;0;3;6338;3117041;42025;
1081;Nordjylland;2022-05-21;M;13;0;1;6338;3117054;42026;
1085;Sjælland;2022-05-21;M;18;1;3;6339;3117072;42029;
1083;Syddanmark;2022-05-21;M;36;2;5;6341;3117108;42034;
1084;Hovedstaden;2022-05-22;F;85;0;4;6341;3117193;42038;
1082;Midtjylland;2022-05-22;F;45;0;1;6341;3117238;42039;
1081;Nordjylland;2022-05-22;F;15;0;2;6341;3117253;42041;
1085;Sjælland;2022-05-22;F;44;0;3;6341;3117297;42044;
1083;Syddanmark;2022-05-22;F;37;0;2;6341;3117334;42046;
1084;Hovedstaden;2022-05-22;M;70;2;4;6343;3117404;42050;
1082;Midtjylland;2022-05-22;M;41;0;2;6343;3117445;42052;
1081;Nordjylland;2022-05-22;M;15;1;0;6344;3117460;42052;
1085;Sjælland;2022-05-22;M;41;0;0;6344;3117501;42052;
1083;Syddanmark;2022-05-22;M;34;1;3;6345;3117535;42055;
1084;Hovedstaden;2022-05-23;F;112;2;7;6347;3117647;42062;
1082;Midtjylland;2022-05-23;F;69;0;1;6347;3117716;42063;
1081;Nordjylland;2022-05-23;F;27;0;2;6347;3117743;42065;
1085;Sjælland;2022-05-23;F;42;0;2;6347;3117785;42067;
1083;Syddanmark;2022-05-23;F;60;1;3;6348;3117845;42070;
1084;Hovedstaden;2022-05-23;M;110;1;3;6349;3117955;42073;
1082;Midtjylland;2022-05-23;M;52;0;0;6349;3118007;42073;
1081;Nordjylland;2022-05-23;M;22;0;1;6349;3118029;42074;
1085;Sjælland;2022-05-23;M;53;0;8;6349;3118082;42082;
1083;Syddanmark;2022-05-23;M;52;1;2;6350;3118134;42084;
1084;Hovedstaden;2022-05-24;F;112;0;4;6350;3118246;42088;
1082;Midtjylland;2022-05-24;F;77;1;1;6351;3118323;42089;
1081;Nordjylland;2022-05-24;F;19;1;2;6352;3118342;42091;
1085;Sjælland;2022-05-24;F;54;1;2;6353;3118396;42093;
1083;Syddanmark;2022-05-24;F;55;0;0;6353;3118451;42093;
1084;Hovedstaden;2022-05-24;M;91;0;3;6353;3118542;42096;
1082;Midtjylland;2022-05-24;M;56;1;3;6354;3118598;42099;
1081;Nordjylland;2022-05-24;M;18;0;0;6354;3118616;42099;
1085;Sjælland;2022-05-24;M;35;0;2;6354;3118651;42101;
1083;Syddanmark;2022-05-24;M;50;0;1;6354;3118701;42102;
1084;Hovedstaden;2022-05-25;F;98;0;3;6354;3118799;42105;
1082;Midtjylland;2022-05-25;F;54;0;6;6354;3118853;42111;
1081;Nordjylland;2022-05-25;F;27;0;3;6354;3118880;42114;
1085;Sjælland;2022-05-25;F;46;1;2;6355;3118926;42116;
1083;Syddanmark;2022-05-25;F;44;1;4;6356;3118970;42120;
1084;Hovedstaden;2022-05-25;M;88;0;4;6356;3119058;42124;
1082;Midtjylland;2022-05-25;M;48;1;2;6357;3119106;42126;
1081;Nordjylland;2022-05-25;M;22;0;2;6357;3119128;42128;
1085;Sjælland;2022-05-25;M;43;0;3;6357;3119171;42131;
1083;Syddanmark;2022-05-25;M;43;0;3;6357;3119214;42134;
1084;Hovedstaden;2022-05-26;F;75;0;4;6357;3119289;42138;
1082;Midtjylland;2022-05-26;F;35;0;1;6357;3119324;42139;
1081;Nordjylland;2022-05-26;F;10;0;1;6357;3119334;42140;
1085;Sjælland;2022-05-26;F;16;0;0;6357;3119350;42140;
1083;Syddanmark;2022-05-26;F;29;0;0;6357;3119379;42140;
1084;Hovedstaden;2022-05-26;M;59;0;3;6357;3119438;42143;
1082;Midtjylland;2022-05-26;M;28;0;0;6357;3119466;42143;
1081;Nordjylland;2022-05-26;M;13;0;1;6357;3119479;42144;
1085;Sjælland;2022-05-26;M;15;0;1;6357;3119494;42145;
1083;Syddanmark;2022-05-26;M;28;0;0;6357;3119522;42145;
1084;Hovedstaden;2022-05-27;F;87;0;3;6357;3119609;42148;
1082;Midtjylland;2022-05-27;F;43;0;1;6357;3119652;42149;
1081;Nordjylland;2022-05-27;F;26;0;0;6357;3119678;42149;
1085;Sjælland;2022-05-27;F;47;0;4;6357;3119725;42153;
1083;Syddanmark;2022-05-27;F;30;0;0;6357;3119755;42153;
1084;Hovedstaden;2022-05-27;M;79;0;5;6357;3119834;42158;
1082;Midtjylland;2022-05-27;M;47;0;1;6357;3119881;42159;
1081;Nordjylland;2022-05-27;M;26;1;3;6358;3119907;42162;
1085;Sjælland;2022-05-27;M;50;0;2;6358;3119957;42164;
1083;Syddanmark;2022-05-27;M;32;0;2;6358;3119989;42166;
1084;Hovedstaden;2022-05-28;F;58;0;3;6358;3120047;42169;
1082;Midtjylland;2022-05-28;F;37;0;2;6358;3120084;42171;
1081;Nordjylland;2022-05-28;F;15;0;0;6358;3120099;42171;
1085;Sjælland;2022-05-28;F;9;0;1;6358;3120108;42172;
1083;Syddanmark;2022-05-28;F;48;0;3;6358;3120156;42175;
1084;Hovedstaden;2022-05-28;M;74;0;4;6358;3120230;42179;
1082;Midtjylland;2022-05-28;M;34;1;2;6359;3120264;42181;
1081;Nordjylland;2022-05-28;M;14;0;2;6359;3120278;42183;
1085;Sjælland;2022-05-28;M;4;0;2;6359;3120282;42185;
1083;Syddanmark;2022-05-28;M;33;0;1;6359;3120315;42186;
1084;Hovedstaden;2022-05-29;F;83;0;6;6359;3120398;42192;
1082;Midtjylland;2022-05-29;F;46;0;3;6359;3120444;42195;
1081;Nordjylland;2022-05-29;F;12;0;0;6359;3120456;42195;
1085;Sjælland;2022-05-29;F;64;0;2;6359;3120520;42197;
1083;Syddanmark;2022-05-29;F;30;0;1;6359;3120550;42198;
1084;Hovedstaden;2022-05-29;M;73;1;4;6360;3120623;42202;
1082;Midtjylland;2022-05-29;M;50;1;2;6361;3120673;42204;
1081;Nordjylland;2022-05-29;M;14;1;1;6362;3120687;42205;
1085;Sjælland;2022-05-29;M;46;0;2;6362;3120733;42207;
1083;Syddanmark;2022-05-29;M;26;1;6;6363;3120759;42213;
1084;Hovedstaden;2022-05-30;F;133;0;5;6363;3120892;42218;
1082;Midtjylland;2022-05-30;F;84;1;3;6364;3120976;42221;
1081;Nordjylland;2022-05-30;F;30;0;0;6364;3121006;42221;
1085;Sjælland;2022-05-30;F;42;0;3;6364;3121048;42224;
1083;Syddanmark;2022-05-30;F;84;0;2;6364;3121132;42226;
1084;Hovedstaden;2022-05-30;M;135;3;8;6367;3121267;42234;
1082;Midtjylland;2022-05-30;M;69;0;4;6367;3121336;42238;
1081;Nordjylland;2022-05-30;M;28;0;1;6367;3121364;42239;
1085;Sjælland;2022-05-30;M;43;0;1;6367;3121407;42240;
1083;Syddanmark;2022-05-30;M;63;1;2;6368;3121470;42242;
1084;Hovedstaden;2022-05-31;F;131;1;4;6369;3121601;42246;
1082;Midtjylland;2022-05-31;F;63;0;0;6369;3121664;42246;
1081;Nordjylland;2022-05-31;F;25;0;1;6369;3121689;42247;
1085;Sjælland;2022-05-31;F;48;1;3;6370;3121737;42250;
1083;Syddanmark;2022-05-31;F;77;0;2;6370;3121814;42252;
1084;Hovedstaden;2022-05-31;M;106;3;5;6373;3121920;42257;
1082;Midtjylland;2022-05-31;M;53;0;2;6373;3121973;42259;
1081;Nordjylland;2022-05-31;M;22;0;1;6373;3121995;42260;
1085;Sjælland;2022-05-31;M;41;0;1;6373;3122036;42261;
1083;Syddanmark;2022-05-31;M;64;0;1;6373;3122100;42262;
1084;Hovedstaden;2022-06-01;F;95;0;4;6373;3122195;42266;
1082;Midtjylland;2022-06-01;F;59;0;0;6373;3122254;42266;
1081;Nordjylland;2022-06-01;F;24;0;1;6373;3122278;42267;
1085;Sjælland;2022-06-01;F;61;0;1;6373;3122339;42268;
1083;Syddanmark;2022-06-01;F;76;0;6;6373;3122415;42274;
1084;Hovedstaden;2022-06-01;M;85;0;2;6373;3122500;42276;
1082;Midtjylland;2022-06-01;M;70;0;3;6373;3122570;42279;
1081;Nordjylland;2022-06-01;M;20;0;0;6373;3122590;42279;
1085;Sjælland;2022-06-01;M;58;0;4;6373;3122648;42283;
1083;Syddanmark;2022-06-01;M;37;0;1;6373;3122685;42284;
1084;Hovedstaden;2022-06-02;F;81;0;2;6373;3122766;42286;
1082;Midtjylland;2022-06-02;F;57;0;3;6373;3122823;42289;
1081;Nordjylland;2022-06-02;F;12;0;0;6373;3122835;42289;
1085;Sjælland;2022-06-02;F;47;0;2;6373;3122882;42291;
1083;Syddanmark;2022-06-02;F;53;0;1;6373;3122935;42292;
1084;Hovedstaden;2022-06-02;M;89;0;5;6373;3123024;42297;
1082;Midtjylland;2022-06-02;M;65;0;7;6373;3123089;42304;
1081;Nordjylland;2022-06-02;M;13;0;1;6373;3123102;42305;
1085;Sjælland;2022-06-02;M;54;1;7;6374;3123156;42312;
1083;Syddanmark;2022-06-02;M;54;0;1;6374;3123210;42313;
1084;Hovedstaden;2022-06-03;F;106;1;4;6375;3123316;42317;
1082;Midtjylland;2022-06-03;F;64;0;1;6375;3123380;42318;
1081;Nordjylland;2022-06-03;F;33;0;1;6375;3123413;42319;
1085;Sjælland;2022-06-03;F;53;0;3;6375;3123466;42322;
1083;Syddanmark;2022-06-03;F;56;2;4;6377;3123522;42326;
1084;Hovedstaden;2022-06-03;M;76;0;5;6377;3123598;42331;
1082;Midtjylland;2022-06-03;M;59;0;2;6377;3123657;42333;
1081;Nordjylland;2022-06-03;M;19;0;3;6377;3123676;42336;
1085;Sjælland;2022-06-03;M;47;0;0;6377;3123723;42336;
1083;Syddanmark;2022-06-03;M;50;0;2;6377;3123773;42338;
1084;Hovedstaden;2022-06-04;F;67;0;1;6377;3123840;42339;
1082;Midtjylland;2022-06-04;F;44;0;0;6377;3123884;42339;
1081;Nordjylland;2022-06-04;F;11;0;1;6377;3123895;42340;
1085;Sjælland;2022-06-04;F;3;0;0;6377;3123898;42340;
1083;Syddanmark;2022-06-04;F;23;0;2;6377;3123921;42342;
1084;Hovedstaden;2022-06-04;M;70;0;2;6377;3123991;42344;
1082;Midtjylland;2022-06-04;M;51;1;3;6378;3124042;42347;
1081;Nordjylland;2022-06-04;M;11;1;1;6379;3124053;42348;
1085;Sjælland;2022-06-04;M;5;0;1;6379;3124058;42349;
1083;Syddanmark;2022-06-04;M;14;0;1;6379;3124072;42350;
1084;Hovedstaden;2022-06-05;F;68;0;6;6379;3124140;42356;
1082;Midtjylland;2022-06-05;F;45;0;3;6379;3124185;42359;
1081;Nordjylland;2022-06-05;F;14;0;3;6379;3124199;42362;
1085;Sjælland;2022-06-05;F;34;0;3;6379;3124233;42365;
1083;Syddanmark;2022-06-05;F;51;0;0;6379;3124284;42365;
1084;Hovedstaden;2022-06-05;M;87;1;7;6380;3124371;42372;
1082;Midtjylland;2022-06-05;M;38;0;2;6380;3124409;42374;
1081;Nordjylland;2022-06-05;M;13;0;3;6380;3124422;42377;
1085;Sjælland;2022-06-05;M;26;0;2;6380;3124448;42379;
1083;Syddanmark;2022-06-05;M;42;0;2;6380;3124490;42381;
1084;Hovedstaden;2022-06-06;F;146;2;4;6382;3124636;42385;
1082;Midtjylland;2022-06-06;F;67;0;2;6382;3124703;42387;
1081;Nordjylland;2022-06-06;F;24;0;0;6382;3124727;42387;
1085;Sjælland;2022-06-06;F;42;0;1;6382;3124769;42388;
1083;Syddanmark;2022-06-06;F;71;0;3;6382;3124840;42391;
1084;Hovedstaden;2022-06-06;M;114;0;0;6382;3124954;42391;
1082;Midtjylland;2022-06-06;M;68;1;2;6383;3125022;42393;
1081;Nordjylland;2022-06-06;M;26;0;1;6383;3125048;42394;
1085;Sjælland;2022-06-06;M;41;1;4;6384;3125089;42398;
1083;Syddanmark;2022-06-06;M;62;1;3;6385;3125151;42401;
1084;Hovedstaden;2022-06-07;F;165;0;8;6385;3125316;42409;
1082;Midtjylland;2022-06-07;F;89;0;2;6385;3125405;42411;
1081;Nordjylland;2022-06-07;F;31;0;1;6385;3125436;42412;
1085;Sjælland;2022-06-07;F;83;0;0;6385;3125519;42412;
1083;Syddanmark;2022-06-07;F;123;0;2;6385;3125642;42414;
1084;Hovedstaden;2022-06-07;M;148;1;6;6386;3125790;42420;
1082;Midtjylland;2022-06-07;M;71;0;3;6386;3125861;42423;
1081;Nordjylland;2022-06-07;M;25;0;0;6386;3125886;42423;
1085;Sjælland;2022-06-07;M;71;1;2;6387;3125957;42425;
1083;Syddanmark;2022-06-07;M;94;1;2;6388;3126051;42427;
1084;Hovedstaden;2022-06-08;F;188;2;5;6390;3126239;42432;
1082;Midtjylland;2022-06-08;F;79;0;1;6390;3126318;42433;
1081;Nordjylland;2022-06-08;F;50;0;0;6390;3126368;42433;
1085;Sjælland;2022-06-08;F;70;0;0;6390;3126438;42433;
1083;Syddanmark;2022-06-08;F;88;1;3;6391;3126526;42436;
1084;Hovedstaden;2022-06-08;M;169;1;7;6392;3126695;42443;
1082;Midtjylland;2022-06-08;M;74;1;3;6393;3126769;42446;
1081;Nordjylland;2022-06-08;M;27;0;1;6393;3126796;42447;
1085;Sjælland;2022-06-08;M;63;0;2;6393;3126859;42449;
1083;Syddanmark;2022-06-08;M;84;0;5;6393;3126943;42454;
1084;Hovedstaden;2022-06-09;F;195;0;4;6393;3127138;42458;
1082;Midtjylland;2022-06-09;F;90;0;1;6393;3127228;42459;
1081;Nordjylland;2022-06-09;F;23;0;0;6393;3127251;42459;
1085;Sjælland;2022-06-09;F;79;1;3;6394;3127330;42462;
1083;Syddanmark;2022-06-09;F;67;0;1;6394;3127397;42463;
1084;Hovedstaden;2022-06-09;M;157;0;4;6394;3127554;42467;
1082;Midtjylland;2022-06-09;M;100;0;2;6394;3127654;42469;
1081;Nordjylland;2022-06-09;M;31;0;0;6394;3127685;42469;
1085;Sjælland;2022-06-09;M;76;0;0;6394;3127761;42469;
1083;Syddanmark;2022-06-09;M;69;0;4;6394;3127830;42473;
1084;Hovedstaden;2022-06-10;F;168;1;8;6395;3127998;42481;
1082;Midtjylland;2022-06-10;F;66;1;0;6396;3128064;42481;
1081;Nordjylland;2022-06-10;F;46;1;1;6397;3128110;42482;
1085;Sjælland;2022-06-10;F;63;1;2;6398;3128173;42484;
1083;Syddanmark;2022-06-10;F;82;0;2;6398;3128255;42486;
1084;Hovedstaden;2022-06-10;M;165;0;10;6398;3128420;42496;
1082;Midtjylland;2022-06-10;M;83;0;3;6398;3128503;42499;
1081;Nordjylland;2022-06-10;M;37;0;0;6398;3128540;42499;
1085;Sjælland;2022-06-10;M;59;1;4;6399;3128599;42503;
1083;Syddanmark;2022-06-10;M;73;1;4;6400;3128672;42507;
1084;Hovedstaden;2022-06-11;F;176;0;7;6400;3128848;42514;
1082;Midtjylland;2022-06-11;F;73;0;2;6400;3128921;42516;
1081;Nordjylland;2022-06-11;F;28;0;0;6400;3128949;42516;
1085;Sjælland;2022-06-11;F;7;0;3;6400;3128956;42519;
1083;Syddanmark;2022-06-11;F;52;0;0;6400;3129008;42519;
1084;Hovedstaden;2022-06-11;M;137;0;5;6400;3129145;42524;
1082;Midtjylland;2022-06-11;M;72;0;0;6400;3129217;42524;
1081;Nordjylland;2022-06-11;M;24;0;0;6400;3129241;42524;
1085;Sjælland;2022-06-11;M;16;0;4;6400;3129257;42528;
1083;Syddanmark;2022-06-11;M;41;1;5;6401;3129298;42533;
1084;Hovedstaden;2022-06-12;F;162;1;4;6402;3129460;42537;
1082;Midtjylland;2022-06-12;F;86;0;3;6402;3129546;42540;
1081;Nordjylland;2022-06-12;F;20;0;2;6402;3129566;42542;
1085;Sjælland;2022-06-12;F;95;1;3;6403;3129661;42545;
1083;Syddanmark;2022-06-12;F;93;0;3;6403;3129754;42548;
1084;Hovedstaden;2022-06-12;M;171;1;7;6404;3129925;42555;
1082;Midtjylland;2022-06-12;M;83;0;4;6404;3130008;42559;
1081;Nordjylland;2022-06-12;M;25;0;1;6404;3130033;42560;
1085;Sjælland;2022-06-12;M;87;0;3;6404;3130120;42563;
1083;Syddanmark;2022-06-12;M;79;0;1;6404;3130199;42564;
1084;Hovedstaden;2022-06-13;F;238;1;8;6405;3130437;42572;
1082;Midtjylland;2022-06-13;F;107;0;2;6405;3130544;42574;
1081;Nordjylland;2022-06-13;F;50;0;1;6405;3130594;42575;
1085;Sjælland;2022-06-13;F;88;0;7;6405;3130682;42582;
1083;Syddanmark;2022-06-13;F;112;1;7;6406;3130794;42589;
1084;Hovedstaden;2022-06-13;M;214;3;9;6409;3131008;42598;
1082;Midtjylland;2022-06-13;M;106;1;2;6410;3131114;42600;
1081;Nordjylland;2022-06-13;M;53;0;6;6410;3131167;42606;
1085;Sjælland;2022-06-13;M;88;1;5;6411;3131255;42611;
1083;Syddanmark;2022-06-13;M;104;1;2;6412;3131359;42613;
1084;Hovedstaden;2022-06-14;F;229;0;11;6412;3131588;42624;
1082;Midtjylland;2022-06-14;F;136;0;6;6412;3131724;42630;
1081;Nordjylland;2022-06-14;F;32;0;1;6412;3131756;42631;
1085;Sjælland;2022-06-14;F;98;0;4;6412;3131854;42635;
1083;Syddanmark;2022-06-14;F;135;0;1;6412;3131989;42636;
1084;Hovedstaden;2022-06-14;M;213;4;8;6416;3132202;42644;
1082;Midtjylland;2022-06-14;M;107;0;3;6416;3132309;42647;
1081;Nordjylland;2022-06-14;M;33;0;1;6416;3132342;42648;
1085;Sjælland;2022-06-14;M;90;0;2;6416;3132432;42650;
1083;Syddanmark;2022-06-14;M;109;0;3;6416;3132541;42653;
1084;Hovedstaden;2022-06-15;F;258;0;4;6416;3132799;42657;
1082;Midtjylland;2022-06-15;F;144;0;4;6416;3132943;42661;
1081;Nordjylland;2022-06-15;F;48;0;1;6416;3132991;42662;
1085;Sjælland;2022-06-15;F;91;0;3;6416;3133082;42665;
1083;Syddanmark;2022-06-15;F;108;0;4;6416;3133190;42669;
1084;Hovedstaden;2022-06-15;M;229;0;9;6416;3133419;42678;
1082;Midtjylland;2022-06-15;M;112;0;1;6416;3133531;42679;
1081;Nordjylland;2022-06-15;M;45;0;2;6416;3133576;42681;
1085;Sjælland;2022-06-15;M;75;0;4;6416;3133651;42685;
1083;Syddanmark;2022-06-15;M;86;1;3;6417;3133737;42688;
1084;Hovedstaden;2022-06-16;F;244;4;13;6421;3133981;42701;
1082;Midtjylland;2022-06-16;F;137;0;2;6421;3134118;42703;
1081;Nordjylland;2022-06-16;F;52;0;2;6421;3134170;42705;
1085;Sjælland;2022-06-16;F;101;2;3;6423;3134271;42708;
1083;Syddanmark;2022-06-16;F;117;1;4;6424;3134388;42712;
1084;Hovedstaden;2022-06-16;M;205;1;7;6425;3134593;42719;
1082;Midtjylland;2022-06-16;M;110;0;2;6425;3134703;42721;
1081;Nordjylland;2022-06-16;M;36;0;2;6425;3134739;42723;
1085;Sjælland;2022-06-16;M;99;1;5;6426;3134838;42728;
1083;Syddanmark;2022-06-16;M;98;0;7;6426;3134936;42735;
1084;Hovedstaden;2022-06-17;F;227;1;7;6427;3135163;42742;
1082;Midtjylland;2022-06-17;F;150;0;1;6427;3135313;42743;
1081;Nordjylland;2022-06-17;F;47;0;1;6427;3135360;42744;
1085;Sjælland;2022-06-17;F;118;0;3;6427;3135478;42747;
1083;Syddanmark;2022-06-17;F;126;0;2;6427;3135604;42749;
1084;Hovedstaden;2022-06-17;M;221;1;11;6428;3135825;42760;
1082;Midtjylland;2022-06-17;M;119;0;2;6428;3135944;42762;
1081;Nordjylland;2022-06-17;M;57;0;1;6428;3136001;42763;
1085;Sjælland;2022-06-17;M;103;2;5;6430;3136104;42768;
1083;Syddanmark;2022-06-17;M;96;0;3;6430;3136200;42771;
1084;Hovedstaden;2022-06-18;F;210;0;8;6430;3136410;42779;
1082;Midtjylland;2022-06-18;F;120;0;3;6430;3136530;42782;
1081;Nordjylland;2022-06-18;F;28;0;2;6430;3136558;42784;
1085;Sjælland;2022-06-18;F;51;0;3;6430;3136609;42787;
1083;Syddanmark;2022-06-18;F;45;0;2;6430;3136654;42789;
1084;Hovedstaden;2022-06-18;M;221;0;8;6430;3136875;42797;
1082;Midtjylland;2022-06-18;M;128;1;6;6431;3137003;42803;
1081;Nordjylland;2022-06-18;M;40;0;1;6431;3137043;42804;
1085;Sjælland;2022-06-18;M;48;0;2;6431;3137091;42806;
1083;Syddanmark;2022-06-18;M;64;1;5;6432;3137155;42811;
1084;Hovedstaden;2022-06-19;F;245;0;5;6432;3137400;42816;
1082;Midtjylland;2022-06-19;F;131;0;8;6432;3137531;42824;
1081;Nordjylland;2022-06-19;F;49;0;1;6432;3137580;42825;
1085;Sjælland;2022-06-19;F;39;0;3;6432;3137619;42828;
1083;Syddanmark;2022-06-19;F;147;0;0;6432;3137766;42828;
1084;Hovedstaden;2022-06-19;M;236;0;7;6432;3138002;42835;
1082;Midtjylland;2022-06-19;M;140;0;4;6432;3138142;42839;
1081;Nordjylland;2022-06-19;M;39;0;3;6432;3138181;42842;
1085;Sjælland;2022-06-19;M;43;0;2;6432;3138224;42844;
1083;Syddanmark;2022-06-19;M;114;0;2;6432;3138338;42846;
1084;Hovedstaden;2022-06-20;F;337;1;9;6433;3138675;42855;
1082;Midtjylland;2022-06-20;F;190;0;3;6433;3138865;42858;
1081;Nordjylland;2022-06-20;F;85;0;1;6433;3138950;42859;
1085;Sjælland;2022-06-20;F;189;0;4;6433;3139139;42863;
1083;Syddanmark;2022-06-20;F;175;1;10;6434;3139314;42873;
1084;Hovedstaden;2022-06-20;M;318;0;5;6434;3139632;42878;
1082;Midtjylland;2022-06-20;M;162;1;5;6435;3139794;42883;
1081;Nordjylland;2022-06-20;M;75;0;2;6435;3139869;42885;
1085;Sjælland;2022-06-20;M;201;1;7;6436;3140070;42892;
1083;Syddanmark;2022-06-20;M;151;0;3;6436;3140221;42895;
1084;Hovedstaden;2022-06-21;F;355;1;14;6437;3140576;42909;
1082;Midtjylland;2022-06-21;F;193;0;4;6437;3140769;42913;
1081;Nordjylland;2022-06-21;F;72;0;6;6437;3140841;42919;
1085;Sjælland;2022-06-21;F;174;0;1;6437;3141015;42920;
1083;Syddanmark;2022-06-21;F;194;1;6;6438;3141209;42926;
1084;Hovedstaden;2022-06-21;M;372;1;11;6439;3141581;42937;
1082;Midtjylland;2022-06-21;M;179;2;5;6441;3141760;42942;
1081;Nordjylland;2022-06-21;M;65;0;2;6441;3141825;42944;
1085;Sjælland;2022-06-21;M;154;0;7;6441;3141979;42951;
1083;Syddanmark;2022-06-21;M;178;0;5;6441;3142157;42956;
1084;Hovedstaden;2022-06-22;F;357;2;19;6443;3142514;42975;
1082;Midtjylland;2022-06-22;F;169;0;7;6443;3142683;42982;
1081;Nordjylland;2022-06-22;F;107;0;4;6443;3142790;42986;
1085;Sjælland;2022-06-22;F;123;1;3;6444;3142913;42989;
1083;Syddanmark;2022-06-22;F;156;1;4;6445;3143069;42993;
1084;Hovedstaden;2022-06-22;M;344;2;10;6447;3143413;43003;
1082;Midtjylland;2022-06-22;M;171;0;5;6447;3143584;43008;
1081;Nordjylland;2022-06-22;M;85;0;5;6447;3143669;43013;
1085;Sjælland;2022-06-22;M;140;1;5;6448;3143809;43018;
1083;Syddanmark;2022-06-22;M;153;2;7;6450;3143962;43025;
1084;Hovedstaden;2022-06-23;F;312;0;8;6450;3144274;43033;
1082;Midtjylland;2022-06-23;F;142;0;3;6450;3144416;43036;
1081;Nordjylland;2022-06-23;F;47;0;4;6450;3144463;43040;
1085;Sjælland;2022-06-23;F;111;0;2;6450;3144574;43042;
1083;Syddanmark;2022-06-23;F;143;1;9;6451;3144717;43051;
1084;Hovedstaden;2022-06-23;M;271;2;15;6453;3144988;43066;
1082;Midtjylland;2022-06-23;M;138;1;7;6454;3145126;43073;
1081;Nordjylland;2022-06-23;M;46;0;1;6454;3145172;43074;
1085;Sjælland;2022-06-23;M;107;0;6;6454;3145279;43080;
1083;Syddanmark;2022-06-23;M;118;2;9;6456;3145397;43089;
1084;Hovedstaden;2022-06-24;F;270;1;9;6457;3145667;43098;
1082;Midtjylland;2022-06-24;F;121;1;5;6458;3145788;43103;
1081;Nordjylland;2022-06-24;F;80;0;1;6458;3145868;43104;
1085;Sjælland;2022-06-24;F;103;1;6;6459;3145971;43110;
1083;Syddanmark;2022-06-24;F;118;0;4;6459;3146089;43114;
1084;Hovedstaden;2022-06-24;M;239;2;10;6461;3146328;43124;
1082;Midtjylland;2022-06-24;M;108;0;6;6461;3146436;43130;
1081;Nordjylland;2022-06-24;M;54;0;3;6461;3146490;43133;
1085;Sjælland;2022-06-24;M;94;1;1;6462;3146584;43134;
1083;Syddanmark;2022-06-24;M;96;1;7;6463;3146680;43141;
1084;Hovedstaden;2022-06-25;F;166;0;7;6463;3146846;43148;
1082;Midtjylland;2022-06-25;F;82;1;6;6464;3146928;43154;
1081;Nordjylland;2022-06-25;F;23;0;1;6464;3146951;43155;
1085;Sjælland;2022-06-25;F;34;0;3;6464;3146985;43158;
1083;Syddanmark;2022-06-25;F;52;2;3;6466;3147037;43161;
1084;Hovedstaden;2022-06-25;M;159;1;8;6467;3147196;43169;
1082;Midtjylland;2022-06-25;M;79;0;6;6467;3147275;43175;
1081;Nordjylland;2022-06-25;M;24;0;1;6467;3147299;43176;
1085;Sjælland;2022-06-25;M;33;1;2;6468;3147332;43178;
1083;Syddanmark;2022-06-25;M;53;1;4;6469;3147385;43182;
1084;Hovedstaden;2022-06-26;F;360;1;11;6470;3147745;43193;
1082;Midtjylland;2022-06-26;F;183;0;4;6470;3147928;43197;
1081;Nordjylland;2022-06-26;F;56;0;3;6470;3147984;43200;
1085;Sjælland;2022-06-26;F;62;0;5;6470;3148046;43205;
1083;Syddanmark;2022-06-26;F;17;1;9;6471;3148063;43214;
1084;Hovedstaden;2022-06-26;M;315;0;10;6471;3148378;43224;
1082;Midtjylland;2022-06-26;M;163;0;6;6471;3148541;43230;
1081;Nordjylland;2022-06-26;M;55;0;1;6471;3148596;43231;
1085;Sjælland;2022-06-26;M;56;0;4;6471;3148652;43235;
1083;Syddanmark;2022-06-26;M;5;0;4;6471;3148657;43239;
1084;Hovedstaden;2022-06-27;F;477;0;10;6471;3149134;43249;
1082;Midtjylland;2022-06-27;F;229;0;8;6471;3149363;43257;
1081;Nordjylland;2022-06-27;F;122;0;5;6471;3149485;43262;
1085;Sjælland;2022-06-27;F;256;0;3;6471;3149741;43265;
1083;Syddanmark;2022-06-27;F;351;1;6;6472;3150092;43271;
1084;Hovedstaden;2022-06-27;M;388;2;14;6474;3150480;43285;
1082;Midtjylland;2022-06-27;M;220;1;7;6475;3150700;43292;
1081;Nordjylland;2022-06-27;M;115;0;3;6475;3150815;43295;
1085;Sjælland;2022-06-27;M;245;1;10;6476;3151060;43305;
1083;Syddanmark;2022-06-27;M;373;1;4;6477;3151433;43309;
1084;Hovedstaden;2022-06-28;F;386;0;13;6477;3151819;43322;
1082;Midtjylland;2022-06-28;F;262;0;8;6477;3152081;43330;
1081;Nordjylland;2022-06-28;F;89;0;3;6477;3152170;43333;
1085;Sjælland;2022-06-28;F;186;1;3;6478;3152356;43336;
1083;Syddanmark;2022-06-28;F;320;1;3;6479;3152676;43339;
1084;Hovedstaden;2022-06-28;M;364;1;12;6480;3153040;43351;
1082;Midtjylland;2022-06-28;M;207;0;14;6480;3153247;43365;
1081;Nordjylland;2022-06-28;M;66;0;4;6480;3153313;43369;
1085;Sjælland;2022-06-28;M;133;0;7;6480;3153446;43376;
1083;Syddanmark;2022-06-28;M;267;0;6;6480;3153713;43382;
1084;Hovedstaden;2022-06-29;F;342;2;19;6482;3154055;43401;
1082;Midtjylland;2022-06-29;F;243;0;4;6482;3154298;43405;
1081;Nordjylland;2022-06-29;F;108;0;2;6482;3154406;43407;
1085;Sjælland;2022-06-29;F;149;0;4;6482;3154555;43411;
1083;Syddanmark;2022-06-29;F;261;0;2;6482;3154816;43413;
1084;Hovedstaden;2022-06-29;M;330;1;16;6483;3155146;43429;
1082;Midtjylland;2022-06-29;M;193;3;7;6486;3155339;43436;
1081;Nordjylland;2022-06-29;M;93;0;7;6486;3155432;43443;
1085;Sjælland;2022-06-29;M;133;0;1;6486;3155565;43444;
1083;Syddanmark;2022-06-29;M;279;1;5;6487;3155844;43449;
1084;Hovedstaden;2022-06-30;F;328;0;8;6487;3156172;43457;
1082;Midtjylland;2022-06-30;F;186;1;5;6488;3156358;43462;
1081;Nordjylland;2022-06-30;F;79;0;3;6488;3156437;43465;
1085;Sjælland;2022-06-30;F;140;0;3;6488;3156577;43468;
1083;Syddanmark;2022-06-30;F;205;0;2;6488;3156782;43470;
1084;Hovedstaden;2022-06-30;M;272;0;10;6488;3157054;43480;
1082;Midtjylland;2022-06-30;M;179;0;6;6488;3157233;43486;
1081;Nordjylland;2022-06-30;M;57;0;4;6488;3157290;43490;
1085;Sjælland;2022-06-30;M;111;1;8;6489;3157401;43498;
1083;Syddanmark;2022-06-30;M;199;1;7;6490;3157600;43505;
1084;Hovedstaden;2022-07-01;F;284;0;13;6490;3157884;43518;
1082;Midtjylland;2022-07-01;F;185;0;3;6490;3158069;43521;
1081;Nordjylland;2022-07-01;F;88;0;0;6490;3158157;43521;
1085;Sjælland;2022-07-01;F;125;0;2;6490;3158282;43523;
1083;Syddanmark;2022-07-01;F;190;0;1;6490;3158472;43524;
1084;Hovedstaden;2022-07-01;M;222;3;14;6493;3158694;43538;
1082;Midtjylland;2022-07-01;M;152;0;4;6493;3158846;43542;
1081;Nordjylland;2022-07-01;M;89;1;5;6494;3158935;43547;
1085;Sjælland;2022-07-01;M;94;0;6;6494;3159029;43553;
1083;Syddanmark;2022-07-01;M;186;0;8;6494;3159215;43561;
1084;Hovedstaden;2022-07-02;F;214;0;8;6494;3159429;43569;
1082;Midtjylland;2022-07-02;F;130;0;1;6494;3159559;43570;
1081;Nordjylland;2022-07-02;F;52;0;1;6494;3159611;43571;
1085;Sjælland;2022-07-02;F;48;0;4;6494;3159659;43575;
1083;Syddanmark;2022-07-02;F;92;1;5;6495;3159751;43580;
1084;Hovedstaden;2022-07-02;M;199;0;8;6495;3159950;43588;
1082;Midtjylland;2022-07-02;M;125;0;7;6495;3160075;43595;
1081;Nordjylland;2022-07-02;M;49;1;4;6496;3160124;43599;
1085;Sjælland;2022-07-02;M;48;1;4;6497;3160172;43603;
1083;Syddanmark;2022-07-02;M;105;1;9;6498;3160277;43612;
1084;Hovedstaden;2022-07-03;F;307;1;12;6499;3160584;43624;
1082;Midtjylland;2022-07-03;F;141;0;4;6499;3160725;43628;
1081;Nordjylland;2022-07-03;F;58;0;2;6499;3160783;43630;
1085;Sjælland;2022-07-03;F;111;0;4;6499;3160894;43634;
1083;Syddanmark;2022-07-03;F;163;0;6;6499;3161057;43640;
1084;Hovedstaden;2022-07-03;M;255;1;11;6500;3161312;43651;
1082;Midtjylland;2022-07-03;M;138;0;8;6500;3161450;43659;
1081;Nordjylland;2022-07-03;M;38;1;2;6501;3161488;43661;
1085;Sjælland;2022-07-03;M;104;1;2;6502;3161592;43663;
1083;Syddanmark;2022-07-03;M;146;0;5;6502;3161738;43668;
1084;Hovedstaden;2022-07-04;F;511;0;13;6502;3162249;43681;
1082;Midtjylland;2022-07-04;F;221;0;5;6502;3162470;43686;
1081;Nordjylland;2022-07-04;F;128;0;2;6502;3162598;43688;
1085;Sjælland;2022-07-04;F;242;0;5;6502;3162840;43693;
1083;Syddanmark;2022-07-04;F;329;5;9;6507;3163169;43702;
1084;Hovedstaden;2022-07-04;M;423;1;20;6508;3163592;43722;
1082;Midtjylland;2022-07-04;M;228;1;6;6509;3163820;43728;
1081;Nordjylland;2022-07-04;M;110;1;5;6510;3163930;43733;
1085;Sjælland;2022-07-04;M;208;0;6;6510;3164138;43739;
1083;Syddanmark;2022-07-04;M;280;0;6;6510;3164418;43745;
1084;Hovedstaden;2022-07-05;F;534;0;12;6510;3164952;43757;
1082;Midtjylland;2022-07-05;F;246;2;6;6512;3165198;43763;
1081;Nordjylland;2022-07-05;F;119;0;4;6512;3165317;43767;
1085;Sjælland;2022-07-05;F;265;0;5;6512;3165582;43772;
1083;Syddanmark;2022-07-05;F;259;1;4;6513;3165841;43776;
1084;Hovedstaden;2022-07-05;M;490;0;11;6513;3166331;43787;
1082;Midtjylland;2022-07-05;M;178;0;8;6513;3166509;43795;
1081;Nordjylland;2022-07-05;M;116;0;5;6513;3166625;43800;
1085;Sjælland;2022-07-05;M;244;0;6;6513;3166869;43806;
1083;Syddanmark;2022-07-05;M;264;0;11;6513;3167133;43817;
1084;Hovedstaden;2022-07-06;F;548;1;12;6514;3167681;43829;
1082;Midtjylland;2022-07-06;F;231;0;4;6514;3167912;43833;
1081;Nordjylland;2022-07-06;F;164;1;3;6515;3168076;43836;
1085;Sjælland;2022-07-06;F;237;0;4;6515;3168313;43840;
1083;Syddanmark;2022-07-06;F;270;0;6;6515;3168583;43846;
1084;Hovedstaden;2022-07-06;M;458;1;8;6516;3169041;43854;
1082;Midtjylland;2022-07-06;M;193;0;7;6516;3169234;43861;
1081;Nordjylland;2022-07-06;M;165;0;5;6516;3169399;43866;
1085;Sjælland;2022-07-06;M;223;1;9;6517;3169622;43875;
1083;Syddanmark;2022-07-06;M;234;2;10;6519;3169856;43885;
1084;Hovedstaden;2022-07-07;F;475;1;12;6520;3170331;43897;
1082;Midtjylland;2022-07-07;F;225;1;9;6521;3170556;43906;
1081;Nordjylland;2022-07-07;F;128;0;2;6521;3170684;43908;
1085;Sjælland;2022-07-07;F;173;0;7;6521;3170857;43915;
1083;Syddanmark;2022-07-07;F;204;0;4;6521;3171061;43919;
1084;Hovedstaden;2022-07-07;M;389;0;20;6521;3171450;43939;
1082;Midtjylland;2022-07-07;M;193;0;5;6521;3171643;43944;
1081;Nordjylland;2022-07-07;M;112;1;6;6522;3171755;43950;
1085;Sjælland;2022-07-07;M;177;1;7;6523;3171932;43957;
1083;Syddanmark;2022-07-07;M;195;0;3;6523;3172127;43960;
1084;Hovedstaden;2022-07-08;F;444;2;15;6525;3172571;43975;
1082;Midtjylland;2022-07-08;F;188;0;6;6525;3172759;43981;
1081;Nordjylland;2022-07-08;F;162;2;8;6527;3172921;43989;
1085;Sjælland;2022-07-08;F;181;1;7;6528;3173102;43996;
1083;Syddanmark;2022-07-08;F;200;2;7;6530;3173302;44003;
1084;Hovedstaden;2022-07-08;M;331;1;10;6531;3173633;44013;
1082;Midtjylland;2022-07-08;M;196;0;8;6531;3173829;44021;
1081;Nordjylland;2022-07-08;M;129;0;6;6531;3173958;44027;
1085;Sjælland;2022-07-08;M;194;1;4;6532;3174152;44031;
1083;Syddanmark;2022-07-08;M;196;2;4;6534;3174348;44035;
1084;Hovedstaden;2022-07-09;F;327;1;12;6535;3174675;44047;
1082;Midtjylland;2022-07-09;F;145;1;4;6536;3174820;44051;
1081;Nordjylland;2022-07-09;F;79;0;7;6536;3174899;44058;
1085;Sjælland;2022-07-09;F;90;0;6;6536;3174989;44064;
1083;Syddanmark;2022-07-09;F;101;1;5;6537;3175090;44069;
1084;Hovedstaden;2022-07-09;M;280;0;11;6537;3175370;44080;
1082;Midtjylland;2022-07-09;M;137;1;2;6538;3175507;44082;
1081;Nordjylland;2022-07-09;M;53;0;5;6538;3175560;44087;
1085;Sjælland;2022-07-09;M;106;0;8;6538;3175666;44095;
1083;Syddanmark;2022-07-09;M;97;1;9;6539;3175763;44104;
1084;Hovedstaden;2022-07-10;F;396;1;15;6540;3176159;44119;
1082;Midtjylland;2022-07-10;F;198;0;3;6540;3176357;44122;
1081;Nordjylland;2022-07-10;F;84;0;4;6540;3176441;44126;
1085;Sjælland;2022-07-10;F;148;0;5;6540;3176589;44131;
1083;Syddanmark;2022-07-10;F;221;1;8;6541;3176810;44139;
1084;Hovedstaden;2022-07-10;M;287;4;20;6545;3177097;44159;
1082;Midtjylland;2022-07-10;M;163;1;11;6546;3177260;44170;
1081;Nordjylland;2022-07-10;M;74;0;3;6546;3177334;44173;
1085;Sjælland;2022-07-10;M;135;1;7;6547;3177469;44180;
1083;Syddanmark;2022-07-10;M;191;1;5;6548;3177660;44185;
1084;Hovedstaden;2022-07-11;F;524;2;23;6550;3178184;44208;
1082;Midtjylland;2022-07-11;F;247;1;7;6551;3178431;44215;
1081;Nordjylland;2022-07-11;F;166;0;3;6551;3178597;44218;
1085;Sjælland;2022-07-11;F;331;0;9;6551;3178928;44227;
1083;Syddanmark;2022-07-11;F;314;1;5;6552;3179242;44232;
1084;Hovedstaden;2022-07-11;M;403;2;15;6554;3179645;44247;
1082;Midtjylland;2022-07-11;M;251;1;13;6555;3179896;44260;
1081;Nordjylland;2022-07-11;M;148;0;7;6555;3180044;44267;
1085;Sjælland;2022-07-11;M;280;0;9;6555;3180324;44276;
1083;Syddanmark;2022-07-11;M;266;3;9;6558;3180590;44285;
1084;Hovedstaden;2022-07-12;F;439;4;15;6562;3181029;44300;
1082;Midtjylland;2022-07-12;F;251;1;8;6563;3181280;44308;
1081;Nordjylland;2022-07-12;F;126;1;7;6564;3181406;44315;
1085;Sjælland;2022-07-12;F;241;0;10;6564;3181647;44325;
1083;Syddanmark;2022-07-12;F;293;0;6;6564;3181940;44331;
1084;Hovedstaden;2022-07-12;M;403;2;22;6566;3182343;44353;
1082;Midtjylland;2022-07-12;M;191;0;3;6566;3182534;44356;
1081;Nordjylland;2022-07-12;M;100;2;8;6568;3182634;44364;
1085;Sjælland;2022-07-12;M;196;0;7;6568;3182830;44371;
1083;Syddanmark;2022-07-12;M;252;1;11;6569;3183082;44382;
1084;Hovedstaden;2022-07-13;F;427;2;21;6571;3183509;44403;
1082;Midtjylland;2022-07-13;F;230;0;4;6571;3183739;44407;
1081;Nordjylland;2022-07-13;F;156;1;4;6572;3183895;44411;
1085;Sjælland;2022-07-13;F;254;1;10;6573;3184149;44421;
1083;Syddanmark;2022-07-13;F;247;0;16;6573;3184396;44437;
1084;Hovedstaden;2022-07-13;M;351;1;16;6574;3184747;44453;
1082;Midtjylland;2022-07-13;M;197;0;5;6574;3184944;44458;
1081;Nordjylland;2022-07-13;M;126;1;10;6575;3185070;44468;
1085;Sjælland;2022-07-13;M;221;3;12;6578;3185291;44480;
1083;Syddanmark;2022-07-13;M;240;4;14;6582;3185531;44494;
1084;Hovedstaden;2022-07-14;F;352;2;13;6584;3185883;44507;
1082;Midtjylland;2022-07-14;F;213;0;3;6584;3186096;44510;
1081;Nordjylland;2022-07-14;F;105;0;3;6584;3186201;44513;
1085;Sjælland;2022-07-14;F;228;0;8;6584;3186429;44521;
1083;Syddanmark;2022-07-14;F;217;2;12;6586;3186646;44533;
1084;Hovedstaden;2022-07-14;M;381;0;21;6586;3187027;44554;
1082;Midtjylland;2022-07-14;M;188;0;5;6586;3187215;44559;
1081;Nordjylland;2022-07-14;M;98;1;5;6587;3187313;44564;
1085;Sjælland;2022-07-14;M;183;1;7;6588;3187496;44571;
1083;Syddanmark;2022-07-14;M;173;0;9;6588;3187669;44580;
1084;Hovedstaden;2022-07-15;F;372;1;17;6589;3188041;44597;
1082;Midtjylland;2022-07-15;F;237;0;8;6589;3188278;44605;
1081;Nordjylland;2022-07-15;F;133;1;7;6590;3188411;44612;
1085;Sjælland;2022-07-15;F;186;1;4;6591;3188597;44616;
1083;Syddanmark;2022-07-15;F;229;0;4;6591;3188826;44620;
1084;Hovedstaden;2022-07-15;M;322;1;12;6592;3189148;44632;
1082;Midtjylland;2022-07-15;M;192;1;6;6593;3189340;44638;
1081;Nordjylland;2022-07-15;M;95;1;4;6594;3189435;44642;
1085;Sjælland;2022-07-15;M;184;0;13;6594;3189619;44655;
1083;Syddanmark;2022-07-15;M;218;2;4;6596;3189837;44659;
1084;Hovedstaden;2022-07-16;F;305;1;16;6597;3190142;44675;
1082;Midtjylland;2022-07-16;F;161;0;2;6597;3190303;44677;
1081;Nordjylland;2022-07-16;F;65;0;5;6597;3190368;44682;
1085;Sjælland;2022-07-16;F;104;0;7;6597;3190472;44689;
1083;Syddanmark;2022-07-16;F;68;0;4;6597;3190540;44693;
1084;Hovedstaden;2022-07-16;M;268;5;22;6602;3190808;44715;
1082;Midtjylland;2022-07-16;M;175;1;5;6603;3190983;44720;
1081;Nordjylland;2022-07-16;M;61;0;2;6603;3191044;44722;
1085;Sjælland;2022-07-16;M;87;0;5;6603;3191131;44727;
1083;Syddanmark;2022-07-16;M;88;1;9;6604;3191219;44736;
1084;Hovedstaden;2022-07-17;F;321;1;16;6605;3191540;44752;
1082;Midtjylland;2022-07-17;F;243;0;12;6605;3191783;44764;
1081;Nordjylland;2022-07-17;F;74;0;2;6605;3191857;44766;
1085;Sjælland;2022-07-17;F;172;0;8;6605;3192029;44774;
1083;Syddanmark;2022-07-17;F;232;1;10;6606;3192261;44784;
1084;Hovedstaden;2022-07-17;M;276;3;23;6609;3192537;44807;
1082;Midtjylland;2022-07-17;M;164;1;8;6610;3192701;44815;
1081;Nordjylland;2022-07-17;M;67;0;3;6610;3192768;44818;
1085;Sjælland;2022-07-17;M;147;0;9;6610;3192915;44827;
1083;Syddanmark;2022-07-17;M;187;2;16;6612;3193102;44843;
1084;Hovedstaden;2022-07-18;F;432;1;23;6613;3193534;44866;
1082;Midtjylland;2022-07-18;F;311;1;12;6614;3193845;44878;
1081;Nordjylland;2022-07-18;F;149;2;7;6616;3193994;44885;
1085;Sjælland;2022-07-18;F;262;1;10;6617;3194256;44895;
1083;Syddanmark;2022-07-18;F;348;2;9;6619;3194604;44904;
1084;Hovedstaden;2022-07-18;M;346;4;35;6623;3194950;44939;
1082;Midtjylland;2022-07-18;M;275;0;7;6623;3195225;44946;
1081;Nordjylland;2022-07-18;M;160;2;9;6625;3195385;44955;
1085;Sjælland;2022-07-18;M;211;2;11;6627;3195596;44966;
1083;Syddanmark;2022-07-18;M;281;2;18;6629;3195877;44984;
1084;Hovedstaden;2022-07-19;F;352;1;21;6630;3196229;45005;
1082;Midtjylland;2022-07-19;F;244;1;9;6631;3196473;45014;
1081;Nordjylland;2022-07-19;F;114;0;5;6631;3196587;45019;
1085;Sjælland;2022-07-19;F;209;0;2;6631;3196796;45021;
1083;Syddanmark;2022-07-19;F;265;0;8;6631;3197061;45029;
1084;Hovedstaden;2022-07-19;M;285;1;20;6632;3197346;45049;
1082;Midtjylland;2022-07-19;M;195;1;8;6633;3197541;45057;
1081;Nordjylland;2022-07-19;M;88;1;6;6634;3197629;45063;
1085;Sjælland;2022-07-19;M;204;1;9;6635;3197833;45072;
1083;Syddanmark;2022-07-19;M;254;0;11;6635;3198087;45083;
1084;Hovedstaden;2022-07-20;F;371;3;23;6638;3198458;45106;
1082;Midtjylland;2022-07-20;F;180;1;5;6639;3198638;45111;
1081;Nordjylland;2022-07-20;F;111;1;2;6640;3198749;45113;
1085;Sjælland;2022-07-20;F;194;0;6;6640;3198943;45119;
1083;Syddanmark;2022-07-20;F;195;3;8;6643;3199138;45127;
1084;Hovedstaden;2022-07-20;M;313;2;22;6645;3199451;45149;
1082;Midtjylland;2022-07-20;M;195;1;9;6646;3199646;45158;
1081;Nordjylland;2022-07-20;M;103;0;7;6646;3199749;45165;
1085;Sjælland;2022-07-20;M;179;1;9;6647;3199928;45174;
1083;Syddanmark;2022-07-20;M;190;1;8;6648;3200118;45182;
1084;Hovedstaden;2022-07-21;F;319;1;16;6649;3200437;45198;
1082;Midtjylland;2022-07-21;F;199;1;3;6650;3200636;45201;
1081;Nordjylland;2022-07-21;F;103;0;3;6650;3200739;45204;
1085;Sjælland;2022-07-21;F;190;1;6;6651;3200929;45210;
1083;Syddanmark;2022-07-21;F;191;2;9;6653;3201120;45219;
1084;Hovedstaden;2022-07-21;M;285;2;14;6655;3201405;45233;
1082;Midtjylland;2022-07-21;M;168;2;6;6657;3201573;45239;
1081;Nordjylland;2022-07-21;M;79;0;8;6657;3201652;45247;
1085;Sjælland;2022-07-21;M;174;2;8;6659;3201826;45255;
1083;Syddanmark;2022-07-21;M;158;2;11;6661;3201984;45266;
1084;Hovedstaden;2022-07-22;F;306;6;19;6667;3202290;45285;
1082;Midtjylland;2022-07-22;F;225;0;8;6667;3202515;45293;
1081;Nordjylland;2022-07-22;F;111;0;5;6667;3202626;45298;
1085;Sjælland;2022-07-22;F;182;1;5;6668;3202808;45303;
1083;Syddanmark;2022-07-22;F;183;1;11;6669;3202991;45314;
1084;Hovedstaden;2022-07-22;M;238;0;14;6669;3203229;45328;
1082;Midtjylland;2022-07-22;M;171;0;6;6669;3203400;45334;
1081;Nordjylland;2022-07-22;M;89;0;10;6669;3203489;45344;
1085;Sjælland;2022-07-22;M;136;1;6;6670;3203625;45350;
1083;Syddanmark;2022-07-22;M;164;3;14;6673;3203789;45364;
1084;Hovedstaden;2022-07-23;F;250;3;12;6676;3204039;45376;
1082;Midtjylland;2022-07-23;F;146;1;9;6677;3204185;45385;
1081;Nordjylland;2022-07-23;F;59;0;1;6677;3204244;45386;
1085;Sjælland;2022-07-23;F;62;0;4;6677;3204306;45390;
1083;Syddanmark;2022-07-23;F;82;0;3;6677;3204388;45393;
1084;Hovedstaden;2022-07-23;M;249;0;11;6677;3204637;45404;
1082;Midtjylland;2022-07-23;M;122;0;2;6677;3204759;45406;
1081;Nordjylland;2022-07-23;M;41;1;2;6678;3204800;45408;
1085;Sjælland;2022-07-23;M;74;1;6;6679;3204874;45414;
1083;Syddanmark;2022-07-23;M;57;0;8;6679;3204931;45422;
1084;Hovedstaden;2022-07-24;F;240;1;10;6680;3205171;45432;
1082;Midtjylland;2022-07-24;F;162;0;6;6680;3205333;45438;
1081;Nordjylland;2022-07-24;F;60;0;2;6680;3205393;45440;
1085;Sjælland;2022-07-24;F;112;0;6;6680;3205505;45446;
1083;Syddanmark;2022-07-24;F;169;0;4;6680;3205674;45450;
1084;Hovedstaden;2022-07-24;M;205;2;14;6682;3205879;45464;
1082;Midtjylland;2022-07-24;M;156;0;13;6682;3206035;45477;
1081;Nordjylland;2022-07-24;M;43;0;3;6682;3206078;45480;
1085;Sjælland;2022-07-24;M;112;1;3;6683;3206190;45483;
1083;Syddanmark;2022-07-24;M;142;0;10;6683;3206332;45493;
1084;Hovedstaden;2022-07-25;F;301;0;11;6683;3206633;45504;
1082;Midtjylland;2022-07-25;F;218;2;5;6685;3206851;45509;
1081;Nordjylland;2022-07-25;F;101;1;3;6686;3206952;45512;
1085;Sjælland;2022-07-25;F;182;0;6;6686;3207134;45518;
1083;Syddanmark;2022-07-25;F;284;1;7;6687;3207418;45525;
1084;Hovedstaden;2022-07-25;M;274;2;17;6689;3207692;45542;
1082;Midtjylland;2022-07-25;M;212;1;7;6690;3207904;45549;
1081;Nordjylland;2022-07-25;M;102;1;3;6691;3208006;45552;
1085;Sjælland;2022-07-25;M;151;2;7;6693;3208157;45559;
1083;Syddanmark;2022-07-25;M;244;2;12;6695;3208401;45571;
1084;Hovedstaden;2022-07-26;F;278;1;12;6696;3208679;45583;
1082;Midtjylland;2022-07-26;F;219;1;7;6697;3208898;45590;
1081;Nordjylland;2022-07-26;F;75;1;5;6698;3208973;45595;
1085;Sjælland;2022-07-26;F;163;1;9;6699;3209136;45604;
1083;Syddanmark;2022-07-26;F;229;1;8;6700;3209365;45612;
1084;Hovedstaden;2022-07-26;M;235;0;6;6700;3209600;45618;
1082;Midtjylland;2022-07-26;M;180;2;12;6702;3209780;45630;
1081;Nordjylland;2022-07-26;M;71;1;3;6703;3209851;45633;
1085;Sjælland;2022-07-26;M;148;0;7;6703;3209999;45640;
1083;Syddanmark;2022-07-26;M;197;2;3;6705;3210196;45643;
1084;Hovedstaden;2022-07-27;F;232;1;14;6706;3210428;45657;
1082;Midtjylland;2022-07-27;F;176;2;2;6708;3210604;45659;
1081;Nordjylland;2022-07-27;F;81;0;1;6708;3210685;45660;
1085;Sjælland;2022-07-27;F;125;0;4;6708;3210810;45664;
1083;Syddanmark;2022-07-27;F;175;1;5;6709;3210985;45669;
1084;Hovedstaden;2022-07-27;M;222;2;17;6711;3211207;45686;
1082;Midtjylland;2022-07-27;M;179;1;6;6712;3211386;45692;
1081;Nordjylland;2022-07-27;M;70;1;3;6713;3211456;45695;
1085;Sjælland;2022-07-27;M;123;1;3;6714;3211579;45698;
1083;Syddanmark;2022-07-27;M;149;2;8;6716;3211728;45706;
1084;Hovedstaden;2022-07-28;F;235;0;7;6716;3211963;45713;
1082;Midtjylland;2022-07-28;F;169;2;5;6718;3212132;45718;
1081;Nordjylland;2022-07-28;F;54;0;3;6718;3212186;45721;
1085;Sjælland;2022-07-28;F;131;0;2;6718;3212317;45723;
1083;Syddanmark;2022-07-28;F;141;1;10;6719;3212458;45733;
1084;Hovedstaden;2022-07-28;M;183;3;15;6722;3212641;45748;
1082;Midtjylland;2022-07-28;M;166;0;4;6722;3212807;45752;
1081;Nordjylland;2022-07-28;M;54;0;2;6722;3212861;45754;
1085;Sjælland;2022-07-28;M;115;0;5;6722;3212976;45759;
1083;Syddanmark;2022-07-28;M;134;1;8;6723;3213110;45767;
1084;Hovedstaden;2022-07-29;F;213;1;14;6724;3213323;45781;
1082;Midtjylland;2022-07-29;F;163;0;6;6724;3213486;45787;
1081;Nordjylland;2022-07-29;F;69;0;6;6724;3213555;45793;
1085;Sjælland;2022-07-29;F;102;0;2;6724;3213657;45795;
1083;Syddanmark;2022-07-29;F;157;1;4;6725;3213814;45799;
1084;Hovedstaden;2022-07-29;M;168;2;11;6727;3213982;45810;
1082;Midtjylland;2022-07-29;M;136;0;8;6727;3214118;45818;
1081;Nordjylland;2022-07-29;M;70;0;5;6727;3214188;45823;
1085;Sjælland;2022-07-29;M;110;1;9;6728;3214298;45832;
1083;Syddanmark;2022-07-29;M;149;2;7;6730;3214447;45839;
1084;Hovedstaden;2022-07-30;F;215;3;15;6733;3214662;45854;
1082;Midtjylland;2022-07-30;F;153;0;7;6733;3214815;45861;
1081;Nordjylland;2022-07-30;F;43;0;5;6733;3214858;45866;
1085;Sjælland;2022-07-30;F;77;1;5;6734;3214935;45871;
1083;Syddanmark;2022-07-30;F;100;2;8;6736;3215035;45879;
1084;Hovedstaden;2022-07-30;M;182;1;7;6737;3215217;45886;
1082;Midtjylland;2022-07-30;M;125;1;5;6738;3215342;45891;
1081;Nordjylland;2022-07-30;M;41;0;3;6738;3215383;45894;
1085;Sjælland;2022-07-30;M;83;0;6;6738;3215466;45900;
1083;Syddanmark;2022-07-30;M;79;0;9;6738;3215545;45909;
1084;Hovedstaden;2022-07-31;F;254;1;13;6739;3215799;45922;
1082;Midtjylland;2022-07-31;F;205;1;6;6740;3216004;45928;
1081;Nordjylland;2022-07-31;F;78;1;5;6741;3216082;45933;
1085;Sjælland;2022-07-31;F;136;0;5;6741;3216218;45938;
1083;Syddanmark;2022-07-31;F;161;1;7;6742;3216379;45945;
1084;Hovedstaden;2022-07-31;M;185;1;11;6743;3216564;45956;
1082;Midtjylland;2022-07-31;M;147;1;8;6744;3216711;45964;
1081;Nordjylland;2022-07-31;M;53;0;0;6744;3216764;45964;
1085;Sjælland;2022-07-31;M;94;1;5;6745;3216858;45969;
1083;Syddanmark;2022-07-31;M;136;1;7;6746;3216994;45976;
1084;Hovedstaden;2022-08-01;F;294;0;15;6746;3217288;45991;
1082;Midtjylland;2022-08-01;F;212;0;6;6746;3217500;45997;
1081;Nordjylland;2022-08-01;F;118;1;5;6747;3217618;46002;
1085;Sjælland;2022-08-01;F;210;1;10;6748;3217828;46012;
1083;Syddanmark;2022-08-01;F;249;4;13;6752;3218077;46025;
1084;Hovedstaden;2022-08-01;M;248;3;12;6755;3218325;46037;
1082;Midtjylland;2022-08-01;M;190;2;4;6757;3218515;46041;
1081;Nordjylland;2022-08-01;M;83;1;1;6758;3218598;46042;
1085;Sjælland;2022-08-01;M;173;0;6;6758;3218771;46048;
1083;Syddanmark;2022-08-01;M;205;0;7;6758;3218976;46055;
1084;Hovedstaden;2022-08-02;F;276;3;13;6761;3219252;46068;
1082;Midtjylland;2022-08-02;F;175;1;5;6762;3219427;46073;
1081;Nordjylland;2022-08-02;F;66;0;2;6762;3219493;46075;
1085;Sjælland;2022-08-02;F;171;1;7;6763;3219664;46082;
1083;Syddanmark;2022-08-02;F;227;0;6;6763;3219891;46088;
1084;Hovedstaden;2022-08-02;M;249;0;8;6763;3220140;46096;
1082;Midtjylland;2022-08-02;M;186;1;5;6764;3220326;46101;
1081;Nordjylland;2022-08-02;M;67;1;3;6765;3220393;46104;
1085;Sjælland;2022-08-02;M;145;0;4;6765;3220538;46108;
1083;Syddanmark;2022-08-02;M;230;1;5;6766;3220768;46113;
1084;Hovedstaden;2022-08-03;F;245;0;3;6766;3221013;46116;
1082;Midtjylland;2022-08-03;F;185;0;6;6766;3221198;46122;
1081;Nordjylland;2022-08-03;F;84;0;4;6766;3221282;46126;
1085;Sjælland;2022-08-03;F;167;2;8;6768;3221449;46134;
1083;Syddanmark;2022-08-03;F;196;1;5;6769;3221645;46139;
1084;Hovedstaden;2022-08-03;M;220;2;17;6771;3221865;46156;
1082;Midtjylland;2022-08-03;M;176;2;7;6773;3222041;46163;
1081;Nordjylland;2022-08-03;M;83;0;4;6773;3222124;46167;
1085;Sjælland;2022-08-03;M;149;0;4;6773;3222273;46171;
1083;Syddanmark;2022-08-03;M;173;0;8;6773;3222446;46179;
1084;Hovedstaden;2022-08-04;F;213;2;14;6775;3222659;46193;
1082;Midtjylland;2022-08-04;F;165;1;4;6776;3222824;46197;
1081;Nordjylland;2022-08-04;F;76;0;3;6776;3222900;46200;
1085;Sjælland;2022-08-04;F;152;0;6;6776;3223052;46206;
1083;Syddanmark;2022-08-04;F;141;0;3;6776;3223193;46209;
1084;Hovedstaden;2022-08-04;M;168;1;14;6777;3223361;46223;
1082;Midtjylland;2022-08-04;M;162;1;4;6778;3223523;46227;
1081;Nordjylland;2022-08-04;M;61;0;2;6778;3223584;46229;
1085;Sjælland;2022-08-04;M;109;1;7;6779;3223693;46236;
1083;Syddanmark;2022-08-04;M;112;1;7;6780;3223805;46243;
1084;Hovedstaden;2022-08-05;F;182;2;13;6782;3223987;46256;
1082;Midtjylland;2022-08-05;F;140;0;2;6782;3224127;46258;
1081;Nordjylland;2022-08-05;F;77;0;0;6782;3224204;46258;
1085;Sjælland;2022-08-05;F;121;1;4;6783;3224325;46262;
1083;Syddanmark;2022-08-05;F;157;1;5;6784;3224482;46267;
1084;Hovedstaden;2022-08-05;M;168;2;17;6786;3224650;46284;
1082;Midtjylland;2022-08-05;M;140;0;8;6786;3224790;46292;
1081;Nordjylland;2022-08-05;M;73;1;4;6787;3224863;46296;
1085;Sjælland;2022-08-05;M;102;1;11;6788;3224965;46307;
1083;Syddanmark;2022-08-05;M;147;1;9;6789;3225112;46316;
1084;Hovedstaden;2022-08-06;F;183;1;9;6790;3225295;46325;
1082;Midtjylland;2022-08-06;F;114;1;3;6791;3225409;46328;
1081;Nordjylland;2022-08-06;F;44;0;5;6791;3225453;46333;
1085;Sjælland;2022-08-06;F;80;1;2;6792;3225533;46335;
1083;Syddanmark;2022-08-06;F;77;0;2;6792;3225610;46337;
1084;Hovedstaden;2022-08-06;M;154;1;8;6793;3225764;46345;
1082;Midtjylland;2022-08-06;M;90;1;2;6794;3225854;46347;
1081;Nordjylland;2022-08-06;M;43;1;2;6795;3225897;46349;
1085;Sjælland;2022-08-06;M;64;0;4;6795;3225961;46353;
1083;Syddanmark;2022-08-06;M;78;1;5;6796;3226039;46358;
1084;Hovedstaden;2022-08-07;F;194;2;14;6798;3226233;46372;
1082;Midtjylland;2022-08-07;F;162;1;3;6799;3226395;46375;
1081;Nordjylland;2022-08-07;F;61;1;2;6800;3226456;46377;
1085;Sjælland;2022-08-07;F;90;0;3;6800;3226546;46380;
1083;Syddanmark;2022-08-07;F;165;0;8;6800;3226711;46388;
1084;Hovedstaden;2022-08-07;M;164;2;12;6802;3226875;46400;
1082;Midtjylland;2022-08-07;M;135;1;9;6803;3227010;46409;
1081;Nordjylland;2022-08-07;M;44;0;3;6803;3227054;46412;
1085;Sjælland;2022-08-07;M;89;0;2;6803;3227143;46414;
1083;Syddanmark;2022-08-07;M;130;1;7;6804;3227273;46421;
1084;Hovedstaden;2022-08-08;F;225;2;10;6806;3227498;46431;
1082;Midtjylland;2022-08-08;F;255;0;2;6806;3227753;46433;
1081;Nordjylland;2022-08-08;F;126;1;3;6807;3227879;46436;
1085;Sjælland;2022-08-08;F;165;1;7;6808;3228044;46443;
1083;Syddanmark;2022-08-08;F;247;1;9;6809;3228291;46452;
1084;Hovedstaden;2022-08-08;M;230;1;8;6810;3228521;46460;
1082;Midtjylland;2022-08-08;M;236;2;9;6812;3228757;46469;
1081;Nordjylland;2022-08-08;M;90;0;3;6812;3228847;46472;
1085;Sjælland;2022-08-08;M;144;1;4;6813;3228991;46476;
1083;Syddanmark;2022-08-08;M;243;0;6;6813;3229234;46482;
1084;Hovedstaden;2022-08-09;F;300;0;12;6813;3229534;46494;
1082;Midtjylland;2022-08-09;F;322;2;6;6815;3229856;46500;
1081;Nordjylland;2022-08-09;F;114;0;5;6815;3229970;46505;
1085;Sjælland;2022-08-09;F;167;2;7;6817;3230137;46512;
1083;Syddanmark;2022-08-09;F;265;1;5;6818;3230402;46517;
1084;Hovedstaden;2022-08-09;M;249;2;14;6820;3230651;46531;
1082;Midtjylland;2022-08-09;M;273;0;7;6820;3230924;46538;
1081;Nordjylland;2022-08-09;M;86;0;4;6820;3231010;46542;
1085;Sjælland;2022-08-09;M;141;0;4;6820;3231151;46546;
1083;Syddanmark;2022-08-09;M;220;1;9;6821;3231371;46555;
1084;Hovedstaden;2022-08-10;F;298;1;11;6822;3231669;46566;
1082;Midtjylland;2022-08-10;F;339;0;7;6822;3232008;46573;
1081;Nordjylland;2022-08-10;F;103;0;3;6822;3232111;46576;
1085;Sjælland;2022-08-10;F;195;0;4;6822;3232306;46580;
1083;Syddanmark;2022-08-10;F;217;2;10;6824;3232523;46590;
1084;Hovedstaden;2022-08-10;M;240;1;10;6825;3232763;46600;
1082;Midtjylland;2022-08-10;M;300;0;8;6825;3233063;46608;
1081;Nordjylland;2022-08-10;M;115;0;7;6825;3233178;46615;
1085;Sjælland;2022-08-10;M;150;1;4;6826;3233328;46619;
1083;Syddanmark;2022-08-10;M;186;2;8;6828;3233514;46627;
1084;Hovedstaden;2022-08-11;F;268;2;8;6830;3233782;46635;
1082;Midtjylland;2022-08-11;F;320;0;7;6830;3234102;46642;
1081;Nordjylland;2022-08-11;F;81;2;3;6832;3234183;46645;
1085;Sjælland;2022-08-11;F;132;0;5;6832;3234315;46650;
1083;Syddanmark;2022-08-11;F;162;1;5;6833;3234477;46655;
1084;Hovedstaden;2022-08-11;M;238;2;12;6835;3234715;46667;
1082;Midtjylland;2022-08-11;M;274;1;10;6836;3234989;46677;
1081;Nordjylland;2022-08-11;M;83;1;9;6837;3235072;46686;
1085;Sjælland;2022-08-11;M;128;1;6;6838;3235200;46692;
1083;Syddanmark;2022-08-11;M;142;0;5;6838;3235342;46697;
1084;Hovedstaden;2022-08-12;F;209;0;4;6838;3235551;46701;
1082;Midtjylland;2022-08-12;F;248;2;6;6840;3235799;46707;
1081;Nordjylland;2022-08-12;F;94;0;1;6840;3235893;46708;
1085;Sjælland;2022-08-12;F;138;0;2;6840;3236031;46710;
1083;Syddanmark;2022-08-12;F;179;2;9;6842;3236210;46719;
1084;Hovedstaden;2022-08-12;M;185;1;10;6843;3236395;46729;
1082;Midtjylland;2022-08-12;M;235;1;6;6844;3236630;46735;
1081;Nordjylland;2022-08-12;M;83;0;6;6844;3236713;46741;
1085;Sjælland;2022-08-12;M;120;1;5;6845;3236833;46746;
1083;Syddanmark;2022-08-12;M;171;1;11;6846;3237004;46757;
1084;Hovedstaden;2022-08-13;F;159;0;11;6846;3237163;46768;
1082;Midtjylland;2022-08-13;F;193;3;5;6849;3237356;46773;
1081;Nordjylland;2022-08-13;F;59;1;4;6850;3237415;46777;
1085;Sjælland;2022-08-13;F;80;1;3;6851;3237495;46780;
1083;Syddanmark;2022-08-13;F;98;3;8;6854;3237593;46788;
1084;Hovedstaden;2022-08-13;M;145;0;9;6854;3237738;46797;
1082;Midtjylland;2022-08-13;M;161;1;10;6855;3237899;46807;
1081;Nordjylland;2022-08-13;M;48;0;8;6855;3237947;46815;
1085;Sjælland;2022-08-13;M;62;1;6;6856;3238009;46821;
1083;Syddanmark;2022-08-13;M;81;1;5;6857;3238090;46826;
1084;Hovedstaden;2022-08-14;F;160;0;3;6857;3238250;46829;
1082;Midtjylland;2022-08-14;F;215;0;7;6857;3238465;46836;
1081;Nordjylland;2022-08-14;F;61;0;2;6857;3238526;46838;
1085;Sjælland;2022-08-14;F;97;0;6;6857;3238623;46844;
1083;Syddanmark;2022-08-14;F;127;2;10;6859;3238750;46854;
1084;Hovedstaden;2022-08-14;M;154;2;7;6861;3238904;46861;
1082;Midtjylland;2022-08-14;M;170;0;5;6861;3239074;46866;
1081;Nordjylland;2022-08-14;M;51;0;3;6861;3239125;46869;
1085;Sjælland;2022-08-14;M;108;1;9;6862;3239233;46878;
1083;Syddanmark;2022-08-14;M;126;0;9;6862;3239359;46887;
1084;Hovedstaden;2022-08-15;F;256;4;13;6866;3239615;46900;
1082;Midtjylland;2022-08-15;F;285;1;5;6867;3239900;46905;
1081;Nordjylland;2022-08-15;F;104;0;1;6867;3240004;46906;
1085;Sjælland;2022-08-15;F;150;0;11;6867;3240154;46917;
1083;Syddanmark;2022-08-15;F;219;0;5;6867;3240373;46922;
1084;Hovedstaden;2022-08-15;M;210;3;10;6870;3240583;46932;
1082;Midtjylland;2022-08-15;M;257;1;13;6871;3240840;46945;
1081;Nordjylland;2022-08-15;M;87;0;3;6871;3240927;46948;
1085;Sjælland;2022-08-15;M;136;1;7;6872;3241063;46955;
1083;Syddanmark;2022-08-15;M;211;0;9;6872;3241274;46964;
1084;Hovedstaden;2022-08-16;F;228;2;17;6874;3241502;46981;
1082;Midtjylland;2022-08-16;F;251;0;8;6874;3241753;46989;
1081;Nordjylland;2022-08-16;F;79;0;0;6874;3241832;46989;
1085;Sjælland;2022-08-16;F;128;1;5;6875;3241960;46994;
1083;Syddanmark;2022-08-16;F;188;0;10;6875;3242148;47004;
1084;Hovedstaden;2022-08-16;M;187;3;14;6878;3242335;47018;
1082;Midtjylland;2022-08-16;M;177;0;7;6878;3242512;47025;
1081;Nordjylland;2022-08-16;M;61;0;3;6878;3242573;47028;
1085;Sjælland;2022-08-16;M;123;0;11;6878;3242696;47039;
1083;Syddanmark;2022-08-16;M;188;1;9;6879;3242884;47048;
1084;Hovedstaden;2022-08-17;F;176;1;10;6880;3243060;47058;
1082;Midtjylland;2022-08-17;F;222;0;5;6880;3243282;47063;
1081;Nordjylland;2022-08-17;F;62;0;2;6880;3243344;47065;
1085;Sjælland;2022-08-17;F;149;0;6;6880;3243493;47071;
1083;Syddanmark;2022-08-17;F;178;1;6;6881;3243671;47077;
1084;Hovedstaden;2022-08-17;M;151;1;14;6882;3243822;47091;
1082;Midtjylland;2022-08-17;M;169;1;5;6883;3243991;47096;
1081;Nordjylland;2022-08-17;M;77;1;4;6884;3244068;47100;
1085;Sjælland;2022-08-17;M;116;0;3;6884;3244184;47103;
1083;Syddanmark;2022-08-17;M;144;1;8;6885;3244328;47111;
1084;Hovedstaden;2022-08-18;F;176;0;5;6885;3244504;47116;
1082;Midtjylland;2022-08-18;F;162;0;5;6885;3244666;47121;
1081;Nordjylland;2022-08-18;F;54;0;3;6885;3244720;47124;
1085;Sjælland;2022-08-18;F;114;1;6;6886;3244834;47130;
1083;Syddanmark;2022-08-18;F;137;0;6;6886;3244971;47136;
1084;Hovedstaden;2022-08-18;M;126;2;14;6888;3245097;47150;
1082;Midtjylland;2022-08-18;M;144;0;4;6888;3245241;47154;
1081;Nordjylland;2022-08-18;M;53;0;0;6888;3245294;47154;
1085;Sjælland;2022-08-18;M;101;1;8;6889;3245395;47162;
1083;Syddanmark;2022-08-18;M;103;0;6;6889;3245498;47168;
1084;Hovedstaden;2022-08-19;F;125;0;7;6889;3245623;47175;
1082;Midtjylland;2022-08-19;F;129;0;2;6889;3245752;47177;
1081;Nordjylland;2022-08-19;F;66;0;0;6889;3245818;47177;
1085;Sjælland;2022-08-19;F;126;1;11;6890;3245944;47188;
1083;Syddanmark;2022-08-19;F;127;1;7;6891;3246071;47195;
1084;Hovedstaden;2022-08-19;M;111;1;12;6892;3246182;47207;
1082;Midtjylland;2022-08-19;M;137;0;10;6892;3246319;47217;
1081;Nordjylland;2022-08-19;M;50;0;3;6892;3246369;47220;
1085;Sjælland;2022-08-19;M;95;2;7;6894;3246464;47227;
1083;Syddanmark;2022-08-19;M;98;2;2;6896;3246562;47229;
1084;Hovedstaden;2022-08-20;F;128;0;6;6896;3246690;47235;
1082;Midtjylland;2022-08-20;F;132;0;5;6896;3246822;47240;
1081;Nordjylland;2022-08-20;F;43;0;2;6896;3246865;47242;
1085;Sjælland;2022-08-20;F;30;1;3;6897;3246895;47245;
1083;Syddanmark;2022-08-20;F;56;1;4;6898;3246951;47249;
1084;Hovedstaden;2022-08-20;M;103;1;4;6899;3247054;47253;
1082;Midtjylland;2022-08-20;M;92;0;4;6899;3247146;47257;
1081;Nordjylland;2022-08-20;M;36;2;6;6901;3247182;47263;
1085;Sjælland;2022-08-20;M;39;1;5;6902;3247221;47268;
1083;Syddanmark;2022-08-20;M;45;2;4;6904;3247266;47272;
1084;Hovedstaden;2022-08-21;F;117;2;6;6906;3247383;47278;
1082;Midtjylland;2022-08-21;F;131;0;2;6906;3247514;47280;
1081;Nordjylland;2022-08-21;F;46;2;2;6908;3247560;47282;
1085;Sjælland;2022-08-21;F;65;1;4;6909;3247625;47286;
1083;Syddanmark;2022-08-21;F;108;0;5;6909;3247733;47291;
1084;Hovedstaden;2022-08-21;M;96;0;7;6909;3247829;47298;
1082;Midtjylland;2022-08-21;M;122;0;5;6909;3247951;47303;
1081;Nordjylland;2022-08-21;M;45;1;1;6910;3247996;47304;
1085;Sjælland;2022-08-21;M;60;0;4;6910;3248056;47308;
1083;Syddanmark;2022-08-21;M;90;1;5;6911;3248146;47313;
1084;Hovedstaden;2022-08-22;F;166;0;8;6911;3248312;47321;
1082;Midtjylland;2022-08-22;F;168;0;7;6911;3248480;47328;
1081;Nordjylland;2022-08-22;F;97;1;3;6912;3248577;47331;
1085;Sjælland;2022-08-22;F;64;0;0;6912;3248641;47331;
1083;Syddanmark;2022-08-22;F;136;0;4;6912;3248777;47335;
1084;Hovedstaden;2022-08-22;M;132;0;8;6912;3248909;47343;
1082;Midtjylland;2022-08-22;M;141;4;7;6916;3249050;47350;
1081;Nordjylland;2022-08-22;M;76;0;3;6916;3249126;47353;
1085;Sjælland;2022-08-22;M;60;1;5;6917;3249186;47358;
1083;Syddanmark;2022-08-22;M;129;1;3;6918;3249315;47361;
1084;Hovedstaden;2022-08-23;F;127;0;7;6918;3249442;47368;
1082;Midtjylland;2022-08-23;F;162;0;8;6918;3249604;47376;
1081;Nordjylland;2022-08-23;F;59;0;1;6918;3249663;47377;
1085;Sjælland;2022-08-23;F;103;0;3;6918;3249766;47380;
1083;Syddanmark;2022-08-23;F;130;1;4;6919;3249896;47384;
1084;Hovedstaden;2022-08-23;M;111;1;3;6920;3250007;47387;
1082;Midtjylland;2022-08-23;M;150;0;5;6920;3250157;47392;
1081;Nordjylland;2022-08-23;M;53;0;5;6920;3250210;47397;
1085;Sjælland;2022-08-23;M;71;2;5;6922;3250281;47402;
1083;Syddanmark;2022-08-23;M;101;1;2;6923;3250382;47404;
1084;Hovedstaden;2022-08-24;F;145;2;10;6925;3250527;47414;
1082;Midtjylland;2022-08-24;F;172;1;5;6926;3250699;47419;
1081;Nordjylland;2022-08-24;F;76;0;1;6926;3250775;47420;
1085;Sjælland;2022-08-24;F;99;0;7;6926;3250874;47427;
1083;Syddanmark;2022-08-24;F;112;0;4;6926;3250986;47431;
1084;Hovedstaden;2022-08-24;M;129;0;9;6926;3251115;47440;
1082;Midtjylland;2022-08-24;M;145;1;5;6927;3251260;47445;
1081;Nordjylland;2022-08-24;M;61;0;2;6927;3251321;47447;
1085;Sjælland;2022-08-24;M;85;0;5;6927;3251406;47452;
1083;Syddanmark;2022-08-24;M;109;1;8;6928;3251515;47460;
1084;Hovedstaden;2022-08-25;F;109;1;4;6929;3251624;47464;
1082;Midtjylland;2022-08-25;F;138;0;2;6929;3251762;47466;
1081;Nordjylland;2022-08-25;F;68;0;0;6929;3251830;47466;
1085;Sjælland;2022-08-25;F;89;1;2;6930;3251919;47468;
1083;Syddanmark;2022-08-25;F;83;1;3;6931;3252002;47471;
1084;Hovedstaden;2022-08-25;M;102;0;13;6931;3252104;47484;
1082;Midtjylland;2022-08-25;M;117;0;6;6931;3252221;47490;
1081;Nordjylland;2022-08-25;M;43;0;5;6931;3252264;47495;
1085;Sjælland;2022-08-25;M;73;0;6;6931;3252337;47501;
1083;Syddanmark;2022-08-25;M;60;0;9;6931;3252397;47510;
1084;Hovedstaden;2022-08-26;F;114;1;2;6932;3252511;47512;
1082;Midtjylland;2022-08-26;F;132;0;1;6932;3252643;47513;
1081;Nordjylland;2022-08-26;F;72;0;1;6932;3252715;47514;
1085;Sjælland;2022-08-26;F;79;1;6;6933;3252794;47520;
1083;Syddanmark;2022-08-26;F;98;0;9;6933;3252892;47529;
1084;Hovedstaden;2022-08-26;M;95;0;11;6933;3252987;47540;
1082;Midtjylland;2022-08-26;M;107;0;6;6933;3253094;47546;
1081;Nordjylland;2022-08-26;M;65;0;3;6933;3253159;47549;
1085;Sjælland;2022-08-26;M;55;0;3;6933;3253214;47552;
1083;Syddanmark;2022-08-26;M;75;0;5;6933;3253289;47557;
1084;Hovedstaden;2022-08-27;F;103;0;3;6933;3253392;47560;
1082;Midtjylland;2022-08-27;F;85;3;6;6936;3253477;47566;
1081;Nordjylland;2022-08-27;F;38;1;4;6937;3253515;47570;
1085;Sjælland;2022-08-27;F;33;0;1;6937;3253548;47571;
1083;Syddanmark;2022-08-27;F;46;1;6;6938;3253594;47577;
1084;Hovedstaden;2022-08-27;M;67;0;6;6938;3253661;47583;
1082;Midtjylland;2022-08-27;M;88;0;6;6938;3253749;47589;
1081;Nordjylland;2022-08-27;M;39;0;2;6938;3253788;47591;
1085;Sjælland;2022-08-27;M;30;0;2;6938;3253818;47593;
1083;Syddanmark;2022-08-27;M;46;2;7;6940;3253864;47600;
1084;Hovedstaden;2022-08-28;F;81;1;8;6941;3253945;47608;
1082;Midtjylland;2022-08-28;F;97;0;0;6941;3254042;47608;
1081;Nordjylland;2022-08-28;F;40;0;1;6941;3254082;47609;
1085;Sjælland;2022-08-28;F;52;1;4;6942;3254134;47613;
1083;Syddanmark;2022-08-28;F;74;1;3;6943;3254208;47616;
1084;Hovedstaden;2022-08-28;M;70;0;4;6943;3254278;47620;
1082;Midtjylland;2022-08-28;M;77;0;3;6943;3254355;47623;
1081;Nordjylland;2022-08-28;M;34;0;3;6943;3254389;47626;
1085;Sjælland;2022-08-28;M;48;0;3;6943;3254437;47629;
1083;Syddanmark;2022-08-28;M;65;0;5;6943;3254502;47634;
1084;Hovedstaden;2022-08-29;F;137;0;5;6943;3254639;47639;
1082;Midtjylland;2022-08-29;F;120;3;6;6946;3254759;47645;
1081;Nordjylland;2022-08-29;F;68;1;3;6947;3254827;47648;
1085;Sjælland;2022-08-29;F;81;0;5;6947;3254908;47653;
1083;Syddanmark;2022-08-29;F;125;0;5;6947;3255033;47658;
1084;Hovedstaden;2022-08-29;M;133;1;6;6948;3255166;47664;
1082;Midtjylland;2022-08-29;M;101;0;4;6948;3255267;47668;
1081;Nordjylland;2022-08-29;M;58;0;4;6948;3255325;47672;
1085;Sjælland;2022-08-29;M;71;0;1;6948;3255396;47673;
1083;Syddanmark;2022-08-29;M;103;0;3;6948;3255499;47676;
1084;Hovedstaden;2022-08-30;F;84;1;5;6949;3255583;47681;
1082;Midtjylland;2022-08-30;F;119;1;6;6950;3255702;47687;
1081;Nordjylland;2022-08-30;F;36;0;0;6950;3255738;47687;
1085;Sjælland;2022-08-30;F;59;0;2;6950;3255797;47689;
1083;Syddanmark;2022-08-30;F;103;0;2;6950;3255900;47691;
1084;Hovedstaden;2022-08-30;M;83;1;7;6951;3255983;47698;
1082;Midtjylland;2022-08-30;M;92;0;4;6951;3256075;47702;
1081;Nordjylland;2022-08-30;M;41;0;3;6951;3256116;47705;
1085;Sjælland;2022-08-30;M;52;0;1;6951;3256168;47706;
1083;Syddanmark;2022-08-30;M;78;0;1;6951;3256246;47707;
1084;Hovedstaden;2022-08-31;F;108;0;3;6951;3256354;47710;
1082;Midtjylland;2022-08-31;F;126;0;4;6951;3256480;47714;
1081;Nordjylland;2022-08-31;F;51;1;2;6952;3256531;47716;
1085;Sjælland;2022-08-31;F;66;0;2;6952;3256597;47718;
1083;Syddanmark;2022-08-31;F;62;0;4;6952;3256659;47722;
1084;Hovedstaden;2022-08-31;M;95;0;1;6952;3256754;47723;
1082;Midtjylland;2022-08-31;M;108;2;7;6954;3256862;47730;
1081;Nordjylland;2022-08-31;M;38;0;2;6954;3256900;47732;
1085;Sjælland;2022-08-31;M;65;0;2;6954;3256965;47734;
1083;Syddanmark;2022-08-31;M;56;0;7;6954;3257021;47741;
1084;Hovedstaden;2022-09-01;F;91;1;6;6955;3257112;47747;
1082;Midtjylland;2022-09-01;F;104;1;4;6956;3257216;47751;
1081;Nordjylland;2022-09-01;F;32;0;1;6956;3257248;47752;
1085;Sjælland;2022-09-01;F;62;0;5;6956;3257310;47757;
1083;Syddanmark;2022-09-01;F;77;1;6;6957;3257387;47763;
1084;Hovedstaden;2022-09-01;M;74;0;5;6957;3257461;47768;
1082;Midtjylland;2022-09-01;M;92;0;5;6957;3257553;47773;
1081;Nordjylland;2022-09-01;M;24;0;6;6957;3257577;47779;
1085;Sjælland;2022-09-01;M;62;1;4;6958;3257639;47783;
1083;Syddanmark;2022-09-01;M;51;0;3;6958;3257690;47786;
1084;Hovedstaden;2022-09-02;F;105;0;6;6958;3257795;47792;
1082;Midtjylland;2022-09-02;F;100;0;5;6958;3257895;47797;
1081;Nordjylland;2022-09-02;F;31;0;2;6958;3257926;47799;
1085;Sjælland;2022-09-02;F;55;0;4;6958;3257981;47803;
1083;Syddanmark;2022-09-02;F;78;1;4;6959;3258059;47807;
1084;Hovedstaden;2022-09-02;M;104;0;8;6959;3258163;47815;
1082;Midtjylland;2022-09-02;M;79;0;6;6959;3258242;47821;
1081;Nordjylland;2022-09-02;M;32;2;3;6961;3258274;47824;
1085;Sjælland;2022-09-02;M;39;1;2;6962;3258313;47826;
1083;Syddanmark;2022-09-02;M;70;0;6;6962;3258383;47832;
1084;Hovedstaden;2022-09-03;F;92;0;3;6962;3258475;47835;
1082;Midtjylland;2022-09-03;F;70;0;1;6962;3258545;47836;
1081;Nordjylland;2022-09-03;F;26;0;3;6962;3258571;47839;
1085;Sjælland;2022-09-03;F;24;0;1;6962;3258595;47840;
1083;Syddanmark;2022-09-03;F;36;0;1;6962;3258631;47841;
1084;Hovedstaden;2022-09-03;M;78;0;4;6962;3258709;47845;
1082;Midtjylland;2022-09-03;M;64;0;3;6962;3258773;47848;
1081;Nordjylland;2022-09-03;M;14;0;1;6962;3258787;47849;
1085;Sjælland;2022-09-03;M;23;0;3;6962;3258810;47852;
1083;Syddanmark;2022-09-03;M;37;0;6;6962;3258847;47858;
1084;Hovedstaden;2022-09-04;F;96;1;7;6963;3258943;47865;
1082;Midtjylland;2022-09-04;F;84;0;3;6963;3259027;47868;
1081;Nordjylland;2022-09-04;F;30;0;1;6963;3259057;47869;
1085;Sjælland;2022-09-04;F;46;0;4;6963;3259103;47873;
1083;Syddanmark;2022-09-04;F;39;1;1;6964;3259142;47874;
1084;Hovedstaden;2022-09-04;M;72;1;5;6965;3259214;47879;
1082;Midtjylland;2022-09-04;M;70;0;2;6965;3259284;47881;
1081;Nordjylland;2022-09-04;M;23;0;3;6965;3259307;47884;
1085;Sjælland;2022-09-04;M;50;0;2;6965;3259357;47886;
1083;Syddanmark;2022-09-04;M;43;0;5;6965;3259400;47891;
1084;Hovedstaden;2022-09-05;F;146;0;11;6965;3259546;47902;
1082;Midtjylland;2022-09-05;F;136;0;2;6965;3259682;47904;
1081;Nordjylland;2022-09-05;F;63;0;7;6965;3259745;47911;
1085;Sjælland;2022-09-05;F;92;0;2;6965;3259837;47913;
1083;Syddanmark;2022-09-05;F;137;0;2;6965;3259974;47915;
1084;Hovedstaden;2022-09-05;M;109;0;6;6965;3260083;47921;
1082;Midtjylland;2022-09-05;M;115;1;4;6966;3260198;47925;
1081;Nordjylland;2022-09-05;M;38;0;1;6966;3260236;47926;
1085;Sjælland;2022-09-05;M;91;0;3;6966;3260327;47929;
1083;Syddanmark;2022-09-05;M;126;0;9;6966;3260453;47938;
1084;Hovedstaden;2022-09-06;F;147;0;9;6966;3260600;47947;
1082;Midtjylland;2022-09-06;F;114;0;4;6966;3260714;47951;
1081;Nordjylland;2022-09-06;F;48;1;4;6967;3260762;47955;
1085;Sjælland;2022-09-06;F;68;0;5;6967;3260830;47960;
1083;Syddanmark;2022-09-06;F;106;0;6;6967;3260936;47966;
1084;Hovedstaden;2022-09-06;M;101;1;5;6968;3261037;47971;
1082;Midtjylland;2022-09-06;M;85;0;2;6968;3261122;47973;
1081;Nordjylland;2022-09-06;M;40;0;4;6968;3261162;47977;
1085;Sjælland;2022-09-06;M;62;0;1;6968;3261224;47978;
1083;Syddanmark;2022-09-06;M;94;2;3;6970;3261318;47981;
1084;Hovedstaden;2022-09-07;F;129;0;9;6970;3261447;47990;
1082;Midtjylland;2022-09-07;F;120;0;2;6970;3261567;47992;
1081;Nordjylland;2022-09-07;F;46;0;3;6970;3261613;47995;
1085;Sjælland;2022-09-07;F;79;1;4;6971;3261692;47999;
1083;Syddanmark;2022-09-07;F;90;1;2;6972;3261782;48001;
1084;Hovedstaden;2022-09-07;M;125;0;13;6972;3261907;48014;
1082;Midtjylland;2022-09-07;M;101;0;3;6972;3262008;48017;
1081;Nordjylland;2022-09-07;M;38;1;3;6973;3262046;48020;
1085;Sjælland;2022-09-07;M;63;0;1;6973;3262109;48021;
1083;Syddanmark;2022-09-07;M;87;0;7;6973;3262196;48028;
1084;Hovedstaden;2022-09-08;F;134;0;5;6973;3262330;48033;
1082;Midtjylland;2022-09-08;F;107;0;3;6973;3262437;48036;
1081;Nordjylland;2022-09-08;F;45;1;1;6974;3262482;48037;
1085;Sjælland;2022-09-08;F;89;0;1;6974;3262571;48038;
1083;Syddanmark;2022-09-08;F;75;0;6;6974;3262646;48044;
1084;Hovedstaden;2022-09-08;M;117;1;11;6975;3262763;48055;
1082;Midtjylland;2022-09-08;M;84;1;9;6976;3262847;48064;
1081;Nordjylland;2022-09-08;M;45;0;5;6976;3262892;48069;
1085;Sjælland;2022-09-08;M;69;0;4;6976;3262961;48073;
1083;Syddanmark;2022-09-08;M;62;0;2;6976;3263023;48075;
1084;Hovedstaden;2022-09-09;F;107;1;6;6977;3263130;48081;
1082;Midtjylland;2022-09-09;F;81;0;5;6977;3263211;48086;
1081;Nordjylland;2022-09-09;F;43;0;2;6977;3263254;48088;
1085;Sjælland;2022-09-09;F;74;0;1;6977;3263328;48089;
1083;Syddanmark;2022-09-09;F;65;0;1;6977;3263393;48090;
1084;Hovedstaden;2022-09-09;M;99;0;15;6977;3263492;48105;
1082;Midtjylland;2022-09-09;M;63;1;9;6978;3263555;48114;
1081;Nordjylland;2022-09-09;M;39;0;3;6978;3263594;48117;
1085;Sjælland;2022-09-09;M;43;1;5;6979;3263637;48122;
1083;Syddanmark;2022-09-09;M;52;0;3;6979;3263689;48125;
1084;Hovedstaden;2022-09-10;F;79;1;7;6980;3263768;48132;
1082;Midtjylland;2022-09-10;F;76;0;2;6980;3263844;48134;
1081;Nordjylland;2022-09-10;F;25;0;3;6980;3263869;48137;
1085;Sjælland;2022-09-10;F;29;0;1;6980;3263898;48138;
1083;Syddanmark;2022-09-10;F;41;0;1;6980;3263939;48139;
1084;Hovedstaden;2022-09-10;M;73;0;5;6980;3264012;48144;
1082;Midtjylland;2022-09-10;M;65;0;0;6980;3264077;48144;
1081;Nordjylland;2022-09-10;M;27;1;2;6981;3264104;48146;
1085;Sjælland;2022-09-10;M;37;0;3;6981;3264141;48149;
1083;Syddanmark;2022-09-10;M;40;0;2;6981;3264181;48151;
1084;Hovedstaden;2022-09-11;F;100;0;7;6981;3264281;48158;
1082;Midtjylland;2022-09-11;F;78;0;7;6981;3264359;48165;
1081;Nordjylland;2022-09-11;F;34;1;2;6982;3264393;48167;
1085;Sjælland;2022-09-11;F;41;0;3;6982;3264434;48170;
1083;Syddanmark;2022-09-11;F;73;0;3;6982;3264507;48173;
1084;Hovedstaden;2022-09-11;M;86;1;7;6983;3264593;48180;
1082;Midtjylland;2022-09-11;M;63;0;3;6983;3264656;48183;
1081;Nordjylland;2022-09-11;M;27;0;1;6983;3264683;48184;
1085;Sjælland;2022-09-11;M;38;0;1;6983;3264721;48185;
1083;Syddanmark;2022-09-11;M;72;1;2;6984;3264793;48187;
1084;Hovedstaden;2022-09-12;F;166;2;7;6986;3264959;48194;
1082;Midtjylland;2022-09-12;F;111;1;4;6987;3265070;48198;
1081;Nordjylland;2022-09-12;F;72;1;4;6988;3265142;48202;
1085;Sjælland;2022-09-12;F;111;0;3;6988;3265253;48205;
1083;Syddanmark;2022-09-12;F;123;1;3;6989;3265376;48208;
1084;Hovedstaden;2022-09-12;M;117;0;8;6989;3265493;48216;
1082;Midtjylland;2022-09-12;M;90;0;4;6989;3265583;48220;
1081;Nordjylland;2022-09-12;M;47;0;4;6989;3265630;48224;
1085;Sjælland;2022-09-12;M;76;0;6;6989;3265706;48230;
1083;Syddanmark;2022-09-12;M;89;0;3;6989;3265795;48233;
1084;Hovedstaden;2022-09-13;F;120;1;8;6990;3265915;48241;
1082;Midtjylland;2022-09-13;F;99;0;5;6990;3266014;48246;
1081;Nordjylland;2022-09-13;F;54;0;2;6990;3266068;48248;
1085;Sjælland;2022-09-13;F;88;0;6;6990;3266156;48254;
1083;Syddanmark;2022-09-13;F;113;0;4;6990;3266269;48258;
1084;Hovedstaden;2022-09-13;M;117;2;9;6992;3266386;48267;
1082;Midtjylland;2022-09-13;M;77;0;4;6992;3266463;48271;
1081;Nordjylland;2022-09-13;M;46;0;4;6992;3266509;48275;
1085;Sjælland;2022-09-13;M;70;1;4;6993;3266579;48279;
1083;Syddanmark;2022-09-13;M;108;1;7;6994;3266687;48286;
1084;Hovedstaden;2022-09-14;F;124;2;9;6996;3266811;48295;
1082;Midtjylland;2022-09-14;F;77;0;2;6996;3266888;48297;
1081;Nordjylland;2022-09-14;F;64;0;3;6996;3266952;48300;
1085;Sjælland;2022-09-14;F;77;0;1;6996;3267029;48301;
1083;Syddanmark;2022-09-14;F;86;1;4;6997;3267115;48305;
1084;Hovedstaden;2022-09-14;M;99;1;6;6998;3267214;48311;
1082;Midtjylland;2022-09-14;M;74;0;5;6998;3267288;48316;
1081;Nordjylland;2022-09-14;M;47;0;3;6998;3267335;48319;
1085;Sjælland;2022-09-14;M;86;0;3;6998;3267421;48322;
1083;Syddanmark;2022-09-14;M;76;1;3;6999;3267497;48325;
1084;Hovedstaden;2022-09-15;F;135;1;4;7000;3267632;48329;
1082;Midtjylland;2022-09-15;F;67;0;3;7000;3267699;48332;
1081;Nordjylland;2022-09-15;F;59;0;6;7000;3267758;48338;
1085;Sjælland;2022-09-15;F;89;1;4;7001;3267847;48342;
1083;Syddanmark;2022-09-15;F;99;1;4;7002;3267946;48346;
1084;Hovedstaden;2022-09-15;M;102;1;7;7003;3268048;48353;
1082;Midtjylland;2022-09-15;M;59;1;3;7004;3268107;48356;
1081;Nordjylland;2022-09-15;M;35;0;3;7004;3268142;48359;
1085;Sjælland;2022-09-15;M;75;0;3;7004;3268217;48362;
1083;Syddanmark;2022-09-15;M;83;0;7;7004;3268300;48369;
1084;Hovedstaden;2022-09-16;F;115;0;9;7004;3268415;48378;
1082;Midtjylland;2022-09-16;F;79;0;1;7004;3268494;48379;
1081;Nordjylland;2022-09-16;F;55;0;2;7004;3268549;48381;
1085;Sjælland;2022-09-16;F;64;0;0;7004;3268613;48381;
1083;Syddanmark;2022-09-16;F;73;0;5;7004;3268686;48386;
1084;Hovedstaden;2022-09-16;M;83;0;6;7004;3268769;48392;
1082;Midtjylland;2022-09-16;M;74;2;5;7006;3268843;48397;
1081;Nordjylland;2022-09-16;M;50;0;1;7006;3268893;48398;
1085;Sjælland;2022-09-16;M;44;2;1;7008;3268937;48399;
1083;Syddanmark;2022-09-16;M;58;1;3;7009;3268995;48402;
1084;Hovedstaden;2022-09-17;F;87;0;3;7009;3269082;48405;
1082;Midtjylland;2022-09-17;F;55;0;2;7009;3269137;48407;
1081;Nordjylland;2022-09-17;F;34;0;1;7009;3269171;48408;
1085;Sjælland;2022-09-17;F;33;0;3;7009;3269204;48411;
1083;Syddanmark;2022-09-17;F;38;1;6;7010;3269242;48417;
1084;Hovedstaden;2022-09-17;M;66;0;5;7010;3269308;48422;
1082;Midtjylland;2022-09-17;M;49;1;3;7011;3269357;48425;
1081;Nordjylland;2022-09-17;M;23;1;2;7012;3269380;48427;
1085;Sjælland;2022-09-17;M;21;1;1;7013;3269401;48428;
1083;Syddanmark;2022-09-17;M;18;1;5;7014;3269419;48433;
1084;Hovedstaden;2022-09-18;F;78;0;3;7014;3269497;48436;
1082;Midtjylland;2022-09-18;F;84;0;5;7014;3269581;48441;
1081;Nordjylland;2022-09-18;F;21;0;4;7014;3269602;48445;
1085;Sjælland;2022-09-18;F;48;0;5;7014;3269650;48450;
1083;Syddanmark;2022-09-18;F;70;0;3;7014;3269720;48453;
1084;Hovedstaden;2022-09-18;M;79;3;14;7017;3269799;48467;
1082;Midtjylland;2022-09-18;M;72;0;5;7017;3269871;48472;
1081;Nordjylland;2022-09-18;M;15;0;3;7017;3269886;48475;
1085;Sjælland;2022-09-18;M;51;1;4;7018;3269937;48479;
1083;Syddanmark;2022-09-18;M;74;0;6;7018;3270011;48485;
1084;Hovedstaden;2022-09-19;F;142;2;5;7020;3270153;48490;
1082;Midtjylland;2022-09-19;F;112;0;5;7020;3270265;48495;
1081;Nordjylland;2022-09-19;F;65;1;2;7021;3270330;48497;
1085;Sjælland;2022-09-19;F;101;1;9;7022;3270431;48506;
1083;Syddanmark;2022-09-19;F;126;1;4;7023;3270557;48510;
1084;Hovedstaden;2022-09-19;M;120;3;13;7026;3270677;48523;
1082;Midtjylland;2022-09-19;M;123;2;10;7028;3270800;48533;
1081;Nordjylland;2022-09-19;M;59;3;5;7031;3270859;48538;
1085;Sjælland;2022-09-19;M;87;3;6;7034;3270946;48544;
1083;Syddanmark;2022-09-19;M;118;0;5;7034;3271064;48549;
1084;Hovedstaden;2022-09-20;F;139;0;8;7034;3271203;48557;
1082;Midtjylland;2022-09-20;F;116;0;6;7034;3271319;48563;
1081;Nordjylland;2022-09-20;F;44;0;0;7034;3271363;48563;
1085;Sjælland;2022-09-20;F;116;0;9;7034;3271479;48572;
1083;Syddanmark;2022-09-20;F;134;4;9;7038;3271613;48581;
1084;Hovedstaden;2022-09-20;M;106;1;9;7039;3271719;48590;
1082;Midtjylland;2022-09-20;M;103;0;4;7039;3271822;48594;
1081;Nordjylland;2022-09-20;M;39;0;4;7039;3271861;48598;
1085;Sjælland;2022-09-20;M;87;0;2;7039;3271948;48600;
1083;Syddanmark;2022-09-20;M;111;1;6;7040;3272059;48606;
1084;Hovedstaden;2022-09-21;F;157;1;9;7041;3272216;48615;
1082;Midtjylland;2022-09-21;F;142;2;5;7043;3272358;48620;
1081;Nordjylland;2022-09-21;F;57;0;0;7043;3272415;48620;
1085;Sjælland;2022-09-21;F;130;0;6;7043;3272545;48626;
1083;Syddanmark;2022-09-21;F;146;2;7;7045;3272691;48633;
1084;Hovedstaden;2022-09-21;M;121;0;11;7045;3272812;48644;
1082;Midtjylland;2022-09-21;M;113;1;8;7046;3272925;48652;
1081;Nordjylland;2022-09-21;M;55;1;5;7047;3272980;48657;
1085;Sjælland;2022-09-21;M;96;2;9;7049;3273076;48666;
1083;Syddanmark;2022-09-21;M;91;1;5;7050;3273167;48671;
1084;Hovedstaden;2022-09-22;F;174;4;8;7054;3273341;48679;
1082;Midtjylland;2022-09-22;F;126;1;6;7055;3273467;48685;
1081;Nordjylland;2022-09-22;F;64;2;3;7057;3273531;48688;
1085;Sjælland;2022-09-22;F;116;0;4;7057;3273647;48692;
1083;Syddanmark;2022-09-22;F;115;0;2;7057;3273762;48694;
1084;Hovedstaden;2022-09-22;M;131;2;8;7059;3273893;48702;
1082;Midtjylland;2022-09-22;M;108;4;8;7063;3274001;48710;
1081;Nordjylland;2022-09-22;M;48;1;4;7064;3274049;48714;
1085;Sjælland;2022-09-22;M;107;2;5;7066;3274156;48719;
1083;Syddanmark;2022-09-22;M;110;0;7;7066;3274266;48726;
1084;Hovedstaden;2022-09-23;F;153;0;6;7066;3274419;48732;
1082;Midtjylland;2022-09-23;F;115;0;5;7066;3274534;48737;
1081;Nordjylland;2022-09-23;F;52;0;6;7066;3274586;48743;
1085;Sjælland;2022-09-23;F;111;0;2;7066;3274697;48745;
1083;Syddanmark;2022-09-23;F;103;2;7;7068;3274800;48752;
1084;Hovedstaden;2022-09-23;M;136;6;14;7074;3274936;48766;
1082;Midtjylland;2022-09-23;M;113;1;5;7075;3275049;48771;
1081;Nordjylland;2022-09-23;M;49;0;8;7075;3275098;48779;
1085;Sjælland;2022-09-23;M;76;1;2;7076;3275174;48781;
1083;Syddanmark;2022-09-23;M;83;0;5;7076;3275257;48786;
1084;Hovedstaden;2022-09-24;F;115;0;10;7076;3275372;48796;
1082;Midtjylland;2022-09-24;F;91;1;3;7077;3275463;48799;
1081;Nordjylland;2022-09-24;F;43;2;1;7079;3275506;48800;
1085;Sjælland;2022-09-24;F;41;0;3;7079;3275547;48803;
1083;Syddanmark;2022-09-24;F;75;2;3;7081;3275622;48806;
1084;Hovedstaden;2022-09-24;M;111;0;6;7081;3275733;48812;
1082;Midtjylland;2022-09-24;M;94;0;9;7081;3275827;48821;
1081;Nordjylland;2022-09-24;M;29;2;5;7083;3275856;48826;
1085;Sjælland;2022-09-24;M;45;1;6;7084;3275901;48832;
1083;Syddanmark;2022-09-24;M;61;2;6;7086;3275962;48838;
1084;Hovedstaden;2022-09-25;F;176;1;18;7087;3276138;48856;
1082;Midtjylland;2022-09-25;F;121;0;8;7087;3276259;48864;
1081;Nordjylland;2022-09-25;F;43;1;3;7088;3276302;48867;
1085;Sjælland;2022-09-25;F;79;0;6;7088;3276381;48873;
1083;Syddanmark;2022-09-25;F;125;1;3;7089;3276506;48876;
1084;Hovedstaden;2022-09-25;M;136;0;8;7089;3276642;48884;
1082;Midtjylland;2022-09-25;M;95;1;5;7090;3276737;48889;
1081;Nordjylland;2022-09-25;M;29;0;3;7090;3276766;48892;
1085;Sjælland;2022-09-25;M;56;1;5;7091;3276822;48897;
1083;Syddanmark;2022-09-25;M;118;1;8;7092;3276940;48905;
1084;Hovedstaden;2022-09-26;F;238;2;15;7094;3277178;48920;
1082;Midtjylland;2022-09-26;F;188;0;8;7094;3277366;48928;
1081;Nordjylland;2022-09-26;F;81;1;4;7095;3277447;48932;
1085;Sjælland;2022-09-26;F;148;0;7;7095;3277595;48939;
1083;Syddanmark;2022-09-26;F;193;1;11;7096;3277788;48950;
1084;Hovedstaden;2022-09-26;M;188;0;17;7096;3277976;48967;
1082;Midtjylland;2022-09-26;M;158;0;6;7096;3278134;48973;
1081;Nordjylland;2022-09-26;M;69;0;4;7096;3278203;48977;
1085;Sjælland;2022-09-26;M;134;0;7;7096;3278337;48984;
1083;Syddanmark;2022-09-26;M;177;3;10;7099;3278514;48994;
1084;Hovedstaden;2022-09-27;F;208;1;18;7100;3278722;49012;
1082;Midtjylland;2022-09-27;F;152;0;7;7100;3278874;49019;
1081;Nordjylland;2022-09-27;F;56;2;7;7102;3278930;49026;
1085;Sjælland;2022-09-27;F;146;1;8;7103;3279076;49034;
1083;Syddanmark;2022-09-27;F;193;3;8;7106;3279269;49042;
1084;Hovedstaden;2022-09-27;M;154;1;7;7107;3279423;49049;
1082;Midtjylland;2022-09-27;M;150;2;10;7109;3279573;49059;
1081;Nordjylland;2022-09-27;M;42;0;5;7109;3279615;49064;
1085;Sjælland;2022-09-27;M;152;1;9;7110;3279767;49073;
1083;Syddanmark;2022-09-27;M;178;2;7;7112;3279945;49080;
1084;Hovedstaden;2022-09-28;F;161;1;13;7113;3280106;49093;
1082;Midtjylland;2022-09-28;F;155;0;4;7113;3280261;49097;
1081;Nordjylland;2022-09-28;F;73;1;5;7114;3280334;49102;
1085;Sjælland;2022-09-28;F;107;0;3;7114;3280441;49105;
1083;Syddanmark;2022-09-28;F;174;1;7;7115;3280615;49112;
1084;Hovedstaden;2022-09-28;M;154;1;14;7116;3280769;49126;
1082;Midtjylland;2022-09-28;M;137;0;7;7116;3280906;49133;
1081;Nordjylland;2022-09-28;M;66;0;2;7116;3280972;49135;
1085;Sjælland;2022-09-28;M;88;0;6;7116;3281060;49141;
1083;Syddanmark;2022-09-28;M;147;1;15;7117;3281207;49156;
1084;Hovedstaden;2022-09-29;F;181;1;9;7118;3281388;49165;
1082;Midtjylland;2022-09-29;F;136;0;4;7118;3281524;49169;
1081;Nordjylland;2022-09-29;F;63;0;3;7118;3281587;49172;
1085;Sjælland;2022-09-29;F;134;0;8;7118;3281721;49180;
1083;Syddanmark;2022-09-29;F;141;1;2;7119;3281862;49182;
1084;Hovedstaden;2022-09-29;M;165;1;10;7120;3282027;49192;
1082;Midtjylland;2022-09-29;M;136;2;7;7122;3282163;49199;
1081;Nordjylland;2022-09-29;M;52;1;4;7123;3282215;49203;
1085;Sjælland;2022-09-29;M;114;1;11;7124;3282329;49214;
1083;Syddanmark;2022-09-29;M;145;1;10;7125;3282474;49224;
1084;Hovedstaden;2022-09-30;F;160;1;11;7126;3282634;49235;
1082;Midtjylland;2022-09-30;F;120;0;5;7126;3282754;49240;
1081;Nordjylland;2022-09-30;F;67;0;5;7126;3282821;49245;
1085;Sjælland;2022-09-30;F;112;0;9;7126;3282933;49254;
1083;Syddanmark;2022-09-30;F;136;1;8;7127;3283069;49262;
1084;Hovedstaden;2022-09-30;M;135;2;17;7129;3283204;49279;
1082;Midtjylland;2022-09-30;M;107;0;4;7129;3283311;49283;
1081;Nordjylland;2022-09-30;M;69;1;7;7130;3283380;49290;
1085;Sjælland;2022-09-30;M;87;0;8;7130;3283467;49298;
1083;Syddanmark;2022-09-30;M;107;3;5;7133;3283574;49303;
1084;Hovedstaden;2022-10-01;F;129;0;7;7133;3283703;49310;
1082;Midtjylland;2022-10-01;F;133;1;3;7134;3283836;49313;
1081;Nordjylland;2022-10-01;F;36;0;3;7134;3283872;49316;
1085;Sjælland;2022-10-01;F;58;0;6;7134;3283930;49322;
1083;Syddanmark;2022-10-01;F;93;1;12;7135;3284023;49334;
1084;Hovedstaden;2022-10-01;M;106;1;3;7136;3284129;49337;
1082;Midtjylland;2022-10-01;M;101;1;7;7137;3284230;49344;
1081;Nordjylland;2022-10-01;M;36;1;3;7138;3284266;49347;
1085;Sjælland;2022-10-01;M;48;0;4;7138;3284314;49351;
1083;Syddanmark;2022-10-01;M;96;1;9;7139;3284410;49360;
1084;Hovedstaden;2022-10-02;F;134;0;8;7139;3284544;49368;
1082;Midtjylland;2022-10-02;F;115;0;4;7139;3284659;49372;
1081;Nordjylland;2022-10-02;F;41;0;1;7139;3284700;49373;
1085;Sjælland;2022-10-02;F;64;2;5;7141;3284764;49378;
1083;Syddanmark;2022-10-02;F;166;0;8;7141;3284930;49386;
1084;Hovedstaden;2022-10-02;M;126;3;14;7144;3285056;49400;
1082;Midtjylland;2022-10-02;M;123;0;7;7144;3285179;49407;
1081;Nordjylland;2022-10-02;M;32;0;2;7144;3285211;49409;
1085;Sjælland;2022-10-02;M;66;1;15;7145;3285277;49424;
1083;Syddanmark;2022-10-02;M;137;1;7;7146;3285414;49431;
1084;Hovedstaden;2022-10-03;F;224;1;7;7147;3285638;49438;
1082;Midtjylland;2022-10-03;F;180;1;7;7148;3285818;49445;
1081;Nordjylland;2022-10-03;F;91;0;2;7148;3285909;49447;
1085;Sjælland;2022-10-03;F;184;2;12;7150;3286093;49459;
1083;Syddanmark;2022-10-03;F;262;4;13;7154;3286355;49472;
1084;Hovedstaden;2022-10-03;M;186;0;11;7154;3286541;49483;
1082;Midtjylland;2022-10-03;M;153;1;6;7155;3286694;49489;
1081;Nordjylland;2022-10-03;M;91;1;11;7156;3286785;49500;
1085;Sjælland;2022-10-03;M;148;2;11;7158;3286933;49511;
1083;Syddanmark;2022-10-03;M;229;4;11;7162;3287162;49522;
1084;Hovedstaden;2022-10-04;F;199;2;19;7164;3287361;49541;
1082;Midtjylland;2022-10-04;F;184;0;7;7164;3287545;49548;
1081;Nordjylland;2022-10-04;F;67;0;6;7164;3287612;49554;
1085;Sjælland;2022-10-04;F;150;1;13;7165;3287762;49567;
1083;Syddanmark;2022-10-04;F;233;0;10;7165;3287995;49577;
1084;Hovedstaden;2022-10-04;M;182;2;11;7167;3288177;49588;
1082;Midtjylland;2022-10-04;M;173;0;9;7167;3288350;49597;
1081;Nordjylland;2022-10-04;M;60;2;5;7169;3288410;49602;
1085;Sjælland;2022-10-04;M;124;0;13;7169;3288534;49615;
1083;Syddanmark;2022-10-04;M;193;0;4;7169;3288727;49619;
1084;Hovedstaden;2022-10-05;F;229;0;15;7169;3288956;49634;
1082;Midtjylland;2022-10-05;F;192;0;4;7169;3289148;49638;
1081;Nordjylland;2022-10-05;F;85;0;5;7169;3289233;49643;
1085;Sjælland;2022-10-05;F;140;1;9;7170;3289373;49652;
1083;Syddanmark;2022-10-05;F;223;0;6;7170;3289596;49658;
1084;Hovedstaden;2022-10-05;M;159;1;13;7171;3289755;49671;
1082;Midtjylland;2022-10-05;M;144;0;10;7171;3289899;49681;
1081;Nordjylland;2022-10-05;M;50;1;2;7172;3289949;49683;
1085;Sjælland;2022-10-05;M;113;0;10;7172;3290062;49693;
1083;Syddanmark;2022-10-05;M;194;1;8;7173;3290256;49701;
1084;Hovedstaden;2022-10-06;F;161;0;7;7173;3290417;49708;
1082;Midtjylland;2022-10-06;F;180;0;3;7173;3290597;49711;
1081;Nordjylland;2022-10-06;F;60;0;1;7173;3290657;49712;
1085;Sjælland;2022-10-06;F;119;3;9;7176;3290776;49721;
1083;Syddanmark;2022-10-06;F;168;1;5;7177;3290944;49726;
1084;Hovedstaden;2022-10-06;M;151;0;16;7177;3291095;49742;
1082;Midtjylland;2022-10-06;M;159;1;7;7178;3291254;49749;
1081;Nordjylland;2022-10-06;M;51;1;4;7179;3291305;49753;
1085;Sjælland;2022-10-06;M;107;2;11;7181;3291412;49764;
1083;Syddanmark;2022-10-06;M;145;0;9;7181;3291557;49773;
1084;Hovedstaden;2022-10-07;F;141;3;11;7184;3291698;49784;
1082;Midtjylland;2022-10-07;F;157;0;5;7184;3291855;49789;
1081;Nordjylland;2022-10-07;F;66;1;4;7185;3291921;49793;
1085;Sjælland;2022-10-07;F;118;1;10;7186;3292039;49803;
1083;Syddanmark;2022-10-07;F;170;0;8;7186;3292209;49811;
1084;Hovedstaden;2022-10-07;M;164;1;13;7187;3292373;49824;
1082;Midtjylland;2022-10-07;M;136;1;12;7188;3292509;49836;
1081;Nordjylland;2022-10-07;M;68;0;4;7188;3292577;49840;
1085;Sjælland;2022-10-07;M;96;0;8;7188;3292673;49848;
1083;Syddanmark;2022-10-07;M;143;1;13;7189;3292816;49861;
1084;Hovedstaden;2022-10-08;F;132;1;15;7190;3292948;49876;
1082;Midtjylland;2022-10-08;F;121;0;3;7190;3293069;49879;
1081;Nordjylland;2022-10-08;F;49;1;3;7191;3293118;49882;
1085;Sjælland;2022-10-08;F;91;1;7;7192;3293209;49889;
1083;Syddanmark;2022-10-08;F;82;0;7;7192;3293291;49896;
1084;Hovedstaden;2022-10-08;M;102;1;9;7193;3293393;49905;
1082;Midtjylland;2022-10-08;M;135;0;8;7193;3293528;49913;
1081;Nordjylland;2022-10-08;M;37;0;2;7193;3293565;49915;
1085;Sjælland;2022-10-08;M;63;0;5;7193;3293628;49920;
1083;Syddanmark;2022-10-08;M;97;0;11;7193;3293725;49931;
1084;Hovedstaden;2022-10-09;F;128;0;14;7193;3293853;49945;
1082;Midtjylland;2022-10-09;F;161;0;3;7193;3294014;49948;
1081;Nordjylland;2022-10-09;F;50;0;3;7193;3294064;49951;
1085;Sjælland;2022-10-09;F;109;2;6;7195;3294173;49957;
1083;Syddanmark;2022-10-09;F;197;1;7;7196;3294370;49964;
1084;Hovedstaden;2022-10-09;M;130;1;10;7197;3294500;49974;
1082;Midtjylland;2022-10-09;M;124;1;5;7198;3294624;49979;
1081;Nordjylland;2022-10-09;M;39;1;2;7199;3294663;49981;
1085;Sjælland;2022-10-09;M;97;3;12;7202;3294760;49993;
1083;Syddanmark;2022-10-09;M;133;2;10;7204;3294893;50003;
1084;Hovedstaden;2022-10-10;F;198;2;21;7206;3295091;50024;
1082;Midtjylland;2022-10-10;F;200;0;8;7206;3295291;50032;
1081;Nordjylland;2022-10-10;F;110;0;5;7206;3295401;50037;
1085;Sjælland;2022-10-10;F;156;2;13;7208;3295557;50050;
1083;Syddanmark;2022-10-10;F;207;1;10;7209;3295764;50060;
1084;Hovedstaden;2022-10-10;M;169;1;13;7210;3295933;50073;
1082;Midtjylland;2022-10-10;M;187;1;10;7211;3296120;50083;
1081;Nordjylland;2022-10-10;M;82;2;8;7213;3296202;50091;
1085;Sjælland;2022-10-10;M;128;6;14;7219;3296330;50105;
1083;Syddanmark;2022-10-10;M;192;2;16;7221;3296522;50121;
1084;Hovedstaden;2022-10-11;F;185;1;13;7222;3296707;50134;
1082;Midtjylland;2022-10-11;F;186;2;12;7224;3296893;50146;
1081;Nordjylland;2022-10-11;F;75;1;6;7225;3296968;50152;
1085;Sjælland;2022-10-11;F;129;3;8;7228;3297097;50160;
1083;Syddanmark;2022-10-11;F;203;1;9;7229;3297300;50169;
1084;Hovedstaden;2022-10-11;M;173;2;16;7231;3297473;50185;
1082;Midtjylland;2022-10-11;M;150;0;13;7231;3297623;50198;
1081;Nordjylland;2022-10-11;M;53;0;4;7231;3297676;50202;
1085;Sjælland;2022-10-11;M;137;0;18;7231;3297813;50220;
1083;Syddanmark;2022-10-11;M;178;3;17;7234;3297991;50237;
1084;Hovedstaden;2022-10-12;F;171;0;6;7234;3298162;50243;
1082;Midtjylland;2022-10-12;F;170;0;1;7234;3298332;50244;
1081;Nordjylland;2022-10-12;F;80;1;6;7235;3298412;50250;
1085;Sjælland;2022-10-12;F;128;2;9;7237;3298540;50259;
1083;Syddanmark;2022-10-12;F;179;1;8;7238;3298719;50267;
1084;Hovedstaden;2022-10-12;M;154;0;9;7238;3298873;50276;
1082;Midtjylland;2022-10-12;M;153;0;9;7238;3299026;50285;
1081;Nordjylland;2022-10-12;M;80;0;1;7238;3299106;50286;
1085;Sjælland;2022-10-12;M;116;2;9;7240;3299222;50295;
1083;Syddanmark;2022-10-12;M;167;4;16;7244;3299389;50311;
1084;Hovedstaden;2022-10-13;F;186;3;11;7247;3299575;50322;
1082;Midtjylland;2022-10-13;F;142;1;7;7248;3299717;50329;
1081;Nordjylland;2022-10-13;F;84;1;3;7249;3299801;50332;
1085;Sjælland;2022-10-13;F;133;4;8;7253;3299934;50340;
1083;Syddanmark;2022-10-13;F;164;0;10;7253;3300098;50350;
1084;Hovedstaden;2022-10-13;M;138;2;10;7255;3300236;50360;
1082;Midtjylland;2022-10-13;M;142;1;11;7256;3300378;50371;
1081;Nordjylland;2022-10-13;M;62;1;5;7257;3300440;50376;
1085;Sjælland;2022-10-13;M;107;2;8;7259;3300547;50384;
1083;Syddanmark;2022-10-13;M;129;1;7;7260;3300676;50391;
1084;Hovedstaden;2022-10-14;F;155;0;8;7260;3300831;50399;
1082;Midtjylland;2022-10-14;F;150;2;9;7262;3300981;50408;
1081;Nordjylland;2022-10-14;F;78;0;2;7262;3301059;50410;
1085;Sjælland;2022-10-14;F;125;0;8;7262;3301184;50418;
1083;Syddanmark;2022-10-14;F;153;2;8;7264;3301337;50426;
1084;Hovedstaden;2022-10-14;M;135;2;24;7266;3301472;50450;
1082;Midtjylland;2022-10-14;M;125;0;9;7266;3301597;50459;
1081;Nordjylland;2022-10-14;M;65;1;7;7267;3301662;50466;
1085;Sjælland;2022-10-14;M;119;2;12;7269;3301781;50478;
1083;Syddanmark;2022-10-14;M;134;0;10;7269;3301915;50488;
1084;Hovedstaden;2022-10-15;F;123;1;14;7270;3302038;50502;
1082;Midtjylland;2022-10-15;F;134;0;6;7270;3302172;50508;
1081;Nordjylland;2022-10-15;F;52;1;5;7271;3302224;50513;
1085;Sjælland;2022-10-15;F;82;0;4;7271;3302306;50517;
1083;Syddanmark;2022-10-15;F;77;0;6;7271;3302383;50523;
1084;Hovedstaden;2022-10-15;M;112;0;11;7271;3302495;50534;
1082;Midtjylland;2022-10-15;M;111;1;5;7272;3302606;50539;
1081;Nordjylland;2022-10-15;M;49;1;7;7273;3302655;50546;
1085;Sjælland;2022-10-15;M;90;1;13;7274;3302745;50559;
1083;Syddanmark;2022-10-15;M;72;2;11;7276;3302817;50570;
1084;Hovedstaden;2022-10-16;F;133;1;11;7277;3302950;50581;
1082;Midtjylland;2022-10-16;F;138;0;5;7277;3303088;50586;
1081;Nordjylland;2022-10-16;F;48;0;4;7277;3303136;50590;
1085;Sjælland;2022-10-16;F;83;2;9;7279;3303219;50599;
1083;Syddanmark;2022-10-16;F;148;1;9;7280;3303367;50608;
1084;Hovedstaden;2022-10-16;M;136;3;17;7283;3303503;50625;
1082;Midtjylland;2022-10-16;M;125;0;8;7283;3303628;50633;
1081;Nordjylland;2022-10-16;M;45;2;6;7285;3303673;50639;
1085;Sjælland;2022-10-16;M;85;0;7;7285;3303758;50646;
1083;Syddanmark;2022-10-16;M;116;0;6;7285;3303874;50652;
1084;Hovedstaden;2022-10-17;F;205;1;11;7286;3304079;50663;
1082;Midtjylland;2022-10-17;F;164;1;7;7287;3304243;50670;
1081;Nordjylland;2022-10-17;F;86;0;4;7287;3304329;50674;
1085;Sjælland;2022-10-17;F;139;0;8;7287;3304468;50682;
1083;Syddanmark;2022-10-17;F;187;1;9;7288;3304655;50691;
1084;Hovedstaden;2022-10-17;M;164;2;13;7290;3304819;50704;
1082;Midtjylland;2022-10-17;M;143;0;7;7290;3304962;50711;
1081;Nordjylland;2022-10-17;M;82;1;17;7291;3305044;50728;
1085;Sjælland;2022-10-17;M;128;0;10;7291;3305172;50738;
1083;Syddanmark;2022-10-17;M;163;2;10;7293;3305335;50748;
1084;Hovedstaden;2022-10-18;F;170;3;9;7296;3305505;50757;
1082;Midtjylland;2022-10-18;F;169;2;14;7298;3305674;50771;
1081;Nordjylland;2022-10-18;F;67;1;2;7299;3305741;50773;
1085;Sjælland;2022-10-18;F;125;1;13;7300;3305866;50786;
1083;Syddanmark;2022-10-18;F;196;1;8;7301;3306062;50794;
1084;Hovedstaden;2022-10-18;M;166;2;23;7303;3306228;50817;
1082;Midtjylland;2022-10-18;M;149;1;10;7304;3306377;50827;
1081;Nordjylland;2022-10-18;M;45;1;1;7305;3306422;50828;
1085;Sjælland;2022-10-18;M;130;2;8;7307;3306552;50836;
1083;Syddanmark;2022-10-18;M;171;2;17;7309;3306723;50853;
1084;Hovedstaden;2022-10-19;F;143;2;10;7311;3306866;50863;
1082;Midtjylland;2022-10-19;F;138;1;5;7312;3307004;50868;
1081;Nordjylland;2022-10-19;F;66;1;3;7313;3307070;50871;
1085;Sjælland;2022-10-19;F;128;1;5;7314;3307198;50876;
1083;Syddanmark;2022-10-19;F;143;2;11;7316;3307341;50887;
1084;Hovedstaden;2022-10-19;M;144;0;10;7316;3307485;50897;
1082;Midtjylland;2022-10-19;M;124;0;11;7316;3307609;50908;
1081;Nordjylland;2022-10-19;M;43;1;5;7317;3307652;50913;
1085;Sjælland;2022-10-19;M;132;1;13;7318;3307784;50926;
1083;Syddanmark;2022-10-19;M;132;0;9;7318;3307916;50935;
1084;Hovedstaden;2022-10-20;F;144;2;13;7320;3308060;50948;
1082;Midtjylland;2022-10-20;F;115;1;4;7321;3308175;50952;
1081;Nordjylland;2022-10-20;F;39;0;1;7321;3308214;50953;
1085;Sjælland;2022-10-20;F;95;0;7;7321;3308309;50960;
1083;Syddanmark;2022-10-20;F;121;1;10;7322;3308430;50970;
1084;Hovedstaden;2022-10-20;M;127;1;18;7323;3308557;50988;
1082;Midtjylland;2022-10-20;M;104;0;4;7323;3308661;50992;
1081;Nordjylland;2022-10-20;M;35;0;6;7323;3308696;50998;
1085;Sjælland;2022-10-20;M;79;1;9;7324;3308775;51007;
1083;Syddanmark;2022-10-20;M;111;1;9;7325;3308886;51016;
1084;Hovedstaden;2022-10-21;F;150;1;14;7326;3309036;51030;
1082;Midtjylland;2022-10-21;F;106;0;3;7326;3309142;51033;
1081;Nordjylland;2022-10-21;F;51;1;6;7327;3309193;51039;
1085;Sjælland;2022-10-21;F;81;1;4;7328;3309274;51043;
1083;Syddanmark;2022-10-21;F;127;0;5;7328;3309401;51048;
1084;Hovedstaden;2022-10-21;M;111;1;10;7329;3309512;51058;
1082;Midtjylland;2022-10-21;M;102;0;6;7329;3309614;51064;
1081;Nordjylland;2022-10-21;M;37;0;1;7329;3309651;51065;
1085;Sjælland;2022-10-21;M;78;1;10;7330;3309729;51075;
1083;Syddanmark;2022-10-21;M;106;1;14;7331;3309835;51089;
1084;Hovedstaden;2022-10-22;F;113;2;12;7333;3309948;51101;
1082;Midtjylland;2022-10-22;F;101;0;3;7333;3310049;51104;
1081;Nordjylland;2022-10-22;F;33;2;6;7335;3310082;51110;
1085;Sjælland;2022-10-22;F;68;1;5;7336;3310150;51115;
1083;Syddanmark;2022-10-22;F;74;2;8;7338;3310224;51123;
1084;Hovedstaden;2022-10-22;M;88;1;11;7339;3310312;51134;
1082;Midtjylland;2022-10-22;M;94;0;5;7339;3310406;51139;
1081;Nordjylland;2022-10-22;M;28;1;8;7340;3310434;51147;
1085;Sjælland;2022-10-22;M;58;1;4;7341;3310492;51151;
1083;Syddanmark;2022-10-22;M;56;0;6;7341;3310548;51157;
1084;Hovedstaden;2022-10-23;F;112;1;7;7342;3310660;51164;
1082;Midtjylland;2022-10-23;F;121;1;7;7343;3310781;51171;
1081;Nordjylland;2022-10-23;F;31;0;1;7343;3310812;51172;
1085;Sjælland;2022-10-23;F;88;0;8;7343;3310900;51180;
1083;Syddanmark;2022-10-23;F;147;0;4;7343;3311047;51184;
1084;Hovedstaden;2022-10-23;M;96;0;11;7343;3311143;51195;
1082;Midtjylland;2022-10-23;M;108;2;6;7345;3311251;51201;
1081;Nordjylland;2022-10-23;M;27;0;5;7345;3311278;51206;
1085;Sjælland;2022-10-23;M;69;0;6;7345;3311347;51212;
1083;Syddanmark;2022-10-23;M;117;1;9;7346;3311464;51221;
1084;Hovedstaden;2022-10-24;F;169;2;19;7348;3311633;51240;
1082;Midtjylland;2022-10-24;F;159;1;6;7349;3311792;51246;
1081;Nordjylland;2022-10-24;F;69;0;4;7349;3311861;51250;
1085;Sjælland;2022-10-24;F;109;2;8;7351;3311970;51258;
1083;Syddanmark;2022-10-24;F;162;0;8;7351;3312132;51266;
1084;Hovedstaden;2022-10-24;M;140;3;14;7354;3312272;51280;
1082;Midtjylland;2022-10-24;M;127;1;8;7355;3312399;51288;
1081;Nordjylland;2022-10-24;M;65;1;7;7356;3312464;51295;
1085;Sjælland;2022-10-24;M;98;3;10;7359;3312562;51305;
1083;Syddanmark;2022-10-24;M;142;1;8;7360;3312704;51313;
1084;Hovedstaden;2022-10-25;F;138;0;4;7360;3312842;51317;
1082;Midtjylland;2022-10-25;F;125;0;3;7360;3312967;51320;
1081;Nordjylland;2022-10-25;F;50;0;1;7360;3313017;51321;
1085;Sjælland;2022-10-25;F;114;2;7;7362;3313131;51328;
1083;Syddanmark;2022-10-25;F;151;1;10;7363;3313282;51338;
1084;Hovedstaden;2022-10-25;M;121;0;12;7363;3313403;51350;
1082;Midtjylland;2022-10-25;M;120;0;4;7363;3313523;51354;
1081;Nordjylland;2022-10-25;M;43;1;5;7364;3313566;51359;
1085;Sjælland;2022-10-25;M;93;0;6;7364;3313659;51365;
1083;Syddanmark;2022-10-25;M;139;5;9;7369;3313798;51374;
1084;Hovedstaden;2022-10-26;F;147;5;15;7374;3313945;51389;
1082;Midtjylland;2022-10-26;F;126;0;6;7374;3314071;51395;
1081;Nordjylland;2022-10-26;F;60;1;4;7375;3314131;51399;
1085;Sjælland;2022-10-26;F;112;1;3;7376;3314243;51402;
1083;Syddanmark;2022-10-26;F;125;0;6;7376;3314368;51408;
1084;Hovedstaden;2022-10-26;M;106;2;12;7378;3314474;51420;
1082;Midtjylland;2022-10-26;M;95;0;6;7378;3314569;51426;
1081;Nordjylland;2022-10-26;M;43;1;6;7379;3314612;51432;
1085;Sjælland;2022-10-26;M;118;1;7;7380;3314730;51439;
1083;Syddanmark;2022-10-26;M;104;4;11;7384;3314834;51450;
1084;Hovedstaden;2022-10-27;F;121;1;9;7385;3314955;51459;
1082;Midtjylland;2022-10-27;F;102;0;4;7385;3315057;51463;
1081;Nordjylland;2022-10-27;F;31;0;2;7385;3315088;51465;
1085;Sjælland;2022-10-27;F;92;0;4;7385;3315180;51469;
1083;Syddanmark;2022-10-27;F;102;1;6;7386;3315282;51475;
1084;Hovedstaden;2022-10-27;M;97;1;12;7387;3315379;51487;
1082;Midtjylland;2022-10-27;M;75;1;8;7388;3315454;51495;
1081;Nordjylland;2022-10-27;M;26;1;6;7389;3315480;51501;
1085;Sjælland;2022-10-27;M;70;0;8;7389;3315550;51509;
1083;Syddanmark;2022-10-27;M;85;0;4;7389;3315635;51513;
1084;Hovedstaden;2022-10-28;F;103;1;5;7390;3315738;51518;
1082;Midtjylland;2022-10-28;F;89;0;2;7390;3315827;51520;
1081;Nordjylland;2022-10-28;F;52;0;2;7390;3315879;51522;
1085;Sjælland;2022-10-28;F;71;1;5;7391;3315950;51527;
1083;Syddanmark;2022-10-28;F;69;0;2;7391;3316019;51529;
1084;Hovedstaden;2022-10-28;M;107;2;13;7393;3316126;51542;
1082;Midtjylland;2022-10-28;M;73;4;6;7397;3316199;51548;
1081;Nordjylland;2022-10-28;M;36;0;3;7397;3316235;51551;
1085;Sjælland;2022-10-28;M;51;0;4;7397;3316286;51555;
1083;Syddanmark;2022-10-28;M;79;1;8;7398;3316365;51563;
1084;Hovedstaden;2022-10-29;F;86;0;12;7398;3316451;51575;
1082;Midtjylland;2022-10-29;F;59;0;3;7398;3316510;51578;
1081;Nordjylland;2022-10-29;F;20;0;3;7398;3316530;51581;
1085;Sjælland;2022-10-29;F;56;1;3;7399;3316586;51584;
1083;Syddanmark;2022-10-29;F;44;0;6;7399;3316630;51590;
1084;Hovedstaden;2022-10-29;M;84;0;3;7399;3316714;51593;
1082;Midtjylland;2022-10-29;M;53;0;0;7399;3316767;51593;
1081;Nordjylland;2022-10-29;M;17;1;3;7400;3316784;51596;
1085;Sjælland;2022-10-29;M;47;3;3;7403;3316831;51599;
1083;Syddanmark;2022-10-29;M;38;0;6;7403;3316869;51605;
1084;Hovedstaden;2022-10-30;F;85;0;7;7403;3316954;51612;
1082;Midtjylland;2022-10-30;F;69;0;3;7403;3317023;51615;
1081;Nordjylland;2022-10-30;F;24;0;0;7403;3317047;51615;
1085;Sjælland;2022-10-30;F;56;0;2;7403;3317103;51617;
1083;Syddanmark;2022-10-30;F;67;1;2;7404;3317170;51619;
1084;Hovedstaden;2022-10-30;M;72;1;4;7405;3317242;51623;
1082;Midtjylland;2022-10-30;M;73;0;2;7405;3317315;51625;
1081;Nordjylland;2022-10-30;M;26;1;4;7406;3317341;51629;
1085;Sjælland;2022-10-30;M;56;0;5;7406;3317397;51634;
1083;Syddanmark;2022-10-30;M;55;0;5;7406;3317452;51639;
1084;Hovedstaden;2022-10-31;F;115;0;8;7406;3317567;51647;
1082;Midtjylland;2022-10-31;F;91;2;7;7408;3317658;51654;
1081;Nordjylland;2022-10-31;F;50;0;5;7408;3317708;51659;
1085;Sjælland;2022-10-31;F;81;0;3;7408;3317789;51662;
1083;Syddanmark;2022-10-31;F;97;0;7;7408;3317886;51669;
1084;Hovedstaden;2022-10-31;M;103;3;10;7411;3317989;51679;
1082;Midtjylland;2022-10-31;M;90;0;8;7411;3318079;51687;
1081;Nordjylland;2022-10-31;M;43;1;5;7412;3318122;51692;
1085;Sjælland;2022-10-31;M;72;0;3;7412;3318194;51695;
1083;Syddanmark;2022-10-31;M;95;2;6;7414;3318289;51701;
1084;Hovedstaden;2022-11-01;F;111;0;4;7414;3318400;51705;
1082;Midtjylland;2022-11-01;F;82;0;3;7414;3318482;51708;
1081;Nordjylland;2022-11-01;F;19;0;1;7414;3318501;51709;
1085;Sjælland;2022-11-01;F;70;0;3;7414;3318571;51712;
1083;Syddanmark;2022-11-01;F;79;1;4;7415;3318650;51716;
1084;Hovedstaden;2022-11-01;M;81;0;9;7415;3318731;51725;
1082;Midtjylland;2022-11-01;M;88;1;6;7416;3318819;51731;
1081;Nordjylland;2022-11-01;M;33;1;6;7417;3318852;51737;
1085;Sjælland;2022-11-01;M;46;0;4;7417;3318898;51741;
1083;Syddanmark;2022-11-01;M;77;0;5;7417;3318975;51746;
1084;Hovedstaden;2022-11-02;F;94;3;5;7420;3319069;51751;
1082;Midtjylland;2022-11-02;F;80;0;1;7420;3319149;51752;
1081;Nordjylland;2022-11-02;F;45;0;5;7420;3319194;51757;
1085;Sjælland;2022-11-02;F;65;0;3;7420;3319259;51760;
1083;Syddanmark;2022-11-02;F;80;1;7;7421;3319339;51767;
1084;Hovedstaden;2022-11-02;M;68;1;6;7422;3319407;51773;
1082;Midtjylland;2022-11-02;M;71;0;3;7422;3319478;51776;
1081;Nordjylland;2022-11-02;M;26;0;2;7422;3319504;51778;
1085;Sjælland;2022-11-02;M;58;0;3;7422;3319562;51781;
1083;Syddanmark;2022-11-02;M;80;1;4;7423;3319642;51785;
1084;Hovedstaden;2022-11-03;F;104;1;6;7424;3319746;51791;
1082;Midtjylland;2022-11-03;F;75;0;7;7424;3319821;51798;
1081;Nordjylland;2022-11-03;F;26;1;2;7425;3319847;51800;
1085;Sjælland;2022-11-03;F;63;0;5;7425;3319910;51805;
1083;Syddanmark;2022-11-03;F;62;0;6;7425;3319972;51811;
1084;Hovedstaden;2022-11-03;M;88;0;5;7425;3320060;51816;
1082;Midtjylland;2022-11-03;M;64;0;3;7425;3320124;51819;
1081;Nordjylland;2022-11-03;M;26;0;1;7425;3320150;51820;
1085;Sjælland;2022-11-03;M;48;0;2;7425;3320198;51822;
1083;Syddanmark;2022-11-03;M;49;0;2;7425;3320247;51824;
1084;Hovedstaden;2022-11-04;F;79;2;5;7427;3320326;51829;
1082;Midtjylland;2022-11-04;F;75;0;4;7427;3320401;51833;
1081;Nordjylland;2022-11-04;F;19;0;1;7427;3320420;51834;
1085;Sjælland;2022-11-04;F;49;0;5;7427;3320469;51839;
1083;Syddanmark;2022-11-04;F;51;0;3;7427;3320520;51842;
1084;Hovedstaden;2022-11-04;M;69;0;4;7427;3320589;51846;
1082;Midtjylland;2022-11-04;M;61;0;3;7427;3320650;51849;
1081;Nordjylland;2022-11-04;M;29;2;1;7429;3320679;51850;
1085;Sjælland;2022-11-04;M;57;0;8;7429;3320736;51858;
1083;Syddanmark;2022-11-04;M;59;1;3;7430;3320795;51861;
1084;Hovedstaden;2022-11-05;F;63;1;4;7431;3320858;51865;
1082;Midtjylland;2022-11-05;F;42;1;2;7432;3320900;51867;
1081;Nordjylland;2022-11-05;F;10;0;0;7432;3320910;51867;
1085;Sjælland;2022-11-05;F;42;0;5;7432;3320952;51872;
1083;Syddanmark;2022-11-05;F;42;1;6;7433;3320994;51878;
1084;Hovedstaden;2022-11-05;M;40;1;5;7434;3321034;51883;
1082;Midtjylland;2022-11-05;M;44;0;2;7434;3321078;51885;
1081;Nordjylland;2022-11-05;M;8;0;2;7434;3321086;51887;
1085;Sjælland;2022-11-05;M;32;0;2;7434;3321118;51889;
1083;Syddanmark;2022-11-05;M;29;1;5;7435;3321147;51894;
1084;Hovedstaden;2022-11-06;F;66;2;3;7437;3321213;51897;
1082;Midtjylland;2022-11-06;F;62;0;1;7437;3321275;51898;
1081;Nordjylland;2022-11-06;F;18;0;1;7437;3321293;51899;
1085;Sjælland;2022-11-06;F;44;0;5;7437;3321337;51904;
1083;Syddanmark;2022-11-06;F;59;0;2;7437;3321396;51906;
1084;Hovedstaden;2022-11-06;M;64;0;3;7437;3321460;51909;
1082;Midtjylland;2022-11-06;M;51;1;2;7438;3321511;51911;
1081;Nordjylland;2022-11-06;M;19;1;5;7439;3321530;51916;
1085;Sjælland;2022-11-06;M;49;0;4;7439;3321579;51920;
1083;Syddanmark;2022-11-06;M;51;0;3;7439;3321630;51923;
1084;Hovedstaden;2022-11-07;F;123;0;10;7439;3321753;51933;
1082;Midtjylland;2022-11-07;F;92;0;4;7439;3321845;51937;
1081;Nordjylland;2022-11-07;F;40;0;5;7439;3321885;51942;
1085;Sjælland;2022-11-07;F;65;0;5;7439;3321950;51947;
1083;Syddanmark;2022-11-07;F;86;0;6;7439;3322036;51953;
1084;Hovedstaden;2022-11-07;M;93;0;8;7439;3322129;51961;
1082;Midtjylland;2022-11-07;M;69;0;2;7439;3322198;51963;
1081;Nordjylland;2022-11-07;M;33;0;1;7439;3322231;51964;
1085;Sjælland;2022-11-07;M;65;2;4;7441;3322296;51968;
1083;Syddanmark;2022-11-07;M;59;0;3;7441;3322355;51971;
1084;Hovedstaden;2022-11-08;F;130;2;6;7443;3322485;51977;
1082;Midtjylland;2022-11-08;F;70;0;2;7443;3322555;51979;
1081;Nordjylland;2022-11-08;F;28;0;1;7443;3322583;51980;
1085;Sjælland;2022-11-08;F;77;0;3;7443;3322660;51983;
1083;Syddanmark;2022-11-08;F;95;0;7;7443;3322755;51990;
1084;Hovedstaden;2022-11-08;M;96;0;6;7443;3322851;51996;
1082;Midtjylland;2022-11-08;M;61;1;7;7444;3322912;52003;
1081;Nordjylland;2022-11-08;M;19;1;3;7445;3322931;52006;
1085;Sjælland;2022-11-08;M;62;1;6;7446;3322993;52012;
1083;Syddanmark;2022-11-08;M;85;0;7;7446;3323078;52019;
1084;Hovedstaden;2022-11-09;F;108;1;5;7447;3323186;52024;
1082;Midtjylland;2022-11-09;F;87;0;2;7447;3323273;52026;
1081;Nordjylland;2022-11-09;F;40;0;2;7447;3323313;52028;
1085;Sjælland;2022-11-09;F;97;1;5;7448;3323410;52033;
1083;Syddanmark;2022-11-09;F;81;0;6;7448;3323491;52039;
1084;Hovedstaden;2022-11-09;M;99;3;6;7451;3323590;52045;
1082;Midtjylland;2022-11-09;M;79;1;2;7452;3323669;52047;
1081;Nordjylland;2022-11-09;M;35;0;1;7452;3323704;52048;
1085;Sjælland;2022-11-09;M;72;0;0;7452;3323776;52048;
1083;Syddanmark;2022-11-09;M;72;0;1;7452;3323848;52049;
1084;Hovedstaden;2022-11-10;F;104;0;7;7452;3323952;52056;
1082;Midtjylland;2022-11-10;F;85;0;2;7452;3324037;52058;
1081;Nordjylland;2022-11-10;F;34;0;0;7452;3324071;52058;
1085;Sjælland;2022-11-10;F;61;1;1;7453;3324132;52059;
1083;Syddanmark;2022-11-10;F;66;0;2;7453;3324198;52061;
1084;Hovedstaden;2022-11-10;M;84;1;8;7454;3324282;52069;
1082;Midtjylland;2022-11-10;M;54;0;3;7454;3324336;52072;
1081;Nordjylland;2022-11-10;M;25;1;3;7455;3324361;52075;
1085;Sjælland;2022-11-10;M;43;0;2;7455;3324404;52077;
1083;Syddanmark;2022-11-10;M;54;0;6;7455;3324458;52083;
1084;Hovedstaden;2022-11-11;F;89;1;5;7456;3324547;52088;
1082;Midtjylland;2022-11-11;F;56;0;4;7456;3324603;52092;
1081;Nordjylland;2022-11-11;F;35;1;1;7457;3324638;52093;
1085;Sjælland;2022-11-11;F;51;0;4;7457;3324689;52097;
1083;Syddanmark;2022-11-11;F;58;0;3;7457;3324747;52100;
1084;Hovedstaden;2022-11-11;M;77;2;5;7459;3324824;52105;
1082;Midtjylland;2022-11-11;M;34;0;0;7459;3324858;52105;
1081;Nordjylland;2022-11-11;M;25;1;1;7460;3324883;52106;
1085;Sjælland;2022-11-11;M;49;0;5;7460;3324932;52111;
1083;Syddanmark;2022-11-11;M;37;0;3;7460;3324969;52114;
1084;Hovedstaden;2022-11-12;F;69;1;3;7461;3325038;52117;
1082;Midtjylland;2022-11-12;F;40;0;0;7461;3325078;52117;
1081;Nordjylland;2022-11-12;F;19;2;2;7463;3325097;52119;
1085;Sjælland;2022-11-12;F;47;0;3;7463;3325144;52122;
1083;Syddanmark;2022-11-12;F;34;0;0;7463;3325178;52122;
1084;Hovedstaden;2022-11-12;M;65;1;2;7464;3325243;52124;
1082;Midtjylland;2022-11-12;M;39;0;4;7464;3325282;52128;
1081;Nordjylland;2022-11-12;M;12;0;1;7464;3325294;52129;
1085;Sjælland;2022-11-12;M;44;0;4;7464;3325338;52133;
1083;Syddanmark;2022-11-12;M;37;1;2;7465;3325375;52135;
1084;Hovedstaden;2022-11-13;F;88;0;5;7465;3325463;52140;
1082;Midtjylland;2022-11-13;F;50;0;1;7465;3325513;52141;
1081;Nordjylland;2022-11-13;F;24;1;4;7466;3325537;52145;
1085;Sjælland;2022-11-13;F;46;0;4;7466;3325583;52149;
1083;Syddanmark;2022-11-13;F;72;0;1;7466;3325655;52150;
1084;Hovedstaden;2022-11-13;M;53;1;2;7467;3325708;52152;
1082;Midtjylland;2022-11-13;M;52;0;1;7467;3325760;52153;
1081;Nordjylland;2022-11-13;M;20;0;2;7467;3325780;52155;
1085;Sjælland;2022-11-13;M;49;1;7;7468;3325829;52162;
1083;Syddanmark;2022-11-13;M;37;1;2;7469;3325866;52164;
1084;Hovedstaden;2022-11-14;F;92;0;4;7469;3325958;52168;
1082;Midtjylland;2022-11-14;F;96;0;3;7469;3326054;52171;
1081;Nordjylland;2022-11-14;F;35;0;1;7469;3326089;52172;
1085;Sjælland;2022-11-14;F;60;0;4;7469;3326149;52176;
1083;Syddanmark;2022-11-14;F;91;1;2;7470;3326240;52178;
1084;Hovedstaden;2022-11-14;M;88;0;4;7470;3326328;52182;
1082;Midtjylland;2022-11-14;M;65;0;2;7470;3326393;52184;
1081;Nordjylland;2022-11-14;M;38;1;6;7471;3326431;52190;
1085;Sjælland;2022-11-14;M;54;0;7;7471;3326485;52197;
1083;Syddanmark;2022-11-14;M;62;1;5;7472;3326547;52202;
1084;Hovedstaden;2022-11-15;F;120;1;2;7473;3326667;52204;
1082;Midtjylland;2022-11-15;F;74;1;3;7474;3326741;52207;
1081;Nordjylland;2022-11-15;F;23;0;2;7474;3326764;52209;
1085;Sjælland;2022-11-15;F;59;0;2;7474;3326823;52211;
1083;Syddanmark;2022-11-15;F;81;0;1;7474;3326904;52212;
1084;Hovedstaden;2022-11-15;M;94;1;4;7475;3326998;52216;
1082;Midtjylland;2022-11-15;M;60;0;3;7475;3327058;52219;
1081;Nordjylland;2022-11-15;M;18;0;3;7475;3327076;52222;
1085;Sjælland;2022-11-15;M;57;0;3;7475;3327133;52225;
1083;Syddanmark;2022-11-15;M;71;3;7;7478;3327204;52232;
1084;Hovedstaden;2022-11-16;F;98;0;5;7478;3327302;52237;
1082;Midtjylland;2022-11-16;F;65;0;2;7478;3327367;52239;
1081;Nordjylland;2022-11-16;F;28;1;4;7479;3327395;52243;
1085;Sjælland;2022-11-16;F;49;0;2;7479;3327444;52245;
1083;Syddanmark;2022-11-16;F;70;0;7;7479;3327514;52252;
1084;Hovedstaden;2022-11-16;M;77;1;4;7480;3327591;52256;
1082;Midtjylland;2022-11-16;M;59;1;1;7481;3327650;52257;
1081;Nordjylland;2022-11-16;M;24;0;2;7481;3327674;52259;
1085;Sjælland;2022-11-16;M;57;2;8;7483;3327731;52267;
1083;Syddanmark;2022-11-16;M;55;0;3;7483;3327786;52270;
1084;Hovedstaden;2022-11-17;F;92;0;3;7483;3327878;52273;
1082;Midtjylland;2022-11-17;F;62;1;5;7484;3327940;52278;
1081;Nordjylland;2022-11-17;F;19;0;3;7484;3327959;52281;
1085;Sjælland;2022-11-17;F;59;0;1;7484;3328018;52282;
1083;Syddanmark;2022-11-17;F;54;2;2;7486;3328072;52284;
1084;Hovedstaden;2022-11-17;M;90;4;9;7490;3328162;52293;
1082;Midtjylland;2022-11-17;M;50;1;2;7491;3328212;52295;
1081;Nordjylland;2022-11-17;M;16;0;1;7491;3328228;52296;
1085;Sjælland;2022-11-17;M;60;0;3;7491;3328288;52299;
1083;Syddanmark;2022-11-17;M;49;2;3;7493;3328337;52302;
1084;Hovedstaden;2022-11-18;F;88;0;4;7493;3328425;52306;
1082;Midtjylland;2022-11-18;F;54;0;1;7493;3328479;52307;
1081;Nordjylland;2022-11-18;F;27;0;0;7493;3328506;52307;
1085;Sjælland;2022-11-18;F;46;0;3;7493;3328552;52310;
1083;Syddanmark;2022-11-18;F;39;0;2;7493;3328591;52312;
1084;Hovedstaden;2022-11-18;M;68;0;3;7493;3328659;52315;
1082;Midtjylland;2022-11-18;M;51;1;3;7494;3328710;52318;
1081;Nordjylland;2022-11-18;M;24;0;2;7494;3328734;52320;
1085;Sjælland;2022-11-18;M;42;0;2;7494;3328776;52322;
1083;Syddanmark;2022-11-18;M;45;0;5;7494;3328821;52327;
1084;Hovedstaden;2022-11-19;F;66;0;5;7494;3328887;52332;
1082;Midtjylland;2022-11-19;F;47;0;0;7494;3328934;52332;
1081;Nordjylland;2022-11-19;F;7;0;2;7494;3328941;52334;
1085;Sjælland;2022-11-19;F;39;1;2;7495;3328980;52336;
1083;Syddanmark;2022-11-19;F;28;0;2;7495;3329008;52338;
1084;Hovedstaden;2022-11-19;M;58;1;4;7496;3329066;52342;
1082;Midtjylland;2022-11-19;M;34;1;3;7497;3329100;52345;
1081;Nordjylland;2022-11-19;M;10;0;2;7497;3329110;52347;
1085;Sjælland;2022-11-19;M;33;0;1;7497;3329143;52348;
1083;Syddanmark;2022-11-19;M;26;0;2;7497;3329169;52350;
1084;Hovedstaden;2022-11-20;F;82;0;5;7497;3329251;52355;
1082;Midtjylland;2022-11-20;F;37;0;1;7497;3329288;52356;
1081;Nordjylland;2022-11-20;F;14;0;0;7497;3329302;52356;
1085;Sjælland;2022-11-20;F;52;0;4;7497;3329354;52360;
1083;Syddanmark;2022-11-20;F;51;1;4;7498;3329405;52364;
1084;Hovedstaden;2022-11-20;M;78;1;7;7499;3329483;52371;
1082;Midtjylland;2022-11-20;M;42;0;2;7499;3329525;52373;
1081;Nordjylland;2022-11-20;M;19;0;3;7499;3329544;52376;
1085;Sjælland;2022-11-20;M;37;0;2;7499;3329581;52378;
1083;Syddanmark;2022-11-20;M;55;0;4;7499;3329636;52382;
1084;Hovedstaden;2022-11-21;F;101;0;9;7499;3329737;52391;
1082;Midtjylland;2022-11-21;F;70;1;3;7500;3329807;52394;
1081;Nordjylland;2022-11-21;F;35;0;1;7500;3329842;52395;
1085;Sjælland;2022-11-21;F;63;0;2;7500;3329905;52397;
1083;Syddanmark;2022-11-21;F;79;0;3;7500;3329984;52400;
1084;Hovedstaden;2022-11-21;M;75;0;5;7500;3330059;52405;
1082;Midtjylland;2022-11-21;M;71;1;5;7501;3330130;52410;
1081;Nordjylland;2022-11-21;M;22;0;1;7501;3330152;52411;
1085;Sjælland;2022-11-21;M;42;0;0;7501;3330194;52411;
1083;Syddanmark;2022-11-21;M;68;0;1;7501;3330262;52412;
1084;Hovedstaden;2022-11-22;F;131;3;7;7504;3330393;52419;
1082;Midtjylland;2022-11-22;F;68;0;3;7504;3330461;52422;
1081;Nordjylland;2022-11-22;F;27;0;1;7504;3330488;52423;
1085;Sjælland;2022-11-22;F;61;0;3;7504;3330549;52426;
1083;Syddanmark;2022-11-22;F;87;0;5;7504;3330636;52431;
1084;Hovedstaden;2022-11-22;M;74;0;6;7504;3330710;52437;
1082;Midtjylland;2022-11-22;M;69;1;4;7505;3330779;52441;
1081;Nordjylland;2022-11-22;M;24;1;3;7506;3330803;52444;
1085;Sjælland;2022-11-22;M;58;1;5;7507;3330861;52449;
1083;Syddanmark;2022-11-22;M;67;1;1;7508;3330928;52450;
1084;Hovedstaden;2022-11-23;F;136;3;11;7511;3331064;52461;
1082;Midtjylland;2022-11-23;F;87;0;2;7511;3331151;52463;
1081;Nordjylland;2022-11-23;F;46;0;3;7511;3331197;52466;
1085;Sjælland;2022-11-23;F;72;0;3;7511;3331269;52469;
1083;Syddanmark;2022-11-23;F;73;0;2;7511;3331342;52471;
1084;Hovedstaden;2022-11-23;M;94;1;6;7512;3331436;52477;
1082;Midtjylland;2022-11-23;M;53;0;0;7512;3331489;52477;
1081;Nordjylland;2022-11-23;M;33;0;0;7512;3331522;52477;
1085;Sjælland;2022-11-23;M;56;0;0;7512;3331578;52477;
1083;Syddanmark;2022-11-23;M;68;0;6;7512;3331646;52483;
1084;Hovedstaden;2022-11-24;F;137;0;8;7512;3331783;52491;
1082;Midtjylland;2022-11-24;F;79;0;2;7512;3331862;52493;
1081;Nordjylland;2022-11-24;F;37;1;5;7513;3331899;52498;
1085;Sjælland;2022-11-24;F;78;0;1;7513;3331977;52499;
1083;Syddanmark;2022-11-24;F;82;1;5;7514;3332059;52504;
1084;Hovedstaden;2022-11-24;M;115;2;11;7516;3332174;52515;
1082;Midtjylland;2022-11-24;M;81;0;6;7516;3332255;52521;
1081;Nordjylland;2022-11-24;M;21;0;1;7516;3332276;52522;
1085;Sjælland;2022-11-24;M;49;0;2;7516;3332325;52524;
1083;Syddanmark;2022-11-24;M;83;2;13;7518;3332408;52537;
1084;Hovedstaden;2022-11-25;F;115;1;5;7519;3332523;52542;
1082;Midtjylland;2022-11-25;F;71;0;1;7519;3332594;52543;
1081;Nordjylland;2022-11-25;F;34;1;3;7520;3332628;52546;
1085;Sjælland;2022-11-25;F;51;0;2;7520;3332679;52548;
1083;Syddanmark;2022-11-25;F;70;0;3;7520;3332749;52551;
1084;Hovedstaden;2022-11-25;M;89;0;6;7520;3332838;52557;
1082;Midtjylland;2022-11-25;M;65;0;6;7520;3332903;52563;
1081;Nordjylland;2022-11-25;M;23;0;3;7520;3332926;52566;
1085;Sjælland;2022-11-25;M;53;1;5;7521;3332979;52571;
1083;Syddanmark;2022-11-25;M;55;1;4;7522;3333034;52575;
1084;Hovedstaden;2022-11-26;F;85;2;3;7524;3333119;52578;
1082;Midtjylland;2022-11-26;F;66;0;0;7524;3333185;52578;
1081;Nordjylland;2022-11-26;F;21;1;1;7525;3333206;52579;
1085;Sjælland;2022-11-26;F;42;0;1;7525;3333248;52580;
1083;Syddanmark;2022-11-26;F;43;0;2;7525;3333291;52582;
1084;Hovedstaden;2022-11-26;M;56;2;3;7527;3333347;52585;
1082;Midtjylland;2022-11-26;M;64;0;6;7527;3333411;52591;
1081;Nordjylland;2022-11-26;M;15;0;2;7527;3333426;52593;
1085;Sjælland;2022-11-26;M;46;1;5;7528;3333472;52598;
1083;Syddanmark;2022-11-26;M;38;1;2;7529;3333510;52600;
1084;Hovedstaden;2022-11-27;F;113;1;10;7530;3333623;52610;
1082;Midtjylland;2022-11-27;F;75;1;5;7531;3333698;52615;
1081;Nordjylland;2022-11-27;F;33;0;2;7531;3333731;52617;
1085;Sjælland;2022-11-27;F;69;0;0;7531;3333800;52617;
1083;Syddanmark;2022-11-27;F;81;0;3;7531;3333881;52620;
1084;Hovedstaden;2022-11-27;M;89;3;6;7534;3333970;52626;
1082;Midtjylland;2022-11-27;M;63;0;4;7534;3334033;52630;
1081;Nordjylland;2022-11-27;M;19;1;3;7535;3334052;52633;
1085;Sjælland;2022-11-27;M;44;0;4;7535;3334096;52637;
1083;Syddanmark;2022-11-27;M;62;1;4;7536;3334158;52641;
1084;Hovedstaden;2022-11-28;F;198;0;7;7536;3334356;52648;
1082;Midtjylland;2022-11-28;F;125;1;6;7537;3334481;52654;
1081;Nordjylland;2022-11-28;F;73;0;5;7537;3334554;52659;
1085;Sjælland;2022-11-28;F;105;1;5;7538;3334659;52664;
1083;Syddanmark;2022-11-28;F;137;1;4;7539;3334796;52668;
1084;Hovedstaden;2022-11-28;M;158;4;16;7543;3334954;52684;
1082;Midtjylland;2022-11-28;M;104;1;3;7544;3335058;52687;
1081;Nordjylland;2022-11-28;M;44;0;13;7544;3335102;52700;
1085;Sjælland;2022-11-28;M;83;0;2;7544;3335185;52702;
1083;Syddanmark;2022-11-28;M;109;0;5;7544;3335294;52707;
1084;Hovedstaden;2022-11-29;F;192;3;12;7547;3335486;52719;
1082;Midtjylland;2022-11-29;F;123;1;5;7548;3335609;52724;
1081;Nordjylland;2022-11-29;F;53;0;0;7548;3335662;52724;
1085;Sjælland;2022-11-29;F;104;0;4;7548;3335766;52728;
1083;Syddanmark;2022-11-29;F;156;0;11;7548;3335922;52739;
1084;Hovedstaden;2022-11-29;M;151;1;12;7549;3336073;52751;
1082;Midtjylland;2022-11-29;M;106;2;3;7551;3336179;52754;
1081;Nordjylland;2022-11-29;M;36;0;2;7551;3336215;52756;
1085;Sjælland;2022-11-29;M;87;0;4;7551;3336302;52760;
1083;Syddanmark;2022-11-29;M;117;2;8;7553;3336419;52768;
1084;Hovedstaden;2022-11-30;F;190;0;11;7553;3336609;52779;
1082;Midtjylland;2022-11-30;F;161;2;9;7555;3336770;52788;
1081;Nordjylland;2022-11-30;F;83;0;3;7555;3336853;52791;
1085;Sjælland;2022-11-30;F;104;0;2;7555;3336957;52793;
1083;Syddanmark;2022-11-30;F;128;0;10;7555;3337085;52803;
1084;Hovedstaden;2022-11-30;M;169;3;16;7558;3337254;52819;
1082;Midtjylland;2022-11-30;M;124;0;1;7558;3337378;52820;
1081;Nordjylland;2022-11-30;M;65;0;0;7558;3337443;52820;
1085;Sjælland;2022-11-30;M;78;0;5;7558;3337521;52825;
1083;Syddanmark;2022-11-30;M;124;1;5;7559;3337645;52830;
1084;Hovedstaden;2022-12-01;F;190;7;16;7566;3337835;52846;
1082;Midtjylland;2022-12-01;F;115;0;0;7566;3337950;52846;
1081;Nordjylland;2022-12-01;F;58;0;1;7566;3338008;52847;
1085;Sjælland;2022-12-01;F;87;0;6;7566;3338095;52853;
1083;Syddanmark;2022-12-01;F;131;0;6;7566;3338226;52859;
1084;Hovedstaden;2022-12-01;M;160;4;11;7570;3338386;52870;
1082;Midtjylland;2022-12-01;M;111;0;7;7570;3338497;52877;
1081;Nordjylland;2022-12-01;M;51;0;3;7570;3338548;52880;
1085;Sjælland;2022-12-01;M;78;0;2;7570;3338626;52882;
1083;Syddanmark;2022-12-01;M;114;2;6;7572;3338740;52888;
1084;Hovedstaden;2022-12-02;F;150;0;10;7572;3338890;52898;
1082;Midtjylland;2022-12-02;F;134;0;7;7572;3339024;52905;
1081;Nordjylland;2022-12-02;F;51;0;0;7572;3339075;52905;
1085;Sjælland;2022-12-02;F;76;0;5;7572;3339151;52910;
1083;Syddanmark;2022-12-02;F;116;0;6;7572;3339267;52916;
1084;Hovedstaden;2022-12-02;M;143;0;14;7572;3339410;52930;
1082;Midtjylland;2022-12-02;M;98;0;3;7572;3339508;52933;
1081;Nordjylland;2022-12-02;M;52;1;3;7573;3339560;52936;
1085;Sjælland;2022-12-02;M;73;1;7;7574;3339633;52943;
1083;Syddanmark;2022-12-02;M;94;1;4;7575;3339727;52947;
1084;Hovedstaden;2022-12-03;F;134;1;5;7576;3339861;52952;
1082;Midtjylland;2022-12-03;F;85;0;3;7576;3339946;52955;
1081;Nordjylland;2022-12-03;F;35;0;3;7576;3339981;52958;
1085;Sjælland;2022-12-03;F;64;0;4;7576;3340045;52962;
1083;Syddanmark;2022-12-03;F;90;0;5;7576;3340135;52967;
1084;Hovedstaden;2022-12-03;M;119;0;9;7576;3340254;52976;
1082;Midtjylland;2022-12-03;M;68;0;2;7576;3340322;52978;
1081;Nordjylland;2022-12-03;M;25;1;3;7577;3340347;52981;
1085;Sjælland;2022-12-03;M;50;0;4;7577;3340397;52985;
1083;Syddanmark;2022-12-03;M;69;1;11;7578;3340466;52996;
1084;Hovedstaden;2022-12-04;F;164;1;15;7579;3340630;53011;
1082;Midtjylland;2022-12-04;F;82;0;0;7579;3340712;53011;
1081;Nordjylland;2022-12-04;F;42;0;4;7579;3340754;53015;
1085;Sjælland;2022-12-04;F;73;1;2;7580;3340827;53017;
1083;Syddanmark;2022-12-04;F;146;0;5;7580;3340973;53022;
1084;Hovedstaden;2022-12-04;M;132;2;11;7582;3341105;53033;
1082;Midtjylland;2022-12-04;M;86;0;7;7582;3341191;53040;
1081;Nordjylland;2022-12-04;M;29;1;4;7583;3341220;53044;
1085;Sjælland;2022-12-04;M;82;0;4;7583;3341302;53048;
1083;Syddanmark;2022-12-04;M;112;1;4;7584;3341414;53052;
1084;Hovedstaden;2022-12-05;F;267;2;11;7586;3341681;53063;
1082;Midtjylland;2022-12-05;F;188;0;7;7586;3341869;53070;
1081;Nordjylland;2022-12-05;F;91;0;2;7586;3341960;53072;
1085;Sjælland;2022-12-05;F;129;2;6;7588;3342089;53078;
1083;Syddanmark;2022-12-05;F;210;0;8;7588;3342299;53086;
1084;Hovedstaden;2022-12-05;M;210;0;19;7588;3342509;53105;
1082;Midtjylland;2022-12-05;M;148;0;4;7588;3342657;53109;
1081;Nordjylland;2022-12-05;M;96;1;4;7589;3342753;53113;
1085;Sjælland;2022-12-05;M;121;0;2;7589;3342874;53115;
1083;Syddanmark;2022-12-05;M;162;1;11;7590;3343036;53126;
1084;Hovedstaden;2022-12-06;F;297;1;15;7591;3343333;53141;
1082;Midtjylland;2022-12-06;F;199;1;4;7592;3343532;53145;
1081;Nordjylland;2022-12-06;F;75;0;1;7592;3343607;53146;
1085;Sjælland;2022-12-06;F;143;0;7;7592;3343750;53153;
1083;Syddanmark;2022-12-06;F;220;1;5;7593;3343970;53158;
1084;Hovedstaden;2022-12-06;M;253;3;14;7596;3344223;53172;
1082;Midtjylland;2022-12-06;M;177;1;4;7597;3344400;53176;
1081;Nordjylland;2022-12-06;M;53;1;4;7598;3344453;53180;
1085;Sjælland;2022-12-06;M;104;0;2;7598;3344557;53182;
1083;Syddanmark;2022-12-06;M;186;1;13;7599;3344743;53195;
1084;Hovedstaden;2022-12-07;F;279;4;11;7603;3345022;53206;
1082;Midtjylland;2022-12-07;F;183;0;5;7603;3345205;53211;
1081;Nordjylland;2022-12-07;F;94;0;8;7603;3345299;53219;
1085;Sjælland;2022-12-07;F;204;1;11;7604;3345503;53230;
1083;Syddanmark;2022-12-07;F;188;2;6;7606;3345691;53236;
1084;Hovedstaden;2022-12-07;M;265;0;10;7606;3345956;53246;
1082;Midtjylland;2022-12-07;M;167;0;8;7606;3346123;53254;
1081;Nordjylland;2022-12-07;M;77;0;4;7606;3346200;53258;
1085;Sjælland;2022-12-07;M;153;0;3;7606;3346353;53261;
1083;Syddanmark;2022-12-07;M;148;1;5;7607;3346501;53266;
1084;Hovedstaden;2022-12-08;F;254;0;17;7607;3346755;53283;
1082;Midtjylland;2022-12-08;F;185;1;6;7608;3346940;53289;
1081;Nordjylland;2022-12-08;F;68;2;4;7610;3347008;53293;
1085;Sjælland;2022-12-08;F;161;0;4;7610;3347169;53297;
1083;Syddanmark;2022-12-08;F;160;1;4;7611;3347329;53301;
1084;Hovedstaden;2022-12-08;M;206;2;11;7613;3347535;53312;
1082;Midtjylland;2022-12-08;M;143;0;5;7613;3347678;53317;
1081;Nordjylland;2022-12-08;M;64;1;7;7614;3347742;53324;
1085;Sjælland;2022-12-08;M;98;0;1;7614;3347840;53325;
1083;Syddanmark;2022-12-08;M;142;0;10;7614;3347982;53335;
1084;Hovedstaden;2022-12-09;F;140;0;9;7614;3348122;53344;
1082;Midtjylland;2022-12-09;F;87;1;7;7615;3348209;53351;
1081;Nordjylland;2022-12-09;F;53;1;4;7616;3348262;53355;
1085;Sjælland;2022-12-09;F;53;2;4;7618;3348315;53359;
1083;Syddanmark;2022-12-09;F;83;0;4;7618;3348398;53363;
1084;Hovedstaden;2022-12-09;M;117;2;8;7620;3348515;53371;
1082;Midtjylland;2022-12-09;M;70;3;6;7623;3348585;53377;
1081;Nordjylland;2022-12-09;M;32;0;1;7623;3348617;53378;
1085;Sjælland;2022-12-09;M;61;1;5;7624;3348678;53383;
1083;Syddanmark;2022-12-09;M;59;2;6;7626;3348737;53389;
1084;Hovedstaden;2022-12-10;F;132;2;9;7628;3348869;53398;
1082;Midtjylland;2022-12-10;F;79;0;5;7628;3348948;53403;
1081;Nordjylland;2022-12-10;F;21;0;1;7628;3348969;53404;
1085;Sjælland;2022-12-10;F;60;0;3;7628;3349029;53407;
1083;Syddanmark;2022-12-10;F;36;0;5;7628;3349065;53412;
1084;Hovedstaden;2022-12-10;M;76;1;8;7629;3349141;53420;
1082;Midtjylland;2022-12-10;M;54;2;9;7631;3349195;53429;
1081;Nordjylland;2022-12-10;M;25;1;7;7632;3349220;53436;
1085;Sjælland;2022-12-10;M;50;0;5;7632;3349270;53441;
1083;Syddanmark;2022-12-10;M;42;3;7;7635;3349312;53448;
1084;Hovedstaden;2022-12-11;F;118;2;12;7637;3349430;53460;
1082;Midtjylland;2022-12-11;F;78;2;10;7639;3349508;53470;
1081;Nordjylland;2022-12-11;F;27;0;1;7639;3349535;53471;
1085;Sjælland;2022-12-11;F;80;2;7;7641;3349615;53478;
1083;Syddanmark;2022-12-11;F;76;2;11;7643;3349691;53489;
1084;Hovedstaden;2022-12-11;M;93;2;12;7645;3349784;53501;
1082;Midtjylland;2022-12-11;M;64;0;6;7645;3349848;53507;
1081;Nordjylland;2022-12-11;M;22;0;1;7645;3349870;53508;
1085;Sjælland;2022-12-11;M;53;0;9;7645;3349923;53517;
1083;Syddanmark;2022-12-11;M;49;1;6;7646;3349972;53523;
1084;Hovedstaden;2022-12-12;F;185;7;17;7653;3350157;53540;
1082;Midtjylland;2022-12-12;F;127;2;7;7655;3350284;53547;
1081;Nordjylland;2022-12-12;F;58;0;5;7655;3350342;53552;
1085;Sjælland;2022-12-12;F;92;0;4;7655;3350434;53556;
1083;Syddanmark;2022-12-12;F;132;4;11;7659;3350566;53567;
1084;Hovedstaden;2022-12-12;M;140;2;15;7661;3350706;53582;
1082;Midtjylland;2022-12-12;M;106;0;11;7661;3350812;53593;
1081;Nordjylland;2022-12-12;M;55;1;7;7662;3350867;53600;
1085;Sjælland;2022-12-12;M;69;0;5;7662;3350936;53605;
1083;Syddanmark;2022-12-12;M;89;0;7;7662;3351025;53612;
1084;Hovedstaden;2022-12-13;F;199;2;11;7664;3351224;53623;
1082;Midtjylland;2022-12-13;F;110;2;6;7666;3351334;53629;
1081;Nordjylland;2022-12-13;F;53;0;5;7666;3351387;53634;
1085;Sjælland;2022-12-13;F;103;0;4;7666;3351490;53638;
1083;Syddanmark;2022-12-13;F;143;0;9;7666;3351633;53647;
1084;Hovedstaden;2022-12-13;M;140;1;15;7667;3351773;53662;
1082;Midtjylland;2022-12-13;M;97;0;6;7667;3351870;53668;
1081;Nordjylland;2022-12-13;M;40;2;9;7669;3351910;53677;
1085;Sjælland;2022-12-13;M;99;5;10;7674;3352009;53687;
1083;Syddanmark;2022-12-13;M;126;3;10;7677;3352135;53697;
1084;Hovedstaden;2022-12-14;F;224;1;19;7678;3352359;53716;
1082;Midtjylland;2022-12-14;F;118;2;12;7680;3352477;53728;
1081;Nordjylland;2022-12-14;F;63;1;3;7681;3352540;53731;
1085;Sjælland;2022-12-14;F;140;1;10;7682;3352680;53741;
1083;Syddanmark;2022-12-14;F;136;0;9;7682;3352816;53750;
1084;Hovedstaden;2022-12-14;M;156;2;13;7684;3352972;53763;
1082;Midtjylland;2022-12-14;M;95;1;8;7685;3353067;53771;
1081;Nordjylland;2022-12-14;M;51;1;4;7686;3353118;53775;
1085;Sjælland;2022-12-14;M;116;0;7;7686;3353234;53782;
1083;Syddanmark;2022-12-14;M;97;0;11;7686;3353331;53793;
1084;Hovedstaden;2022-12-15;F;203;1;12;7687;3353534;53805;
1082;Midtjylland;2022-12-15;F;137;2;11;7689;3353671;53816;
1081;Nordjylland;2022-12-15;F;47;0;5;7689;3353718;53821;
1085;Sjælland;2022-12-15;F;119;0;5;7689;3353837;53826;
1083;Syddanmark;2022-12-15;F;94;2;3;7691;3353931;53829;
1084;Hovedstaden;2022-12-15;M;155;3;16;7694;3354086;53845;
1082;Midtjylland;2022-12-15;M;97;0;6;7694;3354183;53851;
1081;Nordjylland;2022-12-15;M;36;2;8;7696;3354219;53859;
1085;Sjælland;2022-12-15;M;86;3;10;7699;3354305;53869;
1083;Syddanmark;2022-12-15;M;95;1;3;7700;3354400;53872;
1084;Hovedstaden;2022-12-16;F;164;3;15;7703;3354564;53887;
1082;Midtjylland;2022-12-16;F;106;1;4;7704;3354670;53891;
1081;Nordjylland;2022-12-16;F;65;2;4;7706;3354735;53895;
1085;Sjælland;2022-12-16;F;83;1;5;7707;3354818;53900;
1083;Syddanmark;2022-12-16;F;121;1;11;7708;3354939;53911;
1084;Hovedstaden;2022-12-16;M;129;0;13;7708;3355068;53924;
1082;Midtjylland;2022-12-16;M;94;1;11;7709;3355162;53935;
1081;Nordjylland;2022-12-16;M;39;0;9;7709;3355201;53944;
1085;Sjælland;2022-12-16;M;64;2;6;7711;3355265;53950;
1083;Syddanmark;2022-12-16;M;73;1;14;7712;3355338;53964;
1084;Hovedstaden;2022-12-17;F;134;2;10;7714;3355472;53974;
1082;Midtjylland;2022-12-17;F;83;2;7;7716;3355555;53981;
1081;Nordjylland;2022-12-17;F;34;0;6;7716;3355589;53987;
1085;Sjælland;2022-12-17;F;80;1;2;7717;3355669;53989;
1083;Syddanmark;2022-12-17;F;72;0;7;7717;3355741;53996;
1084;Hovedstaden;2022-12-17;M;131;7;16;7724;3355872;54012;
1082;Midtjylland;2022-12-17;M;78;0;11;7724;3355950;54023;
1081;Nordjylland;2022-12-17;M;27;1;3;7725;3355977;54026;
1085;Sjælland;2022-12-17;M;60;0;4;7725;3356037;54030;
1083;Syddanmark;2022-12-17;M;45;0;4;7725;3356082;54034;
1084;Hovedstaden;2022-12-18;F;166;2;17;7727;3356248;54051;
1082;Midtjylland;2022-12-18;F;76;1;6;7728;3356324;54057;
1081;Nordjylland;2022-12-18;F;43;0;3;7728;3356367;54060;
1085;Sjælland;2022-12-18;F;103;0;6;7728;3356470;54066;
1083;Syddanmark;2022-12-18;F;119;0;11;7728;3356589;54077;
1084;Hovedstaden;2022-12-18;M;129;1;14;7729;3356718;54091;
1082;Midtjylland;2022-12-18;M;72;2;9;7731;3356790;54100;
1081;Nordjylland;2022-12-18;M;42;1;5;7732;3356832;54105;
1085;Sjælland;2022-12-18;M;75;1;10;7733;3356907;54115;
1083;Syddanmark;2022-12-18;M;81;2;11;7735;3356988;54126;
1084;Hovedstaden;2022-12-19;F;223;3;16;7738;3357211;54142;
1082;Midtjylland;2022-12-19;F;203;6;10;7744;3357414;54152;
1081;Nordjylland;2022-12-19;F;88;1;6;7745;3357502;54158;
1085;Sjælland;2022-12-19;F;130;1;8;7746;3357632;54166;
1083;Syddanmark;2022-12-19;F;176;1;9;7747;3357808;54175;
1084;Hovedstaden;2022-12-19;M;193;3;23;7750;3358001;54198;
1082;Midtjylland;2022-12-19;M;156;5;16;7755;3358157;54214;
1081;Nordjylland;2022-12-19;M;74;2;8;7757;3358231;54222;
1085;Sjælland;2022-12-19;M;101;1;8;7758;3358332;54230;
1083;Syddanmark;2022-12-19;M;153;2;12;7760;3358485;54242;
1084;Hovedstaden;2022-12-20;F;242;2;21;7762;3358727;54263;
1082;Midtjylland;2022-12-20;F;177;1;12;7763;3358904;54275;
1081;Nordjylland;2022-12-20;F;96;1;9;7764;3359000;54284;
1085;Sjælland;2022-12-20;F;150;3;16;7767;3359150;54300;
1083;Syddanmark;2022-12-20;F;211;1;8;7768;3359361;54308;
1084;Hovedstaden;2022-12-20;M;189;4;21;7772;3359550;54329;
1082;Midtjylland;2022-12-20;M;164;1;10;7773;3359714;54339;
1081;Nordjylland;2022-12-20;M;89;1;11;7774;3359803;54350;
1085;Sjælland;2022-12-20;M;101;2;6;7776;3359904;54356;
1083;Syddanmark;2022-12-20;M;174;3;13;7779;3360078;54369;
1084;Hovedstaden;2022-12-21;F;317;5;25;7784;3360395;54394;
1082;Midtjylland;2022-12-21;F;158;1;7;7785;3360553;54401;
1081;Nordjylland;2022-12-21;F;101;1;4;7786;3360654;54405;
1085;Sjælland;2022-12-21;F;171;0;6;7786;3360825;54411;
1083;Syddanmark;2022-12-21;F;209;3;18;7789;3361034;54429;
1084;Hovedstaden;2022-12-21;M;210;5;23;7794;3361244;54452;
1082;Midtjylland;2022-12-21;M;158;3;13;7797;3361402;54465;
1081;Nordjylland;2022-12-21;M;71;0;7;7797;3361473;54472;
1085;Sjælland;2022-12-21;M;156;1;12;7798;3361629;54484;
1083;Syddanmark;2022-12-21;M;168;0;8;7798;3361797;54492;
1084;Hovedstaden;2022-12-22;F;305;6;14;7804;3362102;54506;
1082;Midtjylland;2022-12-22;F;214;4;13;7808;3362316;54519;
1081;Nordjylland;2022-12-22;F;99;0;7;7808;3362415;54526;
1085;Sjælland;2022-12-22;F;191;4;13;7812;3362606;54539;
1083;Syddanmark;2022-12-22;F;214;1;10;7813;3362820;54549;
1084;Hovedstaden;2022-12-22;M;271;3;17;7816;3363091;54566;
1082;Midtjylland;2022-12-22;M;180;3;11;7819;3363271;54577;
1081;Nordjylland;2022-12-22;M;73;5;9;7824;3363344;54586;
1085;Sjælland;2022-12-22;M;152;2;9;7826;3363496;54595;
1083;Syddanmark;2022-12-22;M;171;4;14;7830;3363667;54609;
1084;Hovedstaden;2022-12-23;F;231;8;16;7838;3363898;54625;
1082;Midtjylland;2022-12-23;F;159;1;8;7839;3364057;54633;
1081;Nordjylland;2022-12-23;F;91;0;2;7839;3364148;54635;
1085;Sjælland;2022-12-23;F;151;2;8;7841;3364299;54643;
1083;Syddanmark;2022-12-23;F;167;1;6;7842;3364466;54649;
1084;Hovedstaden;2022-12-23;M;226;3;23;7845;3364692;54672;
1082;Midtjylland;2022-12-23;M;152;3;14;7848;3364844;54686;
1081;Nordjylland;2022-12-23;M;61;0;4;7848;3364905;54690;
1085;Sjælland;2022-12-23;M;107;2;9;7850;3365012;54699;
1083;Syddanmark;2022-12-23;M;157;1;16;7851;3365169;54715;
1084;Hovedstaden;2022-12-24;F;135;0;18;7851;3365304;54733;
1082;Midtjylland;2022-12-24;F;31;0;1;7851;3365335;54734;
1081;Nordjylland;2022-12-24;F;22;1;5;7852;3365357;54739;
1085;Sjælland;2022-12-24;F;34;0;4;7852;3365391;54743;
1083;Syddanmark;2022-12-24;F;64;2;9;7854;3365455;54752;
1084;Hovedstaden;2022-12-24;M;98;2;12;7856;3365553;54764;
1082;Midtjylland;2022-12-24;M;27;1;7;7857;3365580;54771;
1081;Nordjylland;2022-12-24;M;21;0;3;7857;3365601;54774;
1085;Sjælland;2022-12-24;M;35;0;5;7857;3365636;54779;
1083;Syddanmark;2022-12-24;M;58;2;7;7859;3365694;54786;
1084;Hovedstaden;2022-12-25;F;107;1;16;7860;3365801;54802;
1082;Midtjylland;2022-12-25;F;59;0;8;7860;3365860;54810;
1081;Nordjylland;2022-12-25;F;34;1;7;7861;3365894;54817;
1085;Sjælland;2022-12-25;F;68;0;6;7861;3365962;54823;
1083;Syddanmark;2022-12-25;F;42;1;12;7862;3366004;54835;
1084;Hovedstaden;2022-12-25;M;81;3;14;7865;3366085;54849;
1082;Midtjylland;2022-12-25;M;54;1;11;7866;3366139;54860;
1081;Nordjylland;2022-12-25;M;18;1;4;7867;3366157;54864;
1085;Sjælland;2022-12-25;M;51;2;10;7869;3366208;54874;
1083;Syddanmark;2022-12-25;M;50;2;15;7871;3366258;54889;
1084;Hovedstaden;2022-12-26;F;161;2;21;7873;3366419;54910;
1082;Midtjylland;2022-12-26;F;60;2;9;7875;3366479;54919;
1081;Nordjylland;2022-12-26;F;37;0;5;7875;3366516;54924;
1085;Sjælland;2022-12-26;F;56;1;7;7876;3366572;54931;
1083;Syddanmark;2022-12-26;F;93;0;7;7876;3366665;54938;
1084;Hovedstaden;2022-12-26;M;126;4;11;7880;3366791;54949;
1082;Midtjylland;2022-12-26;M;49;0;7;7880;3366840;54956;
1081;Nordjylland;2022-12-26;M;27;2;4;7882;3366867;54960;
1085;Sjælland;2022-12-26;M;44;0;8;7882;3366911;54968;
1083;Syddanmark;2022-12-26;M;68;3;13;7885;3366979;54981;
1084;Hovedstaden;2022-12-27;F;177;2;21;7887;3367156;55002;
1082;Midtjylland;2022-12-27;F;174;1;11;7888;3367330;55013;
1081;Nordjylland;2022-12-27;F;77;2;7;7890;3367407;55020;
1085;Sjælland;2022-12-27;F;159;0;8;7890;3367566;55028;
1083;Syddanmark;2022-12-27;F;211;5;17;7895;3367777;55045;
1084;Hovedstaden;2022-12-27;M;138;2;18;7897;3367915;55063;
1082;Midtjylland;2022-12-27;M;152;1;11;7898;3368067;55074;
1081;Nordjylland;2022-12-27;M;53;2;7;7900;3368120;55081;
1085;Sjælland;2022-12-27;M;146;4;6;7904;3368266;55087;
1083;Syddanmark;2022-12-27;M;153;2;13;7906;3368419;55100;
1084;Hovedstaden;2022-12-28;F;179;3;15;7909;3368598;55115;
1082;Midtjylland;2022-12-28;F;169;2;14;7911;3368767;55129;
1081;Nordjylland;2022-12-28;F;61;2;3;7913;3368828;55132;
1085;Sjælland;2022-12-28;F;159;2;13;7915;3368987;55145;
1083;Syddanmark;2022-12-28;F;161;3;13;7918;3369148;55158;
1084;Hovedstaden;2022-12-28;M;163;3;26;7921;3369311;55184;
1082;Midtjylland;2022-12-28;M;122;4;15;7925;3369433;55199;
1081;Nordjylland;2022-12-28;M;56;0;6;7925;3369489;55205;
1085;Sjælland;2022-12-28;M;105;3;13;7928;3369594;55218;
1083;Syddanmark;2022-12-28;M;135;3;13;7931;3369729;55231;
1084;Hovedstaden;2022-12-29;F;185;2;16;7933;3369914;55247;
1082;Midtjylland;2022-12-29;F;175;1;8;7934;3370089;55255;
1081;Nordjylland;2022-12-29;F;56;0;5;7934;3370145;55260;
1085;Sjælland;2022-12-29;F;134;1;6;7935;3370279;55266;
1083;Syddanmark;2022-12-29;F;137;1;12;7936;3370416;55278;
1084;Hovedstaden;2022-12-29;M;145;3;18;7939;3370561;55296;
1082;Midtjylland;2022-12-29;M;142;3;15;7942;3370703;55311;
1081;Nordjylland;2022-12-29;M;53;0;9;7942;3370756;55320;
1085;Sjælland;2022-12-29;M;113;1;13;7943;3370869;55333;
1083;Syddanmark;2022-12-29;M;125;1;15;7944;3370994;55348;
1084;Hovedstaden;2022-12-30;F;153;0;17;7944;3371147;55365;
1082;Midtjylland;2022-12-30;F;137;2;8;7946;3371284;55373;
1081;Nordjylland;2022-12-30;F;66;0;2;7946;3371350;55375;
1085;Sjælland;2022-12-30;F;101;1;7;7947;3371451;55382;
1083;Syddanmark;2022-12-30;F;159;2;11;7949;3371610;55393;
1084;Hovedstaden;2022-12-30;M;120;2;19;7951;3371730;55412;
1082;Midtjylland;2022-12-30;M;119;3;11;7954;3371849;55423;
1081;Nordjylland;2022-12-30;M;44;0;3;7954;3371893;55426;
1085;Sjælland;2022-12-30;M;98;0;11;7954;3371991;55437;
1083;Syddanmark;2022-12-30;M;122;0;6;7954;3372113;55443;
1084;Hovedstaden;2022-12-31;F;100;3;14;7957;3372213;55457;
1082;Midtjylland;2022-12-31;F;48;1;12;7958;3372261;55469;
1081;Nordjylland;2022-12-31;F;25;0;5;7958;3372286;55474;
1085;Sjælland;2022-12-31;F;48;0;7;7958;3372334;55481;
1083;Syddanmark;2022-12-31;F;47;1;7;7959;3372381;55488;
1084;Hovedstaden;2022-12-31;M;75;0;9;7959;3372456;55497;
1082;Midtjylland;2022-12-31;M;36;0;5;7959;3372492;55502;
1081;Nordjylland;2022-12-31;M;16;1;2;7960;3372508;55504;
1085;Sjælland;2022-12-31;M;34;3;10;7963;3372542;55514;
1083;Syddanmark;2022-12-31;M;39;2;12;7965;3372581;55526;
1084;Hovedstaden;2023-01-01;F;83;2;8;7967;3372664;55534;
1082;Midtjylland;2023-01-01;F;42;0;7;7967;3372706;55541;
1081;Nordjylland;2023-01-01;F;24;2;5;7969;3372730;55546;
1085;Sjælland;2023-01-01;F;53;1;6;7970;3372783;55552;
1083;Syddanmark;2023-01-01;F;43;1;6;7971;3372826;55558;
1084;Hovedstaden;2023-01-01;M;63;2;13;7973;3372889;55571;
1082;Midtjylland;2023-01-01;M;31;1;6;7974;3372920;55577;
1081;Nordjylland;2023-01-01;M;18;0;5;7974;3372938;55582;
1085;Sjælland;2023-01-01;M;38;1;7;7975;3372976;55589;
1083;Syddanmark;2023-01-01;M;41;2;9;7977;3373017;55598;
1084;Hovedstaden;2023-01-02;F;132;2;14;7979;3373149;55612;
1082;Midtjylland;2023-01-02;F;152;1;9;7980;3373301;55621;
1081;Nordjylland;2023-01-02;F;81;1;5;7981;3373382;55626;
1085;Sjælland;2023-01-02;F;142;1;13;7982;3373524;55639;
1083;Syddanmark;2023-01-02;F;125;1;12;7983;3373649;55651;
1084;Hovedstaden;2023-01-02;M;86;0;13;7983;3373735;55664;
1082;Midtjylland;2023-01-02;M;115;1;12;7984;3373850;55676;
1081;Nordjylland;2023-01-02;M;50;0;6;7984;3373900;55682;
1085;Sjælland;2023-01-02;M;108;1;9;7985;3374008;55691;
1083;Syddanmark;2023-01-02;M;91;1;8;7986;3374099;55699;
1084;Hovedstaden;2023-01-03;F;150;1;18;7987;3374249;55717;
1082;Midtjylland;2023-01-03;F;123;2;15;7989;3374372;55732;
1081;Nordjylland;2023-01-03;F;54;1;7;7990;3374426;55739;
1085;Sjælland;2023-01-03;F;90;1;8;7991;3374516;55747;
1083;Syddanmark;2023-01-03;F;99;4;15;7995;3374615;55762;
1084;Hovedstaden;2023-01-03;M;86;7;18;8002;3374701;55780;
1082;Midtjylland;2023-01-03;M;91;0;9;8002;3374792;55789;
1081;Nordjylland;2023-01-03;M;39;1;7;8003;3374831;55796;
1085;Sjælland;2023-01-03;M;69;1;12;8004;3374900;55808;
1083;Syddanmark;2023-01-03;M;74;1;9;8005;3374974;55817;
1084;Hovedstaden;2023-01-04;F;126;2;18;8007;3375100;55835;
1082;Midtjylland;2023-01-04;F;97;0;2;8007;3375197;55837;
1081;Nordjylland;2023-01-04;F;45;1;6;8008;3375242;55843;
1085;Sjælland;2023-01-04;F;67;1;6;8009;3375309;55849;
1083;Syddanmark;2023-01-04;F;133;0;8;8009;3375442;55857;
1084;Hovedstaden;2023-01-04;M;100;1;16;8010;3375542;55873;
1082;Midtjylland;2023-01-04;M;76;2;10;8012;3375618;55883;
1081;Nordjylland;2023-01-04;M;34;0;6;8012;3375652;55889;
1085;Sjælland;2023-01-04;M;48;1;6;8013;3375700;55895;
1083;Syddanmark;2023-01-04;M;115;1;8;8014;3375815;55903;
1084;Hovedstaden;2023-01-05;F;77;5;15;8019;3375892;55918;
1082;Midtjylland;2023-01-05;F;73;0;10;8019;3375965;55928;
1081;Nordjylland;2023-01-05;F;34;0;3;8019;3375999;55931;
1085;Sjælland;2023-01-05;F;78;0;6;8019;3376077;55937;
1083;Syddanmark;2023-01-05;F;61;1;11;8020;3376138;55948;
1084;Hovedstaden;2023-01-05;M;72;2;20;8022;3376210;55968;
1082;Midtjylland;2023-01-05;M;73;3;10;8025;3376283;55978;
1081;Nordjylland;2023-01-05;M;21;0;4;8025;3376304;55982;
1085;Sjælland;2023-01-05;M;55;0;6;8025;3376359;55988;
1083;Syddanmark;2023-01-05;M;66;0;6;8025;3376425;55994;
1084;Hovedstaden;2023-01-06;F;82;2;12;8027;3376507;56006;
1082;Midtjylland;2023-01-06;F;55;2;8;8029;3376562;56014;
1081;Nordjylland;2023-01-06;F;30;0;0;8029;3376592;56014;
1085;Sjælland;2023-01-06;F;41;1;5;8030;3376633;56019;
1083;Syddanmark;2023-01-06;F;67;1;3;8031;3376700;56022;
1084;Hovedstaden;2023-01-06;M;61;1;7;8032;3376761;56029;
1082;Midtjylland;2023-01-06;M;55;2;5;8034;3376816;56034;
1081;Nordjylland;2023-01-06;M;30;0;4;8034;3376846;56038;
1085;Sjælland;2023-01-06;M;43;2;13;8036;3376889;56051;
1083;Syddanmark;2023-01-06;M;52;1;10;8037;3376941;56061;
1084;Hovedstaden;2023-01-07;F;50;0;8;8037;3376991;56069;
1082;Midtjylland;2023-01-07;F;37;1;5;8038;3377028;56074;
1081;Nordjylland;2023-01-07;F;21;0;4;8038;3377049;56078;
1085;Sjælland;2023-01-07;F;37;0;3;8038;3377086;56081;
1083;Syddanmark;2023-01-07;F;21;0;2;8038;3377107;56083;
1084;Hovedstaden;2023-01-07;M;35;1;3;8039;3377142;56086;
1082;Midtjylland;2023-01-07;M;31;0;4;8039;3377173;56090;
1081;Nordjylland;2023-01-07;M;8;0;3;8039;3377181;56093;
1085;Sjælland;2023-01-07;M;30;0;6;8039;3377211;56099;
1083;Syddanmark;2023-01-07;M;29;1;8;8040;3377240;56107;
1084;Hovedstaden;2023-01-08;F;53;0;4;8040;3377293;56111;
1082;Midtjylland;2023-01-08;F;32;0;5;8040;3377325;56116;
1081;Nordjylland;2023-01-08;F;16;1;2;8041;3377341;56118;
1085;Sjælland;2023-01-08;F;45;0;8;8041;3377386;56126;
1083;Syddanmark;2023-01-08;F;43;0;3;8041;3377429;56129;
1084;Hovedstaden;2023-01-08;M;35;1;7;8042;3377464;56136;
1082;Midtjylland;2023-01-08;M;30;0;5;8042;3377494;56141;
1081;Nordjylland;2023-01-08;M;10;2;5;8044;3377504;56146;
1085;Sjælland;2023-01-08;M;25;0;4;8044;3377529;56150;
1083;Syddanmark;2023-01-08;M;37;3;8;8047;3377566;56158;
1084;Hovedstaden;2023-01-09;F;67;1;9;8048;3377633;56167;
1082;Midtjylland;2023-01-09;F;59;0;3;8048;3377692;56170;
1081;Nordjylland;2023-01-09;F;30;0;3;8048;3377722;56173;
1085;Sjælland;2023-01-09;F;67;0;7;8048;3377789;56180;
1083;Syddanmark;2023-01-09;F;61;1;1;8049;3377850;56181;
1084;Hovedstaden;2023-01-09;M;57;0;13;8049;3377907;56194;
1082;Midtjylland;2023-01-09;M;52;1;7;8050;3377959;56201;
1081;Nordjylland;2023-01-09;M;29;0;6;8050;3377988;56207;
1085;Sjælland;2023-01-09;M;46;0;7;8050;3378034;56214;
1083;Syddanmark;2023-01-09;M;40;0;6;8050;3378074;56220;
1084;Hovedstaden;2023-01-10;F;53;1;11;8051;3378127;56231;
1082;Midtjylland;2023-01-10;F;40;0;2;8051;3378167;56233;
1081;Nordjylland;2023-01-10;F;15;0;2;8051;3378182;56235;
1085;Sjælland;2023-01-10;F;42;1;9;8052;3378224;56244;
1083;Syddanmark;2023-01-10;F;39;0;1;8052;3378263;56245;
1084;Hovedstaden;2023-01-10;M;37;1;7;8053;3378300;56252;
1082;Midtjylland;2023-01-10;M;40;1;4;8054;3378340;56256;
1081;Nordjylland;2023-01-10;M;14;0;4;8054;3378354;56260;
1085;Sjælland;2023-01-10;M;28;0;4;8054;3378382;56264;
1083;Syddanmark;2023-01-10;M;47;2;10;8056;3378429;56274;
1084;Hovedstaden;2023-01-11;F;40;0;7;8056;3378469;56281;
1082;Midtjylland;2023-01-11;F;38;1;5;8057;3378507;56286;
1081;Nordjylland;2023-01-11;F;15;0;1;8057;3378522;56287;
1085;Sjælland;2023-01-11;F;48;2;10;8059;3378570;56297;
1083;Syddanmark;2023-01-11;F;45;1;6;8060;3378615;56303;
1084;Hovedstaden;2023-01-11;M;37;2;6;8062;3378652;56309;
1082;Midtjylland;2023-01-11;M;27;0;3;8062;3378679;56312;
1081;Nordjylland;2023-01-11;M;20;2;6;8064;3378699;56318;
1085;Sjælland;2023-01-11;M;40;0;1;8064;3378739;56319;
1083;Syddanmark;2023-01-11;M;50;3;9;8067;3378789;56328;
1084;Hovedstaden;2023-01-12;F;31;1;8;8068;3378820;56336;
1082;Midtjylland;2023-01-12;F;47;0;1;8068;3378867;56337;
1081;Nordjylland;2023-01-12;F;15;1;1;8069;3378882;56338;
1085;Sjælland;2023-01-12;F;36;0;9;8069;3378918;56347;
1083;Syddanmark;2023-01-12;F;51;0;5;8069;3378969;56352;
1084;Hovedstaden;2023-01-12;M;27;2;6;8071;3378996;56358;
1082;Midtjylland;2023-01-12;M;36;1;8;8072;3379032;56366;
1081;Nordjylland;2023-01-12;M;11;0;4;8072;3379043;56370;
1085;Sjælland;2023-01-12;M;28;0;3;8072;3379071;56373;
1083;Syddanmark;2023-01-12;M;34;0;8;8072;3379105;56381;
1084;Hovedstaden;2023-01-13;F;38;4;6;8076;3379143;56387;
1082;Midtjylland;2023-01-13;F;26;1;3;8077;3379169;56390;
1081;Nordjylland;2023-01-13;F;16;0;1;8077;3379185;56391;
1085;Sjælland;2023-01-13;F;29;2;2;8079;3379214;56393;
1083;Syddanmark;2023-01-13;F;32;0;8;8079;3379246;56401;
1084;Hovedstaden;2023-01-13;M;24;3;7;8082;3379270;56408;
1082;Midtjylland;2023-01-13;M;30;2;7;8084;3379300;56415;
1081;Nordjylland;2023-01-13;M;11;1;2;8085;3379311;56417;
1085;Sjælland;2023-01-13;M;20;0;7;8085;3379331;56424;
1083;Syddanmark;2023-01-13;M;22;1;2;8086;3379353;56426;
1084;Hovedstaden;2023-01-14;F;14;0;3;8086;3379367;56429;
1082;Midtjylland;2023-01-14;F;20;0;1;8086;3379387;56430;
1081;Nordjylland;2023-01-14;F;9;0;2;8086;3379396;56432;
1085;Sjælland;2023-01-14;F;16;0;3;8086;3379412;56435;
1083;Syddanmark;2023-01-14;F;9;0;2;8086;3379421;56437;
1084;Hovedstaden;2023-01-14;M;22;1;6;8087;3379443;56443;
1082;Midtjylland;2023-01-14;M;16;0;3;8087;3379459;56446;
1081;Nordjylland;2023-01-14;M;4;0;2;8087;3379463;56448;
1085;Sjælland;2023-01-14;M;20;0;1;8087;3379483;56449;
1083;Syddanmark;2023-01-14;M;11;2;4;8089;3379494;56453;
1084;Hovedstaden;2023-01-15;F;15;0;5;8089;3379509;56458;
1082;Midtjylland;2023-01-15;F;22;0;4;8089;3379531;56462;
1081;Nordjylland;2023-01-15;F;8;0;0;8089;3379539;56462;
1085;Sjælland;2023-01-15;F;19;0;2;8089;3379558;56464;
1083;Syddanmark;2023-01-15;F;22;1;3;8090;3379580;56467;
1084;Hovedstaden;2023-01-15;M;23;2;11;8092;3379603;56478;
1082;Midtjylland;2023-01-15;M;11;0;1;8092;3379614;56479;
1081;Nordjylland;2023-01-15;M;5;2;3;8094;3379619;56482;
1085;Sjælland;2023-01-15;M;18;1;1;8095;3379637;56483;
1083;Syddanmark;2023-01-15;M;17;0;2;8095;3379654;56485;
1084;Hovedstaden;2023-01-16;F;44;1;3;8096;3379698;56488;
1082;Midtjylland;2023-01-16;F;23;0;1;8096;3379721;56489;
1081;Nordjylland;2023-01-16;F;22;0;5;8096;3379743;56494;
1085;Sjælland;2023-01-16;F;27;0;3;8096;3379770;56497;
1083;Syddanmark;2023-01-16;F;40;1;4;8097;3379810;56501;
1084;Hovedstaden;2023-01-16;M;44;1;6;8098;3379854;56507;
1082;Midtjylland;2023-01-16;M;25;0;3;8098;3379879;56510;
1081;Nordjylland;2023-01-16;M;7;0;4;8098;3379886;56514;
1085;Sjælland;2023-01-16;M;22;1;6;8099;3379908;56520;
1083;Syddanmark;2023-01-16;M;32;0;7;8099;3379940;56527;
1084;Hovedstaden;2023-01-17;F;25;0;5;8099;3379965;56532;
1082;Midtjylland;2023-01-17;F;25;0;4;8099;3379990;56536;
1081;Nordjylland;2023-01-17;F;10;0;0;8099;3380000;56536;
1085;Sjælland;2023-01-17;F;33;0;0;8099;3380033;56536;
1083;Syddanmark;2023-01-17;F;35;1;7;8100;3380068;56543;
1084;Hovedstaden;2023-01-17;M;21;3;7;8103;3380089;56550;
1082;Midtjylland;2023-01-17;M;18;0;1;8103;3380107;56551;
1081;Nordjylland;2023-01-17;M;7;0;0;8103;3380114;56551;
1085;Sjælland;2023-01-17;M;17;0;3;8103;3380131;56554;
1083;Syddanmark;2023-01-17;M;21;0;4;8103;3380152;56558;
1084;Hovedstaden;2023-01-18;F;33;1;4;8104;3380185;56562;
1082;Midtjylland;2023-01-18;F;22;0;4;8104;3380207;56566;
1081;Nordjylland;2023-01-18;F;12;0;0;8104;3380219;56566;
1085;Sjælland;2023-01-18;F;24;0;3;8104;3380243;56569;
1083;Syddanmark;2023-01-18;F;30;1;2;8105;3380273;56571;
1084;Hovedstaden;2023-01-18;M;18;0;2;8105;3380291;56573;
1082;Midtjylland;2023-01-18;M;12;0;1;8105;3380303;56574;
1081;Nordjylland;2023-01-18;M;9;1;2;8106;3380312;56576;
1085;Sjælland;2023-01-18;M;18;0;2;8106;3380330;56578;
1083;Syddanmark;2023-01-18;M;21;1;5;8107;3380351;56583;
1084;Hovedstaden;2023-01-19;F;25;2;6;8109;3380376;56589;
1082;Midtjylland;2023-01-19;F;24;0;1;8109;3380400;56590;
1081;Nordjylland;2023-01-19;F;3;0;0;8109;3380403;56590;
1085;Sjælland;2023-01-19;F;26;0;1;8109;3380429;56591;
1083;Syddanmark;2023-01-19;F;27;2;2;8111;3380456;56593;
1084;Hovedstaden;2023-01-19;M;24;0;6;8111;3380480;56599;
1082;Midtjylland;2023-01-19;M;17;2;4;8113;3380497;56603;
1081;Nordjylland;2023-01-19;M;5;0;2;8113;3380502;56605;
1085;Sjælland;2023-01-19;M;17;0;2;8113;3380519;56607;
1083;Syddanmark;2023-01-19;M;24;2;8;8115;3380543;56615;
1084;Hovedstaden;2023-01-20;F;27;1;1;8116;3380570;56616;
1082;Midtjylland;2023-01-20;F;19;0;2;8116;3380589;56618;
1081;Nordjylland;2023-01-20;F;8;0;2;8116;3380597;56620;
1085;Sjælland;2023-01-20;F;10;0;1;8116;3380607;56621;
1083;Syddanmark;2023-01-20;F;30;1;2;8117;3380637;56623;
1084;Hovedstaden;2023-01-20;M;16;1;2;8118;3380653;56625;
1082;Midtjylland;2023-01-20;M;11;1;1;8119;3380664;56626;
1081;Nordjylland;2023-01-20;M;7;2;5;8121;3380671;56631;
1085;Sjælland;2023-01-20;M;11;2;3;8123;3380682;56634;
1083;Syddanmark;2023-01-20;M;16;0;2;8123;3380698;56636;
1084;Hovedstaden;2023-01-21;F;19;1;3;8124;3380717;56639;
1082;Midtjylland;2023-01-21;F;12;0;3;8124;3380729;56642;
1081;Nordjylland;2023-01-21;F;5;0;0;8124;3380734;56642;
1085;Sjælland;2023-01-21;F;10;0;0;8124;3380744;56642;
1083;Syddanmark;2023-01-21;F;8;1;3;8125;3380752;56645;
1084;Hovedstaden;2023-01-21;M;10;1;2;8126;3380762;56647;
1082;Midtjylland;2023-01-21;M;12;0;3;8126;3380774;56650;
1081;Nordjylland;2023-01-21;M;8;2;2;8128;3380782;56652;
1085;Sjælland;2023-01-21;M;9;1;3;8129;3380791;56655;
1083;Syddanmark;2023-01-21;M;7;0;3;8129;3380798;56658;
1084;Hovedstaden;2023-01-22;F;18;0;6;8129;3380816;56664;
1082;Midtjylland;2023-01-22;F;16;0;1;8129;3380832;56665;
1081;Nordjylland;2023-01-22;F;4;0;1;8129;3380836;56666;
1085;Sjælland;2023-01-22;F;12;0;1;8129;3380848;56667;
1083;Syddanmark;2023-01-22;F;25;0;4;8129;3380873;56671;
1084;Hovedstaden;2023-01-22;M;23;3;5;8132;3380896;56676;
1082;Midtjylland;2023-01-22;M;14;0;0;8132;3380910;56676;
1081;Nordjylland;2023-01-22;M;2;0;1;8132;3380912;56677;
1085;Sjælland;2023-01-22;M;6;1;3;8133;3380918;56680;
1083;Syddanmark;2023-01-22;M;15;0;3;8133;3380933;56683;
1084;Hovedstaden;2023-01-23;F;20;1;2;8134;3380953;56685;
1082;Midtjylland;2023-01-23;F;19;1;3;8135;3380972;56688;
1081;Nordjylland;2023-01-23;F;10;1;2;8136;3380982;56690;
1085;Sjælland;2023-01-23;F;11;0;1;8136;3380993;56691;
1083;Syddanmark;2023-01-23;F;25;0;2;8136;3381018;56693;
1084;Hovedstaden;2023-01-23;M;20;0;6;8136;3381038;56699;
1082;Midtjylland;2023-01-23;M;14;0;2;8136;3381052;56701;
1081;Nordjylland;2023-01-23;M;5;1;1;8137;3381057;56702;
1085;Sjælland;2023-01-23;M;17;0;0;8137;3381074;56702;
1083;Syddanmark;2023-01-23;M;33;0;1;8137;3381107;56703;
1084;Hovedstaden;2023-01-24;F;17;0;2;8137;3381124;56705;
1082;Midtjylland;2023-01-24;F;19;1;3;8138;3381143;56708;
1081;Nordjylland;2023-01-24;F;6;1;1;8139;3381149;56709;
1085;Sjælland;2023-01-24;F;15;0;2;8139;3381164;56711;
1083;Syddanmark;2023-01-24;F;37;0;1;8139;3381201;56712;
1084;Hovedstaden;2023-01-24;M;19;0;4;8139;3381220;56716;
1082;Midtjylland;2023-01-24;M;19;0;1;8139;3381239;56717;
1081;Nordjylland;2023-01-24;M;8;0;1;8139;3381247;56718;
1085;Sjælland;2023-01-24;M;9;0;2;8139;3381256;56720;
1083;Syddanmark;2023-01-24;M;10;0;1;8139;3381266;56721;
1084;Hovedstaden;2023-01-25;F;29;0;3;8139;3381295;56724;
1082;Midtjylland;2023-01-25;F;18;0;2;8139;3381313;56726;
1081;Nordjylland;2023-01-25;F;7;0;0;8139;3381320;56726;
1085;Sjælland;2023-01-25;F;23;0;0;8139;3381343;56726;
1083;Syddanmark;2023-01-25;F;41;0;3;8139;3381384;56729;
1084;Hovedstaden;2023-01-25;M;23;0;4;8139;3381407;56733;
1082;Midtjylland;2023-01-25;M;15;1;3;8140;3381422;56736;
1081;Nordjylland;2023-01-25;M;5;0;0;8140;3381427;56736;
1085;Sjælland;2023-01-25;M;21;0;1;8140;3381448;56737;
1083;Syddanmark;2023-01-25;M;19;0;0;8140;3381467;56737;
1084;Hovedstaden;2023-01-26;F;26;0;3;8140;3381493;56740;
1082;Midtjylland;2023-01-26;F;19;0;4;8140;3381512;56744;
1081;Nordjylland;2023-01-26;F;3;0;0;8140;3381515;56744;
1085;Sjælland;2023-01-26;F;21;0;1;8140;3381536;56745;
1083;Syddanmark;2023-01-26;F;23;0;0;8140;3381559;56745;
1084;Hovedstaden;2023-01-26;M;16;0;2;8140;3381575;56747;
1082;Midtjylland;2023-01-26;M;23;0;0;8140;3381598;56747;
1081;Nordjylland;2023-01-26;M;4;0;1;8140;3381602;56748;
1085;Sjælland;2023-01-26;M;10;0;2;8140;3381612;56750;
1083;Syddanmark;2023-01-26;M;16;1;5;8141;3381628;56755;
1084;Hovedstaden;2023-01-27;F;13;0;3;8141;3381641;56758;
1082;Midtjylland;2023-01-27;F;23;0;0;8141;3381664;56758;
1081;Nordjylland;2023-01-27;F;9;0;0;8141;3381673;56758;
1085;Sjælland;2023-01-27;F;16;1;2;8142;3381689;56760;
1083;Syddanmark;2023-01-27;F;26;1;0;8143;3381715;56760;
1084;Hovedstaden;2023-01-27;M;8;1;2;8144;3381723;56762;
1082;Midtjylland;2023-01-27;M;19;0;2;8144;3381742;56764;
1081;Nordjylland;2023-01-27;M;5;0;1;8144;3381747;56765;
1085;Sjælland;2023-01-27;M;13;1;3;8145;3381760;56768;
1083;Syddanmark;2023-01-27;M;13;1;2;8146;3381773;56770;
1084;Hovedstaden;2023-01-28;F;13;0;3;8146;3381786;56773;
1082;Midtjylland;2023-01-28;F;11;0;1;8146;3381797;56774;
1081;Nordjylland;2023-01-28;F;6;0;0;8146;3381803;56774;
1085;Sjælland;2023-01-28;F;17;0;3;8146;3381820;56777;
1083;Syddanmark;2023-01-28;F;16;0;3;8146;3381836;56780;
1084;Hovedstaden;2023-01-28;M;7;0;1;8146;3381843;56781;
1082;Midtjylland;2023-01-28;M;17;0;2;8146;3381860;56783;
1081;Nordjylland;2023-01-28;M;2;1;1;8147;3381862;56784;
1085;Sjælland;2023-01-28;M;10;0;2;8147;3381872;56786;
1083;Syddanmark;2023-01-28;M;11;0;1;8147;3381883;56787;
1084;Hovedstaden;2023-01-29;F;16;0;3;8147;3381899;56790;
1082;Midtjylland;2023-01-29;F;20;0;2;8147;3381919;56792;
1081;Nordjylland;2023-01-29;F;1;0;0;8147;3381920;56792;
1085;Sjælland;2023-01-29;F;15;1;2;8148;3381935;56794;
1083;Syddanmark;2023-01-29;F;20;2;0;8150;3381955;56794;
1084;Hovedstaden;2023-01-29;M;14;0;4;8150;3381969;56798;
1082;Midtjylland;2023-01-29;M;11;0;0;8150;3381980;56798;
1081;Nordjylland;2023-01-29;M;3;0;0;8150;3381983;56798;
1085;Sjælland;2023-01-29;M;16;0;0;8150;3381999;56798;
1083;Syddanmark;2023-01-29;M;15;2;3;8152;3382014;56801;
1084;Hovedstaden;2023-01-30;F;28;0;2;8152;3382042;56803;
1082;Midtjylland;2023-01-30;F;32;0;4;8152;3382074;56807;
1081;Nordjylland;2023-01-30;F;4;0;2;8152;3382078;56809;
1085;Sjælland;2023-01-30;F;18;1;2;8153;3382096;56811;
1083;Syddanmark;2023-01-30;F;31;1;3;8154;3382127;56814;
1084;Hovedstaden;2023-01-30;M;20;0;6;8154;3382147;56820;
1082;Midtjylland;2023-01-30;M;21;0;1;8154;3382168;56821;
1081;Nordjylland;2023-01-30;M;6;0;3;8154;3382174;56824;
1085;Sjælland;2023-01-30;M;19;0;3;8154;3382193;56827;
1083;Syddanmark;2023-01-30;M;16;0;2;8154;3382209;56829;
1084;Hovedstaden;2023-01-31;F;24;0;3;8154;3382233;56832;
1082;Midtjylland;2023-01-31;F;29;0;5;8154;3382262;56837;
1081;Nordjylland;2023-01-31;F;6;0;1;8154;3382268;56838;
1085;Sjælland;2023-01-31;F;14;0;2;8154;3382282;56840;
1083;Syddanmark;2023-01-31;F;14;0;1;8154;3382296;56841;
1084;Hovedstaden;2023-01-31;M;11;0;1;8154;3382307;56842;
1082;Midtjylland;2023-01-31;M;16;0;1;8154;3382323;56843;
1081;Nordjylland;2023-01-31;M;9;1;5;8155;3382332;56848;
1085;Sjælland;2023-01-31;M;18;0;1;8155;3382350;56849;
1083;Syddanmark;2023-01-31;M;12;1;2;8156;3382362;56851;
1084;Hovedstaden;2023-02-01;F;20;1;4;8157;3382382;56855;
1082;Midtjylland;2023-02-01;F;19;2;4;8159;3382401;56859;
1081;Nordjylland;2023-02-01;F;6;0;1;8159;3382407;56860;
1085;Sjælland;2023-02-01;F;23;0;4;8159;3382430;56864;
1083;Syddanmark;2023-02-01;F;33;0;1;8159;3382463;56865;
1084;Hovedstaden;2023-02-01;M;22;0;3;8159;3382485;56868;
1082;Midtjylland;2023-02-01;M;15;0;2;8159;3382500;56870;
1081;Nordjylland;2023-02-01;M;5;1;5;8160;3382505;56875;
1085;Sjælland;2023-02-01;M;13;1;2;8161;3382518;56877;
1083;Syddanmark;2023-02-01;M;25;0;2;8161;3382543;56879;
1084;Hovedstaden;2023-02-02;F;14;0;2;8161;3382557;56881;
1082;Midtjylland;2023-02-02;F;23;0;3;8161;3382580;56884;
1081;Nordjylland;2023-02-02;F;15;1;1;8162;3382595;56885;
1085;Sjælland;2023-02-02;F;15;0;2;8162;3382610;56887;
1083;Syddanmark;2023-02-02;F;15;1;2;8163;3382625;56889;
1084;Hovedstaden;2023-02-02;M;20;0;4;8163;3382645;56893;
1082;Midtjylland;2023-02-02;M;11;1;3;8164;3382656;56896;
1081;Nordjylland;2023-02-02;M;9;0;0;8164;3382665;56896;
1085;Sjælland;2023-02-02;M;12;1;1;8165;3382677;56897;
1083;Syddanmark;2023-02-02;M;16;1;2;8166;3382693;56899;
1084;Hovedstaden;2023-02-03;F;18;0;5;8166;3382711;56904;
1082;Midtjylland;2023-02-03;F;26;0;2;8166;3382737;56906;
1081;Nordjylland;2023-02-03;F;4;0;0;8166;3382741;56906;
1085;Sjælland;2023-02-03;F;12;0;1;8166;3382753;56907;
1083;Syddanmark;2023-02-03;F;13;0;2;8166;3382766;56909;
1084;Hovedstaden;2023-02-03;M;17;0;1;8166;3382783;56910;
1082;Midtjylland;2023-02-03;M;12;0;1;8166;3382795;56911;
1081;Nordjylland;2023-02-03;M;7;1;2;8167;3382802;56913;
1085;Sjælland;2023-02-03;M;4;1;1;8168;3382806;56914;
1083;Syddanmark;2023-02-03;M;12;1;2;8169;3382818;56916;
1084;Hovedstaden;2023-02-04;F;16;0;3;8169;3382834;56919;
1082;Midtjylland;2023-02-04;F;6;0;0;8169;3382840;56919;
1081;Nordjylland;2023-02-04;F;5;0;0;8169;3382845;56919;
1085;Sjælland;2023-02-04;F;16;0;1;8169;3382861;56920;
1083;Syddanmark;2023-02-04;F;8;0;2;8169;3382869;56922;
1084;Hovedstaden;2023-02-04;M;19;2;6;8171;3382888;56928;
1082;Midtjylland;2023-02-04;M;9;0;4;8171;3382897;56932;
1081;Nordjylland;2023-02-04;M;5;1;1;8172;3382902;56933;
1085;Sjælland;2023-02-04;M;8;0;2;8172;3382910;56935;
1083;Syddanmark;2023-02-04;M;7;0;0;8172;3382917;56935;
1084;Hovedstaden;2023-02-05;F;11;0;4;8172;3382928;56939;
1082;Midtjylland;2023-02-05;F;8;0;2;8172;3382936;56941;
1081;Nordjylland;2023-02-05;F;2;1;2;8173;3382938;56943;
1085;Sjælland;2023-02-05;F;7;0;2;8173;3382945;56945;
1083;Syddanmark;2023-02-05;F;22;0;3;8173;3382967;56948;
1084;Hovedstaden;2023-02-05;M;5;0;0;8173;3382972;56948;
1082;Midtjylland;2023-02-05;M;13;0;3;8173;3382985;56951;
1081;Nordjylland;2023-02-05;M;2;0;2;8173;3382987;56953;
1085;Sjælland;2023-02-05;M;8;0;2;8173;3382995;56955;
1083;Syddanmark;2023-02-05;M;14;1;6;8174;3383009;56961;
1084;Hovedstaden;2023-02-06;F;19;0;1;8174;3383028;56962;
1082;Midtjylland;2023-02-06;F;24;1;1;8175;3383052;56963;
1081;Nordjylland;2023-02-06;F;5;0;0;8175;3383057;56963;
1085;Sjælland;2023-02-06;F;26;0;3;8175;3383083;56966;
1083;Syddanmark;2023-02-06;F;31;1;4;8176;3383114;56970;
1084;Hovedstaden;2023-02-06;M;13;0;1;8176;3383127;56971;
1082;Midtjylland;2023-02-06;M;17;0;3;8176;3383144;56974;
1081;Nordjylland;2023-02-06;M;9;1;3;8177;3383153;56977;
1085;Sjælland;2023-02-06;M;15;0;1;8177;3383168;56978;
1083;Syddanmark;2023-02-06;M;21;1;9;8178;3383189;56987;
1084;Hovedstaden;2023-02-07;F;29;1;5;8179;3383218;56992;
1082;Midtjylland;2023-02-07;F;19;0;4;8179;3383237;56996;
1081;Nordjylland;2023-02-07;F;8;0;3;8179;3383245;56999;
1085;Sjælland;2023-02-07;F;11;0;0;8179;3383256;56999;
1083;Syddanmark;2023-02-07;F;22;0;1;8179;3383278;57000;
1084;Hovedstaden;2023-02-07;M;16;1;6;8180;3383294;57006;
1082;Midtjylland;2023-02-07;M;16;1;5;8181;3383310;57011;
1081;Nordjylland;2023-02-07;M;9;0;2;8181;3383319;57013;
1085;Sjælland;2023-02-07;M;9;1;3;8182;3383328;57016;
1083;Syddanmark;2023-02-07;M;18;0;6;8182;3383346;57022;
1084;Hovedstaden;2023-02-08;F;16;0;3;8182;3383362;57025;
1082;Midtjylland;2023-02-08;F;21;0;1;8182;3383383;57026;
1081;Nordjylland;2023-02-08;F;2;0;0;8182;3383385;57026;
1085;Sjælland;2023-02-08;F;17;1;2;8183;3383402;57028;
1083;Syddanmark;2023-02-08;F;23;0;6;8183;3383425;57034;
1084;Hovedstaden;2023-02-08;M;24;0;4;8183;3383449;57038;
1082;Midtjylland;2023-02-08;M;23;1;4;8184;3383472;57042;
1081;Nordjylland;2023-02-08;M;3;0;0;8184;3383475;57042;
1085;Sjælland;2023-02-08;M;13;0;1;8184;3383488;57043;
1083;Syddanmark;2023-02-08;M;18;0;3;8184;3383506;57046;
1084;Hovedstaden;2023-02-09;F;14;2;5;8186;3383520;57051;
1082;Midtjylland;2023-02-09;F;14;1;2;8187;3383534;57053;
1081;Nordjylland;2023-02-09;F;11;0;2;8187;3383545;57055;
1085;Sjælland;2023-02-09;F;18;1;2;8188;3383563;57057;
1083;Syddanmark;2023-02-09;F;22;1;2;8189;3383585;57059;
1084;Hovedstaden;2023-02-09;M;13;0;2;8189;3383598;57061;
1082;Midtjylland;2023-02-09;M;11;0;0;8189;3383609;57061;
1081;Nordjylland;2023-02-09;M;7;0;1;8189;3383616;57062;
1085;Sjælland;2023-02-09;M;15;0;4;8189;3383631;57066;
1083;Syddanmark;2023-02-09;M;16;1;3;8190;3383647;57069;
1084;Hovedstaden;2023-02-10;F;15;1;2;8191;3383662;57071;
1082;Midtjylland;2023-02-10;F;20;0;1;8191;3383682;57072;
1081;Nordjylland;2023-02-10;F;9;1;2;8192;3383691;57074;
1085;Sjælland;2023-02-10;F;19;1;2;8193;3383710;57076;
1083;Syddanmark;2023-02-10;F;14;0;4;8193;3383724;57080;
1084;Hovedstaden;2023-02-10;M;18;0;1;8193;3383742;57081;
1082;Midtjylland;2023-02-10;M;19;1;3;8194;3383761;57084;
1085;Sjælland;2023-02-10;M;14;0;2;8194;3383775;57086;
1083;Syddanmark;2023-02-10;M;18;1;3;8195;3383793;57089;
1084;Hovedstaden;2023-02-11;F;20;1;3;8196;3383813;57092;
1082;Midtjylland;2023-02-11;F;7;0;1;8196;3383820;57093;
1081;Nordjylland;2023-02-11;F;4;0;1;8196;3383824;57094;
1085;Sjælland;2023-02-11;F;6;0;0;8196;3383830;57094;
1083;Syddanmark;2023-02-11;F;7;0;0;8196;3383837;57094;
1084;Hovedstaden;2023-02-11;M;15;1;2;8197;3383852;57096;
1082;Midtjylland;2023-02-11;M;11;1;8;8198;3383863;57104;
1081;Nordjylland;2023-02-11;M;3;0;1;8198;3383866;57105;
1085;Sjælland;2023-02-11;M;7;2;4;8200;3383873;57109;
1083;Syddanmark;2023-02-11;M;5;0;1;8200;3383878;57110;
1084;Hovedstaden;2023-02-12;F;19;0;1;8200;3383897;57111;
1082;Midtjylland;2023-02-12;F;11;0;2;8200;3383908;57113;
1081;Nordjylland;2023-02-12;F;1;0;0;8200;3383909;57113;
1085;Sjælland;2023-02-12;F;8;0;1;8200;3383917;57114;
1083;Syddanmark;2023-02-12;F;23;0;0;8200;3383940;57114;
1084;Hovedstaden;2023-02-12;M;11;1;1;8201;3383951;57115;
1082;Midtjylland;2023-02-12;M;7;0;3;8201;3383958;57118;
1081;Nordjylland;2023-02-12;M;2;1;1;8202;3383960;57119;
1085;Sjælland;2023-02-12;M;8;0;2;8202;3383968;57121;
1083;Syddanmark;2023-02-12;M;17;1;4;8203;3383985;57125;
1084;Hovedstaden;2023-02-13;F;30;0;3;8203;3384015;57128;
1082;Midtjylland;2023-02-13;F;15;0;4;8203;3384030;57132;
1081;Nordjylland;2023-02-13;F;6;0;0;8203;3384036;57132;
1085;Sjælland;2023-02-13;F;14;1;3;8204;3384050;57135;
1083;Syddanmark;2023-02-13;F;19;1;1;8205;3384069;57136;
1084;Hovedstaden;2023-02-13;M;18;0;5;8205;3384087;57141;
1082;Midtjylland;2023-02-13;M;11;0;4;8205;3384098;57145;
1081;Nordjylland;2023-02-13;M;5;1;2;8206;3384103;57147;
1085;Sjælland;2023-02-13;M;18;1;3;8207;3384121;57150;
1083;Syddanmark;2023-02-13;M;23;0;3;8207;3384144;57153;
1084;Hovedstaden;2023-02-14;F;24;2;7;8209;3384168;57160;
1082;Midtjylland;2023-02-14;F;11;0;0;8209;3384179;57160;
1081;Nordjylland;2023-02-14;F;2;0;0;8209;3384181;57160;
1085;Sjælland;2023-02-14;F;23;1;2;8210;3384204;57162;
1083;Syddanmark;2023-02-14;F;15;1;6;8211;3384219;57168;
1084;Hovedstaden;2023-02-14;M;18;1;2;8212;3384237;57170;
1082;Midtjylland;2023-02-14;M;19;2;2;8214;3384256;57172;
1081;Nordjylland;2023-02-14;M;7;0;1;8214;3384263;57173;
1085;Sjælland;2023-02-14;M;23;2;6;8216;3384286;57179;
1083;Syddanmark;2023-02-14;M;7;0;2;8216;3384293;57181;
1084;Hovedstaden;2023-02-15;F;15;1;3;8217;3384308;57184;
1082;Midtjylland;2023-02-15;F;8;0;2;8217;3384316;57186;
1081;Nordjylland;2023-02-15;F;8;0;2;8217;3384324;57188;
1085;Sjælland;2023-02-15;F;6;0;0;8217;3384330;57188;
1083;Syddanmark;2023-02-15;F;22;0;2;8217;3384352;57190;
1084;Hovedstaden;2023-02-15;M;13;0;2;8217;3384365;57192;
1082;Midtjylland;2023-02-15;M;9;0;3;8217;3384374;57195;
1081;Nordjylland;2023-02-15;M;8;0;1;8217;3384382;57196;
1085;Sjælland;2023-02-15;M;15;0;1;8217;3384397;57197;
1083;Syddanmark;2023-02-15;M;16;1;8;8218;3384413;57205;
1084;Hovedstaden;2023-02-16;F;21;0;1;8218;3384434;57206;
1082;Midtjylland;2023-02-16;F;9;0;1;8218;3384443;57207;
1081;Nordjylland;2023-02-16;F;7;0;1;8218;3384450;57208;
1085;Sjælland;2023-02-16;F;16;1;4;8219;3384466;57212;
1083;Syddanmark;2023-02-16;F;18;1;2;8220;3384484;57214;
1084;Hovedstaden;2023-02-16;M;22;2;4;8222;3384506;57218;
1082;Midtjylland;2023-02-16;M;8;0;1;8222;3384514;57219;
1081;Nordjylland;2023-02-16;M;2;0;1;8222;3384516;57220;
1085;Sjælland;2023-02-16;M;9;0;0;8222;3384525;57220;
1083;Syddanmark;2023-02-16;M;13;0;2;8222;3384538;57222;
1084;Hovedstaden;2023-02-17;F;20;0;3;8222;3384558;57225;
1082;Midtjylland;2023-02-17;F;9;0;2;8222;3384567;57227;
1081;Nordjylland;2023-02-17;F;9;0;2;8222;3384576;57229;
1085;Sjælland;2023-02-17;F;11;1;1;8223;3384587;57230;
1083;Syddanmark;2023-02-17;F;13;0;2;8223;3384600;57232;
1084;Hovedstaden;2023-02-17;M;16;0;3;8223;3384616;57235;
1082;Midtjylland;2023-02-17;M;13;0;5;8223;3384629;57240;
1081;Nordjylland;2023-02-17;M;5;0;1;8223;3384634;57241;
1085;Sjælland;2023-02-17;M;10;0;0;8223;3384644;57241;
1083;Syddanmark;2023-02-17;M;12;0;2;8223;3384656;57243;
1084;Hovedstaden;2023-02-18;F;15;0;3;8223;3384671;57246;
1082;Midtjylland;2023-02-18;F;7;0;1;8223;3384678;57247;
1081;Nordjylland;2023-02-18;F;3;1;2;8224;3384681;57249;
1085;Sjælland;2023-02-18;F;9;0;1;8224;3384690;57250;
1083;Syddanmark;2023-02-18;F;4;0;1;8224;3384694;57251;
1084;Hovedstaden;2023-02-18;M;18;1;5;8225;3384712;57256;
1082;Midtjylland;2023-02-18;M;7;0;3;8225;3384719;57259;
1081;Nordjylland;2023-02-18;M;5;1;4;8226;3384724;57263;
1085;Sjælland;2023-02-18;M;8;0;2;8226;3384732;57265;
1083;Syddanmark;2023-02-18;M;6;0;3;8226;3384738;57268;
1084;Hovedstaden;2023-02-19;F;21;2;4;8228;3384759;57272;
1082;Midtjylland;2023-02-19;F;7;0;0;8228;3384766;57272;
1081;Nordjylland;2023-02-19;F;3;0;2;8228;3384769;57274;
1085;Sjælland;2023-02-19;F;9;1;2;8229;3384778;57276;
1083;Syddanmark;2023-02-19;F;12;0;3;8229;3384790;57279;
1084;Hovedstaden;2023-02-19;M;22;1;9;8230;3384812;57288;
1082;Midtjylland;2023-02-19;M;9;0;2;8230;3384821;57290;
1081;Nordjylland;2023-02-19;M;4;1;2;8231;3384825;57292;
1085;Sjælland;2023-02-19;M;6;0;1;8231;3384831;57293;
1083;Syddanmark;2023-02-19;M;10;0;2;8231;3384841;57295;
1084;Hovedstaden;2023-02-20;F;32;1;4;8232;3384873;57299;
1082;Midtjylland;2023-02-20;F;15;0;0;8232;3384888;57299;
1081;Nordjylland;2023-02-20;F;8;0;1;8232;3384896;57300;
1085;Sjælland;2023-02-20;F;13;0;3;8232;3384909;57303;
1083;Syddanmark;2023-02-20;F;22;0;4;8232;3384931;57307;
1084;Hovedstaden;2023-02-20;M;31;0;3;8232;3384962;57310;
1082;Midtjylland;2023-02-20;M;10;0;2;8232;3384972;57312;
1081;Nordjylland;2023-02-20;M;7;0;1;8232;3384979;57313;
1085;Sjælland;2023-02-20;M;12;0;0;8232;3384991;57313;
1083;Syddanmark;2023-02-20;M;22;0;4;8232;3385013;57317;
1084;Hovedstaden;2023-02-21;F;27;1;4;8233;3385040;57321;
1082;Midtjylland;2023-02-21;F;10;0;1;8233;3385050;57322;
1081;Nordjylland;2023-02-21;F;4;1;2;8234;3385054;57324;
1085;Sjælland;2023-02-21;F;13;1;2;8235;3385067;57326;
1083;Syddanmark;2023-02-21;F;6;0;0;8235;3385073;57326;
1084;Hovedstaden;2023-02-21;M;23;3;6;8238;3385096;57332;
1082;Midtjylland;2023-02-21;M;9;0;0;8238;3385105;57332;
1081;Nordjylland;2023-02-21;M;5;2;4;8240;3385110;57336;
1085;Sjælland;2023-02-21;M;6;0;2;8240;3385116;57338;
1083;Syddanmark;2023-02-21;M;9;0;4;8240;3385125;57342;
1084;Hovedstaden;2023-02-22;F;25;1;7;8241;3385150;57349;
1082;Midtjylland;2023-02-22;F;11;0;3;8241;3385161;57352;
1081;Nordjylland;2023-02-22;F;5;0;1;8241;3385166;57353;
1085;Sjælland;2023-02-22;F;19;0;4;8241;3385185;57357;
1083;Syddanmark;2023-02-22;F;23;0;3;8241;3385208;57360;
1084;Hovedstaden;2023-02-22;M;20;0;3;8241;3385228;57363;
1082;Midtjylland;2023-02-22;M;7;0;2;8241;3385235;57365;
1081;Nordjylland;2023-02-22;M;5;0;0;8241;3385240;57365;
1085;Sjælland;2023-02-22;M;18;0;0;8241;3385258;57365;
1083;Syddanmark;2023-02-22;M;17;0;5;8241;3385275;57370;
1084;Hovedstaden;2023-02-23;F;26;0;1;8241;3385301;57371;
1082;Midtjylland;2023-02-23;F;10;0;4;8241;3385311;57375;
1081;Nordjylland;2023-02-23;F;2;0;0;8241;3385313;57375;
1085;Sjælland;2023-02-23;F;7;0;0;8241;3385320;57375;
1083;Syddanmark;2023-02-23;F;13;0;4;8241;3385333;57379;
1084;Hovedstaden;2023-02-23;M;19;2;4;8243;3385352;57383;
1082;Midtjylland;2023-02-23;M;7;1;3;8244;3385359;57386;
1081;Nordjylland;2023-02-23;M;5;1;2;8245;3385364;57388;
1085;Sjælland;2023-02-23;M;4;0;1;8245;3385368;57389;
1083;Syddanmark;2023-02-23;M;16;0;5;8245;3385384;57394;
1084;Hovedstaden;2023-02-24;F;16;0;4;8245;3385400;57398;
1082;Midtjylland;2023-02-24;F;13;1;3;8246;3385413;57401;
1081;Nordjylland;2023-02-24;F;7;0;2;8246;3385420;57403;
1085;Sjælland;2023-02-24;F;9;0;1;8246;3385429;57404;
1083;Syddanmark;2023-02-24;F;14;0;3;8246;3385443;57407;
1084;Hovedstaden;2023-02-24;M;12;1;4;8247;3385455;57411;
1082;Midtjylland;2023-02-24;M;16;0;2;8247;3385471;57413;
1081;Nordjylland;2023-02-24;M;3;0;1;8247;3385474;57414;
1085;Sjælland;2023-02-24;M;12;0;3;8247;3385486;57417;
1083;Syddanmark;2023-02-24;M;9;0;4;8247;3385495;57421;
1084;Hovedstaden;2023-02-25;F;18;1;4;8248;3385513;57425;
1082;Midtjylland;2023-02-25;F;4;0;1;8248;3385517;57426;
1081;Nordjylland;2023-02-25;F;2;0;0;8248;3385519;57426;
1085;Sjælland;2023-02-25;F;5;0;0;8248;3385524;57426;
1083;Syddanmark;2023-02-25;F;6;0;2;8248;3385530;57428;
1084;Hovedstaden;2023-02-25;M;13;1;3;8249;3385543;57431;
1082;Midtjylland;2023-02-25;M;6;0;2;8249;3385549;57433;
1085;Sjælland;2023-02-25;M;13;0;3;8249;3385562;57436;
1083;Syddanmark;2023-02-25;M;2;0;0;8249;3385564;57436;
1084;Hovedstaden;2023-02-26;F;17;1;4;8250;3385581;57440;
1082;Midtjylland;2023-02-26;F;6;0;1;8250;3385587;57441;
1081;Nordjylland;2023-02-26;F;3;0;0;8250;3385590;57441;
1085;Sjælland;2023-02-26;F;8;0;2;8250;3385598;57443;
1083;Syddanmark;2023-02-26;F;7;0;1;8250;3385605;57444;
1084;Hovedstaden;2023-02-26;M;15;1;7;8251;3385620;57451;
1082;Midtjylland;2023-02-26;M;4;0;0;8251;3385624;57451;
1081;Nordjylland;2023-02-26;M;3;0;2;8251;3385627;57453;
1085;Sjælland;2023-02-26;M;6;0;2;8251;3385633;57455;
1083;Syddanmark;2023-02-26;M;7;0;0;8251;3385640;57455;
1084;Hovedstaden;2023-02-27;F;23;1;4;8252;3385663;57459;
1082;Midtjylland;2023-02-27;F;17;0;3;8252;3385680;57462;
1081;Nordjylland;2023-02-27;F;9;0;0;8252;3385689;57462;
1085;Sjælland;2023-02-27;F;8;0;0;8252;3385697;57462;
1083;Syddanmark;2023-02-27;F;14;0;2;8252;3385711;57464;
1084;Hovedstaden;2023-02-27;M;26;2;10;8254;3385737;57474;
1082;Midtjylland;2023-02-27;M;4;0;0;8254;3385741;57474;
1081;Nordjylland;2023-02-27;M;7;0;4;8254;3385748;57478;
1085;Sjælland;2023-02-27;M;16;0;2;8254;3385764;57480;
1083;Syddanmark;2023-02-27;M;17;1;6;8255;3385781;57486;
1084;Hovedstaden;2023-02-28;F;23;2;6;8257;3385804;57492;
1082;Midtjylland;2023-02-28;F;6;0;1;8257;3385810;57493;
1081;Nordjylland;2023-02-28;F;5;0;1;8257;3385815;57494;
1085;Sjælland;2023-02-28;F;13;1;1;8258;3385828;57495;
1083;Syddanmark;2023-02-28;F;18;0;3;8258;3385846;57498;
1084;Hovedstaden;2023-02-28;M;19;0;1;8258;3385865;57499;
1082;Midtjylland;2023-02-28;M;17;0;7;8258;3385882;57506;
1081;Nordjylland;2023-02-28;M;5;0;3;8258;3385887;57509;
1085;Sjælland;2023-02-28;M;10;0;2;8258;3385897;57511;
1083;Syddanmark;2023-02-28;M;12;0;4;8258;3385909;57515;
1084;Hovedstaden;2023-03-01;F;14;0;6;8258;3385923;57521;
1082;Midtjylland;2023-03-01;F;10;0;4;8258;3385933;57525;
1081;Nordjylland;2023-03-01;F;6;0;1;8258;3385939;57526;
1085;Sjælland;2023-03-01;F;16;0;2;8258;3385955;57528;
1083;Syddanmark;2023-03-01;F;7;0;1;8258;3385962;57529;
1084;Hovedstaden;2023-03-01;M;12;0;2;8258;3385974;57531;
1082;Midtjylland;2023-03-01;M;11;0;4;8258;3385985;57535;
1081;Nordjylland;2023-03-01;M;10;0;1;8258;3385995;57536;
1085;Sjælland;2023-03-01;M;8;0;1;8258;3386003;57537;
1083;Syddanmark;2023-03-01;M;10;0;4;8258;3386013;57541;
1084;Hovedstaden;2023-03-02;F;16;0;5;8258;3386029;57546;
1082;Midtjylland;2023-03-02;F;18;0;3;8258;3386047;57549;
1081;Nordjylland;2023-03-02;F;2;0;1;8258;3386049;57550;
1085;Sjælland;2023-03-02;F;7;0;0;8258;3386056;57550;
1083;Syddanmark;2023-03-02;F;9;0;3;8258;3386065;57553;
1084;Hovedstaden;2023-03-02;M;14;1;2;8259;3386079;57555;
1082;Midtjylland;2023-03-02;M;17;0;6;8259;3386096;57561;
1081;Nordjylland;2023-03-02;M;1;0;0;8259;3386097;57561;
1085;Sjælland;2023-03-02;M;10;0;4;8259;3386107;57565;
1083;Syddanmark;2023-03-02;M;15;0;10;8259;3386122;57575;
1084;Hovedstaden;2023-03-03;F;21;1;5;8260;3386143;57580;
1082;Midtjylland;2023-03-03;F;16;0;4;8260;3386159;57584;
1081;Nordjylland;2023-03-03;F;7;0;1;8260;3386166;57585;
1085;Sjælland;2023-03-03;F;15;0;0;8260;3386181;57585;
1083;Syddanmark;2023-03-03;F;12;1;2;8261;3386193;57587;
1084;Hovedstaden;2023-03-03;M;12;1;1;8262;3386205;57588;
1082;Midtjylland;2023-03-03;M;10;0;2;8262;3386215;57590;
1081;Nordjylland;2023-03-03;M;7;0;2;8262;3386222;57592;
1085;Sjælland;2023-03-03;M;11;0;1;8262;3386233;57593;
1083;Syddanmark;2023-03-03;M;8;0;1;8262;3386241;57594;
1084;Hovedstaden;2023-03-04;F;11;1;6;8263;3386252;57600;
1082;Midtjylland;2023-03-04;F;4;0;0;8263;3386256;57600;
1081;Nordjylland;2023-03-04;F;5;0;2;8263;3386261;57602;
1085;Sjælland;2023-03-04;F;9;1;3;8264;3386270;57605;
1083;Syddanmark;2023-03-04;F;7;0;4;8264;3386277;57609;
1084;Hovedstaden;2023-03-04;M;8;1;3;8265;3386285;57612;
1082;Midtjylland;2023-03-04;M;2;0;0;8265;3386287;57612;
1081;Nordjylland;2023-03-04;M;1;0;0;8265;3386288;57612;
1085;Sjælland;2023-03-04;M;10;1;5;8266;3386298;57617;
1083;Syddanmark;2023-03-04;M;5;0;4;8266;3386303;57621;
1084;Hovedstaden;2023-03-05;F;17;0;6;8266;3386320;57627;
1082;Midtjylland;2023-03-05;F;4;0;2;8266;3386324;57629;
1081;Nordjylland;2023-03-05;F;3;1;1;8267;3386327;57630;
1085;Sjælland;2023-03-05;F;16;1;3;8268;3386343;57633;
1083;Syddanmark;2023-03-05;F;9;1;2;8269;3386352;57635;
1084;Hovedstaden;2023-03-05;M;20;1;5;8270;3386372;57640;
1082;Midtjylland;2023-03-05;M;9;0;4;8270;3386381;57644;
1081;Nordjylland;2023-03-05;M;2;0;2;8270;3386383;57646;
1085;Sjælland;2023-03-05;M;8;0;2;8270;3386391;57648;
1083;Syddanmark;2023-03-05;M;10;1;4;8271;3386401;57652;
1084;Hovedstaden;2023-03-06;F;18;0;4;8271;3386419;57656;
1082;Midtjylland;2023-03-06;F;12;1;5;8272;3386431;57661;
1081;Nordjylland;2023-03-06;F;7;0;2;8272;3386438;57663;
1085;Sjælland;2023-03-06;F;12;0;0;8272;3386450;57663;
1083;Syddanmark;2023-03-06;F;20;1;3;8273;3386470;57666;
1084;Hovedstaden;2023-03-06;M;26;1;9;8274;3386496;57675;
1082;Midtjylland;2023-03-06;M;15;0;5;8274;3386511;57680;
1081;Nordjylland;2023-03-06;M;11;0;4;8274;3386522;57684;
1085;Sjælland;2023-03-06;M;17;1;3;8275;3386539;57687;
1083;Syddanmark;2023-03-06;M;9;0;2;8275;3386548;57689;
1084;Hovedstaden;2023-03-07;F;25;0;9;8275;3386573;57698;
1082;Midtjylland;2023-03-07;F;17;0;3;8275;3386590;57701;
1081;Nordjylland;2023-03-07;F;2;0;1;8275;3386592;57702;
1085;Sjælland;2023-03-07;F;13;0;1;8275;3386605;57703;
1083;Syddanmark;2023-03-07;F;15;1;4;8276;3386620;57707;
1084;Hovedstaden;2023-03-07;M;22;1;5;8277;3386642;57712;
1082;Midtjylland;2023-03-07;M;13;1;7;8278;3386655;57719;
1081;Nordjylland;2023-03-07;M;1;0;1;8278;3386656;57720;
1085;Sjælland;2023-03-07;M;12;0;5;8278;3386668;57725;
1083;Syddanmark;2023-03-07;M;14;0;7;8278;3386682;57732;
1084;Hovedstaden;2023-03-08;F;30;1;8;8279;3386712;57740;
1082;Midtjylland;2023-03-08;F;14;0;3;8279;3386726;57743;
1081;Nordjylland;2023-03-08;F;8;0;4;8279;3386734;57747;
1085;Sjælland;2023-03-08;F;15;2;2;8281;3386749;57749;
1083;Syddanmark;2023-03-08;F;16;1;1;8282;3386765;57750;
1084;Hovedstaden;2023-03-08;M;14;0;8;8282;3386779;57758;
1082;Midtjylland;2023-03-08;M;15;0;3;8282;3386794;57761;
1081;Nordjylland;2023-03-08;M;5;0;2;8282;3386799;57763;
1085;Sjælland;2023-03-08;M;14;0;4;8282;3386813;57767;
1083;Syddanmark;2023-03-08;M;12;1;3;8283;3386825;57770;
1084;Hovedstaden;2023-03-09;F;29;0;6;8283;3386854;57776;
1082;Midtjylland;2023-03-09;F;9;0;2;8283;3386863;57778;
1081;Nordjylland;2023-03-09;F;8;0;0;8283;3386871;57778;
1085;Sjælland;2023-03-09;F;11;0;4;8283;3386882;57782;
1083;Syddanmark;2023-03-09;F;13;0;3;8283;3386895;57785;
1084;Hovedstaden;2023-03-09;M;18;1;6;8284;3386913;57791;
1082;Midtjylland;2023-03-09;M;19;1;4;8285;3386932;57795;
1081;Nordjylland;2023-03-09;M;5;1;2;8286;3386937;57797;
1085;Sjælland;2023-03-09;M;6;0;1;8286;3386943;57798;
1083;Syddanmark;2023-03-09;M;12;0;4;8286;3386955;57802;
1084;Hovedstaden;2023-03-10;F;27;0;4;8286;3386982;57806;
1082;Midtjylland;2023-03-10;F;19;0;4;8286;3387001;57810;
1081;Nordjylland;2023-03-10;F;5;0;1;8286;3387006;57811;
1085;Sjælland;2023-03-10;F;10;0;4;8286;3387016;57815;
1083;Syddanmark;2023-03-10;F;16;0;2;8286;3387032;57817;
1084;Hovedstaden;2023-03-10;M;20;1;6;8287;3387052;57823;
1082;Midtjylland;2023-03-10;M;15;0;2;8287;3387067;57825;
1081;Nordjylland;2023-03-10;M;2;1;0;8288;3387069;57825;
1085;Sjælland;2023-03-10;M;7;1;2;8289;3387076;57827;
1083;Syddanmark;2023-03-10;M;10;0;3;8289;3387086;57830;
1084;Hovedstaden;2023-03-11;F;19;0;6;8289;3387105;57836;
1082;Midtjylland;2023-03-11;F;9;0;2;8289;3387114;57838;
1081;Nordjylland;2023-03-11;F;4;0;0;8289;3387118;57838;
1085;Sjælland;2023-03-11;F;17;1;4;8290;3387135;57842;
1083;Syddanmark;2023-03-11;F;6;0;3;8290;3387141;57845;
1084;Hovedstaden;2023-03-11;M;17;1;6;8291;3387158;57851;
1082;Midtjylland;2023-03-11;M;9;0;1;8291;3387167;57852;
1081;Nordjylland;2023-03-11;M;4;1;0;8292;3387171;57852;
1085;Sjælland;2023-03-11;M;11;0;2;8292;3387182;57854;
1083;Syddanmark;2023-03-11;M;10;1;7;8293;3387192;57861;
1084;Hovedstaden;2023-03-12;F;18;0;0;8293;3387210;57861;
1082;Midtjylland;2023-03-12;F;5;0;1;8293;3387215;57862;
1081;Nordjylland;2023-03-12;F;3;0;1;8293;3387218;57863;
1085;Sjælland;2023-03-12;F;18;0;3;8293;3387236;57866;
1083;Syddanmark;2023-03-12;F;12;1;1;8294;3387248;57867;
1084;Hovedstaden;2023-03-12;M;16;0;4;8294;3387264;57871;
1082;Midtjylland;2023-03-12;M;5;0;1;8294;3387269;57872;
1081;Nordjylland;2023-03-12;M;2;0;1;8294;3387271;57873;
1085;Sjælland;2023-03-12;M;4;1;1;8295;3387275;57874;
1083;Syddanmark;2023-03-12;M;10;1;3;8296;3387285;57877;
1084;Hovedstaden;2023-03-13;F;34;1;10;8297;3387319;57887;
1082;Midtjylland;2023-03-13;F;25;0;3;8297;3387344;57890;
1081;Nordjylland;2023-03-13;F;12;0;2;8297;3387356;57892;
1085;Sjælland;2023-03-13;F;28;0;4;8297;3387384;57896;
1083;Syddanmark;2023-03-13;F;21;0;2;8297;3387405;57898;
1084;Hovedstaden;2023-03-13;M;23;1;6;8298;3387428;57904;
1082;Midtjylland;2023-03-13;M;17;0;3;8298;3387445;57907;
1081;Nordjylland;2023-03-13;M;11;0;3;8298;3387456;57910;
1085;Sjælland;2023-03-13;M;15;1;4;8299;3387471;57914;
1083;Syddanmark;2023-03-13;M;14;1;3;8300;3387485;57917;
1084;Hovedstaden;2023-03-14;F;41;0;8;8300;3387526;57925;
1082;Midtjylland;2023-03-14;F;26;0;9;8300;3387552;57934;
1081;Nordjylland;2023-03-14;F;5;0;1;8300;3387557;57935;
1085;Sjælland;2023-03-14;F;16;1;4;8301;3387573;57939;
1083;Syddanmark;2023-03-14;F;22;0;3;8301;3387595;57942;
1084;Hovedstaden;2023-03-14;M;34;3;12;8304;3387629;57954;
1082;Midtjylland;2023-03-14;M;18;1;7;8305;3387647;57961;
1081;Nordjylland;2023-03-14;M;7;0;0;8305;3387654;57961;
1085;Sjælland;2023-03-14;M;20;0;5;8305;3387674;57966;
1083;Syddanmark;2023-03-14;M;16;0;4;8305;3387690;57970;
1084;Hovedstaden;2023-03-15;F;45;2;16;8307;3387735;57986;
1082;Midtjylland;2023-03-15;F;18;0;3;8307;3387753;57989;
1081;Nordjylland;2023-03-15;F;5;0;1;8307;3387758;57990;
1085;Sjælland;2023-03-15;F;33;0;6;8307;3387791;57996;
1083;Syddanmark;2023-03-15;F;18;0;2;8307;3387809;57998;
1084;Hovedstaden;2023-03-15;M;43;2;19;8309;3387852;58017;
1082;Midtjylland;2023-03-15;M;19;0;7;8309;3387871;58024;
1081;Nordjylland;2023-03-15;M;10;0;2;8309;3387881;58026;
1085;Sjælland;2023-03-15;M;27;2;10;8311;3387908;58036;
1083;Syddanmark;2023-03-15;M;29;0;6;8311;3387937;58042;
1084;Hovedstaden;2023-03-16;F;38;1;8;8312;3387975;58050;
1082;Midtjylland;2023-03-16;F;25;0;5;8312;3388000;58055;
1081;Nordjylland;2023-03-16;F;5;0;2;8312;3388005;58057;
1085;Sjælland;2023-03-16;F;18;0;4;8312;3388023;58061;
1083;Syddanmark;2023-03-16;F;23;0;5;8312;3388046;58066;
1084;Hovedstaden;2023-03-16;M;27;1;10;8313;3388073;58076;
1082;Midtjylland;2023-03-16;M;23;0;6;8313;3388096;58082;
1081;Nordjylland;2023-03-16;M;6;1;1;8314;3388102;58083;
1085;Sjælland;2023-03-16;M;16;0;5;8314;3388118;58088;
1083;Syddanmark;2023-03-16;M;18;0;8;8314;3388136;58096;
1084;Hovedstaden;2023-03-17;F;36;0;10;8314;3388172;58106;
1082;Midtjylland;2023-03-17;F;16;1;4;8315;3388188;58110;
1081;Nordjylland;2023-03-17;F;13;0;4;8315;3388201;58114;
1085;Sjælland;2023-03-17;F;18;0;7;8315;3388219;58121;
1083;Syddanmark;2023-03-17;F;27;0;3;8315;3388246;58124;
1084;Hovedstaden;2023-03-17;M;32;2;9;8317;3388278;58133;
1082;Midtjylland;2023-03-17;M;15;0;8;8317;3388293;58141;
1081;Nordjylland;2023-03-17;M;5;0;2;8317;3388298;58143;
1085;Sjælland;2023-03-17;M;19;1;5;8318;3388317;58148;
1083;Syddanmark;2023-03-17;M;20;0;4;8318;3388337;58152;
1084;Hovedstaden;2023-03-18;F;37;0;8;8318;3388374;58160;
1082;Midtjylland;2023-03-18;F;17;0;7;8318;3388391;58167;
1081;Nordjylland;2023-03-18;F;6;0;4;8318;3388397;58171;
1085;Sjælland;2023-03-18;F;9;0;1;8318;3388406;58172;
1083;Syddanmark;2023-03-18;F;10;3;6;8321;3388416;58178;
1084;Hovedstaden;2023-03-18;M;19;1;7;8322;3388435;58185;
1082;Midtjylland;2023-03-18;M;14;0;11;8322;3388449;58196;
1081;Nordjylland;2023-03-18;M;8;0;4;8322;3388457;58200;
1085;Sjælland;2023-03-18;M;17;2;8;8324;3388474;58208;
1083;Syddanmark;2023-03-18;M;3;0;1;8324;3388477;58209;
1084;Hovedstaden;2023-03-19;F;28;1;8;8325;3388505;58217;
1082;Midtjylland;2023-03-19;F;9;0;2;8325;3388514;58219;
1081;Nordjylland;2023-03-19;F;5;1;1;8326;3388519;58220;
1085;Sjælland;2023-03-19;F;15;0;1;8326;3388534;58221;
1083;Syddanmark;2023-03-19;F;13;0;5;8326;3388547;58226;
1084;Hovedstaden;2023-03-19;M;21;0;10;8326;3388568;58236;
1082;Midtjylland;2023-03-19;M;13;0;8;8326;3388581;58244;
1081;Nordjylland;2023-03-19;M;5;0;1;8326;3388586;58245;
1085;Sjælland;2023-03-19;M;17;0;5;8326;3388603;58250;
1083;Syddanmark;2023-03-19;M;21;1;11;8327;3388624;58261;
1084;Hovedstaden;2023-03-20;F;50;0;7;8327;3388674;58268;
1082;Midtjylland;2023-03-20;F;36;0;11;8327;3388710;58279;
1081;Nordjylland;2023-03-20;F;11;0;1;8327;3388721;58280;
1085;Sjælland;2023-03-20;F;31;2;9;8329;3388752;58289;
1083;Syddanmark;2023-03-20;F;28;2;7;8331;3388780;58296;
1084;Hovedstaden;2023-03-20;M;34;1;5;8332;3388814;58301;
1082;Midtjylland;2023-03-20;M;19;0;4;8332;3388833;58305;
1081;Nordjylland;2023-03-20;M;9;1;3;8333;3388842;58308;
1085;Sjælland;2023-03-20;M;29;0;6;8333;3388871;58314;
1083;Syddanmark;2023-03-20;M;23;1;7;8334;3388894;58321;
1084;Hovedstaden;2023-03-21;F;56;2;13;8336;3388950;58334;
1082;Midtjylland;2023-03-21;F;28;0;7;8336;3388978;58341;
1081;Nordjylland;2023-03-21;F;18;2;3;8338;3388996;58344;
1085;Sjælland;2023-03-21;F;29;0;6;8338;3389025;58350;
1083;Syddanmark;2023-03-21;F;26;0;8;8338;3389051;58358;
1084;Hovedstaden;2023-03-21;M;38;1;12;8339;3389089;58370;
1082;Midtjylland;2023-03-21;M;22;0;6;8339;3389111;58376;
1081;Nordjylland;2023-03-21;M;12;1;3;8340;3389123;58379;
1085;Sjælland;2023-03-21;M;26;0;5;8340;3389149;58384;
1083;Syddanmark;2023-03-21;M;22;0;7;8340;3389171;58391;
1084;Hovedstaden;2023-03-22;F;35;0;6;8340;3389206;58397;
1082;Midtjylland;2023-03-22;F;32;0;3;8340;3389238;58400;
1081;Nordjylland;2023-03-22;F;6;0;2;8340;3389244;58402;
1085;Sjælland;2023-03-22;F;30;0;4;8340;3389274;58406;
1083;Syddanmark;2023-03-22;F;40;0;7;8340;3389314;58413;
1084;Hovedstaden;2023-03-22;M;49;1;18;8341;3389363;58431;
1082;Midtjylland;2023-03-22;M;26;0;5;8341;3389389;58436;
1081;Nordjylland;2023-03-22;M;8;0;2;8341;3389397;58438;
1085;Sjælland;2023-03-22;M;25;1;6;8342;3389422;58444;
1083;Syddanmark;2023-03-22;M;36;0;7;8342;3389458;58451;
1084;Hovedstaden;2023-03-23;F;42;1;12;8343;3389500;58463;
1082;Midtjylland;2023-03-23;F;32;0;4;8343;3389532;58467;
1081;Nordjylland;2023-03-23;F;7;0;3;8343;3389539;58470;
1085;Sjælland;2023-03-23;F;21;1;4;8344;3389560;58474;
1083;Syddanmark;2023-03-23;F;19;0;2;8344;3389579;58476;
1084;Hovedstaden;2023-03-23;M;42;0;8;8344;3389621;58484;
1082;Midtjylland;2023-03-23;M;23;1;5;8345;3389644;58489;
1081;Nordjylland;2023-03-23;M;6;0;1;8345;3389650;58490;
1085;Sjælland;2023-03-23;M;18;2;7;8347;3389668;58497;
1083;Syddanmark;2023-03-23;M;19;2;5;8349;3389687;58502;
1084;Hovedstaden;2023-03-24;F;46;1;6;8350;3389733;58508;
1082;Midtjylland;2023-03-24;F;23;0;7;8350;3389756;58515;
1081;Nordjylland;2023-03-24;F;14;0;4;8350;3389770;58519;
1085;Sjælland;2023-03-24;F;17;0;3;8350;3389787;58522;
1083;Syddanmark;2023-03-24;F;28;1;10;8351;3389815;58532;
1084;Hovedstaden;2023-03-24;M;34;2;13;8353;3389849;58545;
1082;Midtjylland;2023-03-24;M;28;2;10;8355;3389877;58555;
1081;Nordjylland;2023-03-24;M;13;0;1;8355;3389890;58556;
1085;Sjælland;2023-03-24;M;12;2;3;8357;3389902;58559;
1083;Syddanmark;2023-03-24;M;18;0;7;8357;3389920;58566;
1084;Hovedstaden;2023-03-25;F;23;2;11;8359;3389943;58577;
1082;Midtjylland;2023-03-25;F;14;1;5;8360;3389957;58582;
1081;Nordjylland;2023-03-25;F;3;0;0;8360;3389960;58582;
1085;Sjælland;2023-03-25;F;20;0;6;8360;3389980;58588;
1083;Syddanmark;2023-03-25;F;13;1;10;8361;3389993;58598;
1084;Hovedstaden;2023-03-25;M;24;0;9;8361;3390017;58607;
1082;Midtjylland;2023-03-25;M;21;0;11;8361;3390038;58618;
1081;Nordjylland;2023-03-25;M;5;0;2;8361;3390043;58620;
1085;Sjælland;2023-03-25;M;20;2;11;8363;3390063;58631;
1083;Syddanmark;2023-03-25;M;13;1;6;8364;3390076;58637;
1084;Hovedstaden;2023-03-26;F;29;1;10;8365;3390105;58647;
1082;Midtjylland;2023-03-26;F;15;1;9;8366;3390120;58656;
1081;Nordjylland;2023-03-26;F;3;0;2;8366;3390123;58658;
1085;Sjælland;2023-03-26;F;14;0;6;8366;3390137;58664;
1083;Syddanmark;2023-03-26;F;13;0;4;8366;3390150;58668;
1084;Hovedstaden;2023-03-26;M;25;0;10;8366;3390175;58678;
1082;Midtjylland;2023-03-26;M;10;1;4;8367;3390185;58682;
1081;Nordjylland;2023-03-26;M;4;0;3;8367;3390189;58685;
1085;Sjælland;2023-03-26;M;12;0;7;8367;3390201;58692;
1083;Syddanmark;2023-03-26;M;12;0;7;8367;3390213;58699;
1084;Hovedstaden;2023-03-27;F;37;3;7;8370;3390250;58706;
1082;Midtjylland;2023-03-27;F;25;1;6;8371;3390275;58712;
1081;Nordjylland;2023-03-27;F;15;0;3;8371;3390290;58715;
1085;Sjælland;2023-03-27;F;22;2;5;8373;3390312;58720;
1083;Syddanmark;2023-03-27;F;26;0;9;8373;3390338;58729;
1084;Hovedstaden;2023-03-27;M;42;2;17;8375;3390380;58746;
1082;Midtjylland;2023-03-27;M;28;2;11;8377;3390408;58757;
1081;Nordjylland;2023-03-27;M;16;0;5;8377;3390424;58762;
1085;Sjælland;2023-03-27;M;33;1;4;8378;3390457;58766;
1083;Syddanmark;2023-03-27;M;32;1;10;8379;3390489;58776;
1084;Hovedstaden;2023-03-28;F;39;2;6;8381;3390528;58782;
1082;Midtjylland;2023-03-28;F;16;0;2;8381;3390544;58784;
1081;Nordjylland;2023-03-28;F;11;0;3;8381;3390555;58787;
1085;Sjælland;2023-03-28;F;27;0;7;8381;3390582;58794;
1083;Syddanmark;2023-03-28;F;27;2;6;8383;3390609;58800;
1084;Hovedstaden;2023-03-28;M;34;4;17;8387;3390643;58817;
1082;Midtjylland;2023-03-28;M;10;0;2;8387;3390653;58819;
1081;Nordjylland;2023-03-28;M;6;0;0;8387;3390659;58819;
1085;Sjælland;2023-03-28;M;28;0;6;8387;3390687;58825;
1083;Syddanmark;2023-03-28;M;19;0;5;8387;3390706;58830;
1084;Hovedstaden;2023-03-29;F;32;0;5;8387;3390738;58835;
1082;Midtjylland;2023-03-29;F;17;1;7;8388;3390755;58842;
1081;Nordjylland;2023-03-29;F;11;0;1;8388;3390766;58843;
1085;Sjælland;2023-03-29;F;29;0;7;8388;3390795;58850;
1083;Syddanmark;2023-03-29;F;24;0;7;8388;3390819;58857;
1084;Hovedstaden;2023-03-29;M;33;2;10;8390;3390852;58867;
1082;Midtjylland;2023-03-29;M;15;1;5;8391;3390867;58872;
1081;Nordjylland;2023-03-29;M;7;0;2;8391;3390874;58874;
1085;Sjælland;2023-03-29;M;19;1;9;8392;3390893;58883;
1083;Syddanmark;2023-03-29;M;17;1;7;8393;3390910;58890;
1084;Hovedstaden;2023-03-30;F;30;0;9;8393;3390940;58899;
1082;Midtjylland;2023-03-30;F;16;0;5;8393;3390956;58904;
1081;Nordjylland;2023-03-30;F;5;0;0;8393;3390961;58904;
1085;Sjælland;2023-03-30;F;17;0;4;8393;3390978;58908;
1083;Syddanmark;2023-03-30;F;26;0;8;8393;3391004;58916;
1084;Hovedstaden;2023-03-30;M;30;2;7;8395;3391034;58923;
1082;Midtjylland;2023-03-30;M;16;1;7;8396;3391050;58930;
1081;Nordjylland;2023-03-30;M;7;0;0;8396;3391057;58930;
1085;Sjælland;2023-03-30;M;19;1;5;8397;3391076;58935;
1083;Syddanmark;2023-03-30;M;15;0;2;8397;3391091;58937;
1084;Hovedstaden;2023-03-31;F;37;0;4;8397;3391128;58941;
1082;Midtjylland;2023-03-31;F;12;0;4;8397;3391140;58945;
1081;Nordjylland;2023-03-31;F;15;0;3;8397;3391155;58948;
1085;Sjælland;2023-03-31;F;21;2;4;8399;3391176;58952;
1083;Syddanmark;2023-03-31;F;19;2;10;8401;3391195;58962;
1084;Hovedstaden;2023-03-31;M;32;1;9;8402;3391227;58971;
1082;Midtjylland;2023-03-31;M;18;1;7;8403;3391245;58978;
1081;Nordjylland;2023-03-31;M;9;0;2;8403;3391254;58980;
1085;Sjælland;2023-03-31;M;13;1;4;8404;3391267;58984;
1083;Syddanmark;2023-03-31;M;15;1;5;8405;3391282;58989;
1084;Hovedstaden;2023-04-01;F;17;1;9;8406;3391299;58998;
1082;Midtjylland;2023-04-01;F;5;0;4;8406;3391304;59002;
1081;Nordjylland;2023-04-01;F;5;0;4;8406;3391309;59006;
1085;Sjælland;2023-04-01;F;9;1;7;8407;3391318;59013;
1083;Syddanmark;2023-04-01;F;11;0;9;8407;3391329;59022;
1084;Hovedstaden;2023-04-01;M;19;1;11;8408;3391348;59033;
1082;Midtjylland;2023-04-01;M;2;0;1;8408;3391350;59034;
1081;Nordjylland;2023-04-01;M;4;0;4;8408;3391354;59038;
1085;Sjælland;2023-04-01;M;6;1;5;8409;3391360;59043;
1083;Syddanmark;2023-04-01;M;9;1;5;8410;3391369;59048;
1084;Hovedstaden;2023-04-02;F;15;1;10;8411;3391384;59058;
1082;Midtjylland;2023-04-02;F;3;0;3;8411;3391387;59061;
1081;Nordjylland;2023-04-02;F;3;0;3;8411;3391390;59064;
1085;Sjælland;2023-04-02;F;3;0;2;8411;3391393;59066;
1083;Syddanmark;2023-04-02;F;8;1;5;8412;3391401;59071;
1084;Hovedstaden;2023-04-02;M;17;2;10;8414;3391418;59081;
1082;Midtjylland;2023-04-02;M;7;0;6;8414;3391425;59087;
1081;Nordjylland;2023-04-02;M;6;0;4;8414;3391431;59091;
1085;Sjælland;2023-04-02;M;5;0;4;8414;3391436;59095;
1083;Syddanmark;2023-04-02;M;12;1;5;8415;3391448;59100;
1084;Hovedstaden;2023-04-03;F;38;2;13;8417;3391486;59113;
1082;Midtjylland;2023-04-03;F;7;2;5;8419;3391493;59118;
1081;Nordjylland;2023-04-03;F;12;1;9;8420;3391505;59127;
1085;Sjælland;2023-04-03;F;12;1;2;8421;3391517;59129;
1083;Syddanmark;2023-04-03;F;20;0;7;8421;3391537;59136;
1084;Hovedstaden;2023-04-03;M;20;0;2;8421;3391557;59138;
1082;Midtjylland;2023-04-03;M;13;1;7;8422;3391570;59145;
1081;Nordjylland;2023-04-03;M;5;1;3;8423;3391575;59148;
1085;Sjælland;2023-04-03;M;15;2;9;8425;3391590;59157;
1083;Syddanmark;2023-04-03;M;12;0;7;8425;3391602;59164;
1084;Hovedstaden;2023-04-04;F;29;1;6;8426;3391631;59170;
1082;Midtjylland;2023-04-04;F;6;0;3;8426;3391637;59173;
1081;Nordjylland;2023-04-04;F;9;1;4;8427;3391646;59177;
1085;Sjælland;2023-04-04;F;13;0;5;8427;3391659;59182;
1083;Syddanmark;2023-04-04;F;10;0;6;8427;3391669;59188;
1084;Hovedstaden;2023-04-04;M;16;1;7;8428;3391685;59195;
1082;Midtjylland;2023-04-04;M;12;1;7;8429;3391697;59202;
1081;Nordjylland;2023-04-04;M;6;0;3;8429;3391703;59205;
1085;Sjælland;2023-04-04;M;8;0;6;8429;3391711;59211;
1083;Syddanmark;2023-04-04;M;16;0;8;8429;3391727;59219;
1084;Hovedstaden;2023-04-05;F;29;1;14;8430;3391756;59233;
1082;Midtjylland;2023-04-05;F;6;0;2;8430;3391762;59235;
1081;Nordjylland;2023-04-05;F;5;0;3;8430;3391767;59238;
1085;Sjælland;2023-04-05;F;8;0;4;8430;3391775;59242;
1083;Syddanmark;2023-04-05;F;19;2;7;8432;3391794;59249;
1084;Hovedstaden;2023-04-05;M;15;1;6;8433;3391809;59255;
1082;Midtjylland;2023-04-05;M;5;0;4;8433;3391814;59259;
1081;Nordjylland;2023-04-05;M;8;2;4;8435;3391822;59263;
1085;Sjælland;2023-04-05;M;7;0;5;8435;3391829;59268;
1083;Syddanmark;2023-04-05;M;16;2;10;8437;3391845;59278;
1084;Hovedstaden;2023-04-06;F;22;2;10;8439;3391867;59288;
1082;Midtjylland;2023-04-06;F;4;0;3;8439;3391871;59291;
1081;Nordjylland;2023-04-06;F;4;1;3;8440;3391875;59294;
1085;Sjælland;2023-04-06;F;9;1;8;8441;3391884;59302;
1083;Syddanmark;2023-04-06;F;3;0;2;8441;3391887;59304;
1084;Hovedstaden;2023-04-06;M;17;0;11;8441;3391904;59315;
1082;Midtjylland;2023-04-06;M;3;0;3;8441;3391907;59318;
1081;Nordjylland;2023-04-06;M;6;0;6;8441;3391913;59324;
1085;Sjælland;2023-04-06;M;6;0;5;8441;3391919;59329;
1083;Syddanmark;2023-04-06;M;9;1;5;8442;3391928;59334;
1084;Hovedstaden;2023-04-07;F;20;2;11;8444;3391948;59345;
1082;Midtjylland;2023-04-07;F;7;1;6;8445;3391955;59351;
1081;Nordjylland;2023-04-07;F;1;0;1;8445;3391956;59352;
1085;Sjælland;2023-04-07;F;7;0;4;8445;3391963;59356;
1083;Syddanmark;2023-04-07;F;4;0;1;8445;3391967;59357;
1084;Hovedstaden;2023-04-07;M;22;1;16;8446;3391989;59373;
1082;Midtjylland;2023-04-07;M;10;1;7;8447;3391999;59380;
1081;Nordjylland;2023-04-07;M;2;0;2;8447;3392001;59382;
1085;Sjælland;2023-04-07;M;5;0;3;8447;3392006;59385;
1083;Syddanmark;2023-04-07;M;10;2;8;8449;3392016;59393;
1084;Hovedstaden;2023-04-08;F;19;0;10;8449;3392035;59403;
1082;Midtjylland;2023-04-08;F;11;0;7;8449;3392046;59410;
1081;Nordjylland;2023-04-08;F;3;0;3;8449;3392049;59413;
1085;Sjælland;2023-04-08;F;6;0;5;8449;3392055;59418;
1083;Syddanmark;2023-04-08;F;9;1;7;8450;3392064;59425;
1084;Hovedstaden;2023-04-08;M;10;1;8;8451;3392074;59433;
1082;Midtjylland;2023-04-08;M;10;0;7;8451;3392084;59440;
1081;Nordjylland;2023-04-08;M;3;0;3;8451;3392087;59443;
1085;Sjælland;2023-04-08;M;4;0;2;8451;3392091;59445;
1083;Syddanmark;2023-04-08;M;8;0;7;8451;3392099;59452;
1084;Hovedstaden;2023-04-09;F;18;1;12;8452;3392117;59464;
1082;Midtjylland;2023-04-09;F;13;2;8;8454;3392130;59472;
1081;Nordjylland;2023-04-09;F;3;0;2;8454;3392133;59474;
1085;Sjælland;2023-04-09;F;8;1;8;8455;3392141;59482;
1083;Syddanmark;2023-04-09;F;10;1;7;8456;3392151;59489;
1084;Hovedstaden;2023-04-09;M;16;1;10;8457;3392167;59499;
1082;Midtjylland;2023-04-09;M;7;0;5;8457;3392174;59504;
1081;Nordjylland;2023-04-09;M;7;0;4;8457;3392181;59508;
1085;Sjælland;2023-04-09;M;4;0;2;8457;3392185;59510;
1083;Syddanmark;2023-04-09;M;7;0;5;8457;3392192;59515;
1084;Hovedstaden;2023-04-10;F;19;3;12;8460;3392211;59527;
1082;Midtjylland;2023-04-10;F;5;0;2;8460;3392216;59529;
1081;Nordjylland;2023-04-10;F;3;0;2;8460;3392219;59531;
1085;Sjælland;2023-04-10;F;5;0;4;8460;3392224;59535;
1083;Syddanmark;2023-04-10;F;11;2;7;8462;3392235;59542;
1084;Hovedstaden;2023-04-10;M;15;2;11;8464;3392250;59553;
1082;Midtjylland;2023-04-10;M;14;0;9;8464;3392264;59562;
1081;Nordjylland;2023-04-10;M;3;1;3;8465;3392267;59565;
1085;Sjælland;2023-04-10;M;9;0;7;8465;3392276;59572;
1083;Syddanmark;2023-04-10;M;12;1;10;8466;3392288;59582;
1084;Hovedstaden;2023-04-11;F;38;0;10;8466;3392326;59592;
1082;Midtjylland;2023-04-11;F;13;1;8;8467;3392339;59600;
1081;Nordjylland;2023-04-11;F;8;0;3;8467;3392347;59603;
1085;Sjælland;2023-04-11;F;18;0;8;8467;3392365;59611;
1083;Syddanmark;2023-04-11;F;18;0;9;8467;3392383;59620;
1084;Hovedstaden;2023-04-11;M;24;0;8;8467;3392407;59628;
1082;Midtjylland;2023-04-11;M;8;0;6;8467;3392415;59634;
1081;Nordjylland;2023-04-11;M;4;0;3;8467;3392419;59637;
1085;Sjælland;2023-04-11;M;12;0;7;8467;3392431;59644;
1083;Syddanmark;2023-04-11;M;14;0;7;8467;3392445;59651;
1084;Hovedstaden;2023-04-12;F;32;2;14;8469;3392477;59665;
1082;Midtjylland;2023-04-12;F;7;0;3;8469;3392484;59668;
1081;Nordjylland;2023-04-12;F;4;1;3;8470;3392488;59671;
1085;Sjælland;2023-04-12;F;14;2;6;8472;3392502;59677;
1083;Syddanmark;2023-04-12;F;14;0;5;8472;3392516;59682;
1084;Hovedstaden;2023-04-12;M;35;3;18;8475;3392551;59700;
1082;Midtjylland;2023-04-12;M;12;1;9;8476;3392563;59709;
1081;Nordjylland;2023-04-12;M;6;0;4;8476;3392569;59713;
1085;Sjælland;2023-04-12;M;17;0;6;8476;3392586;59719;
1083;Syddanmark;2023-04-12;M;17;2;11;8478;3392603;59730;
1084;Hovedstaden;2023-04-13;F;31;2;10;8480;3392634;59740;
1082;Midtjylland;2023-04-13;F;10;0;5;8480;3392644;59745;
1081;Nordjylland;2023-04-13;F;6;0;1;8480;3392650;59746;
1085;Sjælland;2023-04-13;F;12;0;5;8480;3392662;59751;
1083;Syddanmark;2023-04-13;F;26;3;10;8483;3392688;59761;
1084;Hovedstaden;2023-04-13;M;22;2;6;8485;3392710;59767;
1082;Midtjylland;2023-04-13;M;6;0;4;8485;3392716;59771;
1081;Nordjylland;2023-04-13;M;3;0;2;8485;3392719;59773;
1085;Sjælland;2023-04-13;M;11;1;7;8486;3392730;59780;
1083;Syddanmark;2023-04-13;M;24;2;11;8488;3392754;59791;
1084;Hovedstaden;2023-04-14;F;29;0;6;8488;3392783;59797;
1082;Midtjylland;2023-04-14;F;7;0;5;8488;3392790;59802;
1081;Nordjylland;2023-04-14;F;5;0;3;8488;3392795;59805;
1085;Sjælland;2023-04-14;F;10;1;7;8489;3392805;59812;
1083;Syddanmark;2023-04-14;F;16;0;3;8489;3392821;59815;
1084;Hovedstaden;2023-04-14;M;16;1;11;8490;3392837;59826;
1082;Midtjylland;2023-04-14;M;8;0;6;8490;3392845;59832;
1081;Nordjylland;2023-04-14;M;7;2;5;8492;3392852;59837;
1085;Sjælland;2023-04-14;M;9;0;5;8492;3392861;59842;
1083;Syddanmark;2023-04-14;M;14;1;7;8493;3392875;59849;
1084;Hovedstaden;2023-04-15;F;17;1;13;8494;3392892;59862;
1082;Midtjylland;2023-04-15;F;6;0;5;8494;3392898;59867;
1081;Nordjylland;2023-04-15;F;3;0;2;8494;3392901;59869;
1085;Sjælland;2023-04-15;F;1;0;0;8494;3392902;59869;
1083;Syddanmark;2023-04-15;F;7;0;5;8494;3392909;59874;
1084;Hovedstaden;2023-04-15;M;10;2;9;8496;3392919;59883;
1082;Midtjylland;2023-04-15;M;9;1;8;8497;3392928;59891;
1081;Nordjylland;2023-04-15;M;3;1;2;8498;3392931;59893;
1085;Sjælland;2023-04-15;M;2;0;2;8498;3392933;59895;
1083;Syddanmark;2023-04-15;M;10;2;9;8500;3392943;59904;
1084;Hovedstaden;2023-04-16;F;8;0;4;8500;3392951;59908;
1082;Midtjylland;2023-04-16;F;4;0;4;8500;3392955;59912;
1081;Nordjylland;2023-04-16;F;2;2;2;8502;3392957;59914;
1085;Sjælland;2023-04-16;F;5;3;4;8505;3392962;59918;
1083;Syddanmark;2023-04-16;F;7;1;4;8506;3392969;59922;
1084;Hovedstaden;2023-04-16;M;9;1;4;8507;3392978;59926;
1082;Midtjylland;2023-04-16;M;10;0;8;8507;3392988;59934;
1081;Nordjylland;2023-04-16;M;7;0;4;8507;3392995;59938;
1085;Sjælland;2023-04-16;M;3;0;3;8507;3392998;59941;
1083;Syddanmark;2023-04-16;M;7;1;7;8508;3393005;59948;
1084;Hovedstaden;2023-04-17;F;22;0;12;8508;3393027;59960;
1082;Midtjylland;2023-04-17;F;6;0;3;8508;3393033;59963;
1081;Nordjylland;2023-04-17;F;2;0;1;8508;3393035;59964;
1085;Sjælland;2023-04-17;F;7;0;2;8508;3393042;59966;
1083;Syddanmark;2023-04-17;F;13;1;6;8509;3393055;59972;
1084;Hovedstaden;2023-04-17;M;27;0;10;8509;3393082;59982;
1082;Midtjylland;2023-04-17;M;13;0;7;8509;3393095;59989;
1081;Nordjylland;2023-04-17;M;6;0;2;8509;3393101;59991;
1085;Sjælland;2023-04-17;M;7;0;4;8509;3393108;59995;
1083;Syddanmark;2023-04-17;M;17;1;6;8510;3393125;60001;
1084;Hovedstaden;2023-04-18;F;23;0;8;8510;3393148;60009;
1082;Midtjylland;2023-04-18;F;9;0;7;8510;3393157;60016;
1081;Nordjylland;2023-04-18;F;6;0;3;8510;3393163;60019;
1085;Sjælland;2023-04-18;F;4;0;0;8510;3393167;60019;
1083;Syddanmark;2023-04-18;F;9;1;4;8511;3393176;60023;
1084;Hovedstaden;2023-04-18;M;18;2;7;8513;3393194;60030;
1082;Midtjylland;2023-04-18;M;6;1;5;8514;3393200;60035;
1081;Nordjylland;2023-04-18;M;5;0;2;8514;3393205;60037;
1085;Sjælland;2023-04-18;M;17;0;8;8514;3393222;60045;
1083;Syddanmark;2023-04-18;M;3;0;2;8514;3393225;60047;
1084;Hovedstaden;2023-04-19;F;23;0;9;8514;3393248;60056;
1082;Midtjylland;2023-04-19;F;5;0;1;8514;3393253;60057;
1081;Nordjylland;2023-04-19;F;7;0;5;8514;3393260;60062;
1085;Sjælland;2023-04-19;F;7;0;3;8514;3393267;60065;
1083;Syddanmark;2023-04-19;F;11;0;2;8514;3393278;60067;
1084;Hovedstaden;2023-04-19;M;26;1;6;8515;3393304;60073;
1082;Midtjylland;2023-04-19;M;6;1;5;8516;3393310;60078;
1081;Nordjylland;2023-04-19;M;5;2;4;8518;3393315;60082;
1085;Sjælland;2023-04-19;M;11;0;6;8518;3393326;60088;
1083;Syddanmark;2023-04-19;M;17;0;8;8518;3393343;60096;
1084;Hovedstaden;2023-04-20;F;23;0;5;8518;3393366;60101;
1082;Midtjylland;2023-04-20;F;4;0;1;8518;3393370;60102;
1081;Nordjylland;2023-04-20;F;9;1;4;8519;3393379;60106;
1085;Sjælland;2023-04-20;F;11;1;6;8520;3393390;60112;
1083;Syddanmark;2023-04-20;F;7;1;4;8521;3393397;60116;
1084;Hovedstaden;2023-04-20;M;27;0;9;8521;3393424;60125;
1082;Midtjylland;2023-04-20;M;6;0;5;8521;3393430;60130;
1081;Nordjylland;2023-04-20;M;5;0;3;8521;3393435;60133;
1085;Sjælland;2023-04-20;M;12;1;8;8522;3393447;60141;
1083;Syddanmark;2023-04-20;M;8;1;4;8523;3393455;60145;
1084;Hovedstaden;2023-04-21;F;17;1;7;8524;3393472;60152;
1082;Midtjylland;2023-04-21;F;10;1;6;8525;3393482;60158;
1081;Nordjylland;2023-04-21;F;4;0;3;8525;3393486;60161;
1085;Sjælland;2023-04-21;F;8;2;5;8527;3393494;60166;
1083;Syddanmark;2023-04-21;F;8;0;4;8527;3393502;60170;
1084;Hovedstaden;2023-04-21;M;16;0;7;8527;3393518;60177;
1082;Midtjylland;2023-04-21;M;9;0;8;8527;3393527;60185;
1081;Nordjylland;2023-04-21;M;4;0;2;8527;3393531;60187;
1085;Sjælland;2023-04-21;M;10;0;8;8527;3393541;60195;
1083;Syddanmark;2023-04-21;M;6;1;4;8528;3393547;60199;
1084;Hovedstaden;2023-04-22;F;9;2;4;8530;3393556;60203;
1082;Midtjylland;2023-04-22;F;3;0;3;8530;3393559;60206;
1081;Nordjylland;2023-04-22;F;4;0;3;8530;3393563;60209;
1085;Sjælland;2023-04-22;F;7;2;6;8532;3393570;60215;
1083;Syddanmark;2023-04-22;F;2;0;2;8532;3393572;60217;
1084;Hovedstaden;2023-04-22;M;12;0;9;8532;3393584;60226;
1082;Midtjylland;2023-04-22;M;12;0;10;8532;3393596;60236;
1081;Nordjylland;2023-04-22;M;2;0;0;8532;3393598;60236;
1085;Sjælland;2023-04-22;M;8;1;6;8533;3393606;60242;
1083;Syddanmark;2023-04-22;M;3;1;3;8534;3393609;60245;
1084;Hovedstaden;2023-04-23;F;11;1;4;8535;3393620;60249;
1082;Midtjylland;2023-04-23;F;3;0;2;8535;3393623;60251;
1081;Nordjylland;2023-04-23;F;2;0;2;8535;3393625;60253;
1085;Sjælland;2023-04-23;F;5;0;4;8535;3393630;60257;
1083;Syddanmark;2023-04-23;F;9;1;6;8536;3393639;60263;
1084;Hovedstaden;2023-04-23;M;15;0;9;8536;3393654;60272;
1082;Midtjylland;2023-04-23;M;5;0;4;8536;3393659;60276;
1081;Nordjylland;2023-04-23;M;7;0;6;8536;3393666;60282;
1085;Sjælland;2023-04-23;M;7;1;7;8537;3393673;60289;
1083;Syddanmark;2023-04-23;M;8;0;6;8537;3393681;60295;
1084;Hovedstaden;2023-04-24;F;13;2;5;8539;3393694;60300;
1082;Midtjylland;2023-04-24;F;7;0;3;8539;3393701;60303;
1081;Nordjylland;2023-04-24;F;4;0;3;8539;3393705;60306;
1085;Sjælland;2023-04-24;F;14;1;3;8540;3393719;60309;
1083;Syddanmark;2023-04-24;F;12;0;8;8540;3393731;60317;
1084;Hovedstaden;2023-04-24;M;24;0;15;8540;3393755;60332;
1082;Midtjylland;2023-04-24;M;9;0;7;8540;3393764;60339;
1081;Nordjylland;2023-04-24;M;6;0;3;8540;3393770;60342;
1085;Sjælland;2023-04-24;M;9;0;5;8540;3393779;60347;
1083;Syddanmark;2023-04-24;M;5;1;5;8541;3393784;60352;
1084;Hovedstaden;2023-04-25;F;24;0;10;8541;3393808;60362;
1082;Midtjylland;2023-04-25;F;4;0;3;8541;3393812;60365;
1081;Nordjylland;2023-04-25;F;7;0;5;8541;3393819;60370;
1085;Sjælland;2023-04-25;F;13;0;8;8541;3393832;60378;
1083;Syddanmark;2023-04-25;F;11;0;6;8541;3393843;60384;
1084;Hovedstaden;2023-04-25;M;17;1;13;8542;3393860;60397;
1082;Midtjylland;2023-04-25;M;8;1;5;8543;3393868;60402;
1081;Nordjylland;2023-04-25;M;6;2;2;8545;3393874;60404;
1085;Sjælland;2023-04-25;M;5;0;2;8545;3393879;60406;
1083;Syddanmark;2023-04-25;M;6;1;4;8546;3393885;60410;
1084;Hovedstaden;2023-04-26;F;15;0;7;8546;3393900;60417;
1082;Midtjylland;2023-04-26;F;6;0;2;8546;3393906;60419;
1081;Nordjylland;2023-04-26;F;5;0;2;8546;3393911;60421;
1085;Sjælland;2023-04-26;F;13;0;4;8546;3393924;60425;
1083;Syddanmark;2023-04-26;F;11;0;4;8546;3393935;60429;
1084;Hovedstaden;2023-04-26;M;15;1;6;8547;3393950;60435;
1082;Midtjylland;2023-04-26;M;6;0;3;8547;3393956;60438;
1081;Nordjylland;2023-04-26;M;2;0;1;8547;3393958;60439;
1085;Sjælland;2023-04-26;M;5;2;4;8549;3393963;60443;
1083;Syddanmark;2023-04-26;M;5;1;3;8550;3393968;60446;
1084;Hovedstaden;2023-04-27;F;22;1;9;8551;3393990;60455;
1082;Midtjylland;2023-04-27;F;5;0;3;8551;3393995;60458;
1081;Nordjylland;2023-04-27;F;4;0;0;8551;3393999;60458;
1085;Sjælland;2023-04-27;F;5;0;1;8551;3394004;60459;
1083;Syddanmark;2023-04-27;F;7;0;4;8551;3394011;60463;
1084;Hovedstaden;2023-04-27;M;24;2;12;8553;3394035;60475;
1082;Midtjylland;2023-04-27;M;3;0;2;8553;3394038;60477;
1081;Nordjylland;2023-04-27;M;5;1;5;8554;3394043;60482;
1085;Sjælland;2023-04-27;M;8;1;6;8555;3394051;60488;
1083;Syddanmark;2023-04-27;M;7;0;5;8555;3394058;60493;
1084;Hovedstaden;2023-04-28;F;16;1;4;8556;3394074;60497;
1082;Midtjylland;2023-04-28;F;8;0;5;8556;3394082;60502;
1081;Nordjylland;2023-04-28;F;4;0;4;8556;3394086;60506;
1085;Sjælland;2023-04-28;F;4;0;2;8556;3394090;60508;
1083;Syddanmark;2023-04-28;F;4;1;3;8557;3394094;60511;
1084;Hovedstaden;2023-04-28;M;9;2;3;8559;3394103;60514;
1082;Midtjylland;2023-04-28;M;6;1;5;8560;3394109;60519;
1081;Nordjylland;2023-04-28;M;8;2;6;8562;3394117;60525;
1085;Sjælland;2023-04-28;M;5;0;2;8562;3394122;60527;
1083;Syddanmark;2023-04-28;M;6;0;1;8562;3394128;60528;
1084;Hovedstaden;2023-04-29;F;8;0;5;8562;3394136;60533;
1082;Midtjylland;2023-04-29;F;2;0;2;8562;3394138;60535;
1081;Nordjylland;2023-04-29;F;3;1;2;8563;3394141;60537;
1085;Sjælland;2023-04-29;F;6;0;5;8563;3394147;60542;
1083;Syddanmark;2023-04-29;F;3;0;3;8563;3394150;60545;
1084;Hovedstaden;2023-04-29;M;7;0;5;8563;3394157;60550;
1082;Midtjylland;2023-04-29;M;4;0;3;8563;3394161;60553;
1081;Nordjylland;2023-04-29;M;4;2;3;8565;3394165;60556;
1085;Sjælland;2023-04-29;M;3;1;3;8566;3394168;60559;
1083;Syddanmark;2023-04-29;M;7;3;7;8569;3394175;60566;
1084;Hovedstaden;2023-04-30;F;10;2;7;8571;3394185;60573;
1082;Midtjylland;2023-04-30;F;3;0;2;8571;3394188;60575;
1081;Nordjylland;2023-04-30;F;1;0;0;8571;3394189;60575;
1085;Sjælland;2023-04-30;F;3;1;2;8572;3394192;60577;
1083;Syddanmark;2023-04-30;F;6;1;4;8573;3394198;60581;
1084;Hovedstaden;2023-04-30;M;10;0;5;8573;3394208;60586;
1082;Midtjylland;2023-04-30;M;3;1;2;8574;3394211;60588;
1081;Nordjylland;2023-04-30;M;4;0;1;8574;3394215;60589;
1085;Sjælland;2023-04-30;M;5;1;4;8575;3394220;60593;
1083;Syddanmark;2023-04-30;M;5;0;3;8575;3394225;60596;
1084;Hovedstaden;2023-05-01;F;19;1;5;8576;3394244;60601;
1082;Midtjylland;2023-05-01;F;11;0;5;8576;3394255;60606;
1081;Nordjylland;2023-05-01;F;9;0;6;8576;3394264;60612;
1085;Sjælland;2023-05-01;F;10;1;5;8577;3394274;60617;
1083;Syddanmark;2023-05-01;F;20;5;9;8582;3394294;60626;
1084;Hovedstaden;2023-05-01;M;14;0;7;8582;3394308;60633;
1082;Midtjylland;2023-05-01;M;4;0;1;8582;3394312;60634;
1081;Nordjylland;2023-05-01;M;3;1;2;8583;3394315;60636;
1085;Sjælland;2023-05-01;M;8;0;4;8583;3394323;60640;
1083;Syddanmark;2023-05-01;M;13;1;7;8584;3394336;60647;
1084;Hovedstaden;2023-05-02;F;24;0;7;8584;3394360;60654;
1082;Midtjylland;2023-05-02;F;5;0;4;8584;3394365;60658;
1081;Nordjylland;2023-05-02;F;2;0;0;8584;3394367;60658;
1085;Sjælland;2023-05-02;F;9;0;2;8584;3394376;60660;
1083;Syddanmark;2023-05-02;F;8;1;4;8585;3394384;60664;
1084;Hovedstaden;2023-05-02;M;20;0;9;8585;3394404;60673;
1082;Midtjylland;2023-05-02;M;5;0;5;8585;3394409;60678;
1081;Nordjylland;2023-05-02;M;7;0;6;8585;3394416;60684;
1085;Sjælland;2023-05-02;M;4;0;2;8585;3394420;60686;
1083;Syddanmark;2023-05-02;M;15;0;8;8585;3394435;60694;
1084;Hovedstaden;2023-05-03;F;23;0;9;8585;3394458;60703;
1082;Midtjylland;2023-05-03;F;6;0;2;8585;3394464;60705;
1081;Nordjylland;2023-05-03;F;3;0;1;8585;3394467;60706;
1085;Sjælland;2023-05-03;F;11;0;7;8585;3394478;60713;
1083;Syddanmark;2023-05-03;F;8;0;2;8585;3394486;60715;
1084;Hovedstaden;2023-05-03;M;15;0;2;8585;3394501;60717;
1082;Midtjylland;2023-05-03;M;6;0;5;8585;3394507;60722;
1081;Nordjylland;2023-05-03;M;3;0;3;8585;3394510;60725;
1085;Sjælland;2023-05-03;M;4;1;3;8586;3394514;60728;
1083;Syddanmark;2023-05-03;M;10;1;7;8587;3394524;60735;
1084;Hovedstaden;2023-05-04;F;11;0;2;8587;3394535;60737;
1082;Midtjylland;2023-05-04;F;6;1;4;8588;3394541;60741;
1081;Nordjylland;2023-05-04;F;1;1;1;8589;3394542;60742;
1085;Sjælland;2023-05-04;F;10;0;4;8589;3394552;60746;
1083;Syddanmark;2023-05-04;F;9;0;5;8589;3394561;60751;
1084;Hovedstaden;2023-05-04;M;10;0;5;8589;3394571;60756;
1082;Midtjylland;2023-05-04;M;6;0;4;8589;3394577;60760;
1081;Nordjylland;2023-05-04;M;3;0;2;8589;3394580;60762;
1085;Sjælland;2023-05-04;M;6;0;1;8589;3394586;60763;
1083;Syddanmark;2023-05-04;M;10;0;6;8589;3394596;60769;
1084;Hovedstaden;2023-05-05;F;7;1;4;8590;3394603;60773;
1082;Midtjylland;2023-05-05;F;1;1;1;8591;3394604;60774;
1081;Nordjylland;2023-05-05;F;3;0;2;8591;3394607;60776;
1085;Sjælland;2023-05-05;F;5;1;5;8592;3394612;60781;
1083;Syddanmark;2023-05-05;F;3;0;1;8592;3394615;60782;
1084;Hovedstaden;2023-05-05;M;13;1;8;8593;3394628;60790;
1082;Midtjylland;2023-05-05;M;6;0;5;8593;3394634;60795;
1081;Nordjylland;2023-05-05;M;3;1;3;8594;3394637;60798;
1085;Sjælland;2023-05-05;M;3;0;3;8594;3394640;60801;
1083;Syddanmark;2023-05-05;M;2;0;2;8594;3394642;60803;
1084;Hovedstaden;2023-05-06;F;18;0;8;8594;3394660;60811;
1082;Midtjylland;2023-05-06;F;5;0;3;8594;3394665;60814;
1081;Nordjylland;2023-05-06;F;2;0;2;8594;3394667;60816;
1085;Sjælland;2023-05-06;F;2;0;1;8594;3394669;60817;
1083;Syddanmark;2023-05-06;F;6;1;3;8595;3394675;60820;
1084;Hovedstaden;2023-05-06;M;8;0;4;8595;3394683;60824;
1082;Midtjylland;2023-05-06;M;4;0;4;8595;3394687;60828;
1081;Nordjylland;2023-05-06;M;3;1;3;8596;3394690;60831;
1085;Sjælland;2023-05-06;M;5;1;4;8597;3394695;60835;
1083;Syddanmark;2023-05-06;M;4;1;2;8598;3394699;60837;
1084;Hovedstaden;2023-05-07;F;12;0;8;8598;3394711;60845;
1082;Midtjylland;2023-05-07;F;3;1;2;8599;3394714;60847;
1081;Nordjylland;2023-05-07;F;3;0;3;8599;3394717;60850;
1085;Sjælland;2023-05-07;F;2;0;2;8599;3394719;60852;
1083;Syddanmark;2023-05-07;F;6;1;5;8600;3394725;60857;
1084;Hovedstaden;2023-05-07;M;12;1;8;8601;3394737;60865;
1082;Midtjylland;2023-05-07;M;10;1;9;8602;3394747;60874;
1081;Nordjylland;2023-05-07;M;1;0;1;8602;3394748;60875;
1085;Sjælland;2023-05-07;M;4;1;4;8603;3394752;60879;
1083;Syddanmark;2023-05-07;M;6;0;5;8603;3394758;60884;
1084;Hovedstaden;2023-05-08;F;21;2;7;8605;3394779;60891;
1082;Midtjylland;2023-05-08;F;7;1;5;8606;3394786;60896;
1081;Nordjylland;2023-05-08;F;11;2;5;8608;3394797;60901;
1085;Sjælland;2023-05-08;F;7;0;2;8608;3394804;60903;
1083;Syddanmark;2023-05-08;F;15;2;5;8610;3394819;60908;
1084;Hovedstaden;2023-05-08;M;26;3;11;8613;3394845;60919;
1082;Midtjylland;2023-05-08;M;6;0;4;8613;3394851;60923;
1085;Sjælland;2023-05-08;M;11;1;6;8614;3394862;60929;
1083;Syddanmark;2023-05-08;M;8;3;7;8617;3394870;60936;
1084;Hovedstaden;2023-05-09;F;27;0;10;8617;3394897;60946;
1082;Midtjylland;2023-05-09;F;4;0;3;8617;3394901;60949;
1081;Nordjylland;2023-05-09;F;3;0;3;8617;3394904;60952;
1085;Sjælland;2023-05-09;F;13;0;9;8617;3394917;60961;
1083;Syddanmark;2023-05-09;F;12;2;6;8619;3394929;60967;
1084;Hovedstaden;2023-05-09;M;26;0;12;8619;3394955;60979;
1082;Midtjylland;2023-05-09;M;7;0;4;8619;3394962;60983;
1081;Nordjylland;2023-05-09;M;3;0;2;8619;3394965;60985;
1085;Sjælland;2023-05-09;M;10;2;6;8621;3394975;60991;
1083;Syddanmark;2023-05-09;M;7;1;2;8622;3394982;60993;
1084;Hovedstaden;2023-05-10;F;14;0;4;8622;3394996;60997;
1082;Midtjylland;2023-05-10;F;10;0;3;8622;3395006;61000;
1081;Nordjylland;2023-05-10;F;6;1;5;8623;3395012;61005;
1085;Sjælland;2023-05-10;F;9;0;3;8623;3395021;61008;
1083;Syddanmark;2023-05-10;F;14;1;4;8624;3395035;61012;
1084;Hovedstaden;2023-05-10;M;15;0;7;8624;3395050;61019;
1082;Midtjylland;2023-05-10;M;6;1;6;8625;3395056;61025;
1081;Nordjylland;2023-05-10;M;3;1;2;8626;3395059;61027;
1085;Sjælland;2023-05-10;M;10;3;9;8629;3395069;61036;
1083;Syddanmark;2023-05-10;M;14;2;8;8631;3395083;61044;
1084;Hovedstaden;2023-05-11;F;26;4;6;8635;3395109;61050;
1082;Midtjylland;2023-05-11;F;6;1;5;8636;3395115;61055;
1081;Nordjylland;2023-05-11;F;5;0;3;8636;3395120;61058;
1085;Sjælland;2023-05-11;F;10;0;6;8636;3395130;61064;
1083;Syddanmark;2023-05-11;F;12;0;4;8636;3395142;61068;
1084;Hovedstaden;2023-05-11;M;14;1;10;8637;3395156;61078;
1082;Midtjylland;2023-05-11;M;5;0;5;8637;3395161;61083;
1081;Nordjylland;2023-05-11;M;1;0;1;8637;3395162;61084;
1085;Sjælland;2023-05-11;M;4;0;4;8637;3395166;61088;
1083;Syddanmark;2023-05-11;M;3;0;2;8637;3395169;61090;
1084;Hovedstaden;2023-05-12;F;14;0;8;8637;3395183;61098;
1082;Midtjylland;2023-05-12;F;3;0;2;8637;3395186;61100;
1081;Nordjylland;2023-05-12;F;1;0;1;8637;3395187;61101;
1085;Sjælland;2023-05-12;F;6;1;4;8638;3395193;61105;
1083;Syddanmark;2023-05-12;F;4;1;3;8639;3395197;61108;
1084;Hovedstaden;2023-05-12;M;13;1;5;8640;3395210;61113;
1082;Midtjylland;2023-05-12;M;6;0;5;8640;3395216;61118;
1081;Nordjylland;2023-05-12;M;2;0;1;8640;3395218;61119;
1085;Sjælland;2023-05-12;M;6;0;3;8640;3395224;61122;
1083;Syddanmark;2023-05-12;M;11;1;7;8641;3395235;61129;
1084;Hovedstaden;2023-05-13;F;10;1;6;8642;3395245;61135;
1082;Midtjylland;2023-05-13;F;2;0;0;8642;3395247;61135;
1081;Nordjylland;2023-05-13;F;2;1;1;8643;3395249;61136;
1085;Sjælland;2023-05-13;F;5;1;3;8644;3395254;61139;
1083;Syddanmark;2023-05-13;F;6;1;5;8645;3395260;61144;
1084;Hovedstaden;2023-05-13;M;7;0;3;8645;3395267;61147;
1082;Midtjylland;2023-05-13;M;4;0;3;8645;3395271;61150;
1083;Syddanmark;2023-05-13;M;3;0;2;8645;3395274;61152;
1084;Hovedstaden;2023-05-14;F;6;3;6;8648;3395280;61158;
1082;Midtjylland;2023-05-14;F;3;0;2;8648;3395283;61160;
1081;Nordjylland;2023-05-14;F;2;0;1;8648;3395285;61161;
1085;Sjælland;2023-05-14;F;1;0;1;8648;3395286;61162;
1083;Syddanmark;2023-05-14;F;9;1;8;8649;3395295;61170;
1084;Hovedstaden;2023-05-14;M;9;0;7;8649;3395304;61177;
1082;Midtjylland;2023-05-14;M;2;0;2;8649;3395306;61179;
1081;Nordjylland;2023-05-14;M;6;1;5;8650;3395312;61184;
1085;Sjælland;2023-05-14;M;2;0;1;8650;3395314;61185;
1083;Syddanmark;2023-05-14;M;7;1;7;8651;3395321;61192;
1084;Hovedstaden;2023-05-15;F;17;0;5;8651;3395338;61197;
1082;Midtjylland;2023-05-15;F;10;1;5;8652;3395348;61202;
1081;Nordjylland;2023-05-15;F;4;0;2;8652;3395352;61204;
1085;Sjælland;2023-05-15;F;7;0;1;8652;3395359;61205;
1083;Syddanmark;2023-05-15;F;12;1;6;8653;3395371;61211;
1084;Hovedstaden;2023-05-15;M;14;1;8;8654;3395385;61219;
1082;Midtjylland;2023-05-15;M;6;0;5;8654;3395391;61224;
1081;Nordjylland;2023-05-15;M;2;0;1;8654;3395393;61225;
1085;Sjælland;2023-05-15;M;7;0;5;8654;3395400;61230;
1083;Syddanmark;2023-05-15;M;11;0;6;8654;3395411;61236;
1084;Hovedstaden;2023-05-16;F;14;0;6;8654;3395425;61242;
1082;Midtjylland;2023-05-16;F;2;0;1;8654;3395427;61243;
1081;Nordjylland;2023-05-16;F;5;1;3;8655;3395432;61246;
1085;Sjælland;2023-05-16;F;7;0;1;8655;3395439;61247;
1083;Syddanmark;2023-05-16;F;6;0;3;8655;3395445;61250;
1084;Hovedstaden;2023-05-16;M;15;0;5;8655;3395460;61255;
1082;Midtjylland;2023-05-16;M;4;0;3;8655;3395464;61258;
1081;Nordjylland;2023-05-16;M;2;0;2;8655;3395466;61260;
1085;Sjælland;2023-05-16;M;8;0;5;8655;3395474;61265;
1083;Syddanmark;2023-05-16;M;8;0;5;8655;3395482;61270;
1084;Hovedstaden;2023-05-17;F;9;0;4;8655;3395491;61274;
1082;Midtjylland;2023-05-17;F;3;0;3;8655;3395494;61277;
1085;Sjælland;2023-05-17;F;7;0;4;8655;3395501;61281;
1083;Syddanmark;2023-05-17;F;5;1;2;8656;3395506;61283;
1084;Hovedstaden;2023-05-17;M;8;0;4;8656;3395514;61287;
1082;Midtjylland;2023-05-17;M;6;0;3;8656;3395520;61290;
1081;Nordjylland;2023-05-17;M;1;0;1;8656;3395521;61291;
1085;Sjælland;2023-05-17;M;2;0;1;8656;3395523;61292;
1083;Syddanmark;2023-05-17;M;4;0;2;8656;3395527;61294;
1084;Hovedstaden;2023-05-18;F;7;0;6;8656;3395534;61300;
1082;Midtjylland;2023-05-18;F;2;0;1;8656;3395536;61301;
1081;Nordjylland;2023-05-18;F;1;0;1;8656;3395537;61302;
1085;Sjælland;2023-05-18;F;5;0;3;8656;3395542;61305;
1083;Syddanmark;2023-05-18;F;3;0;2;8656;3395545;61307;
1084;Hovedstaden;2023-05-18;M;3;0;1;8656;3395548;61308;
1082;Midtjylland;2023-05-18;M;3;1;1;8657;3395551;61309;
1081;Nordjylland;2023-05-18;M;2;0;2;8657;3395553;61311;
1085;Sjælland;2023-05-18;M;3;0;2;8657;3395556;61313;
1083;Syddanmark;2023-05-18;M;6;0;5;8657;3395562;61318;
1084;Hovedstaden;2023-05-19;F;19;1;10;8658;3395581;61328;
1082;Midtjylland;2023-05-19;F;3;0;3;8658;3395584;61331;
1081;Nordjylland;2023-05-19;F;3;1;1;8659;3395587;61332;
1085;Sjælland;2023-05-19;F;1;0;0;8659;3395588;61332;
1083;Syddanmark;2023-05-19;F;4;0;2;8659;3395592;61334;
1084;Hovedstaden;2023-05-19;M;8;2;4;8661;3395600;61338;
1082;Midtjylland;2023-05-19;M;1;0;0;8661;3395601;61338;
1081;Nordjylland;2023-05-19;M;3;0;2;8661;3395604;61340;
1085;Sjælland;2023-05-19;M;2;0;0;8661;3395606;61340;
1083;Syddanmark;2023-05-19;M;3;0;1;8661;3395609;61341;
1084;Hovedstaden;2023-05-20;F;8;1;7;8662;3395617;61348;
1082;Midtjylland;2023-05-20;F;3;0;3;8662;3395620;61351;
1081;Nordjylland;2023-05-20;F;1;0;1;8662;3395621;61352;
1085;Sjælland;2023-05-20;F;5;0;4;8662;3395626;61356;
1083;Syddanmark;2023-05-20;F;4;0;1;8662;3395630;61357;
1084;Hovedstaden;2023-05-20;M;6;0;4;8662;3395636;61361;
1082;Midtjylland;2023-05-20;M;3;0;1;8662;3395639;61362;
1085;Sjælland;2023-05-20;M;2;1;1;8663;3395641;61363;
1083;Syddanmark;2023-05-20;M;5;1;4;8664;3395646;61367;
1084;Hovedstaden;2023-05-21;F;8;0;4;8664;3395654;61371;
1082;Midtjylland;2023-05-21;F;1;0;1;8664;3395655;61372;
1081;Nordjylland;2023-05-21;F;1;0;1;8664;3395656;61373;
1085;Sjælland;2023-05-21;F;3;0;3;8664;3395659;61376;
1083;Syddanmark;2023-05-21;F;4;0;4;8664;3395663;61380;
1084;Hovedstaden;2023-05-21;M;4;0;3;8664;3395667;61383;
1082;Midtjylland;2023-05-21;M;7;1;4;8665;3395674;61387;
1081;Nordjylland;2023-05-21;M;3;0;2;8665;3395677;61389;
1085;Sjælland;2023-05-21;M;4;0;3;8665;3395681;61392;
1083;Syddanmark;2023-05-21;M;6;0;6;8665;3395687;61398;
1084;Hovedstaden;2023-05-22;F;18;0;5;8665;3395705;61403;
1082;Midtjylland;2023-05-22;F;4;0;2;8665;3395709;61405;
1081;Nordjylland;2023-05-22;F;3;0;1;8665;3395712;61406;
1085;Sjælland;2023-05-22;F;3;0;1;8665;3395715;61407;
1083;Syddanmark;2023-05-22;F;4;2;4;8667;3395719;61411;
1084;Hovedstaden;2023-05-22;M;13;0;5;8667;3395732;61416;
1082;Midtjylland;2023-05-22;M;5;1;2;8668;3395737;61418;
1081;Nordjylland;2023-05-22;M;1;0;1;8668;3395738;61419;
1085;Sjælland;2023-05-22;M;2;0;2;8668;3395740;61421;
1083;Syddanmark;2023-05-22;M;4;1;3;8669;3395744;61424;
1084;Hovedstaden;2023-05-23;F;11;0;2;8669;3395755;61426;
1082;Midtjylland;2023-05-23;F;5;0;1;8669;3395760;61427;
1081;Nordjylland;2023-05-23;F;1;0;0;8669;3395761;61427;
1085;Sjælland;2023-05-23;F;7;0;0;8669;3395768;61427;
1083;Syddanmark;2023-05-23;F;5;0;0;8669;3395773;61427;
1084;Hovedstaden;2023-05-23;M;9;1;5;8670;3395782;61432;
1082;Midtjylland;2023-05-23;M;3;0;2;8670;3395785;61434;
1081;Nordjylland;2023-05-23;M;2;0;2;8670;3395787;61436;
1085;Sjælland;2023-05-23;M;9;1;4;8671;3395796;61440;
1083;Syddanmark;2023-05-23;M;10;0;6;8671;3395806;61446;
1084;Hovedstaden;2023-05-24;F;7;0;2;8671;3395813;61448;
1082;Midtjylland;2023-05-24;F;8;1;5;8672;3395821;61453;
1081;Nordjylland;2023-05-24;F;5;0;2;8672;3395826;61455;
1085;Sjælland;2023-05-24;F;4;0;2;8672;3395830;61457;
1083;Syddanmark;2023-05-24;F;6;0;1;8672;3395836;61458;
1084;Hovedstaden;2023-05-24;M;5;0;2;8672;3395841;61460;
1081;Nordjylland;2023-05-24;M;2;0;2;8672;3395843;61462;
1085;Sjælland;2023-05-24;M;3;0;1;8672;3395846;61463;
1083;Syddanmark;2023-05-24;M;7;1;4;8673;3395853;61467;
1084;Hovedstaden;2023-05-25;F;11;1;4;8674;3395864;61471;
1082;Midtjylland;2023-05-25;F;7;0;4;8674;3395871;61475;
1081;Nordjylland;2023-05-25;F;2;0;2;8674;3395873;61477;
1085;Sjælland;2023-05-25;F;3;0;0;8674;3395876;61477;
1083;Syddanmark;2023-05-25;F;6;0;2;8674;3395882;61479;
1084;Hovedstaden;2023-05-25;M;13;0;4;8674;3395895;61483;
1082;Midtjylland;2023-05-25;M;1;0;1;8674;3395896;61484;
1085;Sjælland;2023-05-25;M;7;0;2;8674;3395903;61486;
1083;Syddanmark;2023-05-25;M;4;0;4;8674;3395907;61490;
1084;Hovedstaden;2023-05-26;F;11;2;4;8676;3395918;61494;
1082;Midtjylland;2023-05-26;F;4;0;3;8676;3395922;61497;
1081;Nordjylland;2023-05-26;F;4;0;3;8676;3395926;61500;
1085;Sjælland;2023-05-26;F;3;0;0;8676;3395929;61500;
1083;Syddanmark;2023-05-26;F;2;0;2;8676;3395931;61502;
1084;Hovedstaden;2023-05-26;M;6;0;2;8676;3395937;61504;
1082;Midtjylland;2023-05-26;M;2;0;1;8676;3395939;61505;
1085;Sjælland;2023-05-26;M;4;0;0;8676;3395943;61505;
1083;Syddanmark;2023-05-26;M;3;0;1;8676;3395946;61506;
1084;Hovedstaden;2023-05-27;F;5;0;4;8676;3395951;61510;
1082;Midtjylland;2023-05-27;F;1;0;0;8676;3395952;61510;
1085;Sjælland;2023-05-27;F;3;0;2;8676;3395955;61512;
1083;Syddanmark;2023-05-27;F;2;0;0;8676;3395957;61512;
1084;Hovedstaden;2023-05-27;M;3;1;2;8677;3395960;61514;
1081;Nordjylland;2023-05-27;M;3;0;1;8677;3395963;61515;
1085;Sjælland;2023-05-27;M;1;0;0;8677;3395964;61515;
1083;Syddanmark;2023-05-27;M;2;1;1;8678;3395966;61516;
1084;Hovedstaden;2023-05-28;F;1;0;1;8678;3395967;61517;
1082;Midtjylland;2023-05-28;F;3;0;3;8678;3395970;61520;
1081;Nordjylland;2023-05-28;F;5;0;4;8678;3395975;61524;
1085;Sjælland;2023-05-28;F;2;0;1;8678;3395977;61525;
1084;Hovedstaden;2023-05-28;M;2;0;1;8678;3395979;61526;
1082;Midtjylland;2023-05-28;M;1;0;1;8678;3395980;61527;
1081;Nordjylland;2023-05-28;M;2;0;2;8678;3395982;61529;
1085;Sjælland;2023-05-28;M;3;0;3;8678;3395985;61532;
1083;Syddanmark;2023-05-28;M;3;0;3;8678;3395988;61535;
1084;Hovedstaden;2023-05-29;F;1;0;1;8678;3395989;61536;
1082;Midtjylland;2023-05-29;F;4;0;4;8678;3395993;61540;
1081;Nordjylland;2023-05-29;F;1;0;0;8678;3395994;61540;
1085;Sjælland;2023-05-29;F;2;1;2;8679;3395996;61542;
1083;Syddanmark;2023-05-29;F;4;0;3;8679;3396000;61545;
1084;Hovedstaden;2023-05-29;M;3;0;1;8679;3396003;61546;
1082;Midtjylland;2023-05-29;M;2;1;2;8680;3396005;61548;
1081;Nordjylland;2023-05-29;M;2;0;2;8680;3396007;61550;
1085;Sjælland;2023-05-29;M;2;0;2;8680;3396009;61552;
1083;Syddanmark;2023-05-29;M;2;0;1;8680;3396011;61553;
1084;Hovedstaden;2023-05-30;F;5;0;0;8680;3396016;61553;
1082;Midtjylland;2023-05-30;F;2;0;2;8680;3396018;61555;
1081;Nordjylland;2023-05-30;F;1;0;1;8680;3396019;61556;
1085;Sjælland;2023-05-30;F;6;0;2;8680;3396025;61558;
1083;Syddanmark;2023-05-30;F;3;1;2;8681;3396028;61560;
1084;Hovedstaden;2023-05-30;M;7;0;3;8681;3396035;61563;
1082;Midtjylland;2023-05-30;M;3;0;3;8681;3396038;61566;
1081;Nordjylland;2023-05-30;M;2;0;1;8681;3396040;61567;
1085;Sjælland;2023-05-30;M;2;0;2;8681;3396042;61569;
1083;Syddanmark;2023-05-30;M;6;0;3;8681;3396048;61572;
1084;Hovedstaden;2023-05-31;F;5;0;2;8681;3396053;61574;
1085;Sjælland;2023-05-31;F;3;0;2;8681;3396056;61576;
1083;Syddanmark;2023-05-31;F;4;0;2;8681;3396060;61578;
1084;Hovedstaden;2023-05-31;M;8;0;5;8681;3396068;61583;
1082;Midtjylland;2023-05-31;M;3;0;0;8681;3396071;61583;
1081;Nordjylland;2023-05-31;M;3;0;3;8681;3396074;61586;
1085;Sjælland;2023-05-31;M;2;0;2;8681;3396076;61588;
1083;Syddanmark;2023-05-31;M;5;0;3;8681;3396081;61591;
1084;Hovedstaden;2023-06-01;F;4;0;1;8681;3396085;61592;
1082;Midtjylland;2023-06-01;F;3;0;1;8681;3396088;61593;
1085;Sjælland;2023-06-01;F;2;0;1;8681;3396090;61594;
1083;Syddanmark;2023-06-01;F;1;0;0;8681;3396091;61594;
1084;Hovedstaden;2023-06-01;M;9;0;4;8681;3396100;61598;
1082;Midtjylland;2023-06-01;M;2;0;1;8681;3396102;61599;
1081;Nordjylland;2023-06-01;M;2;0;1;8681;3396104;61600;
1085;Sjælland;2023-06-01;M;1;0;1;8681;3396105;61601;
1083;Syddanmark;2023-06-01;M;1;0;0;8681;3396106;61601;
1084;Hovedstaden;2023-06-02;F;4;0;4;8681;3396110;61605;
1082;Midtjylland;2023-06-02;F;2;0;1;8681;3396112;61606;
1081;Nordjylland;2023-06-02;F;2;0;0;8681;3396114;61606;
1085;Sjælland;2023-06-02;F;3;0;1;8681;3396117;61607;
1083;Syddanmark;2023-06-02;F;3;0;2;8681;3396120;61609;
1084;Hovedstaden;2023-06-02;M;3;0;2;8681;3396123;61611;
1082;Midtjylland;2023-06-02;M;1;0;1;8681;3396124;61612;
1081;Nordjylland;2023-06-02;M;2;0;0;8681;3396126;61612;
1085;Sjælland;2023-06-02;M;2;0;2;8681;3396128;61614;
1083;Syddanmark;2023-06-02;M;5;1;4;8682;3396133;61618;
1084;Hovedstaden;2023-06-03;F;4;0;2;8682;3396137;61620;
1082;Midtjylland;2023-06-03;F;1;0;0;8682;3396138;61620;
1081;Nordjylland;2023-06-03;F;1;0;1;8682;3396139;61621;
1085;Sjælland;2023-06-03;F;2;1;2;8683;3396141;61623;
1083;Syddanmark;2023-06-03;F;1;1;1;8684;3396142;61624;
1084;Hovedstaden;2023-06-03;M;3;0;0;8684;3396145;61624;
1082;Midtjylland;2023-06-03;M;4;0;2;8684;3396149;61626;
1081;Nordjylland;2023-06-03;M;1;0;1;8684;3396150;61627;
1085;Sjælland;2023-06-03;M;2;2;2;8686;3396152;61629;
1083;Syddanmark;2023-06-03;M;1;0;1;8686;3396153;61630;
1084;Hovedstaden;2023-06-04;F;1;0;1;8686;3396154;61631;
1082;Midtjylland;2023-06-04;F;1;0;1;8686;3396155;61632;
1081;Nordjylland;2023-06-04;F;1;0;1;8686;3396156;61633;
1083;Syddanmark;2023-06-04;F;2;0;1;8686;3396158;61634;
1084;Hovedstaden;2023-06-04;M;3;0;2;8686;3396161;61636;
1081;Nordjylland;2023-06-04;M;1;0;1;8686;3396162;61637;
1085;Sjælland;2023-06-04;M;2;0;1;8686;3396164;61638;
1083;Syddanmark;2023-06-04;M;3;1;3;8687;3396167;61641;
1084;Hovedstaden;2023-06-05;F;3;1;3;8688;3396170;61644;
1085;Sjælland;2023-06-05;F;3;0;3;8688;3396173;61647;
1083;Syddanmark;2023-06-05;F;1;0;0;8688;3396174;61647;
1084;Hovedstaden;2023-06-05;M;3;2;3;8690;3396177;61650;
1082;Midtjylland;2023-06-05;M;3;0;2;8690;3396180;61652;
1085;Sjælland;2023-06-05;M;2;0;2;8690;3396182;61654;
1083;Syddanmark;2023-06-05;M;3;0;1;8690;3396185;61655;
1084;Hovedstaden;2023-06-06;F;11;0;3;8690;3396196;61658;
1082;Midtjylland;2023-06-06;F;1;0;1;8690;3396197;61659;
1081;Nordjylland;2023-06-06;F;3;0;1;8690;3396200;61660;
1085;Sjælland;2023-06-06;F;5;0;2;8690;3396205;61662;
1083;Syddanmark;2023-06-06;F;5;0;3;8690;3396210;61665;
1084;Hovedstaden;2023-06-06;M;4;0;2;8690;3396214;61667;
1081;Nordjylland;2023-06-06;M;2;0;0;8690;3396216;61667;
1085;Sjælland;2023-06-06;M;2;0;1;8690;3396218;61668;
1083;Syddanmark;2023-06-06;M;5;0;2;8690;3396223;61670;
1084;Hovedstaden;2023-06-07;F;4;0;0;8690;3396227;61670;
1082;Midtjylland;2023-06-07;F;3;0;2;8690;3396230;61672;
1085;Sjælland;2023-06-07;F;2;0;1;8690;3396232;61673;
1083;Syddanmark;2023-06-07;F;5;0;3;8690;3396237;61676;
1084;Hovedstaden;2023-06-07;M;2;0;0;8690;3396239;61676;
1081;Nordjylland;2023-06-07;M;1;0;1;8690;3396240;61677;
1085;Sjælland;2023-06-07;M;1;0;1;8690;3396241;61678;
1083;Syddanmark;2023-06-07;M;6;0;4;8690;3396247;61682;
1084;Hovedstaden;2023-06-08;F;8;0;2;8690;3396255;61684;
1082;Midtjylland;2023-06-08;F;1;0;1;8690;3396256;61685;
1081;Nordjylland;2023-06-08;F;1;0;0;8690;3396257;61685;
1085;Sjælland;2023-06-08;F;2;0;0;8690;3396259;61685;
1083;Syddanmark;2023-06-08;F;4;0;1;8690;3396263;61686;
1084;Hovedstaden;2023-06-08;M;4;1;2;8691;3396267;61688;
1082;Midtjylland;2023-06-08;M;2;0;2;8691;3396269;61690;
1081;Nordjylland;2023-06-08;M;2;0;2;8691;3396271;61692;
1085;Sjælland;2023-06-08;M;3;0;2;8691;3396274;61694;
1083;Syddanmark;2023-06-08;M;3;1;2;8692;3396277;61696;
1084;Hovedstaden;2023-06-09;F;3;0;1;8692;3396280;61697;
1085;Sjælland;2023-06-09;F;2;0;1;8692;3396282;61698;
1084;Hovedstaden;2023-06-09;M;7;1;2;8693;3396289;61700;
1082;Midtjylland;2023-06-09;M;3;0;3;8693;3396292;61703;
1081;Nordjylland;2023-06-09;M;2;0;2;8693;3396294;61705;
1084;Hovedstaden;2023-06-10;F;3;0;1;8693;3396297;61706;
1082;Midtjylland;2023-06-10;F;2;0;2;8693;3396299;61708;
1085;Sjælland;2023-06-10;F;1;0;1;8693;3396300;61709;
1083;Syddanmark;2023-06-10;F;3;0;3;8693;3396303;61712;
1084;Hovedstaden;2023-06-10;M;4;0;3;8693;3396307;61715;
1085;Sjælland;2023-06-10;M;2;1;2;8694;3396309;61717;
1083;Syddanmark;2023-06-10;M;2;0;2;8694;3396311;61719;
1084;Hovedstaden;2023-06-11;F;4;0;1;8694;3396315;61720;
1082;Midtjylland;2023-06-11;F;1;0;1;8694;3396316;61721;
1081;Nordjylland;2023-06-11;F;2;0;1;8694;3396318;61722;
1085;Sjælland;2023-06-11;F;1;1;1;8695;3396319;61723;
1083;Syddanmark;2023-06-11;F;1;0;1;8695;3396320;61724;
1084;Hovedstaden;2023-06-11;M;4;0;2;8695;3396324;61726;
1082;Midtjylland;2023-06-11;M;2;0;1;8695;3396326;61727;
1085;Sjælland;2023-06-11;M;2;0;1;8695;3396328;61728;
1083;Syddanmark;2023-06-11;M;1;0;1;8695;3396329;61729;
1084;Hovedstaden;2023-06-12;F;7;0;2;8695;3396336;61731;
1082;Midtjylland;2023-06-12;F;3;0;2;8695;3396339;61733;
1085;Sjælland;2023-06-12;F;1;0;1;8695;3396340;61734;
1083;Syddanmark;2023-06-12;F;8;0;3;8695;3396348;61737;
1084;Hovedstaden;2023-06-12;M;6;0;2;8695;3396354;61739;
1082;Midtjylland;2023-06-12;M;3;0;2;8695;3396357;61741;
1081;Nordjylland;2023-06-12;M;2;1;2;8696;3396359;61743;
1085;Sjælland;2023-06-12;M;5;1;4;8697;3396364;61747;
1083;Syddanmark;2023-06-12;M;4;1;2;8698;3396368;61749;
1084;Hovedstaden;2023-06-13;F;4;0;2;8698;3396372;61751;
1085;Sjælland;2023-06-13;F;1;0;0;8698;3396373;61751;
1084;Hovedstaden;2023-06-13;M;1;0;0;8698;3396374;61751;
1082;Midtjylland;2023-06-13;M;1;0;1;8698;3396375;61752;
1085;Sjælland;2023-06-13;M;2;0;1;8698;3396377;61753;
1083;Syddanmark;2023-06-13;M;3;0;1;8698;3396380;61754;
1084;Hovedstaden;2023-06-14;F;4;1;2;8699;3396384;61756;
1082;Midtjylland;2023-06-14;F;1;0;0;8699;3396385;61756;
1081;Nordjylland;2023-06-14;F;1;0;0;8699;3396386;61756;
1085;Sjælland;2023-06-14;F;3;0;1;8699;3396389;61757;
1083;Syddanmark;2023-06-14;F;3;0;1;8699;3396392;61758;
1084;Hovedstaden;2023-06-14;M;6;1;4;8700;3396398;61762;
1085;Sjælland;2023-06-14;M;1;0;0;8700;3396399;61762;
1084;Hovedstaden;2023-06-15;F;6;0;1;8700;3396405;61763;
1085;Sjælland;2023-06-15;F;1;0;1;8700;3396406;61764;
1083;Syddanmark;2023-06-15;F;2;0;1;8700;3396408;61765;
1084;Hovedstaden;2023-06-15;M;6;0;2;8700;3396414;61767;
1081;Nordjylland;2023-06-15;M;2;2;2;8702;3396416;61769;
1085;Sjælland;2023-06-15;M;1;0;1;8702;3396417;61770;
1083;Syddanmark;2023-06-15;M;5;0;3;8702;3396422;61773;
1084;Hovedstaden;2023-06-16;F;3;0;2;8702;3396425;61775;
1082;Midtjylland;2023-06-16;F;1;0;0;8702;3396426;61775;
1085;Sjælland;2023-06-16;F;1;0;0;8702;3396427;61775;
1084;Hovedstaden;2023-06-16;M;7;0;5;8702;3396434;61780;
1081;Nordjylland;2023-06-16;M;1;0;1;8702;3396435;61781;
1085;Sjælland;2023-06-16;M;3;0;3;8702;3396438;61784;
1083;Syddanmark;2023-06-16;M;2;0;2;8702;3396440;61786;
1083;Syddanmark;2023-06-17;F;1;0;1;8702;3396441;61787;
1084;Hovedstaden;2023-06-17;M;4;3;4;8705;3396445;61791;
1082;Midtjylland;2023-06-17;M;1;0;1;8705;3396446;61792;
1083;Syddanmark;2023-06-17;M;3;0;3;8705;3396449;61795;
1084;Hovedstaden;2023-06-18;F;3;0;1;8705;3396452;61796;
1085;Sjælland;2023-06-18;F;1;0;1;8705;3396453;61797;
1084;Hovedstaden;2023-06-19;F;7;0;4;8705;3396460;61801;
1082;Midtjylland;2023-06-19;F;2;0;2;8705;3396462;61803;
1081;Nordjylland;2023-06-19;F;2;0;1;8705;3396464;61804;
1085;Sjælland;2023-06-19;F;3;0;2;8705;3396467;61806;
1083;Syddanmark;2023-06-19;F;2;1;1;8706;3396469;61807;
1084;Hovedstaden;2023-06-19;M;3;0;1;8706;3396472;61808;
1082;Midtjylland;2023-06-19;M;1;1;1;8707;3396473;61809;
1085;Sjælland;2023-06-19;M;5;0;3;8707;3396478;61812;
1083;Syddanmark;2023-06-19;M;1;0;1;8707;3396479;61813;
1084;Hovedstaden;2023-06-20;F;2;0;1;8707;3396481;61814;
1082;Midtjylland;2023-06-20;F;2;0;1;8707;3396483;61815;
1085;Sjælland;2023-06-20;F;3;0;2;8707;3396486;61817;
1084;Hovedstaden;2023-06-20;M;3;0;1;8707;3396489;61818;
1082;Midtjylland;2023-06-20;M;1;0;1;8707;3396490;61819;
1081;Nordjylland;2023-06-20;M;1;0;0;8707;3396491;61819;
1085;Sjælland;2023-06-20;M;3;0;1;8707;3396494;61820;
1083;Syddanmark;2023-06-20;M;3;0;3;8707;3396497;61823;
1084;Hovedstaden;2023-06-21;F;5;0;0;8707;3396502;61823;
1082;Midtjylland;2023-06-21;F;2;0;2;8707;3396504;61825;
1081;Nordjylland;2023-06-21;F;1;0;1;8707;3396505;61826;
1081;Nordjylland;2023-06-21;M;1;0;1;8707;3396506;61827;
1083;Syddanmark;2023-06-21;M;2;0;1;8707;3396508;61828;
1084;Hovedstaden;2023-06-22;F;3;0;1;8707;3396511;61829;
1082;Midtjylland;2023-06-22;F;1;0;1;8707;3396512;61830;
1085;Sjælland;2023-06-22;F;1;0;1;8707;3396513;61831;
1083;Syddanmark;2023-06-22;F;1;0;1;8707;3396514;61832;
1084;Hovedstaden;2023-06-22;M;2;0;1;8707;3396516;61833;
1082;Midtjylland;2023-06-22;M;1;0;1;8707;3396517;61834;
1085;Sjælland;2023-06-22;M;1;0;1;8707;3396518;61835;
1083;Syddanmark;2023-06-22;M;2;0;1;8707;3396520;61836;
1084;Hovedstaden;2023-06-23;F;1;0;0;8707;3396521;61836;
1085;Sjælland;2023-06-23;F;1;0;1;8707;3396522;61837;
1083;Syddanmark;2023-06-23;F;3;0;1;8707;3396525;61838;
1084;Hovedstaden;2023-06-23;M;2;0;1;8707;3396527;61839;
1082;Midtjylland;2023-06-23;M;2;0;2;8707;3396529;61841;
1081;Nordjylland;2023-06-23;M;2;0;1;8707;3396531;61842;
1085;Sjælland;2023-06-23;M;1;0;0;8707;3396532;61842;
1083;Syddanmark;2023-06-23;M;3;0;3;8707;3396535;61845;
1082;Midtjylland;2023-06-24;F;2;0;2;8707;3396537;61847;
1085;Sjælland;2023-06-24;F;1;0;1;8707;3396538;61848;
1084;Hovedstaden;2023-06-24;M;1;0;0;8707;3396539;61848;
1082;Midtjylland;2023-06-24;M;1;0;0;8707;3396540;61848;
1081;Nordjylland;2023-06-24;M;2;0;2;8707;3396542;61850;
1084;Hovedstaden;2023-06-25;F;1;0;0;8707;3396543;61850;
1085;Sjælland;2023-06-25;F;2;0;1;8707;3396545;61851;
1083;Syddanmark;2023-06-25;F;1;0;1;8707;3396546;61852;
1084;Hovedstaden;2023-06-25;M;3;0;1;8707;3396549;61853;
1082;Midtjylland;2023-06-25;M;1;0;0;8707;3396550;61853;
1084;Hovedstaden;2023-06-26;F;4;0;1;8707;3396554;61854;
1082;Midtjylland;2023-06-26;F;1;0;0;8707;3396555;61854;
1081;Nordjylland;2023-06-26;F;1;0;1;8707;3396556;61855;
1084;Hovedstaden;2023-06-26;M;2;0;0;8707;3396558;61855;
1083;Syddanmark;2023-06-26;M;4;0;2;8707;3396562;61857;
1084;Hovedstaden;2023-06-27;F;6;0;2;8707;3396568;61859;
1082;Midtjylland;2023-06-27;F;1;0;1;8707;3396569;61860;
1085;Sjælland;2023-06-27;F;1;0;0;8707;3396570;61860;
1084;Hovedstaden;2023-06-27;M;1;0;0;8707;3396571;61860;
1081;Nordjylland;2023-06-27;M;2;0;2;8707;3396573;61862;
1085;Sjælland;2023-06-27;M;1;0;0;8707;3396574;61862;
1083;Syddanmark;2023-06-27;M;2;0;1;8707;3396576;61863;
1084;Hovedstaden;2023-06-28;F;1;0;0;8707;3396577;61863;
1085;Sjælland;2023-06-28;F;1;0;1;8707;3396578;61864;
1083;Syddanmark;2023-06-28;F;1;0;1;8707;3396579;61865;
1084;Hovedstaden;2023-06-28;M;1;0;0;8707;3396580;61865;
1085;Sjælland;2023-06-28;M;1;0;0;8707;3396581;61865;
1084;Hovedstaden;2023-06-29;F;2;0;1;8707;3396583;61866;
1084;Hovedstaden;2023-06-29;M;3;0;1;8707;3396586;61867;
1081;Nordjylland;2023-06-29;M;2;0;2;8707;3396588;61869;
1081;Nordjylland;2023-06-30;F;1;0;1;8707;3396589;61870;
1085;Sjælland;2023-06-30;F;3;0;0;8707;3396592;61870;
1083;Syddanmark;2023-06-30;F;1;0;1;8707;3396593;61871;
1082;Midtjylland;2023-06-30;M;2;0;1;8707;3396595;61872;
1085;Sjælland;2023-06-30;M;3;0;1;8707;3396598;61873;
1084;Hovedstaden;2023-07-01;F;1;0;1;8707;3396599;61874;
1082;Midtjylland;2023-07-01;F;2;0;2;8707;3396601;61876;
1084;Hovedstaden;2023-07-01;M;3;0;3;8707;3396604;61879;
1085;Sjælland;2023-07-01;M;1;0;0;8707;3396605;61879;
1083;Syddanmark;2023-07-01;M;1;0;1;8707;3396606;61880;
1082;Midtjylland;2023-07-02;F;1;0;0;8707;3396607;61880;
1085;Sjælland;2023-07-02;F;1;0;1;8707;3396608;61881;
1084;Hovedstaden;2023-07-03;F;4;0;2;8707;3396612;61883;
1082;Midtjylland;2023-07-03;F;1;0;1;8707;3396613;61884;
1085;Sjælland;2023-07-03;F;4;1;2;8708;3396617;61886;
1084;Hovedstaden;2023-07-03;M;2;0;2;8708;3396619;61888;
1082;Midtjylland;2023-07-03;M;2;0;2;8708;3396621;61890;
1081;Nordjylland;2023-07-03;M;1;0;1;8708;3396622;61891;
1085;Sjælland;2023-07-03;M;1;0;1;8708;3396623;61892;
1083;Syddanmark;2023-07-03;M;1;1;0;8709;3396624;61892;
1084;Hovedstaden;2023-07-04;F;5;1;2;8710;3396629;61894;
1081;Nordjylland;2023-07-04;F;2;0;1;8710;3396631;61895;
1085;Sjælland;2023-07-04;F;1;0;0;8710;3396632;61895;
1083;Syddanmark;2023-07-04;F;2;1;2;8711;3396634;61897;
1084;Hovedstaden;2023-07-04;M;2;0;1;8711;3396636;61898;
1082;Midtjylland;2023-07-04;M;1;0;1;8711;3396637;61899;
1085;Sjælland;2023-07-04;M;4;0;3;8711;3396641;61902;
1083;Syddanmark;2023-07-04;M;2;0;1;8711;3396643;61903;
1084;Hovedstaden;2023-07-05;F;2;0;1;8711;3396645;61904;
1081;Nordjylland;2023-07-05;F;1;0;0;8711;3396646;61904;
1085;Sjælland;2023-07-05;F;2;0;2;8711;3396648;61906;
1083;Syddanmark;2023-07-05;F;1;0;1;8711;3396649;61907;
1084;Hovedstaden;2023-07-05;M;3;1;1;8712;3396652;61908;
1081;Nordjylland;2023-07-05;M;1;0;1;8712;3396653;61909;
1085;Sjælland;2023-07-05;M;2;0;1;8712;3396655;61910;
1083;Syddanmark;2023-07-05;M;1;0;0;8712;3396656;61910;
1084;Hovedstaden;2023-07-06;F;3;0;1;8712;3396659;61911;
1081;Nordjylland;2023-07-06;F;1;0;0;8712;3396660;61911;
1083;Syddanmark;2023-07-06;F;2;0;1;8712;3396662;61912;
1084;Hovedstaden;2023-07-06;M;2;0;1;8712;3396664;61913;
1082;Midtjylland;2023-07-06;M;1;0;1;8712;3396665;61914;
1083;Syddanmark;2023-07-06;M;1;0;1;8712;3396666;61915;
1084;Hovedstaden;2023-07-07;F;2;0;0;8712;3396668;61915;
1082;Midtjylland;2023-07-07;F;2;0;0;8712;3396670;61915;
1085;Sjælland;2023-07-07;F;1;0;0;8712;3396671;61915;
1083;Syddanmark;2023-07-07;F;5;1;4;8713;3396676;61919;
1084;Hovedstaden;2023-07-07;M;1;0;0;8713;3396677;61919;
1081;Nordjylland;2023-07-07;M;1;0;1;8713;3396678;61920;
1085;Sjælland;2023-07-07;M;1;0;0;8713;3396679;61920;
1083;Syddanmark;2023-07-07;M;1;0;0;8713;3396680;61920;
1084;Hovedstaden;2023-07-08;F;2;0;0;8713;3396682;61920;
1082;Midtjylland;2023-07-08;F;1;0;1;8713;3396683;61921;
1084;Hovedstaden;2023-07-08;M;2;0;1;8713;3396685;61922;
1082;Midtjylland;2023-07-08;M;1;0;0;8713;3396686;61922;
1083;Syddanmark;2023-07-08;M;1;0;1;8713;3396687;61923;
1084;Hovedstaden;2023-07-09;F;3;0;2;8713;3396690;61925;
1084;Hovedstaden;2023-07-09;M;1;0;1;8713;3396691;61926;
1085;Sjælland;2023-07-09;M;2;1;1;8714;3396693;61927;
1084;Hovedstaden;2023-07-10;F;2;0;0;8714;3396695;61927;
1082;Midtjylland;2023-07-10;F;3;0;2;8714;3396698;61929;
1085;Sjælland;2023-07-10;F;1;0;0;8714;3396699;61929;
1083;Syddanmark;2023-07-10;F;4;1;3;8715;3396703;61932;
1084;Hovedstaden;2023-07-10;M;3;0;1;8715;3396706;61933;
1083;Syddanmark;2023-07-10;M;1;0;0;8715;3396707;61933;
1084;Hovedstaden;2023-07-11;F;7;0;2;8715;3396714;61935;
1082;Midtjylland;2023-07-11;F;2;0;1;8715;3396716;61936;
1085;Sjælland;2023-07-11;F;1;0;1;8715;3396717;61937;
1083;Syddanmark;2023-07-11;F;1;0;1;8715;3396718;61938;
1084;Hovedstaden;2023-07-11;M;4;0;0;8715;3396722;61938;
1081;Nordjylland;2023-07-11;M;1;0;1;8715;3396723;61939;
1085;Sjælland;2023-07-11;M;2;0;2;8715;3396725;61941;
1083;Syddanmark;2023-07-11;M;2;0;1;8715;3396727;61942;
1084;Hovedstaden;2023-07-12;F;3;0;1;8715;3396730;61943;
1085;Sjælland;2023-07-12;F;1;0;1;8715;3396731;61944;
1083;Syddanmark;2023-07-12;F;1;0;1;8715;3396732;61945;
1084;Hovedstaden;2023-07-12;M;1;0;1;8715;3396733;61946;
1082;Midtjylland;2023-07-12;M;1;1;1;8716;3396734;61947;
1081;Nordjylland;2023-07-12;M;2;0;1;8716;3396736;61948;
1085;Sjælland;2023-07-12;M;1;0;0;8716;3396737;61948;
1083;Syddanmark;2023-07-12;M;3;0;2;8716;3396740;61950;
1084;Hovedstaden;2023-07-13;F;5;0;0;8716;3396745;61950;
1082;Midtjylland;2023-07-13;F;1;0;0;8716;3396746;61950;
1081;Nordjylland;2023-07-13;F;2;0;1;8716;3396748;61951;
1085;Sjælland;2023-07-13;F;2;0;1;8716;3396750;61952;
1083;Syddanmark;2023-07-13;F;2;0;1;8716;3396752;61953;
1084;Hovedstaden;2023-07-13;M;5;0;2;8716;3396757;61955;
1082;Midtjylland;2023-07-13;M;1;0;0;8716;3396758;61955;
1081;Nordjylland;2023-07-13;M;2;0;1;8716;3396760;61956;
1083;Syddanmark;2023-07-13;M;1;0;1;8716;3396761;61957;
1084;Hovedstaden;2023-07-14;F;1;0;0;8716;3396762;61957;
1081;Nordjylland;2023-07-14;F;2;0;1;8716;3396764;61958;
1084;Hovedstaden;2023-07-14;M;3;0;1;8716;3396767;61959;
1081;Nordjylland;2023-07-14;M;1;0;1;8716;3396768;61960;
1085;Sjælland;2023-07-14;M;2;0;1;8716;3396770;61961;
1081;Nordjylland;2023-07-15;F;1;0;1;8716;3396771;61962;
1084;Hovedstaden;2023-07-15;M;3;0;2;8716;3396774;61964;
1082;Midtjylland;2023-07-15;M;1;0;1;8716;3396775;61965;
1083;Syddanmark;2023-07-15;M;2;0;2;8716;3396777;61967;
1084;Hovedstaden;2023-07-16;F;1;0;0;8716;3396778;61967;
1081;Nordjylland;2023-07-16;F;1;1;1;8717;3396779;61968;
1084;Hovedstaden;2023-07-16;M;3;0;3;8717;3396782;61971;
1085;Sjælland;2023-07-16;M;1;0;1;8717;3396783;61972;
1083;Syddanmark;2023-07-16;M;1;0;1;8717;3396784;61973;
1084;Hovedstaden;2023-07-17;F;4;0;0;8717;3396788;61973;
1081;Nordjylland;2023-07-17;F;2;0;1;8717;3396790;61974;
1083;Syddanmark;2023-07-17;F;1;0;0;8717;3396791;61974;
1084;Hovedstaden;2023-07-17;M;2;0;0;8717;3396793;61974;
1082;Midtjylland;2023-07-17;M;1;0;0;8717;3396794;61974;
1081;Nordjylland;2023-07-17;M;2;0;2;8717;3396796;61976;
1084;Hovedstaden;2023-07-18;F;1;0;0;8717;3396797;61976;
1082;Midtjylland;2023-07-18;F;1;0;0;8717;3396798;61976;
1085;Sjælland;2023-07-18;F;1;0;0;8717;3396799;61976;
1083;Syddanmark;2023-07-18;F;2;0;1;8717;3396801;61977;
1084;Hovedstaden;2023-07-18;M;3;0;2;8717;3396804;61979;
1082;Midtjylland;2023-07-18;M;1;0;0;8717;3396805;61979;
1081;Nordjylland;2023-07-18;M;1;0;0;8717;3396806;61979;
1085;Sjælland;2023-07-18;M;1;0;0;8717;3396807;61979;
1083;Syddanmark;2023-07-18;M;1;0;1;8717;3396808;61980;
1084;Hovedstaden;2023-07-19;F;2;0;0;8717;3396810;61980;
1085;Sjælland;2023-07-19;F;1;0;0;8717;3396811;61980;
1083;Syddanmark;2023-07-19;F;1;0;1;8717;3396812;61981;
1084;Hovedstaden;2023-07-19;M;3;0;2;8717;3396815;61983;
1082;Midtjylland;2023-07-20;F;1;0;1;8717;3396816;61984;
1081;Nordjylland;2023-07-20;F;1;0;0;8717;3396817;61984;
1084;Hovedstaden;2023-07-20;M;3;0;3;8717;3396820;61987;
1081;Nordjylland;2023-07-20;M;2;0;1;8717;3396822;61988;
1081;Nordjylland;2023-07-21;F;1;0;1;8717;3396823;61989;
1085;Sjælland;2023-07-21;F;1;0;0;8717;3396824;61989;
1083;Syddanmark;2023-07-21;F;1;0;0;8717;3396825;61989;
1084;Hovedstaden;2023-07-21;M;4;0;3;8717;3396829;61992;
1081;Nordjylland;2023-07-21;M;2;0;1;8717;3396831;61993;
1085;Sjælland;2023-07-21;M;2;0;1;8717;3396833;61994;
1083;Syddanmark;2023-07-21;M;1;0;1;8717;3396834;61995;
1084;Hovedstaden;2023-07-22;F;2;1;0;8718;3396836;61995;
1084;Hovedstaden;2023-07-22;M;2;0;1;8718;3396838;61996;
1084;Hovedstaden;2023-07-23;F;2;0;0;8718;3396840;61996;
1083;Syddanmark;2023-07-23;F;1;0;1;8718;3396841;61997;
1084;Hovedstaden;2023-07-23;M;2;0;1;8718;3396843;61998;
1084;Hovedstaden;2023-07-24;F;3;0;0;8718;3396846;61998;
1083;Syddanmark;2023-07-24;F;1;0;0;8718;3396847;61998;
1084;Hovedstaden;2023-07-24;M;3;0;1;8718;3396850;61999;
1082;Midtjylland;2023-07-24;M;2;0;1;8718;3396852;62000;
1081;Nordjylland;2023-07-24;M;2;0;2;8718;3396854;62002;
1085;Sjælland;2023-07-24;M;3;0;2;8718;3396857;62004;
1084;Hovedstaden;2023-07-25;F;3;0;0;8718;3396860;62004;
1082;Midtjylland;2023-07-25;F;1;0;0;8718;3396861;62004;
1085;Sjælland;2023-07-25;F;2;0;2;8718;3396863;62006;
1084;Hovedstaden;2023-07-25;M;2;0;1;8718;3396865;62007;
1081;Nordjylland;2023-07-25;M;2;1;2;8719;3396867;62009;
1084;Hovedstaden;2023-07-26;F;8;0;4;8719;3396875;62013;
1081;Nordjylland;2023-07-26;F;1;0;0;8719;3396876;62013;
1084;Hovedstaden;2023-07-26;M;3;0;1;8719;3396879;62014;
1081;Nordjylland;2023-07-26;M;3;0;2;8719;3396882;62016;
1085;Sjælland;2023-07-26;M;2;0;1;8719;3396884;62017;
1083;Syddanmark;2023-07-26;M;3;0;2;8719;3396887;62019;
1084;Hovedstaden;2023-07-27;F;3;0;0;8719;3396890;62019;
1081;Nordjylland;2023-07-27;F;2;0;2;8719;3396892;62021;
1085;Sjælland;2023-07-27;F;1;0;0;8719;3396893;62021;
1083;Syddanmark;2023-07-27;F;1;0;0;8719;3396894;62021;
1084;Hovedstaden;2023-07-27;M;4;3;3;8722;3396898;62024;
1082;Midtjylland;2023-07-27;M;1;0;1;8722;3396899;62025;
1081;Nordjylland;2023-07-27;M;2;0;2;8722;3396901;62027;
1085;Sjælland;2023-07-27;M;3;0;2;8722;3396904;62029;
1083;Syddanmark;2023-07-27;M;1;0;1;8722;3396905;62030;
1084;Hovedstaden;2023-07-28;F;5;0;0;8722;3396910;62030;
1081;Nordjylland;2023-07-28;F;1;0;0;8722;3396911;62030;
1085;Sjælland;2023-07-28;F;1;0;0;8722;3396912;62030;
1083;Syddanmark;2023-07-28;F;3;0;1;8722;3396915;62031;
1084;Hovedstaden;2023-07-28;M;3;1;2;8723;3396918;62033;
1085;Sjælland;2023-07-28;M;1;0;0;8723;3396919;62033;
1083;Syddanmark;2023-07-28;M;4;0;1;8723;3396923;62034;
1084;Hovedstaden;2023-07-29;F;3;0;2;8723;3396926;62036;
1082;Midtjylland;2023-07-29;F;1;0;0;8723;3396927;62036;
1081;Nordjylland;2023-07-29;F;1;0;1;8723;3396928;62037;
1085;Sjælland;2023-07-29;F;1;0;1;8723;3396929;62038;
1084;Hovedstaden;2023-07-29;M;3;0;0;8723;3396932;62038;
1082;Midtjylland;2023-07-29;M;1;0;0;8723;3396933;62038;
1084;Hovedstaden;2023-07-30;F;4;0;0;8723;3396937;62038;
1084;Hovedstaden;2023-07-30;M;1;0;0;8723;3396938;62038;
1082;Midtjylland;2023-07-30;M;3;0;3;8723;3396941;62041;
1081;Nordjylland;2023-07-30;M;4;0;2;8723;3396945;62043;
1085;Sjælland;2023-07-30;M;2;0;2;8723;3396947;62045;
1083;Syddanmark;2023-07-30;M;1;0;1;8723;3396948;62046;
1084;Hovedstaden;2023-07-31;F;11;0;3;8723;3396959;62049;
1082;Midtjylland;2023-07-31;F;2;0;1;8723;3396961;62050;
1081;Nordjylland;2023-07-31;F;1;0;1;8723;3396962;62051;
1083;Syddanmark;2023-07-31;F;1;0;0;8723;3396963;62051;
1084;Hovedstaden;2023-07-31;M;3;0;0;8723;3396966;62051;
1082;Midtjylland;2023-07-31;M;2;0;2;8723;3396968;62053;
1085;Sjælland;2023-07-31;M;1;0;0;8723;3396969;62053;
1083;Syddanmark;2023-07-31;M;1;0;0;8723;3396970;62053;
1084;Hovedstaden;2023-08-01;F;1;0;0;8723;3396971;62053;
1082;Midtjylland;2023-08-01;F;1;0;1;8723;3396972;62054;
1085;Sjælland;2023-08-01;F;3;0;1;8723;3396975;62055;
1083;Syddanmark;2023-08-01;F;1;0;0;8723;3396976;62055;
1084;Hovedstaden;2023-08-01;M;4;0;1;8723;3396980;62056;
1082;Midtjylland;2023-08-01;M;1;0;1;8723;3396981;62057;
1083;Syddanmark;2023-08-01;M;1;0;1;8723;3396982;62058;
1084;Hovedstaden;2023-08-02;F;5;0;3;8723;3396987;62061;
1082;Midtjylland;2023-08-02;F;2;0;2;8723;3396989;62063;
1081;Nordjylland;2023-08-02;F;2;0;0;8723;3396991;62063;
1085;Sjælland;2023-08-02;F;1;0;0;8723;3396992;62063;
1083;Syddanmark;2023-08-02;F;2;0;1;8723;3396994;62064;
1084;Hovedstaden;2023-08-02;M;4;2;2;8725;3396998;62066;
1081;Nordjylland;2023-08-02;M;2;0;1;8725;3397000;62067;
1085;Sjælland;2023-08-02;M;5;0;4;8725;3397005;62071;
1083;Syddanmark;2023-08-02;M;2;0;2;8725;3397007;62073;
1084;Hovedstaden;2023-08-03;F;8;0;2;8725;3397015;62075;
1082;Midtjylland;2023-08-03;F;3;0;0;8725;3397018;62075;
1081;Nordjylland;2023-08-03;F;1;1;1;8726;3397019;62076;
1085;Sjælland;2023-08-03;F;1;0;0;8726;3397020;62076;
1083;Syddanmark;2023-08-03;F;2;0;1;8726;3397022;62077;
1084;Hovedstaden;2023-08-03;M;8;0;2;8726;3397030;62079;
1082;Midtjylland;2023-08-03;M;1;0;0;8726;3397031;62079;
1081;Nordjylland;2023-08-03;M;1;0;0;8726;3397032;62079;
1085;Sjælland;2023-08-03;M;1;0;1;8726;3397033;62080;
1083;Syddanmark;2023-08-03;M;3;1;2;8727;3397036;62082;
1084;Hovedstaden;2023-08-04;F;8;0;3;8727;3397044;62085;
1082;Midtjylland;2023-08-04;F;1;0;1;8727;3397045;62086;
1081;Nordjylland;2023-08-04;F;2;0;2;8727;3397047;62088;
1085;Sjælland;2023-08-04;F;1;0;0;8727;3397048;62088;
1083;Syddanmark;2023-08-04;F;3;0;1;8727;3397051;62089;
1084;Hovedstaden;2023-08-04;M;4;0;1;8727;3397055;62090;
1082;Midtjylland;2023-08-04;M;1;0;0;8727;3397056;62090;
1081;Nordjylland;2023-08-04;M;4;0;2;8727;3397060;62092;
1085;Sjælland;2023-08-04;M;1;0;1;8727;3397061;62093;
1083;Syddanmark;2023-08-04;M;1;0;0;8727;3397062;62093;
1084;Hovedstaden;2023-08-05;F;4;0;3;8727;3397066;62096;
1083;Syddanmark;2023-08-05;F;2;0;2;8727;3397068;62098;
1084;Hovedstaden;2023-08-05;M;2;0;1;8727;3397070;62099;
1085;Sjælland;2023-08-05;M;2;0;2;8727;3397072;62101;
1083;Syddanmark;2023-08-05;M;2;1;2;8728;3397074;62103;
1084;Hovedstaden;2023-08-06;F;2;1;1;8729;3397076;62104;
1082;Midtjylland;2023-08-06;F;1;0;0;8729;3397077;62104;
1081;Nordjylland;2023-08-06;F;1;0;0;8729;3397078;62104;
1085;Sjælland;2023-08-06;F;1;0;1;8729;3397079;62105;
1083;Syddanmark;2023-08-06;F;1;0;1;8729;3397080;62106;
1084;Hovedstaden;2023-08-06;M;1;0;1;8729;3397081;62107;
1082;Midtjylland;2023-08-06;M;1;0;1;8729;3397082;62108;
1081;Nordjylland;2023-08-06;M;1;0;0;8729;3397083;62108;
1083;Syddanmark;2023-08-06;M;1;0;1;8729;3397084;62109;
1084;Hovedstaden;2023-08-07;F;2;0;1;8729;3397086;62110;
1081;Nordjylland;2023-08-07;F;3;2;2;8731;3397089;62112;
1085;Sjælland;2023-08-07;F;1;0;0;8731;3397090;62112;
1083;Syddanmark;2023-08-07;F;2;0;0;8731;3397092;62112;
1084;Hovedstaden;2023-08-07;M;8;0;2;8731;3397100;62114;
1081;Nordjylland;2023-08-07;M;2;0;2;8731;3397102;62116;
1085;Sjælland;2023-08-07;M;1;0;1;8731;3397103;62117;
1083;Syddanmark;2023-08-07;M;5;0;1;8731;3397108;62118;
1084;Hovedstaden;2023-08-08;F;8;0;2;8731;3397116;62120;
1082;Midtjylland;2023-08-08;F;1;0;0;8731;3397117;62120;
1081;Nordjylland;2023-08-08;F;1;0;1;8731;3397118;62121;
1085;Sjælland;2023-08-08;F;1;0;1;8731;3397119;62122;
1083;Syddanmark;2023-08-08;F;2;0;0;8731;3397121;62122;
1084;Hovedstaden;2023-08-08;M;6;0;2;8731;3397127;62124;
1082;Midtjylland;2023-08-08;M;1;0;1;8731;3397128;62125;
1081;Nordjylland;2023-08-08;M;3;0;3;8731;3397131;62128;
1085;Sjælland;2023-08-08;M;1;0;0;8731;3397132;62128;
1083;Syddanmark;2023-08-08;M;4;0;1;8731;3397136;62129;
1084;Hovedstaden;2023-08-09;F;7;1;4;8732;3397143;62133;
1082;Midtjylland;2023-08-09;F;2;0;2;8732;3397145;62135;
1085;Sjælland;2023-08-09;F;2;0;0;8732;3397147;62135;
1083;Syddanmark;2023-08-09;F;6;0;3;8732;3397153;62138;
1084;Hovedstaden;2023-08-09;M;6;0;5;8732;3397159;62143;
1082;Midtjylland;2023-08-09;M;1;0;1;8732;3397160;62144;
1081;Nordjylland;2023-08-09;M;1;0;1;8732;3397161;62145;
1085;Sjælland;2023-08-09;M;1;0;0;8732;3397162;62145;
1083;Syddanmark;2023-08-09;M;5;0;2;8732;3397167;62147;
1084;Hovedstaden;2023-08-10;F;14;0;4;8732;3397181;62151;
1082;Midtjylland;2023-08-10;F;2;0;0;8732;3397183;62151;
1081;Nordjylland;2023-08-10;F;1;0;0;8732;3397184;62151;
1085;Sjælland;2023-08-10;F;1;0;0;8732;3397185;62151;
1083;Syddanmark;2023-08-10;F;3;0;0;8732;3397188;62151;
1084;Hovedstaden;2023-08-10;M;8;0;3;8732;3397196;62154;
1082;Midtjylland;2023-08-10;M;2;0;1;8732;3397198;62155;
1081;Nordjylland;2023-08-10;M;1;0;1;8732;3397199;62156;
1085;Sjælland;2023-08-10;M;3;1;3;8733;3397202;62159;
1083;Syddanmark;2023-08-10;M;3;0;2;8733;3397205;62161;
1084;Hovedstaden;2023-08-11;F;8;0;0;8733;3397213;62161;
1082;Midtjylland;2023-08-11;F;4;0;2;8733;3397217;62163;
1081;Nordjylland;2023-08-11;F;1;0;0;8733;3397218;62163;
1085;Sjælland;2023-08-11;F;4;0;2;8733;3397222;62165;
1083;Syddanmark;2023-08-11;F;4;0;0;8733;3397226;62165;
1084;Hovedstaden;2023-08-11;M;9;0;4;8733;3397235;62169;
1082;Midtjylland;2023-08-11;M;1;0;0;8733;3397236;62169;
1085;Sjælland;2023-08-11;M;3;0;1;8733;3397239;62170;
1083;Syddanmark;2023-08-11;M;2;0;1;8733;3397241;62171;
1084;Hovedstaden;2023-08-12;F;9;1;5;8734;3397250;62176;
1082;Midtjylland;2023-08-12;F;4;0;2;8734;3397254;62178;
1084;Hovedstaden;2023-08-12;M;3;0;3;8734;3397257;62181;
1082;Midtjylland;2023-08-12;M;4;0;2;8734;3397261;62183;
1081;Nordjylland;2023-08-12;M;1;0;1;8734;3397262;62184;
1085;Sjælland;2023-08-12;M;1;0;1;8734;3397263;62185;
1083;Syddanmark;2023-08-12;M;2;0;0;8734;3397265;62185;
1084;Hovedstaden;2023-08-13;F;5;0;4;8734;3397270;62189;
1082;Midtjylland;2023-08-13;F;7;0;4;8734;3397277;62193;
1081;Nordjylland;2023-08-13;F;2;0;2;8734;3397279;62195;
1085;Sjælland;2023-08-13;F;2;0;2;8734;3397281;62197;
1083;Syddanmark;2023-08-13;F;1;1;1;8735;3397282;62198;
1084;Hovedstaden;2023-08-13;M;5;0;1;8735;3397287;62199;
1082;Midtjylland;2023-08-13;M;2;0;1;8735;3397289;62200;
1081;Nordjylland;2023-08-13;M;2;0;1;8735;3397291;62201;
1085;Sjælland;2023-08-13;M;4;0;3;8735;3397295;62204;
1083;Syddanmark;2023-08-13;M;3;0;3;8735;3397298;62207;
1084;Hovedstaden;2023-08-14;F;14;0;4;8735;3397312;62211;
1082;Midtjylland;2023-08-14;F;3;0;2;8735;3397315;62213;
1081;Nordjylland;2023-08-14;F;2;1;2;8736;3397317;62215;
1085;Sjælland;2023-08-14;F;5;0;1;8736;3397322;62216;
1083;Syddanmark;2023-08-14;F;7;0;1;8736;3397329;62217;
1084;Hovedstaden;2023-08-14;M;13;0;7;8736;3397342;62224;
1082;Midtjylland;2023-08-14;M;5;0;3;8736;3397347;62227;
1081;Nordjylland;2023-08-14;M;1;0;1;8736;3397348;62228;
1085;Sjælland;2023-08-14;M;3;0;0;8736;3397351;62228;
1083;Syddanmark;2023-08-14;M;6;0;3;8736;3397357;62231;
1084;Hovedstaden;2023-08-15;F;14;0;3;8736;3397371;62234;
1082;Midtjylland;2023-08-15;F;4;0;1;8736;3397375;62235;
1081;Nordjylland;2023-08-15;F;1;0;0;8736;3397376;62235;
1085;Sjælland;2023-08-15;F;7;0;3;8736;3397383;62238;
1083;Syddanmark;2023-08-15;F;3;0;1;8736;3397386;62239;
1084;Hovedstaden;2023-08-15;M;12;0;4;8736;3397398;62243;
1082;Midtjylland;2023-08-15;M;2;0;1;8736;3397400;62244;
1081;Nordjylland;2023-08-15;M;1;0;1;8736;3397401;62245;
1085;Sjælland;2023-08-15;M;5;0;4;8736;3397406;62249;
1083;Syddanmark;2023-08-15;M;1;0;1;8736;3397407;62250;
1084;Hovedstaden;2023-08-16;F;21;1;6;8737;3397428;62256;
1082;Midtjylland;2023-08-16;F;2;0;0;8737;3397430;62256;
1085;Sjælland;2023-08-16;F;7;0;3;8737;3397437;62259;
1083;Syddanmark;2023-08-16;F;3;0;2;8737;3397440;62261;
1084;Hovedstaden;2023-08-16;M;13;1;4;8738;3397453;62265;
1082;Midtjylland;2023-08-16;M;7;1;6;8739;3397460;62271;
1081;Nordjylland;2023-08-16;M;2;0;1;8739;3397462;62272;
1085;Sjælland;2023-08-16;M;5;0;2;8739;3397467;62274;
1083;Syddanmark;2023-08-16;M;5;0;2;8739;3397472;62276;
1084;Hovedstaden;2023-08-17;F;11;0;3;8739;3397483;62279;
1082;Midtjylland;2023-08-17;F;8;0;1;8739;3397491;62280;
1081;Nordjylland;2023-08-17;F;1;0;0;8739;3397492;62280;
1085;Sjælland;2023-08-17;F;3;1;1;8740;3397495;62281;
1083;Syddanmark;2023-08-17;F;5;0;1;8740;3397500;62282;
1084;Hovedstaden;2023-08-17;M;14;0;1;8740;3397514;62283;
1082;Midtjylland;2023-08-17;M;4;0;3;8740;3397518;62286;
1081;Nordjylland;2023-08-17;M;1;0;0;8740;3397519;62286;
1085;Sjælland;2023-08-17;M;3;0;1;8740;3397522;62287;
1083;Syddanmark;2023-08-17;M;5;0;3;8740;3397527;62290;
1084;Hovedstaden;2023-08-18;F;12;2;3;8742;3397539;62293;
1082;Midtjylland;2023-08-18;F;9;2;6;8744;3397548;62299;
1085;Sjælland;2023-08-18;F;3;1;1;8745;3397551;62300;
1083;Syddanmark;2023-08-18;F;6;0;4;8745;3397557;62304;
1084;Hovedstaden;2023-08-18;M;10;0;2;8745;3397567;62306;
1082;Midtjylland;2023-08-18;M;1;0;1;8745;3397568;62307;
1081;Nordjylland;2023-08-18;M;2;0;1;8745;3397570;62308;
1085;Sjælland;2023-08-18;M;5;0;4;8745;3397575;62312;
1083;Syddanmark;2023-08-18;M;4;0;1;8745;3397579;62313;
1084;Hovedstaden;2023-08-19;F;3;0;3;8745;3397582;62316;
1082;Midtjylland;2023-08-19;F;2;0;1;8745;3397584;62317;
1085;Sjælland;2023-08-19;F;3;0;2;8745;3397587;62319;
1083;Syddanmark;2023-08-19;F;3;0;1;8745;3397590;62320;
1084;Hovedstaden;2023-08-19;M;4;0;3;8745;3397594;62323;
1082;Midtjylland;2023-08-19;M;1;0;1;8745;3397595;62324;
1085;Sjælland;2023-08-19;M;2;0;2;8745;3397597;62326;
1083;Syddanmark;2023-08-19;M;4;1;3;8746;3397601;62329;
1084;Hovedstaden;2023-08-20;F;5;0;0;8746;3397606;62329;
1082;Midtjylland;2023-08-20;F;2;0;1;8746;3397608;62330;
1085;Sjælland;2023-08-20;F;5;0;2;8746;3397613;62332;
1083;Syddanmark;2023-08-20;F;2;0;1;8746;3397615;62333;
1084;Hovedstaden;2023-08-20;M;7;0;4;8746;3397622;62337;
1082;Midtjylland;2023-08-20;M;6;0;4;8746;3397628;62341;
1081;Nordjylland;2023-08-20;M;1;0;0;8746;3397629;62341;
1085;Sjælland;2023-08-20;M;3;0;2;8746;3397632;62343;
1083;Syddanmark;2023-08-20;M;4;1;3;8747;3397636;62346;
1084;Hovedstaden;2023-08-21;F;16;0;1;8747;3397652;62347;
1082;Midtjylland;2023-08-21;F;2;0;1;8747;3397654;62348;
1081;Nordjylland;2023-08-21;F;2;0;0;8747;3397656;62348;
1085;Sjælland;2023-08-21;F;6;0;1;8747;3397662;62349;
1083;Syddanmark;2023-08-21;F;6;0;2;8747;3397668;62351;
1084;Hovedstaden;2023-08-21;M;14;1;4;8748;3397682;62355;
1082;Midtjylland;2023-08-21;M;6;0;3;8748;3397688;62358;
1081;Nordjylland;2023-08-21;M;1;0;0;8748;3397689;62358;
1085;Sjælland;2023-08-21;M;6;0;1;8748;3397695;62359;
1083;Syddanmark;2023-08-21;M;7;0;2;8748;3397702;62361;
1084;Hovedstaden;2023-08-22;F;22;0;5;8748;3397724;62366;
1082;Midtjylland;2023-08-22;F;5;0;3;8748;3397729;62369;
1081;Nordjylland;2023-08-22;F;2;0;1;8748;3397731;62370;
1085;Sjælland;2023-08-22;F;2;0;0;8748;3397733;62370;
1083;Syddanmark;2023-08-22;F;3;0;2;8748;3397736;62372;
1084;Hovedstaden;2023-08-22;M;17;0;5;8748;3397753;62377;
1082;Midtjylland;2023-08-22;M;4;0;4;8748;3397757;62381;
1081;Nordjylland;2023-08-22;M;3;1;3;8749;3397760;62384;
1085;Sjælland;2023-08-22;M;8;0;6;8749;3397768;62390;
1083;Syddanmark;2023-08-22;M;2;0;2;8749;3397770;62392;
1084;Hovedstaden;2023-08-23;F;13;0;4;8749;3397783;62396;
1082;Midtjylland;2023-08-23;F;1;0;1;8749;3397784;62397;
1081;Nordjylland;2023-08-23;F;2;0;1;8749;3397786;62398;
1085;Sjælland;2023-08-23;F;6;0;0;8749;3397792;62398;
1083;Syddanmark;2023-08-23;F;6;0;1;8749;3397798;62399;
1084;Hovedstaden;2023-08-23;M;17;0;2;8749;3397815;62401;
1082;Midtjylland;2023-08-23;M;2;0;0;8749;3397817;62401;
1081;Nordjylland;2023-08-23;M;4;0;1;8749;3397821;62402;
1085;Sjælland;2023-08-23;M;4;0;1;8749;3397825;62403;
1083;Syddanmark;2023-08-23;M;1;0;0;8749;3397826;62403;
1084;Hovedstaden;2023-08-24;F;13;0;3;8749;3397839;62406;
1082;Midtjylland;2023-08-24;F;4;0;3;8749;3397843;62409;
1081;Nordjylland;2023-08-24;F;1;0;0;8749;3397844;62409;
1085;Sjælland;2023-08-24;F;4;0;1;8749;3397848;62410;
1083;Syddanmark;2023-08-24;F;8;0;5;8749;3397856;62415;
1084;Hovedstaden;2023-08-24;M;11;1;3;8750;3397867;62418;
1082;Midtjylland;2023-08-24;M;6;0;3;8750;3397873;62421;
1081;Nordjylland;2023-08-24;M;2;0;1;8750;3397875;62422;
1085;Sjælland;2023-08-24;M;5;0;1;8750;3397880;62423;
1083;Syddanmark;2023-08-24;M;8;0;3;8750;3397888;62426;
1084;Hovedstaden;2023-08-25;F;10;0;3;8750;3397898;62429;
1082;Midtjylland;2023-08-25;F;3;0;2;8750;3397901;62431;
1081;Nordjylland;2023-08-25;F;1;0;1;8750;3397902;62432;
1085;Sjælland;2023-08-25;F;7;0;3;8750;3397909;62435;
1083;Syddanmark;2023-08-25;F;4;1;2;8751;3397913;62437;
1084;Hovedstaden;2023-08-25;M;13;0;5;8751;3397926;62442;
1082;Midtjylland;2023-08-25;M;8;0;3;8751;3397934;62445;
1081;Nordjylland;2023-08-25;M;4;0;3;8751;3397938;62448;
1085;Sjælland;2023-08-25;M;6;0;2;8751;3397944;62450;
1083;Syddanmark;2023-08-25;M;5;0;1;8751;3397949;62451;
1084;Hovedstaden;2023-08-26;F;3;0;1;8751;3397952;62452;
1082;Midtjylland;2023-08-26;F;2;0;2;8751;3397954;62454;
1081;Nordjylland;2023-08-26;F;1;0;0;8751;3397955;62454;
1083;Syddanmark;2023-08-26;F;5;1;3;8752;3397960;62457;
1084;Hovedstaden;2023-08-26;M;4;0;2;8752;3397964;62459;
1082;Midtjylland;2023-08-26;M;4;0;0;8752;3397968;62459;
1081;Nordjylland;2023-08-26;M;1;0;1;8752;3397969;62460;
1085;Sjælland;2023-08-26;M;1;0;1;8752;3397970;62461;
1083;Syddanmark;2023-08-26;M;4;0;4;8752;3397974;62465;
1084;Hovedstaden;2023-08-27;F;6;0;2;8752;3397980;62467;
1082;Midtjylland;2023-08-27;F;2;0;2;8752;3397982;62469;
1081;Nordjylland;2023-08-27;F;1;0;1;8752;3397983;62470;
1083;Syddanmark;2023-08-27;F;1;0;1;8752;3397984;62471;
1084;Hovedstaden;2023-08-27;M;11;2;8;8754;3397995;62479;
1082;Midtjylland;2023-08-27;M;4;0;3;8754;3397999;62482;
1081;Nordjylland;2023-08-27;M;1;0;1;8754;3398000;62483;
1085;Sjælland;2023-08-27;M;3;0;2;8754;3398003;62485;
1083;Syddanmark;2023-08-27;M;5;0;5;8754;3398008;62490;
1084;Hovedstaden;2023-08-28;F;22;0;3;8754;3398030;62493;
1082;Midtjylland;2023-08-28;F;7;1;4;8755;3398037;62497;
1081;Nordjylland;2023-08-28;F;1;0;1;8755;3398038;62498;
1085;Sjælland;2023-08-28;F;10;0;0;8755;3398048;62498;
1083;Syddanmark;2023-08-28;F;6;0;4;8755;3398054;62502;
1084;Hovedstaden;2023-08-28;M;11;0;7;8755;3398065;62509;
1081;Nordjylland;2023-08-28;M;3;0;1;8755;3398068;62510;
1085;Sjælland;2023-08-28;M;6;0;3;8755;3398074;62513;
1083;Syddanmark;2023-08-28;M;6;0;4;8755;3398080;62517;
1084;Hovedstaden;2023-08-29;F;13;2;3;8757;3398093;62520;
1082;Midtjylland;2023-08-29;F;4;0;3;8757;3398097;62523;
1081;Nordjylland;2023-08-29;F;2;0;1;8757;3398099;62524;
1085;Sjælland;2023-08-29;F;5;0;2;8757;3398104;62526;
1083;Syddanmark;2023-08-29;F;6;2;4;8759;3398110;62530;
1084;Hovedstaden;2023-08-29;M;19;0;5;8759;3398129;62535;
1082;Midtjylland;2023-08-29;M;4;0;2;8759;3398133;62537;
1081;Nordjylland;2023-08-29;M;2;0;2;8759;3398135;62539;
1085;Sjælland;2023-08-29;M;1;0;1;8759;3398136;62540;
1083;Syddanmark;2023-08-29;M;4;0;2;8759;3398140;62542;
1084;Hovedstaden;2023-08-30;F;11;0;3;8759;3398151;62545;
1082;Midtjylland;2023-08-30;F;4;0;2;8759;3398155;62547;
1085;Sjælland;2023-08-30;F;7;0;2;8759;3398162;62549;
1083;Syddanmark;2023-08-30;F;1;0;0;8759;3398163;62549;
1084;Hovedstaden;2023-08-30;M;8;0;4;8759;3398171;62553;
1082;Midtjylland;2023-08-30;M;5;0;3;8759;3398176;62556;
1081;Nordjylland;2023-08-30;M;1;0;1;8759;3398177;62557;
1085;Sjælland;2023-08-30;M;4;0;2;8759;3398181;62559;
1083;Syddanmark;2023-08-30;M;6;0;4;8759;3398187;62563;
1084;Hovedstaden;2023-08-31;F;14;0;5;8759;3398201;62568;
1082;Midtjylland;2023-08-31;F;3;0;1;8759;3398204;62569;
1081;Nordjylland;2023-08-31;F;2;0;0;8759;3398206;62569;
1085;Sjælland;2023-08-31;F;6;0;1;8759;3398212;62570;
1083;Syddanmark;2023-08-31;F;4;0;1;8759;3398216;62571;
1084;Hovedstaden;2023-08-31;M;10;0;4;8759;3398226;62575;
1082;Midtjylland;2023-08-31;M;3;0;0;8759;3398229;62575;
1081;Nordjylland;2023-08-31;M;1;0;1;8759;3398230;62576;
1085;Sjælland;2023-08-31;M;2;0;1;8759;3398232;62577;
1083;Syddanmark;2023-08-31;M;3;0;2;8759;3398235;62579;
1084;Hovedstaden;2023-09-01;F;18;1;5;8760;3398253;62584;
1082;Midtjylland;2023-09-01;F;2;0;0;8760;3398255;62584;
1081;Nordjylland;2023-09-01;F;3;0;0;8760;3398258;62584;
1085;Sjælland;2023-09-01;F;9;0;2;8760;3398267;62586;
1083;Syddanmark;2023-09-01;F;5;0;1;8760;3398272;62587;
1084;Hovedstaden;2023-09-01;M;5;0;3;8760;3398277;62590;
1082;Midtjylland;2023-09-01;M;7;1;3;8761;3398284;62593;
1081;Nordjylland;2023-09-01;M;2;0;0;8761;3398286;62593;
1085;Sjælland;2023-09-01;M;2;0;0;8761;3398288;62593;
1083;Syddanmark;2023-09-01;M;4;0;3;8761;3398292;62596;
1084;Hovedstaden;2023-09-02;F;3;0;1;8761;3398295;62597;
1082;Midtjylland;2023-09-02;F;1;0;1;8761;3398296;62598;
1081;Nordjylland;2023-09-02;F;5;0;3;8761;3398301;62601;
1085;Sjælland;2023-09-02;F;4;0;3;8761;3398305;62604;
1083;Syddanmark;2023-09-02;F;3;0;2;8761;3398308;62606;
1084;Hovedstaden;2023-09-02;M;5;0;4;8761;3398313;62610;
1082;Midtjylland;2023-09-02;M;2;0;2;8761;3398315;62612;
1081;Nordjylland;2023-09-02;M;2;0;2;8761;3398317;62614;
1085;Sjælland;2023-09-02;M;3;0;2;8761;3398320;62616;
1083;Syddanmark;2023-09-02;M;3;1;3;8762;3398323;62619;
1084;Hovedstaden;2023-09-03;F;7;1;4;8763;3398330;62623;
1082;Midtjylland;2023-09-03;F;3;0;3;8763;3398333;62626;
1081;Nordjylland;2023-09-03;F;1;0;1;8763;3398334;62627;
1085;Sjælland;2023-09-03;F;3;0;3;8763;3398337;62630;
1083;Syddanmark;2023-09-03;F;2;0;1;8763;3398339;62631;
1084;Hovedstaden;2023-09-03;M;4;0;2;8763;3398343;62633;
1082;Midtjylland;2023-09-03;M;4;0;3;8763;3398347;62636;
1081;Nordjylland;2023-09-03;M;2;0;2;8763;3398349;62638;
1085;Sjælland;2023-09-03;M;4;1;4;8764;3398353;62642;
1083;Syddanmark;2023-09-03;M;6;0;4;8764;3398359;62646;
1084;Hovedstaden;2023-09-04;F;16;0;4;8764;3398375;62650;
1082;Midtjylland;2023-09-04;F;7;0;2;8764;3398382;62652;
1085;Sjælland;2023-09-04;F;6;0;1;8764;3398388;62653;
1083;Syddanmark;2023-09-04;F;7;0;2;8764;3398395;62655;
1084;Hovedstaden;2023-09-04;M;18;0;5;8764;3398413;62660;
1082;Midtjylland;2023-09-04;M;6;0;3;8764;3398419;62663;
1081;Nordjylland;2023-09-04;M;5;0;3;8764;3398424;62666;
1085;Sjælland;2023-09-04;M;6;0;3;8764;3398430;62669;
1083;Syddanmark;2023-09-04;M;11;0;5;8764;3398441;62674;
1084;Hovedstaden;2023-09-05;F;15;0;2;8764;3398456;62676;
1082;Midtjylland;2023-09-05;F;9;1;7;8765;3398465;62683;
1081;Nordjylland;2023-09-05;F;1;0;0;8765;3398466;62683;
1085;Sjælland;2023-09-05;F;4;0;0;8765;3398470;62683;
1083;Syddanmark;2023-09-05;F;6;1;3;8766;3398476;62686;
1084;Hovedstaden;2023-09-05;M;12;0;3;8766;3398488;62689;
1082;Midtjylland;2023-09-05;M;5;0;2;8766;3398493;62691;
1081;Nordjylland;2023-09-05;M;2;2;2;8768;3398495;62693;
1085;Sjælland;2023-09-05;M;6;1;2;8769;3398501;62695;
1083;Syddanmark;2023-09-05;M;2;1;2;8770;3398503;62697;
1084;Hovedstaden;2023-09-06;F;15;2;3;8772;3398518;62700;
1082;Midtjylland;2023-09-06;F;3;0;1;8772;3398521;62701;
1081;Nordjylland;2023-09-06;F;2;0;2;8772;3398523;62703;
1085;Sjælland;2023-09-06;F;2;0;1;8772;3398525;62704;
1083;Syddanmark;2023-09-06;F;6;0;1;8772;3398531;62705;
1084;Hovedstaden;2023-09-06;M;15;0;5;8772;3398546;62710;
1082;Midtjylland;2023-09-06;M;6;1;4;8773;3398552;62714;
1081;Nordjylland;2023-09-06;M;7;1;4;8774;3398559;62718;
1085;Sjælland;2023-09-06;M;3;0;2;8774;3398562;62720;
1083;Syddanmark;2023-09-06;M;6;1;5;8775;3398568;62725;
1084;Hovedstaden;2023-09-07;F;14;0;6;8775;3398582;62731;
1082;Midtjylland;2023-09-07;F;6;0;2;8775;3398588;62733;
1081;Nordjylland;2023-09-07;F;4;0;0;8775;3398592;62733;
1085;Sjælland;2023-09-07;F;6;1;3;8776;3398598;62736;
1083;Syddanmark;2023-09-07;F;4;0;3;8776;3398602;62739;
1084;Hovedstaden;2023-09-07;M;18;0;6;8776;3398620;62745;
1082;Midtjylland;2023-09-07;M;5;0;1;8776;3398625;62746;
1081;Nordjylland;2023-09-07;M;1;0;0;8776;3398626;62746;
1085;Sjælland;2023-09-07;M;4;0;2;8776;3398630;62748;
1083;Syddanmark;2023-09-07;M;12;0;8;8776;3398642;62756;
1084;Hovedstaden;2023-09-08;F;14;0;2;8776;3398656;62758;
1082;Midtjylland;2023-09-08;F;6;0;3;8776;3398662;62761;
1081;Nordjylland;2023-09-08;F;1;0;0;8776;3398663;62761;
1085;Sjælland;2023-09-08;F;5;0;2;8776;3398668;62763;
1083;Syddanmark;2023-09-08;F;10;0;1;8776;3398678;62764;
1084;Hovedstaden;2023-09-08;M;11;0;6;8776;3398689;62770;
1082;Midtjylland;2023-09-08;M;5;0;3;8776;3398694;62773;
1085;Sjælland;2023-09-08;M;4;1;3;8777;3398698;62776;
1083;Syddanmark;2023-09-08;M;10;0;7;8777;3398708;62783;
1084;Hovedstaden;2023-09-09;F;8;1;3;8778;3398716;62786;
1082;Midtjylland;2023-09-09;F;2;0;1;8778;3398718;62787;
1081;Nordjylland;2023-09-09;F;4;0;1;8778;3398722;62788;
1085;Sjælland;2023-09-09;F;1;0;1;8778;3398723;62789;
1083;Syddanmark;2023-09-09;F;4;1;2;8779;3398727;62791;
1084;Hovedstaden;2023-09-09;M;14;0;6;8779;3398741;62797;
1082;Midtjylland;2023-09-09;M;2;0;2;8779;3398743;62799;
1081;Nordjylland;2023-09-09;M;4;0;4;8779;3398747;62803;
1085;Sjælland;2023-09-09;M;1;0;1;8779;3398748;62804;
1083;Syddanmark;2023-09-09;M;3;0;3;8779;3398751;62807;
1084;Hovedstaden;2023-09-10;F;6;0;3;8779;3398757;62810;
1082;Midtjylland;2023-09-10;F;4;1;2;8780;3398761;62812;
1081;Nordjylland;2023-09-10;F;1;1;1;8781;3398762;62813;
1085;Sjælland;2023-09-10;F;4;1;4;8782;3398766;62817;
1083;Syddanmark;2023-09-10;F;2;0;0;8782;3398768;62817;
1084;Hovedstaden;2023-09-10;M;9;0;7;8782;3398777;62824;
1082;Midtjylland;2023-09-10;M;7;0;4;8782;3398784;62828;
1081;Nordjylland;2023-09-10;M;1;0;1;8782;3398785;62829;
1085;Sjælland;2023-09-10;M;4;0;2;8782;3398789;62831;
1083;Syddanmark;2023-09-10;M;5;0;5;8782;3398794;62836;
1084;Hovedstaden;2023-09-11;F;22;0;2;8782;3398816;62838;
1082;Midtjylland;2023-09-11;F;1;0;0;8782;3398817;62838;
1081;Nordjylland;2023-09-11;F;3;0;0;8782;3398820;62838;
1085;Sjælland;2023-09-11;F;5;0;1;8782;3398825;62839;
1083;Syddanmark;2023-09-11;F;12;0;3;8782;3398837;62842;
1084;Hovedstaden;2023-09-11;M;15;0;6;8782;3398852;62848;
1082;Midtjylland;2023-09-11;M;9;0;7;8782;3398861;62855;
1081;Nordjylland;2023-09-11;M;2;0;0;8782;3398863;62855;
1085;Sjælland;2023-09-11;M;8;0;5;8782;3398871;62860;
1083;Syddanmark;2023-09-11;M;8;0;3;8782;3398879;62863;
1084;Hovedstaden;2023-09-12;F;11;0;4;8782;3398890;62867;
1082;Midtjylland;2023-09-12;F;6;2;4;8784;3398896;62871;
1081;Nordjylland;2023-09-12;F;8;0;3;8784;3398904;62874;
1085;Sjælland;2023-09-12;F;4;0;0;8784;3398908;62874;
1083;Syddanmark;2023-09-12;F;5;0;0;8784;3398913;62874;
1084;Hovedstaden;2023-09-12;M;8;0;2;8784;3398921;62876;
1082;Midtjylland;2023-09-12;M;8;0;3;8784;3398929;62879;
1081;Nordjylland;2023-09-12;M;9;1;5;8785;3398938;62884;
1085;Sjælland;2023-09-12;M;7;0;3;8785;3398945;62887;
1083;Syddanmark;2023-09-12;M;6;1;2;8786;3398951;62889;
1084;Hovedstaden;2023-09-13;F;13;0;3;8786;3398964;62892;
1082;Midtjylland;2023-09-13;F;4;0;0;8786;3398968;62892;
1081;Nordjylland;2023-09-13;F;6;1;1;8787;3398974;62893;
1085;Sjælland;2023-09-13;F;4;1;1;8788;3398978;62894;
1083;Syddanmark;2023-09-13;F;8;0;3;8788;3398986;62897;
1084;Hovedstaden;2023-09-13;M;10;0;2;8788;3398996;62899;
1082;Midtjylland;2023-09-13;M;4;1;4;8789;3399000;62903;
1081;Nordjylland;2023-09-13;M;2;0;2;8789;3399002;62905;
1085;Sjælland;2023-09-13;M;7;0;1;8789;3399009;62906;
1083;Syddanmark;2023-09-13;M;12;1;4;8790;3399021;62910;
1084;Hovedstaden;2023-09-14;F;9;0;3;8790;3399030;62913;
1082;Midtjylland;2023-09-14;F;4;0;2;8790;3399034;62915;
1081;Nordjylland;2023-09-14;F;5;0;4;8790;3399039;62919;
1085;Sjælland;2023-09-14;F;4;0;2;8790;3399043;62921;
1083;Syddanmark;2023-09-14;F;8;0;0;8790;3399051;62921;
1084;Hovedstaden;2023-09-14;M;8;0;0;8790;3399059;62921;
1082;Midtjylland;2023-09-14;M;5;0;5;8790;3399064;62926;
1081;Nordjylland;2023-09-14;M;2;0;0;8790;3399066;62926;
1085;Sjælland;2023-09-14;M;1;0;0;8790;3399067;62926;
1083;Syddanmark;2023-09-14;M;9;1;5;8791;3399076;62931;
1084;Hovedstaden;2023-09-15;F;15;0;4;8791;3399091;62935;
1082;Midtjylland;2023-09-15;F;3;0;2;8791;3399094;62937;
1081;Nordjylland;2023-09-15;F;2;0;0;8791;3399096;62937;
1085;Sjælland;2023-09-15;F;3;0;2;8791;3399099;62939;
1083;Syddanmark;2023-09-15;F;8;0;2;8791;3399107;62941;
1084;Hovedstaden;2023-09-15;M;6;0;3;8791;3399113;62944;
1082;Midtjylland;2023-09-15;M;4;0;3;8791;3399117;62947;
1081;Nordjylland;2023-09-15;M;8;0;7;8791;3399125;62954;
1085;Sjælland;2023-09-15;M;1;0;1;8791;3399126;62955;
1083;Syddanmark;2023-09-15;M;5;0;3;8791;3399131;62958;
1084;Hovedstaden;2023-09-16;F;4;0;2;8791;3399135;62960;
1082;Midtjylland;2023-09-16;F;1;0;1;8791;3399136;62961;
1081;Nordjylland;2023-09-16;F;3;1;3;8792;3399139;62964;
1085;Sjælland;2023-09-16;F;1;0;1;8792;3399140;62965;
1083;Syddanmark;2023-09-16;F;2;1;2;8793;3399142;62967;
1084;Hovedstaden;2023-09-16;M;7;0;5;8793;3399149;62972;
1082;Midtjylland;2023-09-16;M;2;0;1;8793;3399151;62973;
1085;Sjælland;2023-09-16;M;3;0;3;8793;3399154;62976;
1083;Syddanmark;2023-09-16;M;3;1;3;8794;3399157;62979;
1084;Hovedstaden;2023-09-17;F;7;0;4;8794;3399164;62983;
1082;Midtjylland;2023-09-17;F;2;0;1;8794;3399166;62984;
1081;Nordjylland;2023-09-17;F;1;0;1;8794;3399167;62985;
1085;Sjælland;2023-09-17;F;3;0;3;8794;3399170;62988;
1083;Syddanmark;2023-09-17;F;3;0;1;8794;3399173;62989;
1084;Hovedstaden;2023-09-17;M;7;1;6;8795;3399180;62995;
1082;Midtjylland;2023-09-17;M;2;0;2;8795;3399182;62997;
1085;Sjælland;2023-09-17;M;1;0;1;8795;3399183;62998;
1083;Syddanmark;2023-09-17;M;5;1;5;8796;3399188;63003;
1084;Hovedstaden;2023-09-18;F;17;0;3;8796;3399205;63006;
1082;Midtjylland;2023-09-18;F;3;1;2;8797;3399208;63008;
1081;Nordjylland;2023-09-18;F;6;0;1;8797;3399214;63009;
1085;Sjælland;2023-09-18;F;5;0;0;8797;3399219;63009;
1083;Syddanmark;2023-09-18;F;9;0;4;8797;3399228;63013;
1084;Hovedstaden;2023-09-18;M;7;0;1;8797;3399235;63014;
1082;Midtjylland;2023-09-18;M;2;0;1;8797;3399237;63015;
1081;Nordjylland;2023-09-18;M;6;1;3;8798;3399243;63018;
1085;Sjælland;2023-09-18;M;4;0;1;8798;3399247;63019;
1083;Syddanmark;2023-09-18;M;5;0;3;8798;3399252;63022;
1084;Hovedstaden;2023-09-19;F;18;0;2;8798;3399270;63024;
1082;Midtjylland;2023-09-19;F;3;0;3;8798;3399273;63027;
1081;Nordjylland;2023-09-19;F;6;0;1;8798;3399279;63028;
1085;Sjælland;2023-09-19;F;3;0;1;8798;3399282;63029;
1083;Syddanmark;2023-09-19;F;5;0;0;8798;3399287;63029;
1084;Hovedstaden;2023-09-19;M;9;0;3;8798;3399296;63032;
1082;Midtjylland;2023-09-19;M;1;0;1;8798;3399297;63033;
1081;Nordjylland;2023-09-19;M;5;0;1;8798;3399302;63034;
1085;Sjælland;2023-09-19;M;6;0;2;8798;3399308;63036;
1083;Syddanmark;2023-09-19;M;6;1;4;8799;3399314;63040;
1084;Hovedstaden;2023-09-20;F;11;1;7;8800;3399325;63047;
1082;Midtjylland;2023-09-20;F;4;0;2;8800;3399329;63049;
1081;Nordjylland;2023-09-20;F;4;0;1;8800;3399333;63050;
1085;Sjælland;2023-09-20;F;2;0;0;8800;3399335;63050;
1083;Syddanmark;2023-09-20;F;7;0;1;8800;3399342;63051;
1084;Hovedstaden;2023-09-20;M;12;0;5;8800;3399354;63056;
1082;Midtjylland;2023-09-20;M;6;0;3;8800;3399360;63059;
1081;Nordjylland;2023-09-20;M;2;0;2;8800;3399362;63061;
1085;Sjælland;2023-09-20;M;6;0;4;8800;3399368;63065;
1083;Syddanmark;2023-09-20;M;4;0;2;8800;3399372;63067;
1084;Hovedstaden;2023-09-21;F;11;1;3;8801;3399383;63070;
1082;Midtjylland;2023-09-21;F;5;0;2;8801;3399388;63072;
1081;Nordjylland;2023-09-21;F;4;0;2;8801;3399392;63074;
1085;Sjælland;2023-09-21;F;8;0;2;8801;3399400;63076;
1083;Syddanmark;2023-09-21;F;6;0;2;8801;3399406;63078;
1084;Hovedstaden;2023-09-21;M;8;0;4;8801;3399414;63082;
1082;Midtjylland;2023-09-21;M;1;0;1;8801;3399415;63083;
1081;Nordjylland;2023-09-21;M;4;0;4;8801;3399419;63087;
1085;Sjælland;2023-09-21;M;4;0;2;8801;3399423;63089;
1083;Syddanmark;2023-09-21;M;5;1;2;8802;3399428;63091;
1084;Hovedstaden;2023-09-22;F;5;0;0;8802;3399433;63091;
1082;Midtjylland;2023-09-22;F;4;0;2;8802;3399437;63093;
1081;Nordjylland;2023-09-22;F;3;0;1;8802;3399440;63094;
1085;Sjælland;2023-09-22;F;7;0;1;8802;3399447;63095;
1083;Syddanmark;2023-09-22;F;3;0;0;8802;3399450;63095;
1084;Hovedstaden;2023-09-22;M;11;0;4;8802;3399461;63099;
1082;Midtjylland;2023-09-22;M;3;0;2;8802;3399464;63101;
1081;Nordjylland;2023-09-22;M;2;0;1;8802;3399466;63102;
1085;Sjælland;2023-09-22;M;5;0;0;8802;3399471;63102;
1083;Syddanmark;2023-09-22;M;6;0;0;8802;3399477;63102;
1084;Hovedstaden;2023-09-23;F;6;1;4;8803;3399483;63106;
1081;Nordjylland;2023-09-23;F;1;0;0;8803;3399484;63106;
1084;Hovedstaden;2023-09-23;M;2;0;2;8803;3399486;63108;
1082;Midtjylland;2023-09-23;M;1;0;0;8803;3399487;63108;
1081;Nordjylland;2023-09-23;M;3;0;2;8803;3399490;63110;
1085;Sjælland;2023-09-23;M;4;1;2;8804;3399494;63112;
1082;Midtjylland;2023-09-24;F;1;0;1;8804;3399495;63113;
1081;Nordjylland;2023-09-24;F;2;0;2;8804;3399497;63115;
1085;Sjælland;2023-09-24;F;2;0;2;8804;3399499;63117;
1083;Syddanmark;2023-09-24;F;4;0;0;8804;3399503;63117;
1084;Hovedstaden;2023-09-24;M;5;1;4;8805;3399508;63121;
1082;Midtjylland;2023-09-24;M;5;1;4;8806;3399513;63125;
1081;Nordjylland;2023-09-24;M;1;0;0;8806;3399514;63125;
1085;Sjælland;2023-09-24;M;3;0;2;8806;3399517;63127;
1084;Hovedstaden;2023-09-25;F;18;0;4;8806;3399535;63131;
1082;Midtjylland;2023-09-25;F;2;1;2;8807;3399537;63133;
1081;Nordjylland;2023-09-25;F;4;0;0;8807;3399541;63133;
1085;Sjælland;2023-09-25;F;5;0;2;8807;3399546;63135;
1083;Syddanmark;2023-09-25;F;2;0;1;8807;3399548;63136;
1084;Hovedstaden;2023-09-25;M;14;0;4;8807;3399562;63140;
1082;Midtjylland;2023-09-25;M;3;0;0;8807;3399565;63140;
1081;Nordjylland;2023-09-25;M;2;0;2;8807;3399567;63142;
1085;Sjælland;2023-09-25;M;5;1;3;8808;3399572;63145;
1083;Syddanmark;2023-09-25;M;7;0;2;8808;3399579;63147;
1084;Hovedstaden;2023-09-26;F;14;0;2;8808;3399593;63149;
1082;Midtjylland;2023-09-26;F;8;0;4;8808;3399601;63153;
1081;Nordjylland;2023-09-26;F;2;0;1;8808;3399603;63154;
1085;Sjælland;2023-09-26;F;6;0;2;8808;3399609;63156;
1083;Syddanmark;2023-09-26;F;4;0;0;8808;3399613;63156;
1084;Hovedstaden;2023-09-26;M;14;1;3;8809;3399627;63159;
1082;Midtjylland;2023-09-26;M;5;0;2;8809;3399632;63161;
1081;Nordjylland;2023-09-26;M;2;0;1;8809;3399634;63162;
1085;Sjælland;2023-09-26;M;1;0;0;8809;3399635;63162;
1083;Syddanmark;2023-09-26;M;5;1;4;8810;3399640;63166;
1084;Hovedstaden;2023-09-27;F;14;0;1;8810;3399654;63167;
1082;Midtjylland;2023-09-27;F;5;0;2;8810;3399659;63169;
1085;Sjælland;2023-09-27;F;3;0;2;8810;3399662;63171;
1083;Syddanmark;2023-09-27;F;7;0;3;8810;3399669;63174;
1084;Hovedstaden;2023-09-27;M;14;0;5;8810;3399683;63179;
1082;Midtjylland;2023-09-27;M;4;0;1;8810;3399687;63180;
1081;Nordjylland;2023-09-27;M;4;0;2;8810;3399691;63182;
1085;Sjælland;2023-09-27;M;7;1;5;8811;3399698;63187;
1083;Syddanmark;2023-09-27;M;6;3;4;8814;3399704;63191;
1084;Hovedstaden;2023-09-28;F;27;0;6;8814;3399731;63197;
1082;Midtjylland;2023-09-28;F;4;0;1;8814;3399735;63198;
1085;Sjælland;2023-09-28;F;1;0;0;8814;3399736;63198;
1083;Syddanmark;2023-09-28;F;7;0;1;8814;3399743;63199;
1084;Hovedstaden;2023-09-28;M;16;0;5;8814;3399759;63204;
1082;Midtjylland;2023-09-28;M;4;0;2;8814;3399763;63206;
1081;Nordjylland;2023-09-28;M;1;0;1;8814;3399764;63207;
1085;Sjælland;2023-09-28;M;2;0;2;8814;3399766;63209;
1083;Syddanmark;2023-09-28;M;2;0;1;8814;3399768;63210;
1084;Hovedstaden;2023-09-29;F;19;0;4;8814;3399787;63214;
1082;Midtjylland;2023-09-29;F;4;1;3;8815;3399791;63217;
1081;Nordjylland;2023-09-29;F;3;0;0;8815;3399794;63217;
1085;Sjælland;2023-09-29;F;9;0;2;8815;3399803;63219;
1083;Syddanmark;2023-09-29;F;6;0;4;8815;3399809;63223;
1084;Hovedstaden;2023-09-29;M;15;1;6;8816;3399824;63229;
1082;Midtjylland;2023-09-29;M;1;0;0;8816;3399825;63229;
1081;Nordjylland;2023-09-29;M;3;0;1;8816;3399828;63230;
1085;Sjælland;2023-09-29;M;5;0;2;8816;3399833;63232;
1083;Syddanmark;2023-09-29;M;7;1;5;8817;3399840;63237;
1084;Hovedstaden;2023-09-30;F;4;0;2;8817;3399844;63239;
1082;Midtjylland;2023-09-30;F;2;0;1;8817;3399846;63240;
1081;Nordjylland;2023-09-30;F;3;0;1;8817;3399849;63241;
1085;Sjælland;2023-09-30;F;5;1;4;8818;3399854;63245;
1083;Syddanmark;2023-09-30;F;1;0;0;8818;3399855;63245;
1084;Hovedstaden;2023-09-30;M;7;1;5;8819;3399862;63250;
1082;Midtjylland;2023-09-30;M;2;0;2;8819;3399864;63252;
1081;Nordjylland;2023-09-30;M;2;0;2;8819;3399866;63254;
1085;Sjælland;2023-09-30;M;2;0;1;8819;3399868;63255;
1083;Syddanmark;2023-09-30;M;4;1;3;8820;3399872;63258;
1084;Hovedstaden;2023-10-01;F;7;0;3;8820;3399879;63261;
1081;Nordjylland;2023-10-01;F;3;0;3;8820;3399882;63264;
1085;Sjælland;2023-10-01;F;1;1;1;8821;3399883;63265;
1083;Syddanmark;2023-10-01;F;1;0;0;8821;3399884;63265;
1084;Hovedstaden;2023-10-01;M;12;1;6;8822;3399896;63271;
1082;Midtjylland;2023-10-01;M;4;0;3;8822;3399900;63274;
1081;Nordjylland;2023-10-01;M;2;0;1;8822;3399902;63275;
1085;Sjælland;2023-10-01;M;5;0;5;8822;3399907;63280;
1083;Syddanmark;2023-10-01;M;3;0;2;8822;3399910;63282;
1084;Hovedstaden;2023-10-02;F;21;1;4;8823;3399931;63286;
1082;Midtjylland;2023-10-02;F;7;0;3;8823;3399938;63289;
1081;Nordjylland;2023-10-02;F;2;0;2;8823;3399940;63291;
1085;Sjælland;2023-10-02;F;9;0;2;8823;3399949;63293;
1083;Syddanmark;2023-10-02;F;10;0;4;8823;3399959;63297;
1084;Hovedstaden;2023-10-02;M;18;1;8;8824;3399977;63305;
1082;Midtjylland;2023-10-02;M;8;0;3;8824;3399985;63308;
1081;Nordjylland;2023-10-02;M;8;0;8;8824;3399993;63316;
1085;Sjælland;2023-10-02;M;6;0;1;8824;3399999;63317;
1083;Syddanmark;2023-10-02;M;2;0;2;8824;3400001;63319;
1084;Hovedstaden;2023-10-03;F;21;1;5;8825;3400022;63324;
1082;Midtjylland;2023-10-03;F;3;0;0;8825;3400025;63324;
1081;Nordjylland;2023-10-03;F;2;0;2;8825;3400027;63326;
1085;Sjælland;2023-10-03;F;5;0;1;8825;3400032;63327;
1083;Syddanmark;2023-10-03;F;7;0;1;8825;3400039;63328;
1084;Hovedstaden;2023-10-03;M;14;0;1;8825;3400053;63329;
1082;Midtjylland;2023-10-03;M;5;0;3;8825;3400058;63332;
1081;Nordjylland;2023-10-03;M;3;0;2;8825;3400061;63334;
1085;Sjælland;2023-10-03;M;6;0;3;8825;3400067;63337;
1083;Syddanmark;2023-10-03;M;12;1;5;8826;3400079;63342;
1084;Hovedstaden;2023-10-04;F;14;0;3;8826;3400093;63345;
1082;Midtjylland;2023-10-04;F;7;0;4;8826;3400100;63349;
1081;Nordjylland;2023-10-04;F;1;0;0;8826;3400101;63349;
1085;Sjælland;2023-10-04;F;10;0;1;8826;3400111;63350;
1083;Syddanmark;2023-10-04;F;5;1;2;8827;3400116;63352;
1084;Hovedstaden;2023-10-04;M;14;0;3;8827;3400130;63355;
1082;Midtjylland;2023-10-04;M;2;0;1;8827;3400132;63356;
1081;Nordjylland;2023-10-04;M;3;0;2;8827;3400135;63358;
1085;Sjælland;2023-10-04;M;2;0;1;8827;3400137;63359;
1083;Syddanmark;2023-10-04;M;9;0;4;8827;3400146;63363;
1084;Hovedstaden;2023-10-05;F;18;1;6;8828;3400164;63369;
1082;Midtjylland;2023-10-05;F;7;0;3;8828;3400171;63372;
1081;Nordjylland;2023-10-05;F;4;1;4;8829;3400175;63376;
1085;Sjælland;2023-10-05;F;7;1;3;8830;3400182;63379;
1083;Syddanmark;2023-10-05;F;2;0;2;8830;3400184;63381;
1084;Hovedstaden;2023-10-05;M;21;1;12;8831;3400205;63393;
1082;Midtjylland;2023-10-05;M;4;1;3;8832;3400209;63396;
1081;Nordjylland;2023-10-05;M;4;1;3;8833;3400213;63399;
1085;Sjælland;2023-10-05;M;6;1;1;8834;3400219;63400;
1083;Syddanmark;2023-10-05;M;4;0;3;8834;3400223;63403;
1084;Hovedstaden;2023-10-06;F;10;0;2;8834;3400233;63405;
1082;Midtjylland;2023-10-06;F;11;0;4;8834;3400244;63409;
1081;Nordjylland;2023-10-06;F;3;0;2;8834;3400247;63411;
1085;Sjælland;2023-10-06;F;7;0;1;8834;3400254;63412;
1083;Syddanmark;2023-10-06;F;8;1;4;8835;3400262;63416;
1084;Hovedstaden;2023-10-06;M;11;1;5;8836;3400273;63421;
1082;Midtjylland;2023-10-06;M;5;0;5;8836;3400278;63426;
1081;Nordjylland;2023-10-06;M;1;0;1;8836;3400279;63427;
1085;Sjælland;2023-10-06;M;2;0;0;8836;3400281;63427;
1083;Syddanmark;2023-10-06;M;4;1;2;8837;3400285;63429;
1084;Hovedstaden;2023-10-07;F;10;0;6;8837;3400295;63435;
1082;Midtjylland;2023-10-07;F;2;0;1;8837;3400297;63436;
1081;Nordjylland;2023-10-07;F;5;0;3;8837;3400302;63439;
1085;Sjælland;2023-10-07;F;3;0;2;8837;3400305;63441;
1083;Syddanmark;2023-10-07;F;6;0;3;8837;3400311;63444;
1084;Hovedstaden;2023-10-07;M;6;0;2;8837;3400317;63446;
1082;Midtjylland;2023-10-07;M;3;0;3;8837;3400320;63449;
1081;Nordjylland;2023-10-07;M;1;0;0;8837;3400321;63449;
1085;Sjælland;2023-10-07;M;1;0;1;8837;3400322;63450;
1083;Syddanmark;2023-10-07;M;6;0;5;8837;3400328;63455;
1084;Hovedstaden;2023-10-08;F;10;0;7;8837;3400338;63462;
1082;Midtjylland;2023-10-08;F;5;1;3;8838;3400343;63465;
1081;Nordjylland;2023-10-08;F;5;0;3;8838;3400348;63468;
1085;Sjælland;2023-10-08;F;3;0;2;8838;3400351;63470;
1083;Syddanmark;2023-10-08;F;6;1;4;8839;3400357;63474;
1084;Hovedstaden;2023-10-08;M;13;1;8;8840;3400370;63482;
1082;Midtjylland;2023-10-08;M;5;1;5;8841;3400375;63487;
1081;Nordjylland;2023-10-08;M;7;0;5;8841;3400382;63492;
1085;Sjælland;2023-10-08;M;4;0;3;8841;3400386;63495;
1083;Syddanmark;2023-10-08;M;6;0;5;8841;3400392;63500;
1084;Hovedstaden;2023-10-09;F;28;1;10;8842;3400420;63510;
1082;Midtjylland;2023-10-09;F;6;0;2;8842;3400426;63512;
1081;Nordjylland;2023-10-09;F;5;0;4;8842;3400431;63516;
1085;Sjælland;2023-10-09;F;7;0;3;8842;3400438;63519;
1083;Syddanmark;2023-10-09;F;8;0;5;8842;3400446;63524;
1084;Hovedstaden;2023-10-09;M;14;1;5;8843;3400460;63529;
1082;Midtjylland;2023-10-09;M;5;1;4;8844;3400465;63533;
1081;Nordjylland;2023-10-09;M;5;3;5;8847;3400470;63538;
1085;Sjælland;2023-10-09;M;6;0;1;8847;3400476;63539;
1083;Syddanmark;2023-10-09;M;9;0;6;8847;3400485;63545;
1084;Hovedstaden;2023-10-10;F;15;0;2;8847;3400500;63547;
1082;Midtjylland;2023-10-10;F;4;0;3;8847;3400504;63550;
1081;Nordjylland;2023-10-10;F;6;1;4;8848;3400510;63554;
1085;Sjælland;2023-10-10;F;4;0;1;8848;3400514;63555;
1083;Syddanmark;2023-10-10;F;4;0;0;8848;3400518;63555;
1084;Hovedstaden;2023-10-10;M;10;0;1;8848;3400528;63556;
1082;Midtjylland;2023-10-10;M;3;0;3;8848;3400531;63559;
1081;Nordjylland;2023-10-10;M;1;0;0;8848;3400532;63559;
1085;Sjælland;2023-10-10;M;7;0;1;8848;3400539;63560;
1083;Syddanmark;2023-10-10;M;9;0;7;8848;3400548;63567;
1084;Hovedstaden;2023-10-11;F;13;1;3;8849;3400561;63570;
1082;Midtjylland;2023-10-11;F;3;0;1;8849;3400564;63571;
1081;Nordjylland;2023-10-11;F;8;1;5;8850;3400572;63576;
1085;Sjælland;2023-10-11;F;5;0;2;8850;3400577;63578;
1083;Syddanmark;2023-10-11;F;16;0;11;8850;3400593;63589;
1084;Hovedstaden;2023-10-11;M;9;0;4;8850;3400602;63593;
1082;Midtjylland;2023-10-11;M;8;0;6;8850;3400610;63599;
1081;Nordjylland;2023-10-11;M;3;1;2;8851;3400613;63601;
1085;Sjælland;2023-10-11;M;6;0;3;8851;3400619;63604;
1083;Syddanmark;2023-10-11;M;5;1;3;8852;3400624;63607;
1084;Hovedstaden;2023-10-12;F;22;0;6;8852;3400646;63613;
1082;Midtjylland;2023-10-12;F;5;0;3;8852;3400651;63616;
1081;Nordjylland;2023-10-12;F;6;1;4;8853;3400657;63620;
1085;Sjælland;2023-10-12;F;9;0;4;8853;3400666;63624;
1083;Syddanmark;2023-10-12;F;12;0;5;8853;3400678;63629;
1084;Hovedstaden;2023-10-12;M;17;0;6;8853;3400695;63635;
1082;Midtjylland;2023-10-12;M;6;0;4;8853;3400701;63639;
1081;Nordjylland;2023-10-12;M;7;1;4;8854;3400708;63643;
1085;Sjælland;2023-10-12;M;7;0;3;8854;3400715;63646;
1083;Syddanmark;2023-10-12;M;10;0;3;8854;3400725;63649;
1084;Hovedstaden;2023-10-13;F;24;1;7;8855;3400749;63656;
1082;Midtjylland;2023-10-13;F;3;0;3;8855;3400752;63659;
1081;Nordjylland;2023-10-13;F;4;0;1;8855;3400756;63660;
1085;Sjælland;2023-10-13;F;5;0;2;8855;3400761;63662;
1083;Syddanmark;2023-10-13;F;10;0;5;8855;3400771;63667;
1084;Hovedstaden;2023-10-13;M;15;2;6;8857;3400786;63673;
1082;Midtjylland;2023-10-13;M;2;0;2;8857;3400788;63675;
1081;Nordjylland;2023-10-13;M;4;0;4;8857;3400792;63679;
1085;Sjælland;2023-10-13;M;5;0;3;8857;3400797;63682;
1083;Syddanmark;2023-10-13;M;9;1;7;8858;3400806;63689;
1084;Hovedstaden;2023-10-14;F;11;1;7;8859;3400817;63696;
1082;Midtjylland;2023-10-14;F;3;0;2;8859;3400820;63698;
1081;Nordjylland;2023-10-14;F;2;1;1;8860;3400822;63699;
1085;Sjælland;2023-10-14;F;7;0;6;8860;3400829;63705;
1083;Syddanmark;2023-10-14;F;2;0;2;8860;3400831;63707;
1084;Hovedstaden;2023-10-14;M;11;3;5;8863;3400842;63712;
1082;Midtjylland;2023-10-14;M;3;0;3;8863;3400845;63715;
1081;Nordjylland;2023-10-14;M;3;0;2;8863;3400848;63717;
1085;Sjælland;2023-10-14;M;7;0;6;8863;3400855;63723;
1083;Syddanmark;2023-10-14;M;4;0;1;8863;3400859;63724;
1084;Hovedstaden;2023-10-15;F;4;1;3;8864;3400863;63727;
1082;Midtjylland;2023-10-15;F;6;0;4;8864;3400869;63731;
1081;Nordjylland;2023-10-15;F;8;0;3;8864;3400877;63734;
1085;Sjælland;2023-10-15;F;3;0;3;8864;3400880;63737;
1083;Syddanmark;2023-10-15;F;6;1;5;8865;3400886;63742;
1084;Hovedstaden;2023-10-15;M;9;0;4;8865;3400895;63746;
1082;Midtjylland;2023-10-15;M;1;0;1;8865;3400896;63747;
1081;Nordjylland;2023-10-15;M;5;0;3;8865;3400901;63750;
1085;Sjælland;2023-10-15;M;7;0;3;8865;3400908;63753;
1083;Syddanmark;2023-10-15;M;5;0;3;8865;3400913;63756;
1084;Hovedstaden;2023-10-16;F;17;2;5;8867;3400930;63761;
1082;Midtjylland;2023-10-16;F;8;1;5;8868;3400938;63766;
1081;Nordjylland;2023-10-16;F;6;0;5;8868;3400944;63771;
1085;Sjælland;2023-10-16;F;8;1;4;8869;3400952;63775;
1083;Syddanmark;2023-10-16;F;13;0;7;8869;3400965;63782;
1084;Hovedstaden;2023-10-16;M;16;0;6;8869;3400981;63788;
1082;Midtjylland;2023-10-16;M;3;1;2;8870;3400984;63790;
1081;Nordjylland;2023-10-16;M;5;1;4;8871;3400989;63794;
1085;Sjælland;2023-10-16;M;7;0;1;8871;3400996;63795;
1083;Syddanmark;2023-10-16;M;10;0;5;8871;3401006;63800;
1084;Hovedstaden;2023-10-17;F;19;0;5;8871;3401025;63805;
1082;Midtjylland;2023-10-17;F;5;0;2;8871;3401030;63807;
1081;Nordjylland;2023-10-17;F;6;1;3;8872;3401036;63810;
1085;Sjælland;2023-10-17;F;14;1;6;8873;3401050;63816;
1083;Syddanmark;2023-10-17;F;10;0;5;8873;3401060;63821;
1084;Hovedstaden;2023-10-17;M;5;0;2;8873;3401065;63823;
1082;Midtjylland;2023-10-17;M;14;1;6;8874;3401079;63829;
1081;Nordjylland;2023-10-17;M;4;0;4;8874;3401083;63833;
1085;Sjælland;2023-10-17;M;10;0;7;8874;3401093;63840;
1083;Syddanmark;2023-10-17;M;9;0;6;8874;3401102;63846;
1084;Hovedstaden;2023-10-18;F;26;0;6;8874;3401128;63852;
1082;Midtjylland;2023-10-18;F;9;0;6;8874;3401137;63858;
1081;Nordjylland;2023-10-18;F;6;0;4;8874;3401143;63862;
1085;Sjælland;2023-10-18;F;15;1;5;8875;3401158;63867;
1083;Syddanmark;2023-10-18;F;6;0;3;8875;3401164;63870;
1084;Hovedstaden;2023-10-18;M;18;0;8;8875;3401182;63878;
1082;Midtjylland;2023-10-18;M;6;0;3;8875;3401188;63881;
1081;Nordjylland;2023-10-18;M;3;0;3;8875;3401191;63884;
1085;Sjælland;2023-10-18;M;5;0;3;8875;3401196;63887;
1083;Syddanmark;2023-10-18;M;11;1;9;8876;3401207;63896;
1084;Hovedstaden;2023-10-19;F;13;0;3;8876;3401220;63899;
1082;Midtjylland;2023-10-19;F;13;1;8;8877;3401233;63907;
1081;Nordjylland;2023-10-19;F;4;0;0;8877;3401237;63907;
1085;Sjælland;2023-10-19;F;7;0;3;8877;3401244;63910;
1083;Syddanmark;2023-10-19;F;11;1;5;8878;3401255;63915;
1084;Hovedstaden;2023-10-19;M;14;0;4;8878;3401269;63919;
1082;Midtjylland;2023-10-19;M;7;0;5;8878;3401276;63924;
1081;Nordjylland;2023-10-19;M;5;0;4;8878;3401281;63928;
1085;Sjælland;2023-10-19;M;6;0;4;8878;3401287;63932;
1083;Syddanmark;2023-10-19;M;7;0;4;8878;3401294;63936;
1084;Hovedstaden;2023-10-20;F;14;1;2;8879;3401308;63938;
1082;Midtjylland;2023-10-20;F;5;0;0;8879;3401313;63938;
1081;Nordjylland;2023-10-20;F;2;0;1;8879;3401315;63939;
1085;Sjælland;2023-10-20;F;12;1;6;8880;3401327;63945;
1083;Syddanmark;2023-10-20;F;9;0;3;8880;3401336;63948;
1084;Hovedstaden;2023-10-20;M;19;1;9;8881;3401355;63957;
1082;Midtjylland;2023-10-20;M;5;0;3;8881;3401360;63960;
1081;Nordjylland;2023-10-20;M;7;1;6;8882;3401367;63966;
1085;Sjælland;2023-10-20;M;7;0;5;8882;3401374;63971;
1083;Syddanmark;2023-10-20;M;7;0;7;8882;3401381;63978;
1084;Hovedstaden;2023-10-21;F;10;1;4;8883;3401391;63982;
1082;Midtjylland;2023-10-21;F;4;1;3;8884;3401395;63985;
1081;Nordjylland;2023-10-21;F;5;0;4;8884;3401400;63989;
1085;Sjælland;2023-10-21;F;7;0;4;8884;3401407;63993;
1083;Syddanmark;2023-10-21;F;8;0;4;8884;3401415;63997;
1084;Hovedstaden;2023-10-21;M;9;3;6;8887;3401424;64003;
1082;Midtjylland;2023-10-21;M;5;0;4;8887;3401429;64007;
1081;Nordjylland;2023-10-21;M;7;2;7;8889;3401436;64014;
1085;Sjælland;2023-10-21;M;2;0;1;8889;3401438;64015;
1083;Syddanmark;2023-10-21;M;8;1;5;8890;3401446;64020;
1084;Hovedstaden;2023-10-22;F;10;0;5;8890;3401456;64025;
1082;Midtjylland;2023-10-22;F;9;0;7;8890;3401465;64032;
1081;Nordjylland;2023-10-22;F;7;2;6;8892;3401472;64038;
1085;Sjælland;2023-10-22;F;5;0;4;8892;3401477;64042;
1083;Syddanmark;2023-10-22;F;3;0;3;8892;3401480;64045;
1084;Hovedstaden;2023-10-22;M;7;0;4;8892;3401487;64049;
1082;Midtjylland;2023-10-22;M;3;0;2;8892;3401490;64051;
1081;Nordjylland;2023-10-22;M;12;4;10;8896;3401502;64061;
1085;Sjælland;2023-10-22;M;9;1;6;8897;3401511;64067;
1083;Syddanmark;2023-10-22;M;4;0;3;8897;3401515;64070;
1084;Hovedstaden;2023-10-23;F;42;0;9;8897;3401557;64079;
1082;Midtjylland;2023-10-23;F;4;0;1;8897;3401561;64080;
1081;Nordjylland;2023-10-23;F;8;0;3;8897;3401569;64083;
1085;Sjælland;2023-10-23;F;14;2;6;8899;3401583;64089;
1083;Syddanmark;2023-10-23;F;11;0;5;8899;3401594;64094;
1084;Hovedstaden;2023-10-23;M;21;0;10;8899;3401615;64104;
1082;Midtjylland;2023-10-23;M;10;0;7;8899;3401625;64111;
1081;Nordjylland;2023-10-23;M;11;1;8;8900;3401636;64119;
1085;Sjælland;2023-10-23;M;16;1;11;8901;3401652;64130;
1083;Syddanmark;2023-10-23;M;10;0;5;8901;3401662;64135;
1084;Hovedstaden;2023-10-24;F;33;1;8;8902;3401695;64143;
1082;Midtjylland;2023-10-24;F;10;0;4;8902;3401705;64147;
1081;Nordjylland;2023-10-24;F;10;1;8;8903;3401715;64155;
1085;Sjælland;2023-10-24;F;13;0;4;8903;3401728;64159;
1083;Syddanmark;2023-10-24;F;14;2;6;8905;3401742;64165;
1084;Hovedstaden;2023-10-24;M;20;1;6;8906;3401762;64171;
1082;Midtjylland;2023-10-24;M;9;0;7;8906;3401771;64178;
1081;Nordjylland;2023-10-24;M;11;1;9;8907;3401782;64187;
1085;Sjælland;2023-10-24;M;10;1;6;8908;3401792;64193;
1083;Syddanmark;2023-10-24;M;11;0;7;8908;3401803;64200;
1084;Hovedstaden;2023-10-25;F;28;0;5;8908;3401831;64205;
1082;Midtjylland;2023-10-25;F;13;1;2;8909;3401844;64207;
1081;Nordjylland;2023-10-25;F;4;1;3;8910;3401848;64210;
1085;Sjælland;2023-10-25;F;12;0;4;8910;3401860;64214;
1083;Syddanmark;2023-10-25;F;10;0;6;8910;3401870;64220;
1084;Hovedstaden;2023-10-25;M;24;1;12;8911;3401894;64232;
1082;Midtjylland;2023-10-25;M;11;1;4;8912;3401905;64236;
1081;Nordjylland;2023-10-25;M;12;2;9;8914;3401917;64245;
1085;Sjælland;2023-10-25;M;8;0;3;8914;3401925;64248;
1083;Syddanmark;2023-10-25;M;19;1;6;8915;3401944;64254;
1084;Hovedstaden;2023-10-26;F;26;0;6;8915;3401970;64260;
1082;Midtjylland;2023-10-26;F;9;0;5;8915;3401979;64265;
1081;Nordjylland;2023-10-26;F;5;0;3;8915;3401984;64268;
1085;Sjælland;2023-10-26;F;9;1;3;8916;3401993;64271;
1083;Syddanmark;2023-10-26;F;14;1;5;8917;3402007;64276;
1084;Hovedstaden;2023-10-26;M;25;2;7;8919;3402032;64283;
1082;Midtjylland;2023-10-26;M;10;0;3;8919;3402042;64286;
1081;Nordjylland;2023-10-26;M;9;1;4;8920;3402051;64290;
1085;Sjælland;2023-10-26;M;5;0;2;8920;3402056;64292;
1083;Syddanmark;2023-10-26;M;13;0;6;8920;3402069;64298;
1084;Hovedstaden;2023-10-27;F;25;2;3;8922;3402094;64301;
1082;Midtjylland;2023-10-27;F;10;1;7;8923;3402104;64308;
1081;Nordjylland;2023-10-27;F;3;0;1;8923;3402107;64309;
1085;Sjælland;2023-10-27;F;9;0;3;8923;3402116;64312;
1083;Syddanmark;2023-10-27;F;13;1;6;8924;3402129;64318;
1084;Hovedstaden;2023-10-27;M;23;2;8;8926;3402152;64326;
1082;Midtjylland;2023-10-27;M;3;0;2;8926;3402155;64328;
1081;Nordjylland;2023-10-27;M;7;0;6;8926;3402162;64334;
1085;Sjælland;2023-10-27;M;13;1;8;8927;3402175;64342;
1083;Syddanmark;2023-10-27;M;11;0;7;8927;3402186;64349;
1084;Hovedstaden;2023-10-28;F;18;1;8;8928;3402204;64357;
1082;Midtjylland;2023-10-28;F;8;0;7;8928;3402212;64364;
1081;Nordjylland;2023-10-28;F;5;0;4;8928;3402217;64368;
1083;Syddanmark;2023-10-28;F;2;0;2;8928;3402219;64370;
1084;Hovedstaden;2023-10-28;M;8;1;4;8929;3402227;64374;
1082;Midtjylland;2023-10-28;M;8;1;6;8930;3402235;64380;
1081;Nordjylland;2023-10-28;M;8;1;6;8931;3402243;64386;
1085;Sjælland;2023-10-28;M;6;2;5;8933;3402249;64391;
1083;Syddanmark;2023-10-28;M;6;2;3;8935;3402255;64394;
1084;Hovedstaden;2023-10-29;F;11;0;5;8935;3402266;64399;
1082;Midtjylland;2023-10-29;F;9;1;5;8936;3402275;64404;
1081;Nordjylland;2023-10-29;F;4;0;3;8936;3402279;64407;
1085;Sjælland;2023-10-29;F;8;0;6;8936;3402287;64413;
1083;Syddanmark;2023-10-29;F;7;0;5;8936;3402294;64418;
1084;Hovedstaden;2023-10-29;M;11;4;8;8940;3402305;64426;
1082;Midtjylland;2023-10-29;M;9;2;6;8942;3402314;64432;
1081;Nordjylland;2023-10-29;M;4;0;2;8942;3402318;64434;
1085;Sjælland;2023-10-29;M;7;0;2;8942;3402325;64436;
1083;Syddanmark;2023-10-29;M;9;1;6;8943;3402334;64442;
1084;Hovedstaden;2023-10-30;F;45;1;12;8944;3402379;64454;
1082;Midtjylland;2023-10-30;F;9;0;6;8944;3402388;64460;
1081;Nordjylland;2023-10-30;F;8;2;5;8946;3402396;64465;
1085;Sjælland;2023-10-30;F;16;1;8;8947;3402412;64473;
1083;Syddanmark;2023-10-30;F;22;1;7;8948;3402434;64480;
1084;Hovedstaden;2023-10-30;M;30;1;9;8949;3402464;64489;
1082;Midtjylland;2023-10-30;M;17;1;8;8950;3402481;64497;
1081;Nordjylland;2023-10-30;M;6;0;5;8950;3402487;64502;
1085;Sjælland;2023-10-30;M;10;0;5;8950;3402497;64507;
1083;Syddanmark;2023-10-30;M;16;0;5;8950;3402513;64512;
1084;Hovedstaden;2023-10-31;F;42;1;10;8951;3402555;64522;
1082;Midtjylland;2023-10-31;F;11;1;4;8952;3402566;64526;
1081;Nordjylland;2023-10-31;F;3;0;2;8952;3402569;64528;
1085;Sjælland;2023-10-31;F;18;0;3;8952;3402587;64531;
1083;Syddanmark;2023-10-31;F;8;1;4;8953;3402595;64535;
1084;Hovedstaden;2023-10-31;M;28;2;12;8955;3402623;64547;
1082;Midtjylland;2023-10-31;M;13;1;8;8956;3402636;64555;
1081;Nordjylland;2023-10-31;M;4;0;3;8956;3402640;64558;
1085;Sjælland;2023-10-31;M;10;0;6;8956;3402650;64564;
1083;Syddanmark;2023-10-31;M;18;0;10;8956;3402668;64574;
1084;Hovedstaden;2023-11-01;F;24;0;9;8956;3402692;64583;
1082;Midtjylland;2023-11-01;F;10;1;3;8957;3402702;64586;
1081;Nordjylland;2023-11-01;F;4;0;3;8957;3402706;64589;
1085;Sjælland;2023-11-01;F;14;0;4;8957;3402720;64593;
1083;Syddanmark;2023-11-01;F;12;1;4;8958;3402732;64597;
1084;Hovedstaden;2023-11-01;M;25;1;15;8959;3402757;64612;
1082;Midtjylland;2023-11-01;M;10;2;7;8961;3402767;64619;
1081;Nordjylland;2023-11-01;M;4;0;4;8961;3402771;64623;
1085;Sjælland;2023-11-01;M;9;1;3;8962;3402780;64626;
1083;Syddanmark;2023-11-01;M;9;0;7;8962;3402789;64633;
1084;Hovedstaden;2023-11-02;F;41;2;12;8964;3402830;64645;
1082;Midtjylland;2023-11-02;F;16;2;7;8966;3402846;64652;
1081;Nordjylland;2023-11-02;F;9;1;7;8967;3402855;64659;
1085;Sjælland;2023-11-02;F;19;1;5;8968;3402874;64664;
1083;Syddanmark;2023-11-02;F;21;0;9;8968;3402895;64673;
1084;Hovedstaden;2023-11-02;M;23;2;15;8970;3402918;64688;
1082;Midtjylland;2023-11-02;M;8;0;4;8970;3402926;64692;
1081;Nordjylland;2023-11-02;M;9;0;8;8970;3402935;64700;
1085;Sjælland;2023-11-02;M;12;1;3;8971;3402947;64703;
1083;Syddanmark;2023-11-02;M;13;0;3;8971;3402960;64706;
1084;Hovedstaden;2023-11-03;F;33;0;14;8971;3402993;64720;
1082;Midtjylland;2023-11-03;F;9;0;5;8971;3403002;64725;
1081;Nordjylland;2023-11-03;F;5;0;4;8971;3403007;64729;
1085;Sjælland;2023-11-03;F;15;0;8;8971;3403022;64737;
1083;Syddanmark;2023-11-03;F;17;2;6;8973;3403039;64743;
1084;Hovedstaden;2023-11-03;M;33;1;10;8974;3403072;64753;
1082;Midtjylland;2023-11-03;M;4;0;3;8974;3403076;64756;
1081;Nordjylland;2023-11-03;M;9;0;5;8974;3403085;64761;
1085;Sjælland;2023-11-03;M;11;0;4;8974;3403096;64765;
1083;Syddanmark;2023-11-03;M;13;0;7;8974;3403109;64772;
1084;Hovedstaden;2023-11-04;F;10;0;8;8974;3403119;64780;
1082;Midtjylland;2023-11-04;F;6;0;4;8974;3403125;64784;
1081;Nordjylland;2023-11-04;F;11;1;10;8975;3403136;64794;
1085;Sjælland;2023-11-04;F;6;1;5;8976;3403142;64799;
1083;Syddanmark;2023-11-04;F;7;1;5;8977;3403149;64804;
1084;Hovedstaden;2023-11-04;M;8;1;5;8978;3403157;64809;
1082;Midtjylland;2023-11-04;M;8;0;7;8978;3403165;64816;
1081;Nordjylland;2023-11-04;M;3;0;1;8978;3403168;64817;
1085;Sjælland;2023-11-04;M;5;0;5;8978;3403173;64822;
1083;Syddanmark;2023-11-04;M;11;1;8;8979;3403184;64830;
1084;Hovedstaden;2023-11-05;F;10;1;8;8980;3403194;64838;
1082;Midtjylland;2023-11-05;F;8;1;6;8981;3403202;64844;
1081;Nordjylland;2023-11-05;F;5;0;3;8981;3403207;64847;
1085;Sjælland;2023-11-05;F;5;0;4;8981;3403212;64851;
1083;Syddanmark;2023-11-05;F;12;1;6;8982;3403224;64857;
1084;Hovedstaden;2023-11-05;M;21;2;15;8984;3403245;64872;
1082;Midtjylland;2023-11-05;M;6;0;2;8984;3403251;64874;
1081;Nordjylland;2023-11-05;M;3;0;3;8984;3403254;64877;
1085;Sjælland;2023-11-05;M;5;0;5;8984;3403259;64882;
1083;Syddanmark;2023-11-05;M;7;2;6;8986;3403266;64888;
1084;Hovedstaden;2023-11-06;F;48;1;12;8987;3403314;64900;
1082;Midtjylland;2023-11-06;F;15;1;6;8988;3403329;64906;
1081;Nordjylland;2023-11-06;F;3;0;1;8988;3403332;64907;
1085;Sjælland;2023-11-06;F;11;1;4;8989;3403343;64911;
1083;Syddanmark;2023-11-06;F;21;1;9;8990;3403364;64920;
1084;Hovedstaden;2023-11-06;M;47;0;14;8990;3403411;64934;
1082;Midtjylland;2023-11-06;M;16;1;9;8991;3403427;64943;
1081;Nordjylland;2023-11-06;M;5;0;4;8991;3403432;64947;
1085;Sjælland;2023-11-06;M;20;1;9;8992;3403452;64956;
1083;Syddanmark;2023-11-06;M;15;2;9;8994;3403467;64965;
1084;Hovedstaden;2023-11-07;F;41;1;15;8995;3403508;64980;
1082;Midtjylland;2023-11-07;F;16;1;7;8996;3403524;64987;
1081;Nordjylland;2023-11-07;F;10;0;7;8996;3403534;64994;
1085;Sjælland;2023-11-07;F;14;0;4;8996;3403548;64998;
1083;Syddanmark;2023-11-07;F;18;1;8;8997;3403566;65006;
1084;Hovedstaden;2023-11-07;M;37;2;12;8999;3403603;65018;
1082;Midtjylland;2023-11-07;M;9;0;3;8999;3403612;65021;
1081;Nordjylland;2023-11-07;M;3;0;3;8999;3403615;65024;
1085;Sjælland;2023-11-07;M;19;1;5;9000;3403634;65029;
1083;Syddanmark;2023-11-07;M;14;1;8;9001;3403648;65037;
1084;Hovedstaden;2023-11-08;F;38;0;8;9001;3403686;65045;
1082;Midtjylland;2023-11-08;F;9;1;4;9002;3403695;65049;
1081;Nordjylland;2023-11-08;F;8;0;6;9002;3403703;65055;
1085;Sjælland;2023-11-08;F;19;0;7;9002;3403722;65062;
1083;Syddanmark;2023-11-08;F;17;0;6;9002;3403739;65068;
1084;Hovedstaden;2023-11-08;M;31;3;12;9005;3403770;65080;
1082;Midtjylland;2023-11-08;M;5;0;5;9005;3403775;65085;
1081;Nordjylland;2023-11-08;M;9;1;5;9006;3403784;65090;
1085;Sjælland;2023-11-08;M;10;0;4;9006;3403794;65094;
1083;Syddanmark;2023-11-08;M;18;1;6;9007;3403812;65100;
1084;Hovedstaden;2023-11-09;F;34;1;9;9008;3403846;65109;
1082;Midtjylland;2023-11-09;F;12;0;4;9008;3403858;65113;
1081;Nordjylland;2023-11-09;F;4;0;0;9008;3403862;65113;
1085;Sjælland;2023-11-09;F;10;1;4;9009;3403872;65117;
1083;Syddanmark;2023-11-09;F;23;0;4;9009;3403895;65121;
1084;Hovedstaden;2023-11-09;M;38;3;14;9012;3403933;65135;
1082;Midtjylland;2023-11-09;M;13;2;6;9014;3403946;65141;
1081;Nordjylland;2023-11-09;M;9;0;4;9014;3403955;65145;
1085;Sjælland;2023-11-09;M;20;2;6;9016;3403975;65151;
1083;Syddanmark;2023-11-09;M;17;1;7;9017;3403992;65158;
1084;Hovedstaden;2023-11-10;F;34;1;5;9018;3404026;65163;
1082;Midtjylland;2023-11-10;F;8;0;1;9018;3404034;65164;
1081;Nordjylland;2023-11-10;F;10;0;6;9018;3404044;65170;
1085;Sjælland;2023-11-10;F;13;1;3;9019;3404057;65173;
1083;Syddanmark;2023-11-10;F;26;1;10;9020;3404083;65183;
1084;Hovedstaden;2023-11-10;M;33;2;13;9022;3404116;65196;
1082;Midtjylland;2023-11-10;M;12;0;7;9022;3404128;65203;
1081;Nordjylland;2023-11-10;M;5;0;2;9022;3404133;65205;
1085;Sjælland;2023-11-10;M;12;1;7;9023;3404145;65212;
1083;Syddanmark;2023-11-10;M;20;1;9;9024;3404165;65221;
1084;Hovedstaden;2023-11-11;F;15;1;11;9025;3404180;65232;
1082;Midtjylland;2023-11-11;F;6;1;4;9026;3404186;65236;
1081;Nordjylland;2023-11-11;F;9;1;6;9027;3404195;65242;
1085;Sjælland;2023-11-11;F;3;0;2;9027;3404198;65244;
1083;Syddanmark;2023-11-11;F;10;0;5;9027;3404208;65249;
1084;Hovedstaden;2023-11-11;M;10;2;6;9029;3404218;65255;
1082;Midtjylland;2023-11-11;M;7;1;4;9030;3404225;65259;
1081;Nordjylland;2023-11-11;M;4;1;3;9031;3404229;65262;
1085;Sjælland;2023-11-11;M;8;0;5;9031;3404237;65267;
1083;Syddanmark;2023-11-11;M;10;1;8;9032;3404247;65275;
1084;Hovedstaden;2023-11-12;F;16;1;4;9033;3404263;65279;
1082;Midtjylland;2023-11-12;F;6;0;2;9033;3404269;65281;
1081;Nordjylland;2023-11-12;F;5;1;2;9034;3404274;65283;
1085;Sjælland;2023-11-12;F;10;0;6;9034;3404284;65289;
1083;Syddanmark;2023-11-12;F;7;0;4;9034;3404291;65293;
1084;Hovedstaden;2023-11-12;M;13;1;7;9035;3404304;65300;
1082;Midtjylland;2023-11-12;M;8;0;3;9035;3404312;65303;
1081;Nordjylland;2023-11-12;M;6;0;3;9035;3404318;65306;
1085;Sjælland;2023-11-12;M;14;1;11;9036;3404332;65317;
1083;Syddanmark;2023-11-12;M;7;1;5;9037;3404339;65322;
1084;Hovedstaden;2023-11-13;F;44;1;11;9038;3404383;65333;
1082;Midtjylland;2023-11-13;F;20;0;7;9038;3404403;65340;
1081;Nordjylland;2023-11-13;F;12;1;7;9039;3404415;65347;
1085;Sjælland;2023-11-13;F;23;0;4;9039;3404438;65351;
1083;Syddanmark;2023-11-13;F;27;2;7;9041;3404465;65358;
1084;Hovedstaden;2023-11-13;M;27;1;5;9042;3404492;65363;
1082;Midtjylland;2023-11-13;M;14;0;6;9042;3404506;65369;
1081;Nordjylland;2023-11-13;M;9;0;5;9042;3404515;65374;
1085;Sjælland;2023-11-13;M;14;0;3;9042;3404529;65377;
1083;Syddanmark;2023-11-13;M;18;2;8;9044;3404547;65385;
1084;Hovedstaden;2023-11-14;F;49;2;11;9046;3404596;65396;
1082;Midtjylland;2023-11-14;F;11;2;4;9048;3404607;65400;
1081;Nordjylland;2023-11-14;F;8;0;3;9048;3404615;65403;
1085;Sjælland;2023-11-14;F;18;0;7;9048;3404633;65410;
1083;Syddanmark;2023-11-14;F;25;1;5;9049;3404658;65415;
1084;Hovedstaden;2023-11-14;M;35;3;13;9052;3404693;65428;
1082;Midtjylland;2023-11-14;M;10;0;1;9052;3404703;65429;
1081;Nordjylland;2023-11-14;M;4;0;2;9052;3404707;65431;
1085;Sjælland;2023-11-14;M;16;2;8;9054;3404723;65439;
1083;Syddanmark;2023-11-14;M;19;0;9;9054;3404742;65448;
1084;Hovedstaden;2023-11-15;F;44;2;13;9056;3404786;65461;
1082;Midtjylland;2023-11-15;F;16;1;4;9057;3404802;65465;
1081;Nordjylland;2023-11-15;F;8;0;1;9057;3404810;65466;
1085;Sjælland;2023-11-15;F;16;0;4;9057;3404826;65470;
1083;Syddanmark;2023-11-15;F;22;0;6;9057;3404848;65476;
1084;Hovedstaden;2023-11-15;M;39;2;13;9059;3404887;65489;
1082;Midtjylland;2023-11-15;M;5;0;3;9059;3404892;65492;
1081;Nordjylland;2023-11-15;M;6;0;3;9059;3404898;65495;
1085;Sjælland;2023-11-15;M;24;2;9;9061;3404922;65504;
1083;Syddanmark;2023-11-15;M;16;1;9;9062;3404938;65513;
1084;Hovedstaden;2023-11-16;F;44;3;13;9065;3404982;65526;
1082;Midtjylland;2023-11-16;F;13;0;8;9065;3404995;65534;
1081;Nordjylland;2023-11-16;F;8;0;6;9065;3405003;65540;
1085;Sjælland;2023-11-16;F;28;2;10;9067;3405031;65550;
1083;Syddanmark;2023-11-16;F;18;0;7;9067;3405049;65557;
1084;Hovedstaden;2023-11-16;M;30;1;13;9068;3405079;65570;
1082;Midtjylland;2023-11-16;M;14;0;9;9068;3405093;65579;
1081;Nordjylland;2023-11-16;M;6;0;2;9068;3405099;65581;
1085;Sjælland;2023-11-16;M;21;0;9;9068;3405120;65590;
1083;Syddanmark;2023-11-16;M;17;0;9;9068;3405137;65599;
1084;Hovedstaden;2023-11-17;F;36;1;10;9069;3405173;65609;
1082;Midtjylland;2023-11-17;F;14;0;7;9069;3405187;65616;
1081;Nordjylland;2023-11-17;F;8;0;4;9069;3405195;65620;
1085;Sjælland;2023-11-17;F;14;0;3;9069;3405209;65623;
1083;Syddanmark;2023-11-17;F;23;0;9;9069;3405232;65632;
1084;Hovedstaden;2023-11-17;M;21;0;8;9069;3405253;65640;
1082;Midtjylland;2023-11-17;M;10;1;8;9070;3405263;65648;
1081;Nordjylland;2023-11-17;M;8;1;3;9071;3405271;65651;
1085;Sjælland;2023-11-17;M;16;0;7;9071;3405287;65658;
1083;Syddanmark;2023-11-17;M;23;2;12;9073;3405310;65670;
1084;Hovedstaden;2023-11-18;F;22;0;14;9073;3405332;65684;
1082;Midtjylland;2023-11-18;F;6;0;4;9073;3405338;65688;
1081;Nordjylland;2023-11-18;F;7;2;2;9075;3405345;65690;
1085;Sjælland;2023-11-18;F;8;1;7;9076;3405353;65697;
1083;Syddanmark;2023-11-18;F;9;0;3;9076;3405362;65700;
1084;Hovedstaden;2023-11-18;M;18;2;10;9078;3405380;65710;
1082;Midtjylland;2023-11-18;M;17;0;10;9078;3405397;65720;
1081;Nordjylland;2023-11-18;M;7;0;5;9078;3405404;65725;
1085;Sjælland;2023-11-18;M;8;1;6;9079;3405412;65731;
1083;Syddanmark;2023-11-18;M;12;0;7;9079;3405424;65738;
1084;Hovedstaden;2023-11-19;F;24;1;12;9080;3405448;65750;
1082;Midtjylland;2023-11-19;F;13;0;6;9080;3405461;65756;
1081;Nordjylland;2023-11-19;F;5;1;3;9081;3405466;65759;
1085;Sjælland;2023-11-19;F;6;0;5;9081;3405472;65764;
1083;Syddanmark;2023-11-19;F;8;0;6;9081;3405480;65770;
1084;Hovedstaden;2023-11-19;M;21;3;14;9084;3405501;65784;
1082;Midtjylland;2023-11-19;M;9;0;6;9084;3405510;65790;
1081;Nordjylland;2023-11-19;M;9;0;3;9084;3405519;65793;
1085;Sjælland;2023-11-19;M;6;1;5;9085;3405525;65798;
1083;Syddanmark;2023-11-19;M;16;2;9;9087;3405541;65807;
1084;Hovedstaden;2023-11-20;F;72;0;18;9087;3405613;65825;
1082;Midtjylland;2023-11-20;F;17;0;7;9087;3405630;65832;
1081;Nordjylland;2023-11-20;F;8;0;1;9087;3405638;65833;
1085;Sjælland;2023-11-20;F;30;0;10;9087;3405668;65843;
1083;Syddanmark;2023-11-20;F;21;1;6;9088;3405689;65849;
1084;Hovedstaden;2023-11-20;M;58;3;15;9091;3405747;65864;
1082;Midtjylland;2023-11-20;M;22;1;9;9092;3405769;65873;
1081;Nordjylland;2023-11-20;M;13;2;8;9094;3405782;65881;
1085;Sjælland;2023-11-20;M;16;1;8;9095;3405798;65889;
1083;Syddanmark;2023-11-20;M;13;3;6;9098;3405811;65895;
1084;Hovedstaden;2023-11-21;F;64;2;18;9100;3405875;65913;
1082;Midtjylland;2023-11-21;F;31;0;11;9100;3405906;65924;
1081;Nordjylland;2023-11-21;F;8;0;5;9100;3405914;65929;
1085;Sjælland;2023-11-21;F;29;1;9;9101;3405943;65938;
1083;Syddanmark;2023-11-21;F;32;0;7;9101;3405975;65945;
1084;Hovedstaden;2023-11-21;M;61;3;23;9104;3406036;65968;
1082;Midtjylland;2023-11-21;M;16;1;8;9105;3406052;65976;
1081;Nordjylland;2023-11-21;M;10;0;6;9105;3406062;65982;
1085;Sjælland;2023-11-21;M;26;1;11;9106;3406088;65993;
1083;Syddanmark;2023-11-21;M;23;1;12;9107;3406111;66005;
1084;Hovedstaden;2023-11-22;F;71;3;27;9110;3406182;66032;
1082;Midtjylland;2023-11-22;F;17;0;5;9110;3406199;66037;
1081;Nordjylland;2023-11-22;F;7;0;4;9110;3406206;66041;
1085;Sjælland;2023-11-22;F;36;0;9;9110;3406242;66050;
1083;Syddanmark;2023-11-22;F;34;0;14;9110;3406276;66064;
1084;Hovedstaden;2023-11-22;M;40;0;11;9110;3406316;66075;
1082;Midtjylland;2023-11-22;M;14;2;3;9112;3406330;66078;
1081;Nordjylland;2023-11-22;M;10;1;5;9113;3406340;66083;
1085;Sjælland;2023-11-22;M;17;0;3;9113;3406357;66086;
1083;Syddanmark;2023-11-22;M;33;0;14;9113;3406390;66100;
1084;Hovedstaden;2023-11-23;F;63;2;9;9115;3406453;66109;
1082;Midtjylland;2023-11-23;F;23;0;7;9115;3406476;66116;
1081;Nordjylland;2023-11-23;F;9;0;4;9115;3406485;66120;
1085;Sjælland;2023-11-23;F;23;0;5;9115;3406508;66125;
1083;Syddanmark;2023-11-23;F;34;0;12;9115;3406542;66137;
1084;Hovedstaden;2023-11-23;M;51;1;20;9116;3406593;66157;
1082;Midtjylland;2023-11-23;M;18;0;10;9116;3406611;66167;
1081;Nordjylland;2023-11-23;M;15;1;8;9117;3406626;66175;
1085;Sjælland;2023-11-23;M;22;3;12;9120;3406648;66187;
1083;Syddanmark;2023-11-23;M;15;0;5;9120;3406663;66192;
1084;Hovedstaden;2023-11-24;F;44;0;9;9120;3406707;66201;
1082;Midtjylland;2023-11-24;F;13;0;2;9120;3406720;66203;
1081;Nordjylland;2023-11-24;F;14;2;10;9122;3406734;66213;
1085;Sjælland;2023-11-24;F;22;2;10;9124;3406756;66223;
1083;Syddanmark;2023-11-24;F;28;2;8;9126;3406784;66231;
1084;Hovedstaden;2023-11-24;M;43;1;13;9127;3406827;66244;
1082;Midtjylland;2023-11-24;M;13;1;7;9128;3406840;66251;
1081;Nordjylland;2023-11-24;M;10;1;4;9129;3406850;66255;
1085;Sjælland;2023-11-24;M;19;2;9;9131;3406869;66264;
1083;Syddanmark;2023-11-24;M;24;0;8;9131;3406893;66272;
1084;Hovedstaden;2023-11-25;F;21;2;12;9133;3406914;66284;
1082;Midtjylland;2023-11-25;F;12;0;8;9133;3406926;66292;
1081;Nordjylland;2023-11-25;F;16;1;8;9134;3406942;66300;
1085;Sjælland;2023-11-25;F;9;1;7;9135;3406951;66307;
1083;Syddanmark;2023-11-25;F;8;0;5;9135;3406959;66312;
1084;Hovedstaden;2023-11-25;M;21;1;7;9136;3406980;66319;
1082;Midtjylland;2023-11-25;M;14;2;8;9138;3406994;66327;
1081;Nordjylland;2023-11-25;M;9;2;7;9140;3407003;66334;
1085;Sjælland;2023-11-25;M;13;0;12;9140;3407016;66346;
1083;Syddanmark;2023-11-25;M;19;1;11;9141;3407035;66357;
1084;Hovedstaden;2023-11-26;F;31;0;9;9141;3407066;66366;
1082;Midtjylland;2023-11-26;F;12;0;5;9141;3407078;66371;
1081;Nordjylland;2023-11-26;F;9;0;6;9141;3407087;66377;
1085;Sjælland;2023-11-26;F;19;0;12;9141;3407106;66389;
1083;Syddanmark;2023-11-26;F;15;0;6;9141;3407121;66395;
1084;Hovedstaden;2023-11-26;M;15;2;10;9143;3407136;66405;
1082;Midtjylland;2023-11-26;M;15;2;8;9145;3407151;66413;
1081;Nordjylland;2023-11-26;M;9;0;4;9145;3407160;66417;
1085;Sjælland;2023-11-26;M;19;3;13;9148;3407179;66430;
1083;Syddanmark;2023-11-26;M;13;0;10;9148;3407192;66440;
1084;Hovedstaden;2023-11-27;F;79;3;13;9151;3407271;66453;
1082;Midtjylland;2023-11-27;F;18;0;4;9151;3407289;66457;
1081;Nordjylland;2023-11-27;F;8;0;5;9151;3407297;66462;
1085;Sjælland;2023-11-27;F;35;1;9;9152;3407332;66471;
1083;Syddanmark;2023-11-27;F;30;2;11;9154;3407362;66482;
1084;Hovedstaden;2023-11-27;M;59;0;14;9154;3407421;66496;
1082;Midtjylland;2023-11-27;M;21;2;12;9156;3407442;66508;
1081;Nordjylland;2023-11-27;M;7;0;4;9156;3407449;66512;
1085;Sjælland;2023-11-27;M;34;0;9;9156;3407483;66521;
1083;Syddanmark;2023-11-27;M;28;4;16;9160;3407511;66537;
1084;Hovedstaden;2023-11-28;F;86;2;10;9162;3407597;66547;
1082;Midtjylland;2023-11-28;F;30;0;8;9162;3407627;66555;
1081;Nordjylland;2023-11-28;F;13;1;2;9163;3407640;66557;
1085;Sjælland;2023-11-28;F;41;4;11;9167;3407681;66568;
1083;Syddanmark;2023-11-28;F;31;0;7;9167;3407712;66575;
1084;Hovedstaden;2023-11-28;M;50;2;12;9169;3407762;66587;
1082;Midtjylland;2023-11-28;M;20;0;13;9169;3407782;66600;
1081;Nordjylland;2023-11-28;M;10;0;5;9169;3407792;66605;
1085;Sjælland;2023-11-28;M;30;1;10;9170;3407822;66615;
1083;Syddanmark;2023-11-28;M;23;2;11;9172;3407845;66626;
1084;Hovedstaden;2023-11-29;F;94;1;13;9173;3407939;66639;
1082;Midtjylland;2023-11-29;F;30;0;7;9173;3407969;66646;
1081;Nordjylland;2023-11-29;F;11;0;5;9173;3407980;66651;
1085;Sjælland;2023-11-29;F;26;1;9;9174;3408006;66660;
1083;Syddanmark;2023-11-29;F;36;0;9;9174;3408042;66669;
1084;Hovedstaden;2023-11-29;M;66;1;17;9175;3408108;66686;
1082;Midtjylland;2023-11-29;M;25;1;7;9176;3408133;66693;
1081;Nordjylland;2023-11-29;M;12;2;11;9178;3408145;66704;
1085;Sjælland;2023-11-29;M;22;0;4;9178;3408167;66708;
1083;Syddanmark;2023-11-29;M;23;3;10;9181;3408190;66718;
1084;Hovedstaden;2023-11-30;F;84;1;21;9182;3408274;66739;
1082;Midtjylland;2023-11-30;F;27;1;5;9183;3408301;66744;
1081;Nordjylland;2023-11-30;F;17;0;9;9183;3408318;66753;
1085;Sjælland;2023-11-30;F;35;2;13;9185;3408353;66766;
1083;Syddanmark;2023-11-30;F;36;2;9;9187;3408389;66775;
1084;Hovedstaden;2023-11-30;M;71;0;13;9187;3408460;66788;
1082;Midtjylland;2023-11-30;M;25;3;14;9190;3408485;66802;
1081;Nordjylland;2023-11-30;M;11;0;5;9190;3408496;66807;
1085;Sjælland;2023-11-30;M;25;2;8;9192;3408521;66815;
1083;Syddanmark;2023-11-30;M;33;1;16;9193;3408554;66831;
1084;Hovedstaden;2023-12-01;F;88;0;14;9193;3408642;66845;
1082;Midtjylland;2023-12-01;F;39;2;13;9195;3408681;66858;
1081;Nordjylland;2023-12-01;F;6;0;3;9195;3408687;66861;
1085;Sjælland;2023-12-01;F;26;0;6;9195;3408713;66867;
1083;Syddanmark;2023-12-01;F;28;0;7;9195;3408741;66874;
1084;Hovedstaden;2023-12-01;M;69;4;19;9199;3408810;66893;
1082;Midtjylland;2023-12-01;M;21;1;11;9200;3408831;66904;
1081;Nordjylland;2023-12-01;M;14;0;5;9200;3408845;66909;
1085;Sjælland;2023-12-01;M;27;1;11;9201;3408872;66920;
1083;Syddanmark;2023-12-01;M;28;1;11;9202;3408900;66931;
1084;Hovedstaden;2023-12-02;F;36;1;16;9203;3408936;66947;
1082;Midtjylland;2023-12-02;F;12;0;8;9203;3408948;66955;
1081;Nordjylland;2023-12-02;F;8;0;3;9203;3408956;66958;
1085;Sjælland;2023-12-02;F;16;1;9;9204;3408972;66967;
1083;Syddanmark;2023-12-02;F;22;0;13;9204;3408994;66980;
1084;Hovedstaden;2023-12-02;M;27;2;9;9206;3409021;66989;
1082;Midtjylland;2023-12-02;M;12;0;6;9206;3409033;66995;
1081;Nordjylland;2023-12-02;M;16;0;7;9206;3409049;67002;
1085;Sjælland;2023-12-02;M;9;0;4;9206;3409058;67006;
1083;Syddanmark;2023-12-02;M;17;1;11;9207;3409075;67017;
1084;Hovedstaden;2023-12-03;F;32;3;12;9210;3409107;67029;
1082;Midtjylland;2023-12-03;F;19;0;8;9210;3409126;67037;
1081;Nordjylland;2023-12-03;F;7;0;2;9210;3409133;67039;
1085;Sjælland;2023-12-03;F;17;3;8;9213;3409150;67047;
1083;Syddanmark;2023-12-03;F;17;0;5;9213;3409167;67052;
1084;Hovedstaden;2023-12-03;M;28;2;10;9215;3409195;67062;
1082;Midtjylland;2023-12-03;M;10;0;7;9215;3409205;67069;
1081;Nordjylland;2023-12-03;M;8;1;6;9216;3409213;67075;
1085;Sjælland;2023-12-03;M;13;0;7;9216;3409226;67082;
1083;Syddanmark;2023-12-03;M;8;1;7;9217;3409234;67089;
1084;Hovedstaden;2023-12-04;F;116;1;12;9218;3409350;67101;
1082;Midtjylland;2023-12-04;F;36;0;9;9218;3409386;67110;
1081;Nordjylland;2023-12-04;F;12;1;7;9219;3409398;67117;
1085;Sjælland;2023-12-04;F;45;2;10;9221;3409443;67127;
1083;Syddanmark;2023-12-04;F;43;0;6;9221;3409486;67133;
1084;Hovedstaden;2023-12-04;M;82;1;19;9222;3409568;67152;
1082;Midtjylland;2023-12-04;M;23;2;15;9224;3409591;67167;
1081;Nordjylland;2023-12-04;M;18;0;9;9224;3409609;67176;
1085;Sjælland;2023-12-04;M;40;2;14;9226;3409649;67190;
1083;Syddanmark;2023-12-04;M;35;1;12;9227;3409684;67202;
1084;Hovedstaden;2023-12-05;F;113;2;21;9229;3409797;67223;
1082;Midtjylland;2023-12-05;F;25;0;8;9229;3409822;67231;
1081;Nordjylland;2023-12-05;F;12;0;7;9229;3409834;67238;
1085;Sjælland;2023-12-05;F;42;1;13;9230;3409876;67251;
1083;Syddanmark;2023-12-05;F;38;1;8;9231;3409914;67259;
1084;Hovedstaden;2023-12-05;M;85;0;16;9231;3409999;67275;
1082;Midtjylland;2023-12-05;M;26;2;12;9233;3410025;67287;
1081;Nordjylland;2023-12-05;M;14;0;7;9233;3410039;67294;
1085;Sjælland;2023-12-05;M;38;0;13;9233;3410077;67307;
1083;Syddanmark;2023-12-05;M;29;0;7;9233;3410106;67314;
1084;Hovedstaden;2023-12-06;F;122;2;18;9235;3410228;67332;
1082;Midtjylland;2023-12-06;F;31;2;6;9237;3410259;67338;
1081;Nordjylland;2023-12-06;F;16;1;3;9238;3410275;67341;
1085;Sjælland;2023-12-06;F;40;1;12;9239;3410315;67353;
1083;Syddanmark;2023-12-06;F;39;1;11;9240;3410354;67364;
1084;Hovedstaden;2023-12-06;M;77;2;18;9242;3410431;67382;
1082;Midtjylland;2023-12-06;M;26;3;14;9245;3410457;67396;
1081;Nordjylland;2023-12-06;M;12;0;7;9245;3410469;67403;
1085;Sjælland;2023-12-06;M;37;4;15;9249;3410506;67418;
1083;Syddanmark;2023-12-06;M;41;1;20;9250;3410547;67438;
1084;Hovedstaden;2023-12-07;F;121;3;25;9253;3410668;67463;
1082;Midtjylland;2023-12-07;F;33;0;8;9253;3410701;67471;
1081;Nordjylland;2023-12-07;F;16;0;8;9253;3410717;67479;
1085;Sjælland;2023-12-07;F;47;1;14;9254;3410764;67493;
1083;Syddanmark;2023-12-07;F;49;1;6;9255;3410813;67499;
1084;Hovedstaden;2023-12-07;M;95;6;24;9261;3410908;67523;
1082;Midtjylland;2023-12-07;M;28;1;13;9262;3410936;67536;
1081;Nordjylland;2023-12-07;M;11;0;7;9262;3410947;67543;
1085;Sjælland;2023-12-07;M;43;2;14;9264;3410990;67557;
1083;Syddanmark;2023-12-07;M;42;1;15;9265;3411032;67572;
1084;Hovedstaden;2023-12-08;F;121;1;21;9266;3411153;67593;
1082;Midtjylland;2023-12-08;F;33;1;15;9267;3411186;67608;
1081;Nordjylland;2023-12-08;F;13;0;9;9267;3411199;67617;
1085;Sjælland;2023-12-08;F;40;1;13;9268;3411239;67630;
1083;Syddanmark;2023-12-08;F;51;1;16;9269;3411290;67646;
1084;Hovedstaden;2023-12-08;M;87;3;20;9272;3411377;67666;
1082;Midtjylland;2023-12-08;M;33;1;14;9273;3411410;67680;
1081;Nordjylland;2023-12-08;M;14;2;9;9275;3411424;67689;
1085;Sjælland;2023-12-08;M;35;2;13;9277;3411459;67702;
1083;Syddanmark;2023-12-08;M;36;2;10;9279;3411495;67712;
1084;Hovedstaden;2023-12-09;F;34;3;16;9282;3411529;67728;
1082;Midtjylland;2023-12-09;F;14;1;10;9283;3411543;67738;
1081;Nordjylland;2023-12-09;F;8;0;4;9283;3411551;67742;
1085;Sjælland;2023-12-09;F;10;1;6;9284;3411561;67748;
1083;Syddanmark;2023-12-09;F;12;1;9;9285;3411573;67757;
1084;Hovedstaden;2023-12-09;M;41;4;25;9289;3411614;67782;
1082;Midtjylland;2023-12-09;M;17;1;10;9290;3411631;67792;
1081;Nordjylland;2023-12-09;M;7;0;5;9290;3411638;67797;
1085;Sjælland;2023-12-09;M;19;4;12;9294;3411657;67809;
1083;Syddanmark;2023-12-09;M;30;5;17;9299;3411687;67826;
1084;Hovedstaden;2023-12-10;F;41;0;22;9299;3411728;67848;
1082;Midtjylland;2023-12-10;F;21;2;11;9301;3411749;67859;
1081;Nordjylland;2023-12-10;F;11;0;6;9301;3411760;67865;
1085;Sjælland;2023-12-10;F;21;3;12;9304;3411781;67877;
1083;Syddanmark;2023-12-10;F;26;0;12;9304;3411807;67889;
1084;Hovedstaden;2023-12-10;M;43;3;23;9307;3411850;67912;
1082;Midtjylland;2023-12-10;M;18;2;11;9309;3411868;67923;
1081;Nordjylland;2023-12-10;M;8;1;4;9310;3411876;67927;
1085;Sjælland;2023-12-10;M;30;1;21;9311;3411906;67948;
1083;Syddanmark;2023-12-10;M;28;3;21;9314;3411934;67969;
1084;Hovedstaden;2023-12-11;F;146;1;22;9315;3412080;67991;
1082;Midtjylland;2023-12-11;F;29;1;13;9316;3412109;68004;
1081;Nordjylland;2023-12-11;F;15;0;4;9316;3412124;68008;
1085;Sjælland;2023-12-11;F;54;1;16;9317;3412178;68024;
1083;Syddanmark;2023-12-11;F;51;3;12;9320;3412229;68036;
1084;Hovedstaden;2023-12-11;M;122;2;22;9322;3412351;68058;
1082;Midtjylland;2023-12-11;M;30;4;16;9326;3412381;68074;
1081;Nordjylland;2023-12-11;M;13;1;6;9327;3412394;68080;
1085;Sjælland;2023-12-11;M;53;2;16;9329;3412447;68096;
1083;Syddanmark;2023-12-11;M;36;1;15;9330;3412483;68111;
1084;Hovedstaden;2023-12-12;F;134;1;19;9331;3412617;68130;
1082;Midtjylland;2023-12-12;F;30;0;12;9331;3412647;68142;
1081;Nordjylland;2023-12-12;F;10;0;5;9331;3412657;68147;
1085;Sjælland;2023-12-12;F;44;3;9;9334;3412701;68156;
1083;Syddanmark;2023-12-12;F;50;1;18;9335;3412751;68174;
1084;Hovedstaden;2023-12-12;M;89;4;22;9339;3412840;68196;
1082;Midtjylland;2023-12-12;M;29;3;13;9342;3412869;68209;
1081;Nordjylland;2023-12-12;M;15;0;10;9342;3412884;68219;
1085;Sjælland;2023-12-12;M;47;4;10;9346;3412931;68229;
1083;Syddanmark;2023-12-12;M;40;1;12;9347;3412971;68241;
1084;Hovedstaden;2023-12-13;F;107;0;22;9347;3413078;68263;
1082;Midtjylland;2023-12-13;F;27;1;7;9348;3413105;68270;
1081;Nordjylland;2023-12-13;F;12;0;4;9348;3413117;68274;
1085;Sjælland;2023-12-13;F;62;2;12;9350;3413179;68286;
1083;Syddanmark;2023-12-13;F;41;1;11;9351;3413220;68297;
1084;Hovedstaden;2023-12-13;M;83;6;21;9357;3413303;68318;
1082;Midtjylland;2023-12-13;M;33;0;20;9357;3413336;68338;
1081;Nordjylland;2023-12-13;M;7;1;5;9358;3413343;68343;
1085;Sjælland;2023-12-13;M;47;4;15;9362;3413390;68358;
1083;Syddanmark;2023-12-13;M;33;2;14;9364;3413423;68372;
1084;Hovedstaden;2023-12-14;F;96;0;20;9364;3413519;68392;
1082;Midtjylland;2023-12-14;F;18;1;5;9365;3413537;68397;
1081;Nordjylland;2023-12-14;F;9;0;5;9365;3413546;68402;
1085;Sjælland;2023-12-14;F;37;4;14;9369;3413583;68416;
1083;Syddanmark;2023-12-14;F;46;0;15;9369;3413629;68431;
1084;Hovedstaden;2023-12-14;M;88;2;21;9371;3413717;68452;
1082;Midtjylland;2023-12-14;M;27;1;12;9372;3413744;68464;
1081;Nordjylland;2023-12-14;M;15;3;9;9375;3413759;68473;
1085;Sjælland;2023-12-14;M;40;3;20;9378;3413799;68493;
1083;Syddanmark;2023-12-14;M;46;3;22;9381;3413845;68515;
1084;Hovedstaden;2023-12-15;F;100;2;28;9383;3413945;68543;
1082;Midtjylland;2023-12-15;F;28;1;12;9384;3413973;68555;
1081;Nordjylland;2023-12-15;F;12;1;7;9385;3413985;68562;
1085;Sjælland;2023-12-15;F;29;0;6;9385;3414014;68568;
1083;Syddanmark;2023-12-15;F;38;3;13;9388;3414052;68581;
1084;Hovedstaden;2023-12-15;M;81;4;27;9392;3414133;68608;
1082;Midtjylland;2023-12-15;M;23;0;9;9392;3414156;68617;
1081;Nordjylland;2023-12-15;M;4;0;2;9392;3414160;68619;
1085;Sjælland;2023-12-15;M;35;0;13;9392;3414195;68632;
1083;Syddanmark;2023-12-15;M;31;3;14;9395;3414226;68646;
1084;Hovedstaden;2023-12-16;F;30;2;11;9397;3414256;68657;
1082;Midtjylland;2023-12-16;F;14;3;8;9400;3414270;68665;
1081;Nordjylland;2023-12-16;F;13;0;6;9400;3414283;68671;
1085;Sjælland;2023-12-16;F;10;4;6;9404;3414293;68677;
1083;Syddanmark;2023-12-16;F;13;0;9;9404;3414306;68686;
1084;Hovedstaden;2023-12-16;M;36;5;21;9409;3414342;68707;
1082;Midtjylland;2023-12-16;M;15;1;13;9410;3414357;68720;
1081;Nordjylland;2023-12-16;M;12;1;8;9411;3414369;68728;
1085;Sjælland;2023-12-16;M;12;0;10;9411;3414381;68738;
1083;Syddanmark;2023-12-16;M;19;1;12;9412;3414400;68750;
1084;Hovedstaden;2023-12-17;F;45;2;23;9414;3414445;68773;
1082;Midtjylland;2023-12-17;F;13;0;8;9414;3414458;68781;
1081;Nordjylland;2023-12-17;F;8;0;3;9414;3414466;68784;
1085;Sjælland;2023-12-17;F;18;2;11;9416;3414484;68795;
1083;Syddanmark;2023-12-17;F;20;1;13;9417;3414504;68808;
1084;Hovedstaden;2023-12-17;M;38;6;25;9423;3414542;68833;
1082;Midtjylland;2023-12-17;M;11;2;6;9425;3414553;68839;
1081;Nordjylland;2023-12-17;M;9;0;5;9425;3414562;68844;
1085;Sjælland;2023-12-17;M;19;3;15;9428;3414581;68859;
1083;Syddanmark;2023-12-17;M;26;6;20;9434;3414607;68879;
1084;Hovedstaden;2023-12-18;F;104;2;22;9436;3414711;68901;
1082;Midtjylland;2023-12-18;F;29;1;9;9437;3414740;68910;
1081;Nordjylland;2023-12-18;F;9;0;3;9437;3414749;68913;
1085;Sjælland;2023-12-18;F;46;0;10;9437;3414795;68923;
1083;Syddanmark;2023-12-18;F;47;3;18;9440;3414842;68941;
1084;Hovedstaden;2023-12-18;M;85;1;25;9441;3414927;68966;
1082;Midtjylland;2023-12-18;M;29;2;15;9443;3414956;68981;
1081;Nordjylland;2023-12-18;M;14;1;8;9444;3414970;68989;
1085;Sjælland;2023-12-18;M;36;2;14;9446;3415006;69003;
1083;Syddanmark;2023-12-18;M;44;4;20;9450;3415050;69023;
1084;Hovedstaden;2023-12-19;F;91;2;17;9452;3415141;69040;
1082;Midtjylland;2023-12-19;F;33;0;14;9452;3415174;69054;
1081;Nordjylland;2023-12-19;F;6;1;4;9453;3415180;69058;
1085;Sjælland;2023-12-19;F;43;1;10;9454;3415223;69068;
1083;Syddanmark;2023-12-19;F;34;0;10;9454;3415257;69078;
1084;Hovedstaden;2023-12-19;M;71;3;27;9457;3415328;69105;
1082;Midtjylland;2023-12-19;M;22;1;11;9458;3415350;69116;
1081;Nordjylland;2023-12-19;M;13;2;5;9460;3415363;69121;
1085;Sjælland;2023-12-19;M;42;2;13;9462;3415405;69134;
1083;Syddanmark;2023-12-19;M;35;2;16;9464;3415440;69150;
1084;Hovedstaden;2023-12-20;F;88;3;24;9467;3415528;69174;
1082;Midtjylland;2023-12-20;F;12;0;7;9467;3415540;69181;
1081;Nordjylland;2023-12-20;F;7;2;3;9469;3415547;69184;
1085;Sjælland;2023-12-20;F;26;1;7;9470;3415573;69191;
1083;Syddanmark;2023-12-20;F;32;2;12;9472;3415605;69203;
1084;Hovedstaden;2023-12-20;M;55;3;18;9475;3415660;69221;
1082;Midtjylland;2023-12-20;M;25;1;15;9476;3415685;69236;
1081;Nordjylland;2023-12-20;M;9;0;6;9476;3415694;69242;
1085;Sjælland;2023-12-20;M;35;2;10;9478;3415729;69252;
1083;Syddanmark;2023-12-20;M;21;1;11;9479;3415750;69263;
1084;Hovedstaden;2023-12-21;F;82;1;14;9480;3415832;69277;
1082;Midtjylland;2023-12-21;F;20;0;7;9480;3415852;69284;
1081;Nordjylland;2023-12-21;F;9;1;4;9481;3415861;69288;
1085;Sjælland;2023-12-21;F;36;2;13;9483;3415897;69301;
1083;Syddanmark;2023-12-21;F;35;1;13;9484;3415932;69314;
1084;Hovedstaden;2023-12-21;M;67;2;27;9486;3415999;69341;
1082;Midtjylland;2023-12-21;M;22;3;14;9489;3416021;69355;
1081;Nordjylland;2023-12-21;M;8;1;5;9490;3416029;69360;
1085;Sjælland;2023-12-21;M;25;2;9;9492;3416054;69369;
1083;Syddanmark;2023-12-21;M;21;1;9;9493;3416075;69378;
1084;Hovedstaden;2023-12-22;F;61;3;18;9496;3416136;69396;
1082;Midtjylland;2023-12-22;F;23;1;14;9497;3416159;69410;
1081;Nordjylland;2023-12-22;F;8;1;6;9498;3416167;69416;
1085;Sjælland;2023-12-22;F;34;1;12;9499;3416201;69428;
1083;Syddanmark;2023-12-22;F;18;2;10;9501;3416219;69438;
1084;Hovedstaden;2023-12-22;M;42;3;17;9504;3416261;69455;
1082;Midtjylland;2023-12-22;M;14;1;9;9505;3416275;69464;
1081;Nordjylland;2023-12-22;M;6;2;5;9507;3416281;69469;
1085;Sjælland;2023-12-22;M;17;3;10;9510;3416298;69479;
1083;Syddanmark;2023-12-22;M;19;3;14;9513;3416317;69493;
1084;Hovedstaden;2023-12-23;F;22;2;9;9515;3416339;69502;
1082;Midtjylland;2023-12-23;F;7;0;6;9515;3416346;69508;
1081;Nordjylland;2023-12-23;F;2;0;2;9515;3416348;69510;
1085;Sjælland;2023-12-23;F;4;1;1;9516;3416352;69511;
1083;Syddanmark;2023-12-23;F;14;0;8;9516;3416366;69519;
1084;Hovedstaden;2023-12-23;M;22;3;13;9519;3416388;69532;
1082;Midtjylland;2023-12-23;M;13;0;5;9519;3416401;69537;
1081;Nordjylland;2023-12-23;M;4;1;4;9520;3416405;69541;
1085;Sjælland;2023-12-23;M;12;1;9;9521;3416417;69550;
1083;Syddanmark;2023-12-23;M;18;2;11;9523;3416435;69561;
1084;Hovedstaden;2023-12-24;F;25;2;16;9525;3416460;69577;
1082;Midtjylland;2023-12-24;F;10;2;8;9527;3416470;69585;
1081;Nordjylland;2023-12-24;F;4;0;4;9527;3416474;69589;
1085;Sjælland;2023-12-24;F;12;2;8;9529;3416486;69597;
1083;Syddanmark;2023-12-24;F;11;2;4;9531;3416497;69601;
1084;Hovedstaden;2023-12-24;M;15;2;9;9533;3416512;69610;
1082;Midtjylland;2023-12-24;M;11;0;6;9533;3416523;69616;
1081;Nordjylland;2023-12-24;M;5;1;5;9534;3416528;69621;
1085;Sjælland;2023-12-24;M;10;0;5;9534;3416538;69626;
1083;Syddanmark;2023-12-24;M;11;0;8;9534;3416549;69634;
1084;Hovedstaden;2023-12-25;F;25;1;13;9535;3416574;69647;
1082;Midtjylland;2023-12-25;F;19;0;15;9535;3416593;69662;
1081;Nordjylland;2023-12-25;F;6;1;5;9536;3416599;69667;
1085;Sjælland;2023-12-25;F;7;0;5;9536;3416606;69672;
1083;Syddanmark;2023-12-25;F;17;1;12;9537;3416623;69684;
1084;Hovedstaden;2023-12-25;M;24;4;19;9541;3416647;69703;
1082;Midtjylland;2023-12-25;M;20;2;14;9543;3416667;69717;
1081;Nordjylland;2023-12-25;M;9;0;9;9543;3416676;69726;
1085;Sjælland;2023-12-25;M;13;1;10;9544;3416689;69736;
1083;Syddanmark;2023-12-25;M;13;2;12;9546;3416702;69748;
1084;Hovedstaden;2023-12-26;F;26;2;18;9548;3416728;69766;
1082;Midtjylland;2023-12-26;F;12;0;8;9548;3416740;69774;
1081;Nordjylland;2023-12-26;F;5;0;3;9548;3416745;69777;
1085;Sjælland;2023-12-26;F;4;0;2;9548;3416749;69779;
1083;Syddanmark;2023-12-26;F;11;0;9;9548;3416760;69788;
1084;Hovedstaden;2023-12-26;M;32;5;21;9553;3416792;69809;
1082;Midtjylland;2023-12-26;M;10;0;9;9553;3416802;69818;
1081;Nordjylland;2023-12-26;M;7;1;4;9554;3416809;69822;
1085;Sjælland;2023-12-26;M;6;0;4;9554;3416815;69826;
1083;Syddanmark;2023-12-26;M;8;1;7;9555;3416823;69833;
1084;Hovedstaden;2023-12-27;F;35;2;10;9557;3416858;69843;
1082;Midtjylland;2023-12-27;F;15;2;10;9559;3416873;69853;
1081;Nordjylland;2023-12-27;F;5;0;3;9559;3416878;69856;
1085;Sjælland;2023-12-27;F;15;0;5;9559;3416893;69861;
1083;Syddanmark;2023-12-27;F;18;0;8;9559;3416911;69869;
1084;Hovedstaden;2023-12-27;M;41;3;13;9562;3416952;69882;
1082;Midtjylland;2023-12-27;M;16;0;7;9562;3416968;69889;
1081;Nordjylland;2023-12-27;M;5;0;4;9562;3416973;69893;
1085;Sjælland;2023-12-27;M;19;1;9;9563;3416992;69902;
1083;Syddanmark;2023-12-27;M;20;3;13;9566;3417012;69915;
1084;Hovedstaden;2023-12-28;F;44;1;13;9567;3417056;69928;
1082;Midtjylland;2023-12-28;F;12;1;6;9568;3417068;69934;
1081;Nordjylland;2023-12-28;F;5;0;2;9568;3417073;69936;
1085;Sjælland;2023-12-28;F;20;1;9;9569;3417093;69945;
1083;Syddanmark;2023-12-28;F;14;1;6;9570;3417107;69951;
1084;Hovedstaden;2023-12-28;M;38;0;15;9570;3417145;69966;
1082;Midtjylland;2023-12-28;M;17;2;12;9572;3417162;69978;
1081;Nordjylland;2023-12-28;M;8;0;5;9572;3417170;69983;
1085;Sjælland;2023-12-28;M;15;1;7;9573;3417185;69990;
1083;Syddanmark;2023-12-28;M;15;0;7;9573;3417200;69997;
1084;Hovedstaden;2023-12-29;F;43;0;14;9573;3417243;70011;
1082;Midtjylland;2023-12-29;F;13;0;7;9573;3417256;70018;
1081;Nordjylland;2023-12-29;F;7;0;7;9573;3417263;70025;
1085;Sjælland;2023-12-29;F;23;0;9;9573;3417286;70034;
1083;Syddanmark;2023-12-29;F;6;1;4;9574;3417292;70038;
1084;Hovedstaden;2023-12-29;M;31;3;17;9577;3417323;70055;
1082;Midtjylland;2023-12-29;M;13;1;8;9578;3417336;70063;
1081;Nordjylland;2023-12-29;M;5;2;5;9580;3417341;70068;
1085;Sjælland;2023-12-29;M;23;4;10;9584;3417364;70078;
1083;Syddanmark;2023-12-29;M;17;1;13;9585;3417381;70091;
1084;Hovedstaden;2023-12-30;F;19;3;11;9588;3417400;70102;
1082;Midtjylland;2023-12-30;F;9;2;4;9590;3417409;70106;
1081;Nordjylland;2023-12-30;F;8;0;3;9590;3417417;70109;
1085;Sjælland;2023-12-30;F;5;1;3;9591;3417422;70112;
1083;Syddanmark;2023-12-30;F;8;2;6;9593;3417430;70118;
1084;Hovedstaden;2023-12-30;M;18;3;8;9596;3417448;70126;
1082;Midtjylland;2023-12-30;M;6;0;3;9596;3417454;70129;
1081;Nordjylland;2023-12-30;M;3;0;3;9596;3417457;70132;
1085;Sjælland;2023-12-30;M;8;1;5;9597;3417465;70137;
1083;Syddanmark;2023-12-30;M;17;0;8;9597;3417482;70145;
1084;Hovedstaden;2023-12-31;F;24;2;11;9599;3417506;70156;
1082;Midtjylland;2023-12-31;F;10;1;7;9600;3417516;70163;
1081;Nordjylland;2023-12-31;F;5;0;3;9600;3417521;70166;
1085;Sjælland;2023-12-31;F;9;1;7;9601;3417530;70173;
1083;Syddanmark;2023-12-31;F;9;0;6;9601;3417539;70179;
1084;Hovedstaden;2023-12-31;M;14;3;10;9604;3417553;70189;
1082;Midtjylland;2023-12-31;M;5;1;4;9605;3417558;70193;
1081;Nordjylland;2023-12-31;M;7;4;7;9609;3417565;70200;
1085;Sjælland;2023-12-31;M;5;0;5;9609;3417570;70205;
1083;Syddanmark;2023-12-31;M;7;0;5;9609;3417577;70210;
1084;Hovedstaden;2024-01-01;F;13;1;8;9610;3417590;70218;
1082;Midtjylland;2024-01-01;F;11;1;5;9611;3417601;70223;
1081;Nordjylland;2024-01-01;F;2;0;2;9611;3417603;70225;
1085;Sjælland;2024-01-01;F;9;0;6;9611;3417612;70231;
1083;Syddanmark;2024-01-01;F;10;1;9;9612;3417622;70240;
1084;Hovedstaden;2024-01-01;M;10;1;6;9613;3417632;70246;
1082;Midtjylland;2024-01-01;M;4;0;3;9613;3417636;70249;
1081;Nordjylland;2024-01-01;M;2;0;1;9613;3417638;70250;
1085;Sjælland;2024-01-01;M;6;0;5;9613;3417644;70255;
1083;Syddanmark;2024-01-01;M;5;0;3;9613;3417649;70258;
1084;Hovedstaden;2024-01-02;F;51;2;14;9615;3417700;70272;
1082;Midtjylland;2024-01-02;F;16;1;9;9616;3417716;70281;
1081;Nordjylland;2024-01-02;F;7;0;5;9616;3417723;70286;
1085;Sjælland;2024-01-02;F;14;1;5;9617;3417737;70291;
1083;Syddanmark;2024-01-02;F;19;2;8;9619;3417756;70299;
1084;Hovedstaden;2024-01-02;M;39;3;14;9622;3417795;70313;
1082;Midtjylland;2024-01-02;M;16;2;10;9624;3417811;70323;
1081;Nordjylland;2024-01-02;M;5;0;2;9624;3417816;70325;
1085;Sjælland;2024-01-02;M;25;1;13;9625;3417841;70338;
1083;Syddanmark;2024-01-02;M;9;0;4;9625;3417850;70342;
1084;Hovedstaden;2024-01-03;F;33;0;7;9625;3417883;70349;
1082;Midtjylland;2024-01-03;F;6;0;2;9625;3417889;70351;
1081;Nordjylland;2024-01-03;F;5;1;5;9626;3417894;70356;
1085;Sjælland;2024-01-03;F;13;0;6;9626;3417907;70362;
1083;Syddanmark;2024-01-03;F;14;1;5;9627;3417921;70367;
1084;Hovedstaden;2024-01-03;M;32;0;13;9627;3417953;70380;
1082;Midtjylland;2024-01-03;M;9;1;7;9628;3417962;70387;
1081;Nordjylland;2024-01-03;M;1;0;1;9628;3417963;70388;
1085;Sjælland;2024-01-03;M;9;0;3;9628;3417972;70391;
1083;Syddanmark;2024-01-03;M;16;1;7;9629;3417988;70398;
1084;Hovedstaden;2024-01-04;F;16;1;3;9630;3418004;70401;
1082;Midtjylland;2024-01-04;F;10;0;6;9630;3418014;70407;
1085;Sjælland;2024-01-04;F;12;1;4;9631;3418026;70411;
1083;Syddanmark;2024-01-04;F;14;0;8;9631;3418040;70419;
1084;Hovedstaden;2024-01-04;M;24;1;8;9632;3418064;70427;
1082;Midtjylland;2024-01-04;M;3;0;2;9632;3418067;70429;
1081;Nordjylland;2024-01-04;M;4;1;3;9633;3418071;70432;
1085;Sjælland;2024-01-04;M;12;0;4;9633;3418083;70436;
1083;Syddanmark;2024-01-04;M;8;1;6;9634;3418091;70442;
1084;Hovedstaden;2024-01-05;F;20;1;3;9635;3418111;70445;
1082;Midtjylland;2024-01-05;F;11;0;5;9635;3418122;70450;
1081;Nordjylland;2024-01-05;F;3;0;2;9635;3418125;70452;
1085;Sjælland;2024-01-05;F;10;0;3;9635;3418135;70455;
1083;Syddanmark;2024-01-05;F;12;1;5;9636;3418147;70460;
1084;Hovedstaden;2024-01-05;M;18;0;7;9636;3418165;70467;
1082;Midtjylland;2024-01-05;M;8;0;4;9636;3418173;70471;
1081;Nordjylland;2024-01-05;M;6;0;5;9636;3418179;70476;
1085;Sjælland;2024-01-05;M;5;1;3;9637;3418184;70479;
1083;Syddanmark;2024-01-05;M;13;3;7;9640;3418197;70486;
1084;Hovedstaden;2024-01-06;F;7;1;3;9641;3418204;70489;
1082;Midtjylland;2024-01-06;F;4;0;3;9641;3418208;70492;
1085;Sjælland;2024-01-06;F;3;0;3;9641;3418211;70495;
1083;Syddanmark;2024-01-06;F;4;0;3;9641;3418215;70498;
1084;Hovedstaden;2024-01-06;M;10;0;3;9641;3418225;70501;
1082;Midtjylland;2024-01-06;M;1;0;1;9641;3418226;70502;
1081;Nordjylland;2024-01-06;M;4;0;3;9641;3418230;70505;
1085;Sjælland;2024-01-06;M;7;0;7;9641;3418237;70512;
1083;Syddanmark;2024-01-06;M;5;1;4;9642;3418242;70516;
1084;Hovedstaden;2024-01-07;F;9;0;5;9642;3418251;70521;
1082;Midtjylland;2024-01-07;F;3;0;3;9642;3418254;70524;
1081;Nordjylland;2024-01-07;F;4;0;2;9642;3418258;70526;
1085;Sjælland;2024-01-07;F;1;0;0;9642;3418259;70526;
1083;Syddanmark;2024-01-07;F;5;0;3;9642;3418264;70529;
1084;Hovedstaden;2024-01-07;M;15;1;9;9643;3418279;70538;
1082;Midtjylland;2024-01-07;M;7;2;7;9645;3418286;70545;
1081;Nordjylland;2024-01-07;M;2;0;2;9645;3418288;70547;
1085;Sjælland;2024-01-07;M;3;1;3;9646;3418291;70550;
1083;Syddanmark;2024-01-07;M;11;1;9;9647;3418302;70559;
1084;Hovedstaden;2024-01-08;F;23;2;3;9649;3418325;70562;
1082;Midtjylland;2024-01-08;F;3;0;1;9649;3418328;70563;
1085;Sjælland;2024-01-08;F;7;0;2;9649;3418335;70565;
1083;Syddanmark;2024-01-08;F;5;1;2;9650;3418340;70567;
1084;Hovedstaden;2024-01-08;M;21;0;7;9650;3418361;70574;
1082;Midtjylland;2024-01-08;M;9;2;3;9652;3418370;70577;
1081;Nordjylland;2024-01-08;M;2;0;1;9652;3418372;70578;
1085;Sjælland;2024-01-08;M;9;0;3;9652;3418381;70581;
1083;Syddanmark;2024-01-08;M;4;1;3;9653;3418385;70584;
1084;Hovedstaden;2024-01-09;F;20;1;5;9654;3418405;70589;
1082;Midtjylland;2024-01-09;F;4;0;3;9654;3418409;70592;
1081;Nordjylland;2024-01-09;F;2;0;2;9654;3418411;70594;
1085;Sjælland;2024-01-09;F;8;0;2;9654;3418419;70596;
1083;Syddanmark;2024-01-09;F;5;0;0;9654;3418424;70596;
1084;Hovedstaden;2024-01-09;M;14;1;4;9655;3418438;70600;
1082;Midtjylland;2024-01-09;M;4;0;3;9655;3418442;70603;
1081;Nordjylland;2024-01-09;M;3;0;2;9655;3418445;70605;
1085;Sjælland;2024-01-09;M;3;0;0;9655;3418448;70605;
1083;Syddanmark;2024-01-09;M;7;0;2;9655;3418455;70607;
1084;Hovedstaden;2024-01-10;F;18;0;2;9655;3418473;70609;
1082;Midtjylland;2024-01-10;F;4;0;2;9655;3418477;70611;
1081;Nordjylland;2024-01-10;F;4;0;3;9655;3418481;70614;
1083;Syddanmark;2024-01-10;F;8;1;3;9656;3418489;70617;
1084;Hovedstaden;2024-01-10;M;12;0;3;9656;3418501;70620;
1082;Midtjylland;2024-01-10;M;3;1;2;9657;3418504;70622;
1081;Nordjylland;2024-01-10;M;2;0;1;9657;3418506;70623;
1085;Sjælland;2024-01-10;M;5;0;0;9657;3418511;70623;
1083;Syddanmark;2024-01-10;M;3;1;2;9658;3418514;70625;
1084;Hovedstaden;2024-01-11;F;16;1;5;9659;3418530;70630;
1082;Midtjylland;2024-01-11;F;5;1;3;9660;3418535;70633;
1081;Nordjylland;2024-01-11;F;3;1;1;9661;3418538;70634;
1085;Sjælland;2024-01-11;F;6;0;1;9661;3418544;70635;
1083;Syddanmark;2024-01-11;F;4;0;2;9661;3418548;70637;
1084;Hovedstaden;2024-01-11;M;14;0;4;9661;3418562;70641;
1082;Midtjylland;2024-01-11;M;5;1;3;9662;3418567;70644;
1081;Nordjylland;2024-01-11;M;1;0;0;9662;3418568;70644;
1085;Sjælland;2024-01-11;M;4;0;2;9662;3418572;70646;
1083;Syddanmark;2024-01-11;M;7;0;5;9662;3418579;70651;
1084;Hovedstaden;2024-01-12;F;9;0;1;9662;3418588;70652;
1082;Midtjylland;2024-01-12;F;4;2;4;9664;3418592;70656;
1085;Sjælland;2024-01-12;F;8;2;5;9666;3418600;70661;
1083;Syddanmark;2024-01-12;F;3;0;3;9666;3418603;70664;
1084;Hovedstaden;2024-01-12;M;11;0;5;9666;3418614;70669;
1082;Midtjylland;2024-01-12;M;1;0;0;9666;3418615;70669;
1081;Nordjylland;2024-01-12;M;3;1;1;9667;3418618;70670;
1085;Sjælland;2024-01-12;M;3;0;0;9667;3418621;70670;
1083;Syddanmark;2024-01-12;M;7;0;5;9667;3418628;70675;
1084;Hovedstaden;2024-01-13;F;6;2;3;9669;3418634;70678;
1082;Midtjylland;2024-01-13;F;4;1;2;9670;3418638;70680;
1085;Sjælland;2024-01-13;F;1;0;1;9670;3418639;70681;
1083;Syddanmark;2024-01-13;F;3;0;2;9670;3418642;70683;
1084;Hovedstaden;2024-01-13;M;4;2;3;9672;3418646;70686;
1082;Midtjylland;2024-01-13;M;2;0;1;9672;3418648;70687;
1081;Nordjylland;2024-01-13;M;1;0;1;9672;3418649;70688;
1085;Sjælland;2024-01-13;M;1;0;0;9672;3418650;70688;
1083;Syddanmark;2024-01-13;M;5;0;4;9672;3418655;70692;
1084;Hovedstaden;2024-01-14;F;5;1;4;9673;3418660;70696;
1082;Midtjylland;2024-01-14;F;3;0;2;9673;3418663;70698;
1085;Sjælland;2024-01-14;F;4;1;2;9674;3418667;70700;
1083;Syddanmark;2024-01-14;F;2;1;2;9675;3418669;70702;
1084;Hovedstaden;2024-01-14;M;7;1;2;9676;3418676;70704;
1082;Midtjylland;2024-01-14;M;4;0;3;9676;3418680;70707;
1081;Nordjylland;2024-01-14;M;1;0;1;9676;3418681;70708;
1085;Sjælland;2024-01-14;M;2;1;1;9677;3418683;70709;
1083;Syddanmark;2024-01-14;M;6;0;6;9677;3418689;70715;
1084;Hovedstaden;2024-01-15;F;17;1;5;9678;3418706;70720;
1082;Midtjylland;2024-01-15;F;5;0;4;9678;3418711;70724;
1081;Nordjylland;2024-01-15;F;2;1;1;9679;3418713;70725;
1085;Sjælland;2024-01-15;F;9;1;3;9680;3418722;70728;
1083;Syddanmark;2024-01-15;F;5;0;4;9680;3418727;70732;
1084;Hovedstaden;2024-01-15;M;16;1;4;9681;3418743;70736;
1082;Midtjylland;2024-01-15;M;9;1;4;9682;3418752;70740;
1085;Sjælland;2024-01-15;M;4;0;1;9682;3418756;70741;
1083;Syddanmark;2024-01-15;M;4;0;3;9682;3418760;70744;
1084;Hovedstaden;2024-01-16;F;12;0;1;9682;3418772;70745;
1082;Midtjylland;2024-01-16;F;1;0;0;9682;3418773;70745;
1081;Nordjylland;2024-01-16;F;2;1;2;9683;3418775;70747;
1085;Sjælland;2024-01-16;F;4;0;1;9683;3418779;70748;
1083;Syddanmark;2024-01-16;F;4;1;2;9684;3418783;70750;
1084;Hovedstaden;2024-01-16;M;5;0;2;9684;3418788;70752;
1082;Midtjylland;2024-01-16;M;7;1;3;9685;3418795;70755;
1081;Nordjylland;2024-01-16;M;1;0;1;9685;3418796;70756;
1085;Sjælland;2024-01-16;M;5;0;0;9685;3418801;70756;
1083;Syddanmark;2024-01-16;M;3;0;1;9685;3418804;70757;
1084;Hovedstaden;2024-01-17;F;13;1;4;9686;3418817;70761;
1082;Midtjylland;2024-01-17;F;4;0;2;9686;3418821;70763;
1085;Sjælland;2024-01-17;F;6;0;5;9686;3418827;70768;
1083;Syddanmark;2024-01-17;F;2;0;1;9686;3418829;70769;
1084;Hovedstaden;2024-01-17;M;7;0;0;9686;3418836;70769;
1082;Midtjylland;2024-01-17;M;9;1;7;9687;3418845;70776;
1081;Nordjylland;2024-01-17;M;2;0;2;9687;3418847;70778;
1085;Sjælland;2024-01-17;M;7;0;2;9687;3418854;70780;
1083;Syddanmark;2024-01-17;M;4;0;3;9687;3418858;70783;
1084;Hovedstaden;2024-01-18;F;11;0;2;9687;3418869;70785;
1082;Midtjylland;2024-01-18;F;2;0;0;9687;3418871;70785;
1081;Nordjylland;2024-01-18;F;1;0;1;9687;3418872;70786;
1085;Sjælland;2024-01-18;F;8;0;6;9687;3418880;70792;
1083;Syddanmark;2024-01-18;F;6;1;2;9688;3418886;70794;
1084;Hovedstaden;2024-01-18;M;9;2;3;9690;3418895;70797;
1082;Midtjylland;2024-01-18;M;3;0;2;9690;3418898;70799;
1081;Nordjylland;2024-01-18;M;3;0;2;9690;3418901;70801;
1085;Sjælland;2024-01-18;M;5;2;2;9692;3418906;70803;
1083;Syddanmark;2024-01-18;M;2;0;2;9692;3418908;70805;
1084;Hovedstaden;2024-01-19;F;9;0;2;9692;3418917;70807;
1082;Midtjylland;2024-01-19;F;1;0;1;9692;3418918;70808;
1081;Nordjylland;2024-01-19;F;1;0;1;9692;3418919;70809;
1085;Sjælland;2024-01-19;F;5;0;1;9692;3418924;70810;
1083;Syddanmark;2024-01-19;F;4;0;1;9692;3418928;70811;
1084;Hovedstaden;2024-01-19;M;13;0;5;9692;3418941;70816;
1082;Midtjylland;2024-01-19;M;2;1;2;9693;3418943;70818;
1081;Nordjylland;2024-01-19;M;1;0;1;9693;3418944;70819;
1085;Sjælland;2024-01-19;M;2;0;1;9693;3418946;70820;
1083;Syddanmark;2024-01-19;M;6;1;5;9694;3418952;70825;
1084;Hovedstaden;2024-01-20;F;5;1;3;9695;3418957;70828;
1082;Midtjylland;2024-01-20;F;2;0;1;9695;3418959;70829;
1081;Nordjylland;2024-01-20;F;2;0;2;9695;3418961;70831;
1085;Sjælland;2024-01-20;F;1;1;1;9696;3418962;70832;
1083;Syddanmark;2024-01-20;F;4;0;3;9696;3418966;70835;
1084;Hovedstaden;2024-01-20;M;6;1;4;9697;3418972;70839;
1082;Midtjylland;2024-01-20;M;4;0;2;9697;3418976;70841;
1085;Sjælland;2024-01-20;M;1;0;1;9697;3418977;70842;
1083;Syddanmark;2024-01-20;M;1;0;0;9697;3418978;70842;
1084;Hovedstaden;2024-01-21;F;6;0;1;9697;3418984;70843;
1082;Midtjylland;2024-01-21;F;1;0;1;9697;3418985;70844;
1081;Nordjylland;2024-01-21;F;1;0;1;9697;3418986;70845;
1085;Sjælland;2024-01-21;F;1;0;0;9697;3418987;70845;
1083;Syddanmark;2024-01-21;F;4;1;3;9698;3418991;70848;
1084;Hovedstaden;2024-01-21;M;5;1;4;9699;3418996;70852;
1082;Midtjylland;2024-01-21;M;2;0;1;9699;3418998;70853;
1081;Nordjylland;2024-01-21;M;2;0;2;9699;3419000;70855;
1083;Syddanmark;2024-01-21;M;5;1;4;9700;3419005;70859;
1084;Hovedstaden;2024-01-22;F;11;0;1;9700;3419016;70860;
1082;Midtjylland;2024-01-22;F;3;0;1;9700;3419019;70861;
1081;Nordjylland;2024-01-22;F;1;0;1;9700;3419020;70862;
1085;Sjælland;2024-01-22;F;4;0;1;9700;3419024;70863;
1083;Syddanmark;2024-01-22;F;5;0;4;9700;3419029;70867;
1084;Hovedstaden;2024-01-22;M;12;2;4;9702;3419041;70871;
1082;Midtjylland;2024-01-22;M;2;0;1;9702;3419043;70872;
1085;Sjælland;2024-01-22;M;3;0;2;9702;3419046;70874;
1083;Syddanmark;2024-01-22;M;2;0;1;9702;3419048;70875;
1084;Hovedstaden;2024-01-23;F;11;0;4;9702;3419059;70879;
1082;Midtjylland;2024-01-23;F;2;0;1;9702;3419061;70880;
1081;Nordjylland;2024-01-23;F;1;0;1;9702;3419062;70881;
1085;Sjælland;2024-01-23;F;2;0;0;9702;3419064;70881;
1083;Syddanmark;2024-01-23;F;5;0;3;9702;3419069;70884;
1084;Hovedstaden;2024-01-23;M;6;0;1;9702;3419075;70885;
1082;Midtjylland;2024-01-23;M;2;0;1;9702;3419077;70886;
1081;Nordjylland;2024-01-23;M;3;0;2;9702;3419080;70888;
1085;Sjælland;2024-01-23;M;3;1;2;9703;3419083;70890;
1083;Syddanmark;2024-01-23;M;4;2;2;9705;3419087;70892;
1084;Hovedstaden;2024-01-24;F;5;0;1;9705;3419092;70893;
1082;Midtjylland;2024-01-24;F;1;0;0;9705;3419093;70893;
1085;Sjælland;2024-01-24;F;3;0;2;9705;3419096;70895;
1083;Syddanmark;2024-01-24;F;4;0;3;9705;3419100;70898;
1084;Hovedstaden;2024-01-24;M;6;1;6;9706;3419106;70904;
1082;Midtjylland;2024-01-24;M;5;1;3;9707;3419111;70907;
1081;Nordjylland;2024-01-24;M;3;1;3;9708;3419114;70910;
1085;Sjælland;2024-01-24;M;4;0;1;9708;3419118;70911;
1083;Syddanmark;2024-01-24;M;4;0;1;9708;3419122;70912;
1084;Hovedstaden;2024-01-25;F;10;0;2;9708;3419132;70914;
1082;Midtjylland;2024-01-25;F;2;0;0;9708;3419134;70914;
1081;Nordjylland;2024-01-25;F;1;0;1;9708;3419135;70915;
1085;Sjælland;2024-01-25;F;4;0;1;9708;3419139;70916;
1083;Syddanmark;2024-01-25;F;4;0;2;9708;3419143;70918;
1084;Hovedstaden;2024-01-25;M;6;0;2;9708;3419149;70920;
1082;Midtjylland;2024-01-25;M;3;0;2;9708;3419152;70922;
1081;Nordjylland;2024-01-25;M;1;0;1;9708;3419153;70923;
1085;Sjælland;2024-01-25;M;5;1;2;9709;3419158;70925;
1084;Hovedstaden;2024-01-26;F;11;0;3;9709;3419169;70928;
1082;Midtjylland;2024-01-26;F;4;0;1;9709;3419173;70929;
1085;Sjælland;2024-01-26;F;3;0;2;9709;3419176;70931;
1083;Syddanmark;2024-01-26;F;5;0;2;9709;3419181;70933;
1084;Hovedstaden;2024-01-26;M;7;1;2;9710;3419188;70935;
1082;Midtjylland;2024-01-26;M;3;0;2;9710;3419191;70937;
1081;Nordjylland;2024-01-26;M;1;0;1;9710;3419192;70938;
1085;Sjælland;2024-01-26;M;2;1;1;9711;3419194;70939;
1083;Syddanmark;2024-01-26;M;4;0;3;9711;3419198;70942;
1084;Hovedstaden;2024-01-27;F;1;0;1;9711;3419199;70943;
1081;Nordjylland;2024-01-27;F;1;0;0;9711;3419200;70943;
1084;Hovedstaden;2024-01-27;M;2;1;2;9712;3419202;70945;
1085;Sjælland;2024-01-27;M;3;0;2;9712;3419205;70947;
1084;Hovedstaden;2024-01-28;F;3;1;2;9713;3419208;70949;
1082;Midtjylland;2024-01-28;F;2;0;2;9713;3419210;70951;
1081;Nordjylland;2024-01-28;F;1;0;0;9713;3419211;70951;
1085;Sjælland;2024-01-28;F;3;1;3;9714;3419214;70954;
1083;Syddanmark;2024-01-28;F;1;1;1;9715;3419215;70955;
1084;Hovedstaden;2024-01-28;M;1;1;1;9716;3419216;70956;
1082;Midtjylland;2024-01-28;M;1;0;1;9716;3419217;70957;
1081;Nordjylland;2024-01-28;M;1;0;0;9716;3419218;70957;
1083;Syddanmark;2024-01-28;M;1;1;1;9717;3419219;70958;
1084;Hovedstaden;2024-01-29;F;8;0;1;9717;3419227;70959;
1082;Midtjylland;2024-01-29;F;4;1;3;9718;3419231;70962;
1085;Sjælland;2024-01-29;F;5;0;0;9718;3419236;70962;
1083;Syddanmark;2024-01-29;F;3;0;1;9718;3419239;70963;
1084;Hovedstaden;2024-01-29;M;2;1;2;9719;3419241;70965;
1082;Midtjylland;2024-01-29;M;1;0;0;9719;3419242;70965;
1081;Nordjylland;2024-01-29;M;1;0;0;9719;3419243;70965;
1085;Sjælland;2024-01-29;M;3;0;1;9719;3419246;70966;
1083;Syddanmark;2024-01-29;M;4;0;2;9719;3419250;70968;
1084;Hovedstaden;2024-01-30;F;6;0;2;9719;3419256;70970;
1082;Midtjylland;2024-01-30;F;3;0;2;9719;3419259;70972;
1081;Nordjylland;2024-01-30;F;1;0;0;9719;3419260;70972;
1085;Sjælland;2024-01-30;F;2;0;0;9719;3419262;70972;
1083;Syddanmark;2024-01-30;F;3;0;0;9719;3419265;70972;
1084;Hovedstaden;2024-01-30;M;4;0;2;9719;3419269;70974;
1082;Midtjylland;2024-01-30;M;5;0;2;9719;3419274;70976;
1081;Nordjylland;2024-01-30;M;2;0;0;9719;3419276;70976;
1085;Sjælland;2024-01-30;M;3;0;2;9719;3419279;70978;
1083;Syddanmark;2024-01-30;M;2;0;1;9719;3419281;70979;
1084;Hovedstaden;2024-01-31;F;1;0;0;9719;3419282;70979;
1082;Midtjylland;2024-01-31;F;3;0;1;9719;3419285;70980;
1081;Nordjylland;2024-01-31;F;3;0;0;9719;3419288;70980;
1085;Sjælland;2024-01-31;F;2;0;1;9719;3419290;70981;
1083;Syddanmark;2024-01-31;F;3;0;1;9719;3419293;70982;
1084;Hovedstaden;2024-01-31;M;8;0;1;9719;3419301;70983;
1082;Midtjylland;2024-01-31;M;3;0;3;9719;3419304;70986;
1081;Nordjylland;2024-01-31;M;2;1;2;9720;3419306;70988;
1083;Syddanmark;2024-01-31;M;1;0;1;9720;3419307;70989;
1084;Hovedstaden;2024-02-01;F;8;0;1;9720;3419315;70990;
1082;Midtjylland;2024-02-01;F;2;0;0;9720;3419317;70990;
1081;Nordjylland;2024-02-01;F;1;0;0;9720;3419318;70990;
1085;Sjælland;2024-02-01;F;3;0;2;9720;3419321;70992;
1083;Syddanmark;2024-02-01;F;2;0;1;9720;3419323;70993;
1084;Hovedstaden;2024-02-01;M;9;0;3;9720;3419332;70996;
1082;Midtjylland;2024-02-01;M;1;0;0;9720;3419333;70996;
1085;Sjælland;2024-02-01;M;1;0;1;9720;3419334;70997;
1083;Syddanmark;2024-02-01;M;3;0;2;9720;3419337;70999;
1084;Hovedstaden;2024-02-02;F;7;0;3;9720;3419344;71002;
1082;Midtjylland;2024-02-02;F;2;0;1;9720;3419346;71003;
1085;Sjælland;2024-02-02;F;1;0;1;9720;3419347;71004;
1083;Syddanmark;2024-02-02;F;1;0;0;9720;3419348;71004;
1084;Hovedstaden;2024-02-02;M;6;0;0;9720;3419354;71004;
1081;Nordjylland;2024-02-02;M;1;0;1;9720;3419355;71005;
1083;Syddanmark;2024-02-02;M;5;2;4;9722;3419360;71009;
1084;Hovedstaden;2024-02-03;F;5;0;3;9722;3419365;71012;
1082;Midtjylland;2024-02-03;F;2;0;0;9722;3419367;71012;
1081;Nordjylland;2024-02-03;F;1;0;0;9722;3419368;71012;
1083;Syddanmark;2024-02-03;F;2;0;1;9722;3419370;71013;
1082;Midtjylland;2024-02-03;M;1;0;0;9722;3419371;71013;
1081;Nordjylland;2024-02-03;M;2;1;0;9723;3419373;71013;
1084;Hovedstaden;2024-02-04;F;2;0;2;9723;3419375;71015;
1082;Midtjylland;2024-02-04;F;1;0;1;9723;3419376;71016;
1081;Nordjylland;2024-02-04;F;1;0;1;9723;3419377;71017;
1083;Syddanmark;2024-02-04;F;2;0;1;9723;3419379;71018;
1084;Hovedstaden;2024-02-04;M;2;0;1;9723;3419381;71019;
1082;Midtjylland;2024-02-04;M;1;0;1;9723;3419382;71020;
1085;Sjælland;2024-02-04;M;2;0;2;9723;3419384;71022;
1083;Syddanmark;2024-02-04;M;3;0;2;9723;3419387;71024;
1084;Hovedstaden;2024-02-05;F;10;0;3;9723;3419397;71027;
1082;Midtjylland;2024-02-05;F;2;0;1;9723;3419399;71028;
1081;Nordjylland;2024-02-05;F;1;0;1;9723;3419400;71029;
1085;Sjælland;2024-02-05;F;1;0;1;9723;3419401;71030;
1083;Syddanmark;2024-02-05;F;1;0;0;9723;3419402;71030;
1084;Hovedstaden;2024-02-05;M;7;0;1;9723;3419409;71031;
1082;Midtjylland;2024-02-05;M;2;0;1;9723;3419411;71032;
1081;Nordjylland;2024-02-05;M;1;0;1;9723;3419412;71033;
1083;Syddanmark;2024-02-05;M;3;1;2;9724;3419415;71035;
1084;Hovedstaden;2024-02-06;F;2;0;0;9724;3419417;71035;
1082;Midtjylland;2024-02-06;F;2;1;2;9725;3419419;71037;
1085;Sjælland;2024-02-06;F;1;0;0;9725;3419420;71037;
1083;Syddanmark;2024-02-06;F;1;0;1;9725;3419421;71038;
1084;Hovedstaden;2024-02-06;M;3;0;1;9725;3419424;71039;
1082;Midtjylland;2024-02-06;M;4;0;3;9725;3419428;71042;
1085;Sjælland;2024-02-06;M;1;0;0;9725;3419429;71042;
1083;Syddanmark;2024-02-06;M;3;1;1;9726;3419432;71043;
1084;Hovedstaden;2024-02-07;F;4;1;3;9727;3419436;71046;
1085;Sjælland;2024-02-07;F;2;0;1;9727;3419438;71047;
1083;Syddanmark;2024-02-07;F;1;0;1;9727;3419439;71048;
1084;Hovedstaden;2024-02-07;M;2;0;1;9727;3419441;71049;
1082;Midtjylland;2024-02-07;M;1;0;1;9727;3419442;71050;
1083;Syddanmark;2024-02-07;M;1;0;0;9727;3419443;71050;
1084;Hovedstaden;2024-02-08;F;5;0;1;9727;3419448;71051;
1082;Midtjylland;2024-02-08;F;2;0;1;9727;3419450;71052;
1085;Sjælland;2024-02-08;F;1;0;1;9727;3419451;71053;
1083;Syddanmark;2024-02-08;F;1;0;1;9727;3419452;71054;
1084;Hovedstaden;2024-02-08;M;4;0;1;9727;3419456;71055;
1082;Midtjylland;2024-02-08;M;1;0;0;9727;3419457;71055;
1081;Nordjylland;2024-02-08;M;3;1;2;9728;3419460;71057;
1085;Sjælland;2024-02-08;M;2;1;2;9729;3419462;71059;
1083;Syddanmark;2024-02-08;M;5;1;2;9730;3419467;71061;
1084;Hovedstaden;2024-02-09;F;4;0;1;9730;3419471;71062;
1082;Midtjylland;2024-02-09;F;3;0;0;9730;3419474;71062;
1083;Syddanmark;2024-02-09;F;1;0;1;9730;3419475;71063;
1084;Hovedstaden;2024-02-09;M;5;0;2;9730;3419480;71065;
1082;Midtjylland;2024-02-09;M;1;0;0;9730;3419481;71065;
1081;Nordjylland;2024-02-09;M;1;1;1;9731;3419482;71066;
1085;Sjælland;2024-02-09;M;1;0;1;9731;3419483;71067;
1083;Syddanmark;2024-02-09;M;3;1;1;9732;3419486;71068;
1084;Hovedstaden;2024-02-10;F;1;0;1;9732;3419487;71069;
1082;Midtjylland;2024-02-10;F;2;1;2;9733;3419489;71071;
1085;Sjælland;2024-02-10;F;3;1;2;9734;3419492;71073;
1084;Hovedstaden;2024-02-10;M;2;1;2;9735;3419494;71075;
1081;Nordjylland;2024-02-10;M;1;1;1;9736;3419495;71076;
1083;Syddanmark;2024-02-10;M;1;0;1;9736;3419496;71077;
1084;Hovedstaden;2024-02-11;F;1;0;1;9736;3419497;71078;
1082;Midtjylland;2024-02-11;F;2;0;1;9736;3419499;71079;
1083;Syddanmark;2024-02-11;F;3;1;1;9737;3419502;71080;
1084;Hovedstaden;2024-02-11;M;3;0;3;9737;3419505;71083;
1082;Midtjylland;2024-02-11;M;3;0;2;9737;3419508;71085;
1081;Nordjylland;2024-02-11;M;1;0;0;9737;3419509;71085;
1085;Sjælland;2024-02-11;M;2;0;1;9737;3419511;71086;
1083;Syddanmark;2024-02-11;M;2;1;2;9738;3419513;71088;
1084;Hovedstaden;2024-02-12;F;9;0;2;9738;3419522;71090;
1081;Nordjylland;2024-02-12;F;1;0;1;9738;3419523;71091;
1085;Sjælland;2024-02-12;F;4;0;2;9738;3419527;71093;
1083;Syddanmark;2024-02-12;F;3;1;1;9739;3419530;71094;
1084;Hovedstaden;2024-02-12;M;3;0;2;9739;3419533;71096;
1081;Nordjylland;2024-02-12;M;2;0;2;9739;3419535;71098;
1085;Sjælland;2024-02-12;M;2;0;1;9739;3419537;71099;
1083;Syddanmark;2024-02-12;M;3;0;1;9739;3419540;71100;
1084;Hovedstaden;2024-02-13;F;5;0;1;9739;3419545;71101;
1082;Midtjylland;2024-02-13;F;1;0;0;9739;3419546;71101;
1081;Nordjylland;2024-02-13;F;1;0;1;9739;3419547;71102;
1083;Syddanmark;2024-02-13;F;1;1;1;9740;3419548;71103;
1084;Hovedstaden;2024-02-13;M;2;0;0;9740;3419550;71103;
1082;Midtjylland;2024-02-13;M;2;0;1;9740;3419552;71104;
1085;Sjælland;2024-02-13;M;5;0;4;9740;3419557;71108;
1083;Syddanmark;2024-02-13;M;3;1;2;9741;3419560;71110;
1084;Hovedstaden;2024-02-14;F;3;0;0;9741;3419563;71110;
1082;Midtjylland;2024-02-14;F;1;0;0;9741;3419564;71110;
1081;Nordjylland;2024-02-14;F;3;0;3;9741;3419567;71113;
1085;Sjælland;2024-02-14;F;3;1;1;9742;3419570;71114;
1083;Syddanmark;2024-02-14;F;6;0;5;9742;3419576;71119;
1084;Hovedstaden;2024-02-14;M;4;1;2;9743;3419580;71121;
1082;Midtjylland;2024-02-14;M;3;0;3;9743;3419583;71124;
1085;Sjælland;2024-02-14;M;2;0;1;9743;3419585;71125;
1083;Syddanmark;2024-02-14;M;4;0;3;9743;3419589;71128;
1084;Hovedstaden;2024-02-15;F;3;0;1;9743;3419592;71129;
1082;Midtjylland;2024-02-15;F;1;0;1;9743;3419593;71130;
1085;Sjælland;2024-02-15;F;1;0;1;9743;3419594;71131;
1084;Hovedstaden;2024-02-15;M;2;0;1;9743;3419596;71132;
1082;Midtjylland;2024-02-15;M;3;0;3;9743;3419599;71135;
1085;Sjælland;2024-02-15;M;1;0;1;9743;3419600;71136;
1083;Syddanmark;2024-02-15;M;1;1;1;9744;3419601;71137;
1084;Hovedstaden;2024-02-16;F;5;1;3;9745;3419606;71140;
1082;Midtjylland;2024-02-16;F;1;0;0;9745;3419607;71140;
1085;Sjælland;2024-02-16;F;1;0;0;9745;3419608;71140;
1084;Hovedstaden;2024-02-16;M;3;0;1;9745;3419611;71141;
1082;Midtjylland;2024-02-16;M;2;0;2;9745;3419613;71143;
1085;Sjælland;2024-02-16;M;1;0;1;9745;3419614;71144;
1084;Hovedstaden;2024-02-17;F;3;0;0;9745;3419617;71144;
1082;Midtjylland;2024-02-17;F;1;0;0;9745;3419618;71144;
1081;Nordjylland;2024-02-17;F;1;1;1;9746;3419619;71145;
1083;Syddanmark;2024-02-17;F;1;0;1;9746;3419620;71146;
1084;Hovedstaden;2024-02-17;M;1;0;1;9746;3419621;71147;
1082;Midtjylland;2024-02-17;M;1;0;1;9746;3419622;71148;
1085;Sjælland;2024-02-17;M;1;0;1;9746;3419623;71149;
1084;Hovedstaden;2024-02-18;F;2;0;2;9746;3419625;71151;
1085;Sjælland;2024-02-18;F;1;0;1;9746;3419626;71152;
1083;Syddanmark;2024-02-18;F;1;0;1;9746;3419627;71153;
1084;Hovedstaden;2024-02-18;M;2;0;2;9746;3419629;71155;
1082;Midtjylland;2024-02-18;M;1;0;1;9746;3419630;71156;
1085;Sjælland;2024-02-18;M;1;0;1;9746;3419631;71157;
1084;Hovedstaden;2024-02-19;F;3;0;1;9746;3419634;71158;
1081;Nordjylland;2024-02-19;F;1;0;0;9746;3419635;71158;
1083;Syddanmark;2024-02-19;F;1;1;1;9747;3419636;71159;
1084;Hovedstaden;2024-02-19;M;3;1;2;9748;3419639;71161;
1082;Midtjylland;2024-02-19;M;2;0;2;9748;3419641;71163;
1081;Nordjylland;2024-02-19;M;1;0;1;9748;3419642;71164;
1085;Sjælland;2024-02-19;M;1;0;0;9748;3419643;71164;
1083;Syddanmark;2024-02-19;M;3;1;3;9749;3419646;71167;
1084;Hovedstaden;2024-02-20;F;6;0;4;9749;3419652;71171;
1082;Midtjylland;2024-02-20;F;1;0;1;9749;3419653;71172;
1085;Sjælland;2024-02-20;F;3;0;0;9749;3419656;71172;
1084;Hovedstaden;2024-02-20;M;8;0;3;9749;3419664;71175;
1082;Midtjylland;2024-02-20;M;2;0;1;9749;3419666;71176;
1083;Syddanmark;2024-02-20;M;2;0;1;9749;3419668;71177;
1084;Hovedstaden;2024-02-21;F;4;0;2;9749;3419672;71179;
1082;Midtjylland;2024-02-21;F;1;0;1;9749;3419673;71180;
1081;Nordjylland;2024-02-21;F;1;0;1;9749;3419674;71181;
1083;Syddanmark;2024-02-21;F;1;1;1;9750;3419675;71182;
1084;Hovedstaden;2024-02-21;M;2;0;0;9750;3419677;71182;
1082;Midtjylland;2024-02-21;M;1;0;1;9750;3419678;71183;
1081;Nordjylland;2024-02-21;M;1;0;0;9750;3419679;71183;
1085;Sjælland;2024-02-21;M;2;0;1;9750;3419681;71184;
1083;Syddanmark;2024-02-21;M;1;0;0;9750;3419682;71184;
1084;Hovedstaden;2024-02-22;F;2;0;0;9750;3419684;71184;
1085;Sjælland;2024-02-22;F;4;0;1;9750;3419688;71185;
1084;Hovedstaden;2024-02-22;M;1;0;1;9750;3419689;71186;
1082;Midtjylland;2024-02-22;M;2;0;1;9750;3419691;71187;
1081;Nordjylland;2024-02-22;M;1;0;0;9750;3419692;71187;
1085;Sjælland;2024-02-22;M;1;0;1;9750;3419693;71188;
1084;Hovedstaden;2024-02-23;F;6;1;4;9751;3419699;71192;
1082;Midtjylland;2024-02-23;F;2;0;1;9751;3419701;71193;
1081;Nordjylland;2024-02-23;F;1;0;0;9751;3419702;71193;
1085;Sjælland;2024-02-23;F;1;0;0;9751;3419703;71193;
1084;Hovedstaden;2024-02-23;M;1;1;1;9752;3419704;71194;
1082;Midtjylland;2024-02-24;F;1;0;1;9752;3419705;71195;
1085;Sjælland;2024-02-24;F;1;0;1;9752;3419706;71196;
1084;Hovedstaden;2024-02-24;M;5;0;2;9752;3419711;71198;
1081;Nordjylland;2024-02-24;M;1;0;1;9752;3419712;71199;
1085;Sjælland;2024-02-24;M;1;0;1;9752;3419713;71200;
1083;Syddanmark;2024-02-24;M;1;0;1;9752;3419714;71201;
1084;Hovedstaden;2024-02-25;F;4;1;3;9753;3419718;71204;
1082;Midtjylland;2024-02-25;F;1;0;1;9753;3419719;71205;
1085;Sjælland;2024-02-25;F;1;0;1;9753;3419720;71206;
1082;Midtjylland;2024-02-25;M;1;0;0;9753;3419721;71206;
1084;Hovedstaden;2024-02-26;F;5;0;2;9753;3419726;71208;
1082;Midtjylland;2024-02-26;F;1;0;1;9753;3419727;71209;
1081;Nordjylland;2024-02-26;F;2;0;2;9753;3419729;71211;
1084;Hovedstaden;2024-02-26;M;3;0;1;9753;3419732;71212;
1082;Midtjylland;2024-02-26;M;1;0;0;9753;3419733;71212;
1081;Nordjylland;2024-02-26;M;1;0;1;9753;3419734;71213;
1083;Syddanmark;2024-02-26;M;2;0;1;9753;3419736;71214;
1084;Hovedstaden;2024-02-27;F;5;0;0;9753;3419741;71214;
1085;Sjælland;2024-02-27;F;1;0;1;9753;3419742;71215;
1083;Syddanmark;2024-02-27;F;1;0;0;9753;3419743;71215;
1084;Hovedstaden;2024-02-27;M;6;0;1;9753;3419749;71216;
1085;Sjælland;2024-02-27;M;4;1;2;9754;3419753;71218;
1083;Syddanmark;2024-02-27;M;1;0;1;9754;3419754;71219;
1084;Hovedstaden;2024-02-28;F;4;0;1;9754;3419758;71220;
1082;Midtjylland;2024-02-28;F;4;0;2;9754;3419762;71222;
1084;Hovedstaden;2024-02-28;M;3;0;0;9754;3419765;71222;
1081;Nordjylland;2024-02-28;M;1;0;1;9754;3419766;71223;
1085;Sjælland;2024-02-28;M;1;0;1;9754;3419767;71224;
1083;Syddanmark;2024-02-28;M;3;0;1;9754;3419770;71225;
1081;Nordjylland;2024-02-29;F;1;0;1;9754;3419771;71226;
1085;Sjælland;2024-02-29;F;1;0;0;9754;3419772;71226;
1083;Syddanmark;2024-02-29;F;2;0;1;9754;3419774;71227;
1084;Hovedstaden;2024-02-29;M;3;0;3;9754;3419777;71230;
1082;Midtjylland;2024-02-29;M;1;0;1;9754;3419778;71231;
1081;Nordjylland;2024-02-29;M;1;0;1;9754;3419779;71232;
1085;Sjælland;2024-02-29;M;1;0;0;9754;3419780;71232;
1083;Syddanmark;2024-02-29;M;1;0;1;9754;3419781;71233;
1084;Hovedstaden;2024-03-01;F;2;0;0;9754;3419783;71233;
1082;Midtjylland;2024-03-01;F;1;0;0;9754;3419784;71233;
1081;Nordjylland;2024-03-01;F;2;0;2;9754;3419786;71235;
1085;Sjælland;2024-03-01;F;4;0;1;9754;3419790;71236;
1083;Syddanmark;2024-03-01;F;1;1;1;9755;3419791;71237;
1084;Hovedstaden;2024-03-01;M;4;0;1;9755;3419795;71238;
1085;Sjælland;2024-03-01;M;2;0;1;9755;3419797;71239;
1083;Syddanmark;2024-03-01;M;1;0;0;9755;3419798;71239;
1085;Sjælland;2024-03-02;F;1;0;1;9755;3419799;71240;
1082;Midtjylland;2024-03-02;M;1;0;1;9755;3419800;71241;
1083;Syddanmark;2024-03-02;M;1;0;1;9755;3419801;71242;
1084;Hovedstaden;2024-03-03;F;2;1;1;9756;3419803;71243;
1082;Midtjylland;2024-03-03;F;1;0;0;9756;3419804;71243;
1084;Hovedstaden;2024-03-03;M;1;1;1;9757;3419805;71244;
1082;Midtjylland;2024-03-03;M;1;0;0;9757;3419806;71244;
1083;Syddanmark;2024-03-03;M;1;0;1;9757;3419807;71245;
1084;Hovedstaden;2024-03-04;F;2;0;1;9757;3419809;71246;
1082;Midtjylland;2024-03-04;F;2;0;1;9757;3419811;71247;
1083;Syddanmark;2024-03-04;F;1;0;1;9757;3419812;71248;
1084;Hovedstaden;2024-03-04;M;3;1;3;9758;3419815;71251;
1082;Midtjylland;2024-03-04;M;3;0;3;9758;3419818;71254;
1083;Syddanmark;2024-03-04;M;1;0;1;9758;3419819;71255;
1084;Hovedstaden;2024-03-05;F;1;1;0;9759;3419820;71255;
1082;Midtjylland;2024-03-05;F;1;0;0;9759;3419821;71255;
1085;Sjælland;2024-03-05;F;3;0;0;9759;3419824;71255;
1084;Hovedstaden;2024-03-05;M;1;0;1;9759;3419825;71256;
1082;Midtjylland;2024-03-05;M;1;0;1;9759;3419826;71257;
1081;Nordjylland;2024-03-05;M;1;0;1;9759;3419827;71258;
1083;Syddanmark;2024-03-05;M;2;1;2;9760;3419829;71260;
1084;Hovedstaden;2024-03-06;F;2;0;1;9760;3419831;71261;
1083;Syddanmark;2024-03-06;F;1;0;0;9760;3419832;71261;
1084;Hovedstaden;2024-03-06;M;5;0;4;9760;3419837;71265;
1082;Midtjylland;2024-03-06;M;2;0;1;9760;3419839;71266;
1085;Sjælland;2024-03-06;M;1;0;1;9760;3419840;71267;
1084;Hovedstaden;2024-03-07;F;3;0;0;9760;3419843;71267;
1085;Sjælland;2024-03-07;F;1;0;1;9760;3419844;71268;
1084;Hovedstaden;2024-03-07;M;2;0;1;9760;3419846;71269;
1083;Syddanmark;2024-03-07;M;1;0;1;9760;3419847;71270;
1084;Hovedstaden;2024-03-08;F;4;0;2;9760;3419851;71272;
1085;Sjælland;2024-03-08;F;1;0;0;9760;3419852;71272;
1084;Hovedstaden;2024-03-08;M;2;0;1;9760;3419854;71273;
1082;Midtjylland;2024-03-08;M;1;0;1;9760;3419855;71274;
1085;Sjælland;2024-03-08;M;1;0;1;9760;3419856;71275;
1084;Hovedstaden;2024-03-09;F;1;0;1;9760;3419857;71276;
1084;Hovedstaden;2024-03-09;M;3;0;2;9760;3419860;71278;
1083;Syddanmark;2024-03-09;M;1;1;1;9761;3419861;71279;
1082;Midtjylland;2024-03-10;F;1;0;0;9761;3419862;71279;
1083;Syddanmark;2024-03-10;F;1;0;1;9761;3419863;71280;
1084;Hovedstaden;2024-03-10;M;4;1;3;9762;3419867;71283;
1085;Sjælland;2024-03-10;M;2;0;2;9762;3419869;71285;
1084;Hovedstaden;2024-03-11;F;2;0;0;9762;3419871;71285;
1081;Nordjylland;2024-03-11;F;1;0;1;9762;3419872;71286;
1085;Sjælland;2024-03-11;F;4;0;3;9762;3419876;71289;
1084;Hovedstaden;2024-03-11;M;1;0;1;9762;3419877;71290;
1082;Midtjylland;2024-03-11;M;2;2;2;9764;3419879;71292;
1085;Sjælland;2024-03-11;M;1;0;0;9764;3419880;71292;
1083;Syddanmark;2024-03-11;M;1;0;1;9764;3419881;71293;
1084;Hovedstaden;2024-03-12;F;6;0;2;9764;3419887;71295;
1082;Midtjylland;2024-03-12;F;3;1;1;9765;3419890;71296;
1084;Hovedstaden;2024-03-12;M;3;0;1;9765;3419893;71297;
1083;Syddanmark;2024-03-12;M;1;0;1;9765;3419894;71298;
1084;Hovedstaden;2024-03-13;F;1;0;0;9765;3419895;71298;
1082;Midtjylland;2024-03-13;F;1;0;1;9765;3419896;71299;
1083;Syddanmark;2024-03-13;F;1;0;0;9765;3419897;71299;
1084;Hovedstaden;2024-03-13;M;1;0;1;9765;3419898;71300;
1084;Hovedstaden;2024-03-14;F;8;0;2;9765;3419906;71302;
1083;Syddanmark;2024-03-14;F;2;0;0;9765;3419908;71302;
1084;Hovedstaden;2024-03-14;M;2;0;1;9765;3419910;71303;
1083;Syddanmark;2024-03-14;M;3;0;3;9765;3419913;71306;
1082;Midtjylland;2024-03-15;F;1;0;1;9765;3419914;71307;
1085;Sjælland;2024-03-15;F;1;0;0;9765;3419915;71307;
1083;Syddanmark;2024-03-15;F;1;0;1;9765;3419916;71308;
1084;Hovedstaden;2024-03-15;M;2;0;0;9765;3419918;71308;
1082;Midtjylland;2024-03-15;M;2;0;1;9765;3419920;71309;
1083;Syddanmark;2024-03-15;M;1;0;0;9765;3419921;71309;
1081;Nordjylland;2024-03-16;F;2;0;1;9765;3419923;71310;
1083;Syddanmark;2024-03-16;F;1;0;1;9765;3419924;71311;
1083;Syddanmark;2024-03-16;M;1;0;1;9765;3419925;71312;
1084;Hovedstaden;2024-03-17;F;1;0;0;9765;3419926;71312;
1083;Syddanmark;2024-03-17;F;2;0;2;9765;3419928;71314;
1084;Hovedstaden;2024-03-17;M;2;0;0;9765;3419930;71314;
1085;Sjælland;2024-03-17;M;1;0;1;9765;3419931;71315;
1083;Syddanmark;2024-03-17;M;1;0;1;9765;3419932;71316;
1084;Hovedstaden;2024-03-18;F;2;0;1;9765;3419934;71317;
1084;Hovedstaden;2024-03-18;M;1;0;0;9765;3419935;71317;
1082;Midtjylland;2024-03-18;M;1;0;1;9765;3419936;71318;
1083;Syddanmark;2024-03-18;M;1;0;1;9765;3419937;71319;
1084;Hovedstaden;2024-03-19;F;3;0;1;9765;3419940;71320;
1082;Midtjylland;2024-03-19;F;1;0;1;9765;3419941;71321;
1085;Sjælland;2024-03-19;F;1;0;0;9765;3419942;71321;
1083;Syddanmark;2024-03-19;F;3;0;1;9765;3419945;71322;
1084;Hovedstaden;2024-03-19;M;2;0;0;9765;3419947;71322;
1082;Midtjylland;2024-03-19;M;3;0;2;9765;3419950;71324;
1085;Sjælland;2024-03-19;M;1;0;1;9765;3419951;71325;
1084;Hovedstaden;2024-03-20;F;4;0;1;9765;3419955;71326;
1082;Midtjylland;2024-03-20;F;2;0;2;9765;3419957;71328;
1084;Hovedstaden;2024-03-20;M;8;1;5;9766;3419965;71333;
1083;Syddanmark;2024-03-20;M;1;1;1;9767;3419966;71334;
1084;Hovedstaden;2024-03-21;F;1;1;1;9768;3419967;71335;
1085;Sjælland;2024-03-21;F;1;0;1;9768;3419968;71336;
1084;Hovedstaden;2024-03-21;M;3;0;2;9768;3419971;71338;
1082;Midtjylland;2024-03-21;M;1;0;1;9768;3419972;71339;
1085;Sjælland;2024-03-21;M;1;0;1;9768;3419973;71340;
1084;Hovedstaden;2024-03-22;F;2;0;0;9768;3419975;71340;
1082;Midtjylland;2024-03-22;F;2;0;0;9768;3419977;71340;
1081;Nordjylland;2024-03-22;F;1;1;1;9769;3419978;71341;
1083;Syddanmark;2024-03-22;F;1;0;0;9769;3419979;71341;
1084;Hovedstaden;2024-03-22;M;5;0;3;9769;3419984;71344;
1082;Midtjylland;2024-03-22;M;1;0;1;9769;3419985;71345;
1085;Sjælland;2024-03-22;M;1;0;0;9769;3419986;71345;
1082;Midtjylland;2024-03-23;F;1;0;1;9769;3419987;71346;
1085;Sjælland;2024-03-23;F;2;0;1;9769;3419989;71347;
1083;Syddanmark;2024-03-23;F;1;1;1;9770;3419990;71348;
1084;Hovedstaden;2024-03-23;M;1;0;1;9770;3419991;71349;
1082;Midtjylland;2024-03-23;M;1;0;1;9770;3419992;71350;
1085;Sjælland;2024-03-23;M;1;0;1;9770;3419993;71351;
1084;Hovedstaden;2024-03-24;M;2;0;1;9770;3419995;71352;
1085;Sjælland;2024-03-24;M;1;1;1;9771;3419996;71353;
1084;Hovedstaden;2024-03-25;F;2;0;1;9771;3419998;71354;
1081;Nordjylland;2024-03-25;F;1;0;0;9771;3419999;71354;
1084;Hovedstaden;2024-03-25;M;2;0;2;9771;3420001;71356;
1081;Nordjylland;2024-03-25;M;2;0;2;9771;3420003;71358;
1085;Sjælland;2024-03-25;M;1;0;1;9771;3420004;71359;
1083;Syddanmark;2024-03-25;M;4;0;2;9771;3420008;71361;
1084;Hovedstaden;2024-03-26;F;5;0;2;9771;3420013;71363;
1085;Sjælland;2024-03-26;F;1;0;0;9771;3420014;71363;
1084;Hovedstaden;2024-03-26;M;2;0;1;9771;3420016;71364;
1081;Nordjylland;2024-03-26;M;1;0;1;9771;3420017;71365;
1085;Sjælland;2024-03-26;M;2;0;0;9771;3420019;71365;
1083;Syddanmark;2024-03-26;M;1;0;1;9771;3420020;71366;
1082;Midtjylland;2024-03-27;F;2;0;1;9771;3420022;71367;
1081;Nordjylland;2024-03-27;F;1;0;1;9771;3420023;71368;
1083;Syddanmark;2024-03-27;F;1;0;1;9771;3420024;71369;
1084;Hovedstaden;2024-03-27;M;1;0;0;9771;3420025;71369;
1085;Sjælland;2024-03-27;M;1;0;1;9771;3420026;71370;
1084;Hovedstaden;2024-03-28;F;3;0;2;9771;3420029;71372;
1084;Hovedstaden;2024-03-28;M;1;0;1;9771;3420030;71373;
1081;Nordjylland;2024-03-28;M;1;0;0;9771;3420031;71373;
1084;Hovedstaden;2024-03-29;F;1;0;1;9771;3420032;71374;
1082;Midtjylland;2024-03-29;F;1;0;1;9771;3420033;71375;
1085;Sjælland;2024-03-29;F;1;0;1;9771;3420034;71376;
1084;Hovedstaden;2024-03-29;M;1;0;0;9771;3420035;71376;
1082;Midtjylland;2024-03-29;M;1;0;1;9771;3420036;71377;
1085;Sjælland;2024-03-29;M;1;0;1;9771;3420037;71378;
1084;Hovedstaden;2024-03-30;F;2;1;0;9772;3420039;71378;
1085;Sjælland;2024-03-30;F;1;0;1;9772;3420040;71379;
1085;Sjælland;2024-03-30;M;1;0;0;9772;3420041;71379;
1084;Hovedstaden;2024-03-31;F;2;0;2;9772;3420043;71381;
1081;Nordjylland;2024-03-31;F;1;0;1;9772;3420044;71382;
1085;Sjælland;2024-03-31;F;1;0;1;9772;3420045;71383;
1083;Syddanmark;2024-03-31;F;2;0;2;9772;3420047;71385;
1084;Hovedstaden;2024-03-31;M;1;0;1;9772;3420048;71386;
1082;Midtjylland;2024-03-31;M;1;0;0;9772;3420049;71386;
1085;Sjælland;2024-03-31;M;2;1;2;9773;3420051;71388;
1083;Syddanmark;2024-03-31;M;1;0;1;9773;3420052;71389;
1084;Hovedstaden;2024-04-01;F;3;0;2;9773;3420055;71391;
1084;Hovedstaden;2024-04-01;M;1;0;0;9773;3420056;71391;
1085;Sjælland;2024-04-01;M;1;0;1;9773;3420057;71392;
1084;Hovedstaden;2024-04-02;F;1;0;0;9773;3420058;71392;
1082;Midtjylland;2024-04-02;F;2;0;1;9773;3420060;71393;
1085;Sjælland;2024-04-02;F;2;0;0;9773;3420062;71393;
1084;Hovedstaden;2024-04-02;M;3;0;0;9773;3420065;71393;
1084;Hovedstaden;2024-04-03;F;3;0;1;9773;3420068;71394;
1085;Sjælland;2024-04-03;F;3;0;0;9773;3420071;71394;
1084;Hovedstaden;2024-04-03;M;2;1;2;9774;3420073;71396;
1085;Sjælland;2024-04-03;M;2;0;2;9774;3420075;71398;
1084;Hovedstaden;2024-04-04;F;3;0;0;9774;3420078;71398;
1084;Hovedstaden;2024-04-04;M;1;0;0;9774;3420079;71398;
1084;Hovedstaden;2024-04-05;F;2;0;0;9774;3420081;71398;
1083;Syddanmark;2024-04-05;F;2;0;1;9774;3420083;71399;
1084;Hovedstaden;2024-04-05;M;1;0;1;9774;3420084;71400;
1083;Syddanmark;2024-04-05;M;1;0;1;9774;3420085;71401;
1082;Midtjylland;2024-04-06;M;2;0;2;9774;3420087;71403;
1084;Hovedstaden;2024-04-07;F;1;0;1;9774;3420088;71404;
1082;Midtjylland;2024-04-07;F;1;0;1;9774;3420089;71405;
1081;Nordjylland;2024-04-07;F;1;0;0;9774;3420090;71405;
1085;Sjælland;2024-04-07;F;1;1;1;9775;3420091;71406;
1083;Syddanmark;2024-04-07;F;1;0;1;9775;3420092;71407;
1084;Hovedstaden;2024-04-07;M;2;1;1;9776;3420094;71408;
1084;Hovedstaden;2024-04-08;F;3;0;0;9776;3420097;71408;
1085;Sjælland;2024-04-08;F;2;0;0;9776;3420099;71408;
1084;Hovedstaden;2024-04-08;M;3;0;0;9776;3420102;71408;
1082;Midtjylland;2024-04-08;M;3;1;1;9777;3420105;71409;
1081;Nordjylland;2024-04-08;M;1;1;1;9778;3420106;71410;
1085;Sjælland;2024-04-08;M;3;0;1;9778;3420109;71411;
1084;Hovedstaden;2024-04-09;F;2;0;0;9778;3420111;71411;
1082;Midtjylland;2024-04-09;F;1;0;0;9778;3420112;71411;
1084;Hovedstaden;2024-04-09;M;2;0;2;9778;3420114;71413;
1082;Midtjylland;2024-04-09;M;2;0;1;9778;3420116;71414;
1083;Syddanmark;2024-04-09;M;1;0;1;9778;3420117;71415;
1084;Hovedstaden;2024-04-10;F;2;0;0;9778;3420119;71415;
1083;Syddanmark;2024-04-10;F;1;0;1;9778;3420120;71416;
1084;Hovedstaden;2024-04-10;M;1;0;0;9778;3420121;71416;
1082;Midtjylland;2024-04-10;M;2;0;0;9778;3420123;71416;
1083;Syddanmark;2024-04-10;M;1;0;1;9778;3420124;71417;
1083;Syddanmark;2024-04-11;F;2;0;1;9778;3420126;71418;
1084;Hovedstaden;2024-04-11;M;3;0;1;9778;3420129;71419;
1081;Nordjylland;2024-04-11;M;2;0;2;9778;3420131;71421;
1084;Hovedstaden;2024-04-12;F;4;1;1;9779;3420135;71422;
1081;Nordjylland;2024-04-12;F;1;0;0;9779;3420136;71422;
1085;Sjælland;2024-04-12;F;1;0;1;9779;3420137;71423;
1084;Hovedstaden;2024-04-13;F;1;0;1;9779;3420138;71424;
1084;Hovedstaden;2024-04-13;M;1;0;1;9779;3420139;71425;
1082;Midtjylland;2024-04-13;M;1;0;0;9779;3420140;71425;
1081;Nordjylland;2024-04-14;F;2;0;2;9779;3420142;71427;
1085;Sjælland;2024-04-14;F;2;1;1;9780;3420144;71428;
1083;Syddanmark;2024-04-14;M;1;0;0;9780;3420145;71428;
1084;Hovedstaden;2024-04-15;F;1;0;1;9780;3420146;71429;
1082;Midtjylland;2024-04-15;F;1;0;0;9780;3420147;71429;
1085;Sjælland;2024-04-15;F;2;0;0;9780;3420149;71429;
1084;Hovedstaden;2024-04-15;M;1;0;0;9780;3420150;71429;
1081;Nordjylland;2024-04-15;M;2;0;2;9780;3420152;71431;
1085;Sjælland;2024-04-15;M;1;1;1;9781;3420153;71432;
1083;Syddanmark;2024-04-15;M;1;0;1;9781;3420154;71433;
1084;Hovedstaden;2024-04-16;F;3;0;1;9781;3420157;71434;
1085;Sjælland;2024-04-16;F;1;0;0;9781;3420158;71434;
1083;Syddanmark;2024-04-16;F;1;1;1;9782;3420159;71435;
1083;Syddanmark;2024-04-16;M;1;0;1;9782;3420160;71436;
1084;Hovedstaden;2024-04-17;F;1;0;0;9782;3420161;71436;
1084;Hovedstaden;2024-04-17;M;1;0;0;9782;3420162;71436;
1083;Syddanmark;2024-04-17;M;1;0;0;9782;3420163;71436;
1084;Hovedstaden;2024-04-18;F;2;0;1;9782;3420165;71437;
1082;Midtjylland;2024-04-18;F;1;0;1;9782;3420166;71438;
1085;Sjælland;2024-04-18;F;1;0;1;9782;3420167;71439;
1083;Syddanmark;2024-04-18;F;1;0;1;9782;3420168;71440;
1082;Midtjylland;2024-04-18;M;1;0;1;9782;3420169;71441;
1081;Nordjylland;2024-04-18;M;1;0;0;9782;3420170;71441;
1085;Sjælland;2024-04-18;M;1;0;1;9782;3420171;71442;
1084;Hovedstaden;2024-04-19;F;2;0;0;9782;3420173;71442;
1085;Sjælland;2024-04-19;F;1;0;1;9782;3420174;71443;
1084;Hovedstaden;2024-04-19;M;2;0;2;9782;3420176;71445;
1084;Hovedstaden;2024-04-20;F;1;0;1;9782;3420177;71446;
1085;Sjælland;2024-04-20;F;1;1;1;9783;3420178;71447;
1083;Syddanmark;2024-04-20;F;1;0;1;9783;3420179;71448;
1085;Sjælland;2024-04-20;M;2;0;2;9783;3420181;71450;
1085;Sjælland;2024-04-21;F;1;0;1;9783;3420182;71451;
1084;Hovedstaden;2024-04-22;F;2;0;1;9783;3420184;71452;
1082;Midtjylland;2024-04-22;F;1;0;1;9783;3420185;71453;
1085;Sjælland;2024-04-22;F;2;0;0;9783;3420187;71453;
1084;Hovedstaden;2024-04-22;M;1;0;0;9783;3420188;71453;
1082;Midtjylland;2024-04-22;M;2;0;1;9783;3420190;71454;
1084;Hovedstaden;2024-04-23;F;1;0;0;9783;3420191;71454;
1082;Midtjylland;2024-04-23;F;1;0;1;9783;3420192;71455;
1083;Syddanmark;2024-04-23;F;1;1;1;9784;3420193;71456;
1084;Hovedstaden;2024-04-23;M;1;0;1;9784;3420194;71457;
1085;Sjælland;2024-04-23;M;2;0;2;9784;3420196;71459;
1084;Hovedstaden;2024-04-24;F;2;0;1;9784;3420198;71460;
1082;Midtjylland;2024-04-24;F;1;0;0;9784;3420199;71460;
1085;Sjælland;2024-04-24;F;2;0;1;9784;3420201;71461;
1084;Hovedstaden;2024-04-24;M;1;0;1;9784;3420202;71462;
1083;Syddanmark;2024-04-24;M;1;0;1;9784;3420203;71463;
1084;Hovedstaden;2024-04-25;F;2;0;0;9784;3420205;71463;
1084;Hovedstaden;2024-04-25;M;2;0;2;9784;3420207;71465;
1083;Syddanmark;2024-04-25;M;1;0;1;9784;3420208;71466;
1084;Hovedstaden;2024-04-26;F;2;0;1;9784;3420210;71467;
1082;Midtjylland;2024-04-26;F;1;0;1;9784;3420211;71468;
1081;Nordjylland;2024-04-26;M;1;1;1;9785;3420212;71469;
1083;Syddanmark;2024-04-26;M;1;0;0;9785;3420213;71469;
1084;Hovedstaden;2024-04-27;F;1;0;0;9785;3420214;71469;
1082;Midtjylland;2024-04-27;F;1;0;1;9785;3420215;71470;
1083;Syddanmark;2024-04-27;F;1;0;0;9785;3420216;71470;
1085;Sjælland;2024-04-27;M;1;0;1;9785;3420217;71471;
1084;Hovedstaden;2024-04-28;F;1;0;1;9785;3420218;71472;
1083;Syddanmark;2024-04-28;F;1;0;1;9785;3420219;71473;
1084;Hovedstaden;2024-04-28;M;2;0;0;9785;3420221;71473;
1083;Syddanmark;2024-04-28;M;1;0;1;9785;3420222;71474;
1084;Hovedstaden;2024-04-29;F;4;0;1;9785;3420226;71475;
1082;Midtjylland;2024-04-29;F;1;0;1;9785;3420227;71476;
1085;Sjælland;2024-04-29;F;1;0;1;9785;3420228;71477;
1083;Syddanmark;2024-04-29;F;1;0;0;9785;3420229;71477;
1085;Sjælland;2024-04-29;M;1;0;1;9785;3420230;71478;
1083;Syddanmark;2024-04-29;M;1;0;0;9785;3420231;71478;
1084;Hovedstaden;2024-04-30;F;4;0;0;9785;3420235;71478;
1082;Midtjylland;2024-04-30;F;1;0;1;9785;3420236;71479;
1085;Sjælland;2024-04-30;F;1;0;1;9785;3420237;71480;
1084;Hovedstaden;2024-04-30;M;6;0;5;9785;3420243;71485;
1085;Sjælland;2024-04-30;M;2;0;0;9785;3420245;71485;
1083;Syddanmark;2024-04-30;M;2;0;0;9785;3420247;71485;
1084;Hovedstaden;2024-05-01;F;2;0;1;9785;3420249;71486;
1085;Sjælland;2024-05-01;F;1;1;1;9786;3420250;71487;
1083;Syddanmark;2024-05-01;F;1;0;1;9786;3420251;71488;
1084;Hovedstaden;2024-05-01;M;3;0;1;9786;3420254;71489;
1085;Sjælland;2024-05-01;M;2;1;2;9787;3420256;71491;
1084;Hovedstaden;2024-05-02;F;3;0;1;9787;3420259;71492;
1084;Hovedstaden;2024-05-02;M;4;0;2;9787;3420263;71494;
1085;Sjælland;2024-05-02;M;1;0;0;9787;3420264;71494;
1084;Hovedstaden;2024-05-03;F;3;0;0;9787;3420267;71494;
1085;Sjælland;2024-05-03;F;1;0;0;9787;3420268;71494;
1084;Hovedstaden;2024-05-03;M;8;0;5;9787;3420276;71499;
1083;Syddanmark;2024-05-03;M;1;0;1;9787;3420277;71500;
1084;Hovedstaden;2024-05-04;F;2;0;0;9787;3420279;71500;
1081;Nordjylland;2024-05-04;F;1;0;1;9787;3420280;71501;
1083;Syddanmark;2024-05-04;F;1;0;1;9787;3420281;71502;
1081;Nordjylland;2024-05-04;M;1;0;0;9787;3420282;71502;
1085;Sjælland;2024-05-04;M;1;1;1;9788;3420283;71503;
1084;Hovedstaden;2024-05-05;F;1;0;1;9788;3420284;71504;
1082;Midtjylland;2024-05-06;F;1;0;0;9788;3420285;71504;
1084;Hovedstaden;2024-05-06;M;6;0;3;9788;3420291;71507;
1082;Midtjylland;2024-05-06;M;2;0;1;9788;3420293;71508;
1085;Sjælland;2024-05-06;M;1;0;0;9788;3420294;71508;
1083;Syddanmark;2024-05-06;M;1;0;0;9788;3420295;71508;
1084;Hovedstaden;2024-05-07;F;7;0;2;9788;3420302;71510;
1082;Midtjylland;2024-05-07;F;1;0;0;9788;3420303;71510;
1085;Sjælland;2024-05-07;F;2;0;2;9788;3420305;71512;
1084;Hovedstaden;2024-05-07;M;2;0;0;9788;3420307;71512;
1082;Midtjylland;2024-05-07;M;1;0;1;9788;3420308;71513;
1085;Sjælland;2024-05-07;M;1;0;1;9788;3420309;71514;
1084;Hovedstaden;2024-05-08;M;2;0;1;9788;3420311;71515;
1085;Sjælland;2024-05-08;M;2;0;1;9788;3420313;71516;
1084;Hovedstaden;2024-05-09;M;5;1;4;9789;3420318;71520;
1084;Hovedstaden;2024-05-10;F;5;0;0;9789;3420323;71520;
1084;Hovedstaden;2024-05-10;M;2;0;1;9789;3420325;71521;
1085;Sjælland;2024-05-10;M;1;0;1;9789;3420326;71522;
1083;Syddanmark;2024-05-10;M;2;0;1;9789;3420328;71523;
1083;Syddanmark;2024-05-11;F;1;0;0;9789;3420329;71523;
1084;Hovedstaden;2024-05-12;F;2;0;2;9789;3420331;71525;
1081;Nordjylland;2024-05-12;F;1;0;0;9789;3420332;71525;
1083;Syddanmark;2024-05-12;F;1;0;0;9789;3420333;71525;
1084;Hovedstaden;2024-05-12;M;2;1;2;9790;3420335;71527;
1084;Hovedstaden;2024-05-13;F;1;0;0;9790;3420336;71527;
1083;Syddanmark;2024-05-13;F;1;0;1;9790;3420337;71528;
1084;Hovedstaden;2024-05-13;M;1;0;1;9790;3420338;71529;
1081;Nordjylland;2024-05-13;M;1;0;1;9790;3420339;71530;
1085;Sjælland;2024-05-13;M;1;0;1;9790;3420340;71531;
1084;Hovedstaden;2024-05-14;F;6;0;2;9790;3420346;71533;
1082;Midtjylland;2024-05-14;F;2;0;0;9790;3420348;71533;
1085;Sjælland;2024-05-14;F;2;0;2;9790;3420350;71535;
1083;Syddanmark;2024-05-14;F;1;0;1;9790;3420351;71536;
1084;Hovedstaden;2024-05-14;M;4;1;1;9791;3420355;71537;
1082;Midtjylland;2024-05-14;M;2;0;2;9791;3420357;71539;
1085;Sjælland;2024-05-14;M;1;0;0;9791;3420358;71539;
1084;Hovedstaden;2024-05-15;F;2;0;0;9791;3420360;71539;
1081;Nordjylland;2024-05-15;F;1;0;1;9791;3420361;71540;
1083;Syddanmark;2024-05-15;F;2;0;0;9791;3420363;71540;
1084;Hovedstaden;2024-05-15;M;2;0;2;9791;3420365;71542;
1081;Nordjylland;2024-05-15;M;1;0;0;9791;3420366;71542;
1084;Hovedstaden;2024-05-16;F;3;0;0;9791;3420369;71542;
1083;Syddanmark;2024-05-16;F;1;0;1;9791;3420370;71543;
1084;Hovedstaden;2024-05-16;M;2;0;1;9791;3420372;71544;
1083;Syddanmark;2024-05-16;M;1;0;1;9791;3420373;71545;
1084;Hovedstaden;2024-05-17;F;8;0;3;9791;3420381;71548;
1082;Midtjylland;2024-05-17;F;1;0;1;9791;3420382;71549;
1083;Syddanmark;2024-05-17;F;1;0;0;9791;3420383;71549;
1084;Hovedstaden;2024-05-17;M;4;0;1;9791;3420387;71550;
1082;Midtjylland;2024-05-17;M;1;0;1;9791;3420388;71551;
1085;Sjælland;2024-05-17;M;1;0;1;9791;3420389;71552;
1084;Hovedstaden;2024-05-18;F;2;0;0;9791;3420391;71552;
1084;Hovedstaden;2024-05-18;M;3;0;1;9791;3420394;71553;
1082;Midtjylland;2024-05-18;M;1;0;1;9791;3420395;71554;
1084;Hovedstaden;2024-05-19;F;4;0;1;9791;3420399;71555;
1084;Hovedstaden;2024-05-19;M;1;0;1;9791;3420400;71556;
1085;Sjælland;2024-05-19;M;1;0;0;9791;3420401;71556;
1084;Hovedstaden;2024-05-20;F;2;0;0;9791;3420403;71556;
1083;Syddanmark;2024-05-20;F;1;0;1;9791;3420404;71557;
1084;Hovedstaden;2024-05-20;M;2;0;2;9791;3420406;71559;
1082;Midtjylland;2024-05-20;M;1;0;1;9791;3420407;71560;
1085;Sjælland;2024-05-20;M;2;0;2;9791;3420409;71562;
1084;Hovedstaden;2024-05-21;F;2;0;1;9791;3420411;71563;
1082;Midtjylland;2024-05-21;F;3;1;2;9792;3420414;71565;
1083;Syddanmark;2024-05-21;F;1;0;0;9792;3420415;71565;
1084;Hovedstaden;2024-05-21;M;5;0;1;9792;3420420;71566;
1081;Nordjylland;2024-05-21;M;1;0;1;9792;3420421;71567;
1085;Sjælland;2024-05-21;M;4;0;3;9792;3420425;71570;
1083;Syddanmark;2024-05-21;M;2;0;1;9792;3420427;71571;
1084;Hovedstaden;2024-05-22;F;2;0;0;9792;3420429;71571;
1081;Nordjylland;2024-05-22;F;1;0;0;9792;3420430;71571;
1084;Hovedstaden;2024-05-22;M;2;0;1;9792;3420432;71572;
1081;Nordjylland;2024-05-22;M;1;0;1;9792;3420433;71573;
1083;Syddanmark;2024-05-22;M;2;0;0;9792;3420435;71573;
1084;Hovedstaden;2024-05-23;F;4;0;0;9792;3420439;71573;
1083;Syddanmark;2024-05-23;F;2;0;0;9792;3420441;71573;
1084;Hovedstaden;2024-05-23;M;4;0;0;9792;3420445;71573;
1084;Hovedstaden;2024-05-24;F;3;0;1;9792;3420448;71574;
1081;Nordjylland;2024-05-24;F;1;0;1;9792;3420449;71575;
1083;Syddanmark;2024-05-24;F;1;0;0;9792;3420450;71575;
1084;Hovedstaden;2024-05-24;M;4;0;1;9792;3420454;71576;
1084;Hovedstaden;2024-05-25;F;2;0;2;9792;3420456;71578;
1081;Nordjylland;2024-05-26;F;1;0;1;9792;3420457;71579;
1085;Sjælland;2024-05-26;F;1;0;0;9792;3420458;71579;
1084;Hovedstaden;2024-05-26;M;1;0;1;9792;3420459;71580;
1085;Sjælland;2024-05-26;M;1;0;0;9792;3420460;71580;
1084;Hovedstaden;2024-05-27;F;4;0;1;9792;3420464;71581;
1085;Sjælland;2024-05-27;F;3;0;0;9792;3420467;71581;
1083;Syddanmark;2024-05-27;F;1;0;0;9792;3420468;71581;
1084;Hovedstaden;2024-05-27;M;3;1;2;9793;3420471;71583;
1085;Sjælland;2024-05-27;M;1;0;0;9793;3420472;71583;
1083;Syddanmark;2024-05-27;M;1;0;0;9793;3420473;71583;
1084;Hovedstaden;2024-05-28;F;3;1;1;9794;3420476;71584;
1084;Hovedstaden;2024-05-28;M;5;0;3;9794;3420481;71587;
1082;Midtjylland;2024-05-28;M;1;0;1;9794;3420482;71588;
1081;Nordjylland;2024-05-28;M;1;0;1;9794;3420483;71589;
1085;Sjælland;2024-05-28;M;1;0;1;9794;3420484;71590;
1083;Syddanmark;2024-05-28;M;3;0;2;9794;3420487;71592;
1084;Hovedstaden;2024-05-29;F;4;0;1;9794;3420491;71593;
1084;Hovedstaden;2024-05-29;M;1;0;0;9794;3420492;71593;
1084;Hovedstaden;2024-05-30;F;3;0;1;9794;3420495;71594;
1083;Syddanmark;2024-05-30;F;2;0;0;9794;3420497;71594;
1084;Hovedstaden;2024-05-30;M;4;0;1;9794;3420501;71595;
1082;Midtjylland;2024-05-30;M;1;0;0;9794;3420502;71595;
1084;Hovedstaden;2024-05-31;F;2;0;0;9794;3420504;71595;
1084;Hovedstaden;2024-05-31;M;2;0;1;9794;3420506;71596;
1081;Nordjylland;2024-05-31;M;1;0;1;9794;3420507;71597;
1084;Hovedstaden;2024-06-01;M;2;0;0;9794;3420509;71597;
1085;Sjælland;2024-06-01;M;2;0;2;9794;3420511;71599;
1083;Syddanmark;2024-06-01;M;2;0;1;9794;3420513;71600;
1084;Hovedstaden;2024-06-02;F;4;0;1;9794;3420517;71601;
1085;Sjælland;2024-06-02;F;1;0;0;9794;3420518;71601;
1082;Midtjylland;2024-06-02;M;1;0;0;9794;3420519;71601;
1084;Hovedstaden;2024-06-03;F;3;0;2;9794;3420522;71603;
1082;Midtjylland;2024-06-03;F;3;0;0;9794;3420525;71603;
1085;Sjælland;2024-06-03;F;1;0;0;9794;3420526;71603;
1083;Syddanmark;2024-06-03;F;1;0;1;9794;3420527;71604;
1084;Hovedstaden;2024-06-03;M;5;0;1;9794;3420532;71605;
1085;Sjælland;2024-06-03;M;1;0;1;9794;3420533;71606;
1083;Syddanmark;2024-06-03;M;1;0;0;9794;3420534;71606;
1084;Hovedstaden;2024-06-04;F;7;0;3;9794;3420541;71609;
1084;Hovedstaden;2024-06-04;M;1;0;1;9794;3420542;71610;
1085;Sjælland;2024-06-04;M;1;0;0;9794;3420543;71610;
1084;Hovedstaden;2024-06-05;F;1;1;1;9795;3420544;71611;
1084;Hovedstaden;2024-06-05;M;2;0;0;9795;3420546;71611;
1082;Midtjylland;2024-06-05;M;1;0;0;9795;3420547;71611;
1085;Sjælland;2024-06-05;M;1;0;1;9795;3420548;71612;
1084;Hovedstaden;2024-06-06;F;4;0;2;9795;3420552;71614;
1082;Midtjylland;2024-06-06;F;3;1;1;9796;3420555;71615;
1085;Sjælland;2024-06-06;F;1;0;1;9796;3420556;71616;
1083;Syddanmark;2024-06-06;F;3;0;2;9796;3420559;71618;
1084;Hovedstaden;2024-06-06;M;2;0;0;9796;3420561;71618;
1085;Sjælland;2024-06-06;M;1;0;1;9796;3420562;71619;
1084;Hovedstaden;2024-06-07;F;3;0;1;9796;3420565;71620;
1082;Midtjylland;2024-06-07;F;1;0;1;9796;3420566;71621;
1081;Nordjylland;2024-06-07;F;1;0;1;9796;3420567;71622;
1085;Sjælland;2024-06-07;F;3;0;1;9796;3420570;71623;
1084;Hovedstaden;2024-06-07;M;3;0;2;9796;3420573;71625;
1081;Nordjylland;2024-06-07;M;1;0;1;9796;3420574;71626;
1084;Hovedstaden;2024-06-08;F;2;0;2;9796;3420576;71628;
1081;Nordjylland;2024-06-08;F;1;0;1;9796;3420577;71629;
1084;Hovedstaden;2024-06-08;M;1;0;1;9796;3420578;71630;
1085;Sjælland;2024-06-08;M;1;0;1;9796;3420579;71631;
1084;Hovedstaden;2024-06-09;F;3;0;1;9796;3420582;71632;
1082;Midtjylland;2024-06-09;M;1;0;0;9796;3420583;71632;
1084;Hovedstaden;2024-06-10;F;8;0;3;9796;3420591;71635;
1085;Sjælland;2024-06-10;F;1;0;0;9796;3420592;71635;
1084;Hovedstaden;2024-06-10;M;5;0;1;9796;3420597;71636;
1082;Midtjylland;2024-06-10;M;1;0;1;9796;3420598;71637;
1083;Syddanmark;2024-06-10;M;1;0;0;9796;3420599;71637;
1084;Hovedstaden;2024-06-11;F;7;1;1;9797;3420606;71638;
1083;Syddanmark;2024-06-11;F;2;0;1;9797;3420608;71639;
1084;Hovedstaden;2024-06-11;M;3;0;0;9797;3420611;71639;
1082;Midtjylland;2024-06-11;M;2;0;0;9797;3420613;71639;
1085;Sjælland;2024-06-11;M;1;0;1;9797;3420614;71640;
1084;Hovedstaden;2024-06-12;F;8;0;2;9797;3420622;71642;
1082;Midtjylland;2024-06-12;F;1;0;0;9797;3420623;71642;
1081;Nordjylland;2024-06-12;F;1;0;1;9797;3420624;71643;
1083;Syddanmark;2024-06-12;F;1;0;0;9797;3420625;71643;
1084;Hovedstaden;2024-06-12;M;2;0;1;9797;3420627;71644;
1082;Midtjylland;2024-06-12;M;1;0;0;9797;3420628;71644;
1081;Nordjylland;2024-06-12;M;2;1;2;9798;3420630;71646;
1085;Sjælland;2024-06-12;M;1;1;0;9799;3420631;71646;
1084;Hovedstaden;2024-06-13;F;6;0;3;9799;3420637;71649;
1082;Midtjylland;2024-06-13;F;1;0;1;9799;3420638;71650;
1081;Nordjylland;2024-06-13;F;2;0;0;9799;3420640;71650;
1084;Hovedstaden;2024-06-13;M;8;0;6;9799;3420648;71656;
1085;Sjælland;2024-06-13;M;1;0;0;9799;3420649;71656;
1084;Hovedstaden;2024-06-14;F;2;0;2;9799;3420651;71658;
1082;Midtjylland;2024-06-14;F;1;0;0;9799;3420652;71658;
1084;Hovedstaden;2024-06-14;M;4;0;0;9799;3420656;71658;
1082;Midtjylland;2024-06-14;M;1;0;0;9799;3420657;71658;
1081;Nordjylland;2024-06-14;M;1;0;0;9799;3420658;71658;
1085;Sjælland;2024-06-14;M;2;0;0;9799;3420660;71658;
1084;Hovedstaden;2024-06-15;F;5;0;3;9799;3420665;71661;
1085;Sjælland;2024-06-15;F;3;0;2;9799;3420668;71663;
1083;Syddanmark;2024-06-15;F;1;0;1;9799;3420669;71664;
1084;Hovedstaden;2024-06-15;M;2;0;2;9799;3420671;71666;
1081;Nordjylland;2024-06-15;M;1;0;1;9799;3420672;71667;
1085;Sjælland;2024-06-15;M;1;0;0;9799;3420673;71667;
1084;Hovedstaden;2024-06-16;F;6;0;2;9799;3420679;71669;
1082;Midtjylland;2024-06-16;F;1;0;1;9799;3420680;71670;
1081;Nordjylland;2024-06-16;F;1;0;1;9799;3420681;71671;
1085;Sjælland;2024-06-16;F;3;0;3;9799;3420684;71674;
1083;Syddanmark;2024-06-16;F;1;0;0;9799;3420685;71674;
1084;Hovedstaden;2024-06-16;M;6;0;2;9799;3420691;71676;
1082;Midtjylland;2024-06-16;M;1;0;0;9799;3420692;71676;
1081;Nordjylland;2024-06-16;M;1;1;1;9800;3420693;71677;
1085;Sjælland;2024-06-16;M;1;0;0;9800;3420694;71677;
1083;Syddanmark;2024-06-16;M;1;0;0;9800;3420695;71677;
1084;Hovedstaden;2024-06-17;F;10;0;1;9800;3420705;71678;
1082;Midtjylland;2024-06-17;F;1;0;0;9800;3420706;71678;
1081;Nordjylland;2024-06-17;F;1;0;0;9800;3420707;71678;
1085;Sjælland;2024-06-17;F;2;1;2;9801;3420709;71680;
1083;Syddanmark;2024-06-17;F;2;0;0;9801;3420711;71680;
1084;Hovedstaden;2024-06-17;M;10;0;4;9801;3420721;71684;
1082;Midtjylland;2024-06-17;M;3;0;2;9801;3420724;71686;
1085;Sjælland;2024-06-17;M;2;0;1;9801;3420726;71687;
1083;Syddanmark;2024-06-17;M;3;0;1;9801;3420729;71688;
1084;Hovedstaden;2024-06-18;F;5;0;3;9801;3420734;71691;
1082;Midtjylland;2024-06-18;F;1;0;0;9801;3420735;71691;
1085;Sjælland;2024-06-18;F;3;0;1;9801;3420738;71692;
1083;Syddanmark;2024-06-18;F;2;1;1;9802;3420740;71693;
1084;Hovedstaden;2024-06-18;M;7;0;1;9802;3420747;71694;
1082;Midtjylland;2024-06-18;M;1;0;0;9802;3420748;71694;
1085;Sjælland;2024-06-18;M;2;0;1;9802;3420750;71695;
1083;Syddanmark;2024-06-18;M;1;0;1;9802;3420751;71696;
1084;Hovedstaden;2024-06-19;F;8;0;1;9802;3420759;71697;
1082;Midtjylland;2024-06-19;F;1;0;1;9802;3420760;71698;
1085;Sjælland;2024-06-19;F;3;0;1;9802;3420763;71699;
1083;Syddanmark;2024-06-19;F;3;0;1;9802;3420766;71700;
1084;Hovedstaden;2024-06-19;M;7;0;3;9802;3420773;71703;
1082;Midtjylland;2024-06-19;M;4;0;1;9802;3420777;71704;
1085;Sjælland;2024-06-19;M;4;0;1;9802;3420781;71705;
1083;Syddanmark;2024-06-19;M;2;0;1;9802;3420783;71706;
1084;Hovedstaden;2024-06-20;F;13;0;7;9802;3420796;71713;
1085;Sjælland;2024-06-20;F;1;0;0;9802;3420797;71713;
1083;Syddanmark;2024-06-20;F;1;0;0;9802;3420798;71713;
1084;Hovedstaden;2024-06-20;M;7;1;4;9803;3420805;71717;
1082;Midtjylland;2024-06-20;M;1;0;1;9803;3420806;71718;
1085;Sjælland;2024-06-20;M;2;0;1;9803;3420808;71719;
1083;Syddanmark;2024-06-20;M;1;0;0;9803;3420809;71719;
1084;Hovedstaden;2024-06-21;F;9;0;1;9803;3420818;71720;
1085;Sjælland;2024-06-21;F;2;1;2;9804;3420820;71722;
1083;Syddanmark;2024-06-21;F;1;0;0;9804;3420821;71722;
1084;Hovedstaden;2024-06-21;M;12;0;4;9804;3420833;71726;
1081;Nordjylland;2024-06-21;M;1;1;1;9805;3420834;71727;
1085;Sjælland;2024-06-21;M;2;0;2;9805;3420836;71729;
1083;Syddanmark;2024-06-21;M;2;0;2;9805;3420838;71731;
1084;Hovedstaden;2024-06-22;F;3;0;2;9805;3420841;71733;
1083;Syddanmark;2024-06-22;F;2;0;1;9805;3420843;71734;
1084;Hovedstaden;2024-06-22;M;2;0;2;9805;3420845;71736;
1082;Midtjylland;2024-06-22;M;2;0;0;9805;3420847;71736;
1083;Syddanmark;2024-06-22;M;1;0;1;9805;3420848;71737;
1084;Hovedstaden;2024-06-23;F;11;1;7;9806;3420859;71744;
1082;Midtjylland;2024-06-23;F;3;0;2;9806;3420862;71746;
1085;Sjælland;2024-06-23;F;1;0;0;9806;3420863;71746;
1083;Syddanmark;2024-06-23;F;1;0;0;9806;3420864;71746;
1084;Hovedstaden;2024-06-23;M;5;1;2;9807;3420869;71748;
1082;Midtjylland;2024-06-23;M;2;0;2;9807;3420871;71750;
1081;Nordjylland;2024-06-23;M;1;0;1;9807;3420872;71751;
1085;Sjælland;2024-06-23;M;1;0;1;9807;3420873;71752;
1083;Syddanmark;2024-06-23;M;1;0;1;9807;3420874;71753;
1084;Hovedstaden;2024-06-24;F;12;0;2;9807;3420886;71755;
1082;Midtjylland;2024-06-24;F;2;0;1;9807;3420888;71756;
1085;Sjælland;2024-06-24;F;4;0;2;9807;3420892;71758;
1083;Syddanmark;2024-06-24;F;4;0;1;9807;3420896;71759;
1084;Hovedstaden;2024-06-24;M;11;0;3;9807;3420907;71762;
1082;Midtjylland;2024-06-24;M;2;0;1;9807;3420909;71763;
1083;Syddanmark;2024-06-24;M;4;1;3;9808;3420913;71766;
1084;Hovedstaden;2024-06-25;F;15;0;3;9808;3420928;71769;
1081;Nordjylland;2024-06-25;F;1;0;0;9808;3420929;71769;
1084;Hovedstaden;2024-06-25;M;11;0;1;9808;3420940;71770;
1082;Midtjylland;2024-06-25;M;1;0;1;9808;3420941;71771;
1081;Nordjylland;2024-06-25;M;1;0;0;9808;3420942;71771;
1083;Syddanmark;2024-06-25;M;3;0;0;9808;3420945;71771;
1084;Hovedstaden;2024-06-26;F;15;0;1;9808;3420960;71772;
1082;Midtjylland;2024-06-26;F;2;0;0;9808;3420962;71772;
1085;Sjælland;2024-06-26;F;1;0;1;9808;3420963;71773;
1083;Syddanmark;2024-06-26;F;4;1;2;9809;3420967;71775;
1084;Hovedstaden;2024-06-26;M;7;0;1;9809;3420974;71776;
1081;Nordjylland;2024-06-26;M;3;0;1;9809;3420977;71777;
1085;Sjælland;2024-06-26;M;3;0;2;9809;3420980;71779;
1083;Syddanmark;2024-06-26;M;2;0;0;9809;3420982;71779;
1084;Hovedstaden;2024-06-27;F;33;0;3;9809;3421015;71782;
1082;Midtjylland;2024-06-27;F;5;0;1;9809;3421020;71783;
1081;Nordjylland;2024-06-27;F;1;0;0;9809;3421021;71783;
1085;Sjælland;2024-06-27;F;1;0;1;9809;3421022;71784;
1084;Hovedstaden;2024-06-27;M;16;1;5;9810;3421038;71789;
1082;Midtjylland;2024-06-27;M;1;0;0;9810;3421039;71789;
1081;Nordjylland;2024-06-27;M;2;0;1;9810;3421041;71790;
1085;Sjælland;2024-06-27;M;1;0;1;9810;3421042;71791;
1084;Hovedstaden;2024-06-28;F;22;0;7;9810;3421064;71798;
1082;Midtjylland;2024-06-28;F;1;0;1;9810;3421065;71799;
1085;Sjælland;2024-06-28;F;2;0;1;9810;3421067;71800;
1083;Syddanmark;2024-06-28;F;2;0;0;9810;3421069;71800;
1084;Hovedstaden;2024-06-28;M;14;0;2;9810;3421083;71802;
1082;Midtjylland;2024-06-28;M;1;0;0;9810;3421084;71802;
1083;Syddanmark;2024-06-28;M;5;0;3;9810;3421089;71805;
1084;Hovedstaden;2024-06-29;F;7;0;3;9810;3421096;71808;
1082;Midtjylland;2024-06-29;F;3;0;2;9810;3421099;71810;
1085;Sjælland;2024-06-29;F;2;0;2;9810;3421101;71812;
1083;Syddanmark;2024-06-29;F;2;0;0;9810;3421103;71812;
1084;Hovedstaden;2024-06-29;M;5;1;3;9811;3421108;71815;
1082;Midtjylland;2024-06-29;M;3;1;2;9812;3421111;71817;
1085;Sjælland;2024-06-29;M;1;0;0;9812;3421112;71817;
1083;Syddanmark;2024-06-29;M;1;0;1;9812;3421113;71818;
1084;Hovedstaden;2024-06-30;F;5;0;4;9812;3421118;71822;
1081;Nordjylland;2024-06-30;F;2;0;1;9812;3421120;71823;
1085;Sjælland;2024-06-30;F;1;0;1;9812;3421121;71824;
1083;Syddanmark;2024-06-30;F;2;0;0;9812;3421123;71824;
1084;Hovedstaden;2024-06-30;M;2;0;2;9812;3421125;71826;
1082;Midtjylland;2024-06-30;M;1;0;1;9812;3421126;71827;
1081;Nordjylland;2024-06-30;M;1;0;1;9812;3421127;71828;
1085;Sjælland;2024-06-30;M;1;0;1;9812;3421128;71829;
1083;Syddanmark;2024-06-30;M;4;0;3;9812;3421132;71832;
1084;Hovedstaden;2024-07-01;F;26;0;0;9812;3421158;71832;
1082;Midtjylland;2024-07-01;F;5;0;1;9812;3421163;71833;
1081;Nordjylland;2024-07-01;F;1;0;1;9812;3421164;71834;
1085;Sjælland;2024-07-01;F;2;0;1;9812;3421166;71835;
1083;Syddanmark;2024-07-01;F;3;0;2;9812;3421169;71837;
1084;Hovedstaden;2024-07-01;M;9;0;4;9812;3421178;71841;
1082;Midtjylland;2024-07-01;M;1;0;1;9812;3421179;71842;
1085;Sjælland;2024-07-01;M;3;0;3;9812;3421182;71845;
1083;Syddanmark;2024-07-01;M;2;0;0;9812;3421184;71845;
1084;Hovedstaden;2024-07-02;F;23;0;4;9812;3421207;71849;
1082;Midtjylland;2024-07-02;F;5;0;1;9812;3421212;71850;
1081;Nordjylland;2024-07-02;F;1;0;0;9812;3421213;71850;
1085;Sjælland;2024-07-02;F;5;0;2;9812;3421218;71852;
1083;Syddanmark;2024-07-02;F;4;0;0;9812;3421222;71852;
1084;Hovedstaden;2024-07-02;M;12;0;2;9812;3421234;71854;
1082;Midtjylland;2024-07-02;M;4;0;3;9812;3421238;71857;
1081;Nordjylland;2024-07-02;M;1;0;1;9812;3421239;71858;
1085;Sjælland;2024-07-02;M;2;0;2;9812;3421241;71860;
1083;Syddanmark;2024-07-02;M;4;0;3;9812;3421245;71863;
1084;Hovedstaden;2024-07-03;F;11;0;3;9812;3421256;71866;
1082;Midtjylland;2024-07-03;F;1;0;1;9812;3421257;71867;
1081;Nordjylland;2024-07-03;F;1;0;1;9812;3421258;71868;
1085;Sjælland;2024-07-03;F;3;0;2;9812;3421261;71870;
1083;Syddanmark;2024-07-03;F;4;0;1;9812;3421265;71871;
1084;Hovedstaden;2024-07-03;M;6;0;1;9812;3421271;71872;
1082;Midtjylland;2024-07-03;M;6;1;4;9813;3421277;71876;
1081;Nordjylland;2024-07-03;M;1;0;1;9813;3421278;71877;
1085;Sjælland;2024-07-03;M;2;0;1;9813;3421280;71878;
1083;Syddanmark;2024-07-03;M;3;0;1;9813;3421283;71879;
1084;Hovedstaden;2024-07-04;F;13;0;2;9813;3421296;71881;
1082;Midtjylland;2024-07-04;F;4;0;2;9813;3421300;71883;
1085;Sjælland;2024-07-04;F;1;0;1;9813;3421301;71884;
1083;Syddanmark;2024-07-04;F;5;0;0;9813;3421306;71884;
1084;Hovedstaden;2024-07-04;M;19;0;9;9813;3421325;71893;
1082;Midtjylland;2024-07-04;M;2;0;1;9813;3421327;71894;
1085;Sjælland;2024-07-04;M;2;0;2;9813;3421329;71896;
1083;Syddanmark;2024-07-04;M;2;0;0;9813;3421331;71896;
1084;Hovedstaden;2024-07-05;F;18;0;5;9813;3421349;71901;
1081;Nordjylland;2024-07-05;F;2;0;2;9813;3421351;71903;
1085;Sjælland;2024-07-05;F;1;0;1;9813;3421352;71904;
1083;Syddanmark;2024-07-05;F;3;0;0;9813;3421355;71904;
1084;Hovedstaden;2024-07-05;M;11;1;4;9814;3421366;71908;
1082;Midtjylland;2024-07-05;M;2;0;2;9814;3421368;71910;
1081;Nordjylland;2024-07-05;M;2;0;1;9814;3421370;71911;
1085;Sjælland;2024-07-05;M;3;0;2;9814;3421373;71913;
1083;Syddanmark;2024-07-05;M;3;0;1;9814;3421376;71914;
1084;Hovedstaden;2024-07-06;F;4;0;1;9814;3421380;71915;
1081;Nordjylland;2024-07-06;F;1;0;0;9814;3421381;71915;
1085;Sjælland;2024-07-06;F;2;0;0;9814;3421383;71915;
1083;Syddanmark;2024-07-06;F;2;1;2;9815;3421385;71917;
1084;Hovedstaden;2024-07-06;M;8;1;3;9816;3421393;71920;
1082;Midtjylland;2024-07-06;M;1;0;0;9816;3421394;71920;
1081;Nordjylland;2024-07-06;M;3;0;1;9816;3421397;71921;
1085;Sjælland;2024-07-06;M;1;1;1;9817;3421398;71922;
1083;Syddanmark;2024-07-06;M;3;1;3;9818;3421401;71925;
1084;Hovedstaden;2024-07-07;F;11;0;6;9818;3421412;71931;
1082;Midtjylland;2024-07-07;F;1;0;1;9818;3421413;71932;
1081;Nordjylland;2024-07-07;F;2;0;0;9818;3421415;71932;
1085;Sjælland;2024-07-07;F;1;0;1;9818;3421416;71933;
1083;Syddanmark;2024-07-07;F;2;0;0;9818;3421418;71933;
1084;Hovedstaden;2024-07-07;M;10;0;7;9818;3421428;71940;
1082;Midtjylland;2024-07-07;M;2;0;1;9818;3421430;71941;
1081;Nordjylland;2024-07-07;M;2;0;2;9818;3421432;71943;
1083;Syddanmark;2024-07-07;M;2;0;0;9818;3421434;71943;
1084;Hovedstaden;2024-07-08;F;23;0;2;9818;3421457;71945;
1082;Midtjylland;2024-07-08;F;2;1;1;9819;3421459;71946;
1081;Nordjylland;2024-07-08;F;3;0;1;9819;3421462;71947;
1085;Sjælland;2024-07-08;F;3;0;1;9819;3421465;71948;
1083;Syddanmark;2024-07-08;F;4;0;2;9819;3421469;71950;
1084;Hovedstaden;2024-07-08;M;17;1;5;9820;3421486;71955;
1082;Midtjylland;2024-07-08;M;4;0;3;9820;3421490;71958;
1081;Nordjylland;2024-07-08;M;2;0;2;9820;3421492;71960;
1085;Sjælland;2024-07-08;M;2;1;1;9821;3421494;71961;
1083;Syddanmark;2024-07-08;M;3;1;2;9822;3421497;71963;
1084;Hovedstaden;2024-07-09;F;27;0;4;9822;3421524;71967;
1082;Midtjylland;2024-07-09;F;4;0;0;9822;3421528;71967;
1081;Nordjylland;2024-07-09;F;4;0;2;9822;3421532;71969;
1085;Sjælland;2024-07-09;F;2;0;1;9822;3421534;71970;
1083;Syddanmark;2024-07-09;F;6;0;4;9822;3421540;71974;
1084;Hovedstaden;2024-07-09;M;17;0;6;9822;3421557;71980;
1082;Midtjylland;2024-07-09;M;2;0;1;9822;3421559;71981;
1081;Nordjylland;2024-07-09;M;1;0;1;9822;3421560;71982;
1085;Sjælland;2024-07-09;M;4;0;3;9822;3421564;71985;
1083;Syddanmark;2024-07-09;M;5;1;3;9823;3421569;71988;
1084;Hovedstaden;2024-07-10;F;33;2;5;9825;3421602;71993;
1082;Midtjylland;2024-07-10;F;8;1;4;9826;3421610;71997;
1081;Nordjylland;2024-07-10;F;2;0;1;9826;3421612;71998;
1085;Sjælland;2024-07-10;F;4;0;2;9826;3421616;72000;
1083;Syddanmark;2024-07-10;F;9;0;1;9826;3421625;72001;
1084;Hovedstaden;2024-07-10;M;19;1;5;9827;3421644;72006;
1082;Midtjylland;2024-07-10;M;4;1;4;9828;3421648;72010;
1081;Nordjylland;2024-07-10;M;3;1;2;9829;3421651;72012;
1085;Sjælland;2024-07-10;M;2;0;2;9829;3421653;72014;
1083;Syddanmark;2024-07-10;M;5;0;4;9829;3421658;72018;
1084;Hovedstaden;2024-07-11;F;27;1;5;9830;3421685;72023;
1082;Midtjylland;2024-07-11;F;4;0;2;9830;3421689;72025;
1081;Nordjylland;2024-07-11;F;3;0;2;9830;3421692;72027;
1085;Sjælland;2024-07-11;F;6;0;3;9830;3421698;72030;
1083;Syddanmark;2024-07-11;F;7;0;6;9830;3421705;72036;
1084;Hovedstaden;2024-07-11;M;17;0;2;9830;3421722;72038;
1082;Midtjylland;2024-07-11;M;6;0;4;9830;3421728;72042;
1081;Nordjylland;2024-07-11;M;6;0;3;9830;3421734;72045;
1085;Sjælland;2024-07-11;M;5;0;3;9830;3421739;72048;
1083;Syddanmark;2024-07-11;M;3;0;2;9830;3421742;72050;
1084;Hovedstaden;2024-07-12;F;25;0;7;9830;3421767;72057;
1082;Midtjylland;2024-07-12;F;4;0;1;9830;3421771;72058;
1081;Nordjylland;2024-07-12;F;4;0;1;9830;3421775;72059;
1085;Sjælland;2024-07-12;F;3;0;2;9830;3421778;72061;
1083;Syddanmark;2024-07-12;F;6;0;0;9830;3421784;72061;
1084;Hovedstaden;2024-07-12;M;11;0;6;9830;3421795;72067;
1082;Midtjylland;2024-07-12;M;4;0;3;9830;3421799;72070;
1085;Sjælland;2024-07-12;M;1;0;0;9830;3421800;72070;
1083;Syddanmark;2024-07-12;M;6;0;4;9830;3421806;72074;
1084;Hovedstaden;2024-07-13;F;11;0;2;9830;3421817;72076;
1082;Midtjylland;2024-07-13;F;1;0;0;9830;3421818;72076;
1085;Sjælland;2024-07-13;F;3;0;3;9830;3421821;72079;
1083;Syddanmark;2024-07-13;F;4;0;4;9830;3421825;72083;
1084;Hovedstaden;2024-07-13;M;19;0;12;9830;3421844;72095;
1082;Midtjylland;2024-07-13;M;3;0;3;9830;3421847;72098;
1085;Sjælland;2024-07-13;M;1;0;1;9830;3421848;72099;
1083;Syddanmark;2024-07-13;M;4;0;3;9830;3421852;72102;
1084;Hovedstaden;2024-07-14;F;10;0;7;9830;3421862;72109;
1082;Midtjylland;2024-07-14;F;3;0;2;9830;3421865;72111;
1085;Sjælland;2024-07-14;F;3;0;0;9830;3421868;72111;
1084;Hovedstaden;2024-07-14;M;9;0;4;9830;3421877;72115;
1082;Midtjylland;2024-07-14;M;5;1;3;9831;3421882;72118;
1081;Nordjylland;2024-07-14;M;1;0;1;9831;3421883;72119;
1085;Sjælland;2024-07-14;M;1;0;1;9831;3421884;72120;
1083;Syddanmark;2024-07-14;M;5;1;5;9832;3421889;72125;
1084;Hovedstaden;2024-07-15;F;46;0;10;9832;3421935;72135;
1082;Midtjylland;2024-07-15;F;3;0;0;9832;3421938;72135;
1081;Nordjylland;2024-07-15;F;1;0;0;9832;3421939;72135;
1085;Sjælland;2024-07-15;F;8;0;5;9832;3421947;72140;
1083;Syddanmark;2024-07-15;F;11;0;6;9832;3421958;72146;
1084;Hovedstaden;2024-07-15;M;28;1;7;9833;3421986;72153;
1082;Midtjylland;2024-07-15;M;3;0;1;9833;3421989;72154;
1081;Nordjylland;2024-07-15;M;4;0;3;9833;3421993;72157;
1085;Sjælland;2024-07-15;M;6;0;3;9833;3421999;72160;
1083;Syddanmark;2024-07-15;M;6;1;4;9834;3422005;72164;
1084;Hovedstaden;2024-07-16;F;22;1;4;9835;3422027;72168;
1082;Midtjylland;2024-07-16;F;2;0;1;9835;3422029;72169;
1081;Nordjylland;2024-07-16;F;3;0;2;9835;3422032;72171;
1085;Sjælland;2024-07-16;F;3;0;2;9835;3422035;72173;
1083;Syddanmark;2024-07-16;F;7;0;1;9835;3422042;72174;
1084;Hovedstaden;2024-07-16;M;26;1;7;9836;3422068;72181;
1082;Midtjylland;2024-07-16;M;7;1;2;9837;3422075;72183;
1081;Nordjylland;2024-07-16;M;4;0;2;9837;3422079;72185;
1085;Sjælland;2024-07-16;M;2;0;1;9837;3422081;72186;
1083;Syddanmark;2024-07-16;M;11;1;4;9838;3422092;72190;
1084;Hovedstaden;2024-07-17;F;23;3;8;9841;3422115;72198;
1082;Midtjylland;2024-07-17;F;6;0;2;9841;3422121;72200;
1081;Nordjylland;2024-07-17;F;2;0;2;9841;3422123;72202;
1085;Sjælland;2024-07-17;F;4;0;3;9841;3422127;72205;
1083;Syddanmark;2024-07-17;F;4;0;1;9841;3422131;72206;
1084;Hovedstaden;2024-07-17;M;14;0;3;9841;3422145;72209;
1082;Midtjylland;2024-07-17;M;3;0;1;9841;3422148;72210;
1085;Sjælland;2024-07-17;M;1;0;0;9841;3422149;72210;
1083;Syddanmark;2024-07-17;M;6;1;6;9842;3422155;72216;
1084;Hovedstaden;2024-07-18;F;34;1;8;9843;3422189;72224;
1082;Midtjylland;2024-07-18;F;6;0;5;9843;3422195;72229;
1081;Nordjylland;2024-07-18;F;2;0;2;9843;3422197;72231;
1085;Sjælland;2024-07-18;F;9;0;4;9843;3422206;72235;
1083;Syddanmark;2024-07-18;F;2;0;0;9843;3422208;72235;
1084;Hovedstaden;2024-07-18;M;14;0;5;9843;3422222;72240;
1082;Midtjylland;2024-07-18;M;6;0;5;9843;3422228;72245;
1081;Nordjylland;2024-07-18;M;3;0;3;9843;3422231;72248;
1085;Sjælland;2024-07-18;M;2;0;0;9843;3422233;72248;
1083;Syddanmark;2024-07-18;M;10;0;4;9843;3422243;72252;
1084;Hovedstaden;2024-07-19;F;17;0;1;9843;3422260;72253;
1082;Midtjylland;2024-07-19;F;3;0;1;9843;3422263;72254;
1081;Nordjylland;2024-07-19;F;3;0;1;9843;3422266;72255;
1085;Sjælland;2024-07-19;F;2;1;2;9844;3422268;72257;
1083;Syddanmark;2024-07-19;F;3;0;3;9844;3422271;72260;
1084;Hovedstaden;2024-07-19;M;11;0;1;9844;3422282;72261;
1082;Midtjylland;2024-07-19;M;1;0;0;9844;3422283;72261;
1085;Sjælland;2024-07-19;M;6;0;4;9844;3422289;72265;
1083;Syddanmark;2024-07-19;M;6;1;3;9845;3422295;72268;
1084;Hovedstaden;2024-07-20;F;8;1;6;9846;3422303;72274;
1082;Midtjylland;2024-07-20;F;4;1;4;9847;3422307;72278;
1085;Sjælland;2024-07-20;F;2;0;1;9847;3422309;72279;
1083;Syddanmark;2024-07-20;F;7;1;5;9848;3422316;72284;
1084;Hovedstaden;2024-07-20;M;15;2;10;9850;3422331;72294;
1082;Midtjylland;2024-07-20;M;5;0;5;9850;3422336;72299;
1081;Nordjylland;2024-07-20;M;2;0;1;9850;3422338;72300;
1085;Sjælland;2024-07-20;M;2;0;2;9850;3422340;72302;
1083;Syddanmark;2024-07-20;M;5;0;4;9850;3422345;72306;
1084;Hovedstaden;2024-07-21;F;9;0;4;9850;3422354;72310;
1082;Midtjylland;2024-07-21;F;2;0;1;9850;3422356;72311;
1081;Nordjylland;2024-07-21;F;3;0;3;9850;3422359;72314;
1085;Sjælland;2024-07-21;F;7;0;6;9850;3422366;72320;
1083;Syddanmark;2024-07-21;F;6;0;2;9850;3422372;72322;
1084;Hovedstaden;2024-07-21;M;3;0;3;9850;3422375;72325;
1082;Midtjylland;2024-07-21;M;3;0;3;9850;3422378;72328;
1081;Nordjylland;2024-07-21;M;3;0;2;9850;3422381;72330;
1085;Sjælland;2024-07-21;M;3;1;1;9851;3422384;72331;
1083;Syddanmark;2024-07-21;M;7;1;4;9852;3422391;72335;
1084;Hovedstaden;2024-07-22;F;24;0;5;9852;3422415;72340;
1082;Midtjylland;2024-07-22;F;6;0;1;9852;3422421;72341;
1081;Nordjylland;2024-07-22;F;3;0;3;9852;3422424;72344;
1085;Sjælland;2024-07-22;F;2;0;1;9852;3422426;72345;
1083;Syddanmark;2024-07-22;F;8;0;5;9852;3422434;72350;
1084;Hovedstaden;2024-07-22;M;24;3;11;9855;3422458;72361;
1082;Midtjylland;2024-07-22;M;4;0;2;9855;3422462;72363;
1081;Nordjylland;2024-07-22;M;5;1;5;9856;3422467;72368;
1085;Sjælland;2024-07-22;M;3;1;1;9857;3422470;72369;
1083;Syddanmark;2024-07-22;M;10;0;3;9857;3422480;72372;
1084;Hovedstaden;2024-07-23;F;25;0;2;9857;3422505;72374;
1082;Midtjylland;2024-07-23;F;4;1;3;9858;3422509;72377;
1081;Nordjylland;2024-07-23;F;4;0;2;9858;3422513;72379;
1085;Sjælland;2024-07-23;F;4;0;1;9858;3422517;72380;
1083;Syddanmark;2024-07-23;F;8;0;0;9858;3422525;72380;
1084;Hovedstaden;2024-07-23;M;18;0;7;9858;3422543;72387;
1082;Midtjylland;2024-07-23;M;3;0;3;9858;3422546;72390;
1085;Sjælland;2024-07-23;M;8;0;2;9858;3422554;72392;
1083;Syddanmark;2024-07-23;M;1;0;0;9858;3422555;72392;
1084;Hovedstaden;2024-07-24;F;14;1;3;9859;3422569;72395;
1082;Midtjylland;2024-07-24;F;5;0;2;9859;3422574;72397;
1081;Nordjylland;2024-07-24;F;5;0;3;9859;3422579;72400;
1085;Sjælland;2024-07-24;F;3;0;1;9859;3422582;72401;
1083;Syddanmark;2024-07-24;F;6;0;3;9859;3422588;72404;
1084;Hovedstaden;2024-07-24;M;20;0;0;9859;3422608;72404;
1082;Midtjylland;2024-07-24;M;6;0;2;9859;3422614;72406;
1081;Nordjylland;2024-07-24;M;1;0;0;9859;3422615;72406;
1085;Sjælland;2024-07-24;M;2;0;0;9859;3422617;72406;
1083;Syddanmark;2024-07-24;M;4;0;3;9859;3422621;72409;
1084;Hovedstaden;2024-07-25;F;19;3;8;9862;3422640;72417;
1082;Midtjylland;2024-07-25;F;1;1;1;9863;3422641;72418;
1081;Nordjylland;2024-07-25;F;2;0;1;9863;3422643;72419;
1085;Sjælland;2024-07-25;F;3;0;0;9863;3422646;72419;
1083;Syddanmark;2024-07-25;F;5;0;2;9863;3422651;72421;
1084;Hovedstaden;2024-07-25;M;16;0;5;9863;3422667;72426;
1082;Midtjylland;2024-07-25;M;8;0;3;9863;3422675;72429;
1081;Nordjylland;2024-07-25;M;2;1;2;9864;3422677;72431;
1085;Sjælland;2024-07-25;M;5;1;2;9865;3422682;72433;
1083;Syddanmark;2024-07-25;M;7;0;4;9865;3422689;72437;
1084;Hovedstaden;2024-07-26;F;13;0;3;9865;3422702;72440;
1082;Midtjylland;2024-07-26;F;3;1;1;9866;3422705;72441;
1085;Sjælland;2024-07-26;F;6;1;4;9867;3422711;72445;
1083;Syddanmark;2024-07-26;F;6;0;2;9867;3422717;72447;
1084;Hovedstaden;2024-07-26;M;10;0;3;9867;3422727;72450;
1081;Nordjylland;2024-07-26;M;2;0;1;9867;3422729;72451;
1085;Sjælland;2024-07-26;M;3;0;3;9867;3422732;72454;
1083;Syddanmark;2024-07-26;M;4;0;2;9867;3422736;72456;
1084;Hovedstaden;2024-07-27;F;11;0;3;9867;3422747;72459;
1081;Nordjylland;2024-07-27;F;3;0;2;9867;3422750;72461;
1085;Sjælland;2024-07-27;F;5;0;1;9867;3422755;72462;
1083;Syddanmark;2024-07-27;F;2;0;2;9867;3422757;72464;
1084;Hovedstaden;2024-07-27;M;5;0;5;9867;3422762;72469;
1082;Midtjylland;2024-07-27;M;2;0;2;9867;3422764;72471;
1081;Nordjylland;2024-07-27;M;3;1;2;9868;3422767;72473;
1085;Sjælland;2024-07-27;M;1;0;1;9868;3422768;72474;
1083;Syddanmark;2024-07-27;M;2;0;1;9868;3422770;72475;
1084;Hovedstaden;2024-07-28;F;3;0;2;9868;3422773;72477;
1082;Midtjylland;2024-07-28;F;2;0;1;9868;3422775;72478;
1081;Nordjylland;2024-07-28;F;1;0;0;9868;3422776;72478;
1085;Sjælland;2024-07-28;F;1;0;1;9868;3422777;72479;
1083;Syddanmark;2024-07-28;F;1;0;1;9868;3422778;72480;
1084;Hovedstaden;2024-07-28;M;9;0;2;9868;3422787;72482;
1082;Midtjylland;2024-07-28;M;3;0;3;9868;3422790;72485;
1081;Nordjylland;2024-07-28;M;4;1;4;9869;3422794;72489;
1085;Sjælland;2024-07-28;M;4;0;2;9869;3422798;72491;
1083;Syddanmark;2024-07-28;M;4;0;1;9869;3422802;72492;
1084;Hovedstaden;2024-07-29;F;10;0;1;9869;3422812;72493;
1082;Midtjylland;2024-07-29;F;3;0;2;9869;3422815;72495;
1081;Nordjylland;2024-07-29;F;2;0;2;9869;3422817;72497;
1085;Sjælland;2024-07-29;F;4;0;2;9869;3422821;72499;
1083;Syddanmark;2024-07-29;F;5;0;0;9869;3422826;72499;
1084;Hovedstaden;2024-07-29;M;19;1;5;9870;3422845;72504;
1082;Midtjylland;2024-07-29;M;4;0;2;9870;3422849;72506;
1081;Nordjylland;2024-07-29;M;6;0;6;9870;3422855;72512;
1085;Sjælland;2024-07-29;M;2;0;2;9870;3422857;72514;
1083;Syddanmark;2024-07-29;M;2;0;1;9870;3422859;72515;
1084;Hovedstaden;2024-07-30;F;19;1;9;9871;3422878;72524;
1082;Midtjylland;2024-07-30;F;2;0;1;9871;3422880;72525;
1081;Nordjylland;2024-07-30;F;3;0;1;9871;3422883;72526;
1085;Sjælland;2024-07-30;F;4;0;4;9871;3422887;72530;
1083;Syddanmark;2024-07-30;F;3;0;2;9871;3422890;72532;
1084;Hovedstaden;2024-07-30;M;12;0;7;9871;3422902;72539;
1082;Midtjylland;2024-07-30;M;4;0;3;9871;3422906;72542;
1081;Nordjylland;2024-07-30;M;3;0;3;9871;3422909;72545;
1085;Sjælland;2024-07-30;M;3;0;2;9871;3422912;72547;
1083;Syddanmark;2024-07-30;M;6;0;5;9871;3422918;72552;
1084;Hovedstaden;2024-07-31;F;14;0;2;9871;3422932;72554;
1082;Midtjylland;2024-07-31;F;2;0;1;9871;3422934;72555;
1081;Nordjylland;2024-07-31;F;1;0;1;9871;3422935;72556;
1085;Sjælland;2024-07-31;F;3;1;3;9872;3422938;72559;
1083;Syddanmark;2024-07-31;F;3;0;1;9872;3422941;72560;
1084;Hovedstaden;2024-07-31;M;18;3;8;9875;3422959;72568;
1082;Midtjylland;2024-07-31;M;3;1;3;9876;3422962;72571;
1081;Nordjylland;2024-07-31;M;1;0;0;9876;3422963;72571;
1085;Sjælland;2024-07-31;M;3;0;2;9876;3422966;72573;
1083;Syddanmark;2024-07-31;M;6;0;5;9876;3422972;72578;
1084;Hovedstaden;2024-08-01;F;9;0;0;9876;3422981;72578;
1082;Midtjylland;2024-08-01;F;2;0;0;9876;3422983;72578;
1081;Nordjylland;2024-08-01;F;1;0;1;9876;3422984;72579;
1085;Sjælland;2024-08-01;F;3;0;1;9876;3422987;72580;
1083;Syddanmark;2024-08-01;F;6;0;2;9876;3422993;72582;
1084;Hovedstaden;2024-08-01;M;12;0;3;9876;3423005;72585;
1082;Midtjylland;2024-08-01;M;1;0;1;9876;3423006;72586;
1081;Nordjylland;2024-08-01;M;4;0;1;9876;3423010;72587;
1085;Sjælland;2024-08-01;M;2;0;0;9876;3423012;72587;
1083;Syddanmark;2024-08-01;M;3;0;1;9876;3423015;72588;
1084;Hovedstaden;2024-08-02;F;8;1;5;9877;3423023;72593;
1082;Midtjylland;2024-08-02;F;2;0;1;9877;3423025;72594;
1081;Nordjylland;2024-08-02;F;3;0;1;9877;3423028;72595;
1085;Sjælland;2024-08-02;F;2;0;1;9877;3423030;72596;
1083;Syddanmark;2024-08-02;F;2;0;1;9877;3423032;72597;
1084;Hovedstaden;2024-08-02;M;8;0;2;9877;3423040;72599;
1082;Midtjylland;2024-08-02;M;4;2;4;9879;3423044;72603;
1081;Nordjylland;2024-08-02;M;3;1;3;9880;3423047;72606;
1085;Sjælland;2024-08-02;M;3;1;3;9881;3423050;72609;
1083;Syddanmark;2024-08-02;M;5;0;1;9881;3423055;72610;
1084;Hovedstaden;2024-08-03;F;4;0;1;9881;3423059;72611;
1081;Nordjylland;2024-08-03;F;1;0;1;9881;3423060;72612;
1085;Sjælland;2024-08-03;F;3;0;3;9881;3423063;72615;
1083;Syddanmark;2024-08-03;F;2;0;2;9881;3423065;72617;
1084;Hovedstaden;2024-08-03;M;10;2;10;9883;3423075;72627;
1082;Midtjylland;2024-08-03;M;7;0;7;9883;3423082;72634;
1081;Nordjylland;2024-08-03;M;3;0;1;9883;3423085;72635;
1083;Syddanmark;2024-08-03;M;2;1;2;9884;3423087;72637;
1084;Hovedstaden;2024-08-04;F;7;0;3;9884;3423094;72640;
1082;Midtjylland;2024-08-04;F;3;0;2;9884;3423097;72642;
1081;Nordjylland;2024-08-04;F;2;0;1;9884;3423099;72643;
1085;Sjælland;2024-08-04;F;9;1;6;9885;3423108;72649;
1083;Syddanmark;2024-08-04;F;3;0;1;9885;3423111;72650;
1084;Hovedstaden;2024-08-04;M;8;0;3;9885;3423119;72653;
1082;Midtjylland;2024-08-04;M;3;0;2;9885;3423122;72655;
1085;Sjælland;2024-08-04;M;2;0;2;9885;3423124;72657;
1083;Syddanmark;2024-08-04;M;4;0;2;9885;3423128;72659;
1084;Hovedstaden;2024-08-05;F;14;0;3;9885;3423142;72662;
1082;Midtjylland;2024-08-05;F;4;0;0;9885;3423146;72662;
1085;Sjælland;2024-08-05;F;2;0;2;9885;3423148;72664;
1083;Syddanmark;2024-08-05;F;5;0;3;9885;3423153;72667;
1084;Hovedstaden;2024-08-05;M;13;0;3;9885;3423166;72670;
1082;Midtjylland;2024-08-05;M;3;1;3;9886;3423169;72673;
1081;Nordjylland;2024-08-05;M;6;0;5;9886;3423175;72678;
1085;Sjælland;2024-08-05;M;4;0;1;9886;3423179;72679;
1083;Syddanmark;2024-08-05;M;4;1;2;9887;3423183;72681;
1084;Hovedstaden;2024-08-06;F;19;0;5;9887;3423202;72686;
1082;Midtjylland;2024-08-06;F;5;0;1;9887;3423207;72687;
1081;Nordjylland;2024-08-06;F;1;0;0;9887;3423208;72687;
1085;Sjælland;2024-08-06;F;1;0;0;9887;3423209;72687;
1083;Syddanmark;2024-08-06;F;5;0;3;9887;3423214;72690;
1084;Hovedstaden;2024-08-06;M;6;0;0;9887;3423220;72690;
1082;Midtjylland;2024-08-06;M;6;0;4;9887;3423226;72694;
1081;Nordjylland;2024-08-06;M;6;0;4;9887;3423232;72698;
1085;Sjælland;2024-08-06;M;2;1;1;9888;3423234;72699;
1083;Syddanmark;2024-08-06;M;5;0;3;9888;3423239;72702;
1084;Hovedstaden;2024-08-07;F;10;0;3;9888;3423249;72705;
1082;Midtjylland;2024-08-07;F;2;0;0;9888;3423251;72705;
1081;Nordjylland;2024-08-07;F;1;0;1;9888;3423252;72706;
1085;Sjælland;2024-08-07;F;4;0;2;9888;3423256;72708;
1083;Syddanmark;2024-08-07;F;5;0;0;9888;3423261;72708;
1084;Hovedstaden;2024-08-07;M;16;1;6;9889;3423277;72714;
1082;Midtjylland;2024-08-07;M;1;0;0;9889;3423278;72714;
1081;Nordjylland;2024-08-07;M;2;1;1;9890;3423280;72715;
1085;Sjælland;2024-08-07;M;4;0;2;9890;3423284;72717;
1083;Syddanmark;2024-08-07;M;4;0;3;9890;3423288;72720;
1084;Hovedstaden;2024-08-08;F;21;0;3;9890;3423309;72723;
1082;Midtjylland;2024-08-08;F;4;0;1;9890;3423313;72724;
1081;Nordjylland;2024-08-08;F;3;1;2;9891;3423316;72726;
1085;Sjælland;2024-08-08;F;2;0;0;9891;3423318;72726;
1083;Syddanmark;2024-08-08;F;4;0;2;9891;3423322;72728;
1084;Hovedstaden;2024-08-08;M;11;1;4;9892;3423333;72732;
1082;Midtjylland;2024-08-08;M;4;0;3;9892;3423337;72735;
1081;Nordjylland;2024-08-08;M;2;1;2;9893;3423339;72737;
1085;Sjælland;2024-08-08;M;4;0;3;9893;3423343;72740;
1083;Syddanmark;2024-08-08;M;4;1;3;9894;3423347;72743;
1084;Hovedstaden;2024-08-09;F;15;0;4;9894;3423362;72747;
1082;Midtjylland;2024-08-09;F;3;0;1;9894;3423365;72748;
1081;Nordjylland;2024-08-09;F;2;0;1;9894;3423367;72749;
1085;Sjælland;2024-08-09;F;1;0;1;9894;3423368;72750;
1083;Syddanmark;2024-08-09;F;4;0;1;9894;3423372;72751;
1084;Hovedstaden;2024-08-09;M;12;1;5;9895;3423384;72756;
1082;Midtjylland;2024-08-09;M;2;0;2;9895;3423386;72758;
1081;Nordjylland;2024-08-09;M;1;0;1;9895;3423387;72759;
1085;Sjælland;2024-08-09;M;6;0;5;9895;3423393;72764;
1083;Syddanmark;2024-08-09;M;9;0;7;9895;3423402;72771;
1084;Hovedstaden;2024-08-10;F;7;0;2;9895;3423409;72773;
1082;Midtjylland;2024-08-10;F;3;1;2;9896;3423412;72775;
1085;Sjælland;2024-08-10;F;2;1;1;9897;3423414;72776;
1083;Syddanmark;2024-08-10;F;3;1;2;9898;3423417;72778;
1084;Hovedstaden;2024-08-10;M;4;2;3;9900;3423421;72781;
1082;Midtjylland;2024-08-10;M;4;0;4;9900;3423425;72785;
1081;Nordjylland;2024-08-10;M;1;0;0;9900;3423426;72785;
1085;Sjælland;2024-08-10;M;5;0;2;9900;3423431;72787;
1083;Syddanmark;2024-08-10;M;2;0;1;9900;3423433;72788;
1084;Hovedstaden;2024-08-11;F;3;0;3;9900;3423436;72791;
1082;Midtjylland;2024-08-11;F;2;0;0;9900;3423438;72791;
1081;Nordjylland;2024-08-11;F;2;0;1;9900;3423440;72792;
1085;Sjælland;2024-08-11;F;1;0;1;9900;3423441;72793;
1083;Syddanmark;2024-08-11;F;3;0;3;9900;3423444;72796;
1084;Hovedstaden;2024-08-11;M;5;0;0;9900;3423449;72796;
1082;Midtjylland;2024-08-11;M;1;1;0;9901;3423450;72796;
1081;Nordjylland;2024-08-11;M;2;0;2;9901;3423452;72798;
1085;Sjælland;2024-08-11;M;9;0;3;9901;3423461;72801;
1083;Syddanmark;2024-08-11;M;1;0;0;9901;3423462;72801;
1084;Hovedstaden;2024-08-12;F;19;0;1;9901;3423481;72802;
1082;Midtjylland;2024-08-12;F;5;1;2;9902;3423486;72804;
1081;Nordjylland;2024-08-12;F;4;0;2;9902;3423490;72806;
1085;Sjælland;2024-08-12;F;8;0;5;9902;3423498;72811;
1083;Syddanmark;2024-08-12;F;8;0;1;9902;3423506;72812;
1084;Hovedstaden;2024-08-12;M;16;0;5;9902;3423522;72817;
1082;Midtjylland;2024-08-12;M;3;0;1;9902;3423525;72818;
1081;Nordjylland;2024-08-12;M;1;0;1;9902;3423526;72819;
1085;Sjælland;2024-08-12;M;3;0;2;9902;3423529;72821;
1083;Syddanmark;2024-08-12;M;4;0;2;9902;3423533;72823;
1084;Hovedstaden;2024-08-13;F;23;0;5;9902;3423556;72828;
1082;Midtjylland;2024-08-13;F;2;0;2;9902;3423558;72830;
1081;Nordjylland;2024-08-13;F;1;0;1;9902;3423559;72831;
1085;Sjælland;2024-08-13;F;4;0;3;9902;3423563;72834;
1083;Syddanmark;2024-08-13;F;5;0;1;9902;3423568;72835;
1084;Hovedstaden;2024-08-13;M;11;0;4;9902;3423579;72839;
1082;Midtjylland;2024-08-13;M;4;1;3;9903;3423583;72842;
1081;Nordjylland;2024-08-13;M;3;0;1;9903;3423586;72843;
1085;Sjælland;2024-08-13;M;5;1;3;9904;3423591;72846;
1083;Syddanmark;2024-08-13;M;5;0;3;9904;3423596;72849;
1084;Hovedstaden;2024-08-14;F;22;1;5;9905;3423618;72854;
1082;Midtjylland;2024-08-14;F;2;0;1;9905;3423620;72855;
1081;Nordjylland;2024-08-14;F;1;0;0;9905;3423621;72855;
1085;Sjælland;2024-08-14;F;3;0;2;9905;3423624;72857;
1083;Syddanmark;2024-08-14;F;2;0;1;9905;3423626;72858;
1084;Hovedstaden;2024-08-14;M;20;1;6;9906;3423646;72864;
1082;Midtjylland;2024-08-14;M;6;0;2;9906;3423652;72866;
1081;Nordjylland;2024-08-14;M;3;0;1;9906;3423655;72867;
1085;Sjælland;2024-08-14;M;5;0;2;9906;3423660;72869;
1083;Syddanmark;2024-08-14;M;8;0;3;9906;3423668;72872;
1084;Hovedstaden;2024-08-15;F;23;0;4;9906;3423691;72876;
1082;Midtjylland;2024-08-15;F;4;0;2;9906;3423695;72878;
1081;Nordjylland;2024-08-15;F;2;0;1;9906;3423697;72879;
1085;Sjælland;2024-08-15;F;2;0;2;9906;3423699;72881;
1083;Syddanmark;2024-08-15;F;8;0;3;9906;3423707;72884;
1084;Hovedstaden;2024-08-15;M;15;0;7;9906;3423722;72891;
1082;Midtjylland;2024-08-15;M;5;0;3;9906;3423727;72894;
1085;Sjælland;2024-08-15;M;2;0;1;9906;3423729;72895;
1083;Syddanmark;2024-08-15;M;6;0;2;9906;3423735;72897;
1084;Hovedstaden;2024-08-16;F;15;0;3;9906;3423750;72900;
1082;Midtjylland;2024-08-16;F;2;0;1;9906;3423752;72901;
1081;Nordjylland;2024-08-16;F;2;1;1;9907;3423754;72902;
1085;Sjælland;2024-08-16;F;5;0;3;9907;3423759;72905;
1083;Syddanmark;2024-08-16;F;5;0;4;9907;3423764;72909;
1084;Hovedstaden;2024-08-16;M;15;0;3;9907;3423779;72912;
1082;Midtjylland;2024-08-16;M;5;0;5;9907;3423784;72917;
1081;Nordjylland;2024-08-16;M;3;0;2;9907;3423787;72919;
1085;Sjælland;2024-08-16;M;3;0;2;9907;3423790;72921;
1083;Syddanmark;2024-08-16;M;1;0;0;9907;3423791;72921;
1084;Hovedstaden;2024-08-17;F;7;0;2;9907;3423798;72923;
1082;Midtjylland;2024-08-17;F;4;1;2;9908;3423802;72925;
1081;Nordjylland;2024-08-17;F;1;0;1;9908;3423803;72926;
1085;Sjælland;2024-08-17;F;4;0;3;9908;3423807;72929;
1083;Syddanmark;2024-08-17;F;3;0;2;9908;3423810;72931;
1084;Hovedstaden;2024-08-17;M;4;0;3;9908;3423814;72934;
1082;Midtjylland;2024-08-17;M;2;0;1;9908;3423816;72935;
1081;Nordjylland;2024-08-17;M;2;1;2;9909;3423818;72937;
1085;Sjælland;2024-08-17;M;1;0;1;9909;3423819;72938;
1083;Syddanmark;2024-08-17;M;2;0;2;9909;3423821;72940;
1084;Hovedstaden;2024-08-18;F;4;1;0;9910;3423825;72940;
1082;Midtjylland;2024-08-18;F;1;0;0;9910;3423826;72940;
1081;Nordjylland;2024-08-18;F;3;0;3;9910;3423829;72943;
1085;Sjælland;2024-08-18;F;4;0;0;9910;3423833;72943;
1083;Syddanmark;2024-08-18;F;1;0;0;9910;3423834;72943;
1084;Hovedstaden;2024-08-18;M;10;0;5;9910;3423844;72948;
1082;Midtjylland;2024-08-18;M;2;0;1;9910;3423846;72949;
1085;Sjælland;2024-08-18;M;7;0;6;9910;3423853;72955;
1083;Syddanmark;2024-08-18;M;2;0;2;9910;3423855;72957;
1084;Hovedstaden;2024-08-19;F;23;1;5;9911;3423878;72962;
1082;Midtjylland;2024-08-19;F;5;0;2;9911;3423883;72964;
1081;Nordjylland;2024-08-19;F;3;0;2;9911;3423886;72966;
1085;Sjælland;2024-08-19;F;5;0;2;9911;3423891;72968;
1083;Syddanmark;2024-08-19;F;4;0;2;9911;3423895;72970;
1084;Hovedstaden;2024-08-19;M;21;1;6;9912;3423916;72976;
1082;Midtjylland;2024-08-19;M;8;0;3;9912;3423924;72979;
1081;Nordjylland;2024-08-19;M;1;0;1;9912;3423925;72980;
1085;Sjælland;2024-08-19;M;2;0;1;9912;3423927;72981;
1083;Syddanmark;2024-08-19;M;6;0;3;9912;3423933;72984;
1084;Hovedstaden;2024-08-20;F;18;0;3;9912;3423951;72987;
1082;Midtjylland;2024-08-20;F;7;0;1;9912;3423958;72988;
1081;Nordjylland;2024-08-20;F;6;1;3;9913;3423964;72991;
1085;Sjælland;2024-08-20;F;4;0;3;9913;3423968;72994;
1083;Syddanmark;2024-08-20;F;5;1;2;9914;3423973;72996;
1084;Hovedstaden;2024-08-20;M;18;0;3;9914;3423991;72999;
1082;Midtjylland;2024-08-20;M;4;0;1;9914;3423995;73000;
1081;Nordjylland;2024-08-20;M;3;0;2;9914;3423998;73002;
1085;Sjælland;2024-08-20;M;5;0;2;9914;3424003;73004;
1083;Syddanmark;2024-08-20;M;7;0;4;9914;3424010;73008;
1084;Hovedstaden;2024-08-21;F;23;0;3;9914;3424033;73011;
1082;Midtjylland;2024-08-21;F;3;0;1;9914;3424036;73012;
1081;Nordjylland;2024-08-21;F;1;0;0;9914;3424037;73012;
1085;Sjælland;2024-08-21;F;1;0;1;9914;3424038;73013;
1083;Syddanmark;2024-08-21;F;4;0;1;9914;3424042;73014;
1084;Hovedstaden;2024-08-21;M;14;1;2;9915;3424056;73016;
1082;Midtjylland;2024-08-21;M;8;1;2;9916;3424064;73018;
1081;Nordjylland;2024-08-21;M;4;0;2;9916;3424068;73020;
1085;Sjælland;2024-08-21;M;2;0;2;9916;3424070;73022;
1083;Syddanmark;2024-08-21;M;3;0;3;9916;3424073;73025;
1084;Hovedstaden;2024-08-22;F;26;1;3;9917;3424099;73028;
1082;Midtjylland;2024-08-22;F;5;0;1;9917;3424104;73029;
1081;Nordjylland;2024-08-22;F;4;0;3;9917;3424108;73032;
1085;Sjælland;2024-08-22;F;1;0;0;9917;3424109;73032;
1083;Syddanmark;2024-08-22;F;7;0;4;9917;3424116;73036;
1084;Hovedstaden;2024-08-22;M;15;1;3;9918;3424131;73039;
1082;Midtjylland;2024-08-22;M;9;1;5;9919;3424140;73044;
1081;Nordjylland;2024-08-22;M;2;0;2;9919;3424142;73046;
1085;Sjælland;2024-08-22;M;2;0;1;9919;3424144;73047;
1083;Syddanmark;2024-08-22;M;4;1;3;9920;3424148;73050;
1084;Hovedstaden;2024-08-23;F;23;0;2;9920;3424171;73052;
1082;Midtjylland;2024-08-23;F;7;0;3;9920;3424178;73055;
1081;Nordjylland;2024-08-23;F;1;0;0;9920;3424179;73055;
1085;Sjælland;2024-08-23;F;3;0;1;9920;3424182;73056;
1083;Syddanmark;2024-08-23;F;4;0;3;9920;3424186;73059;
1084;Hovedstaden;2024-08-23;M;19;1;2;9921;3424205;73061;
1082;Midtjylland;2024-08-23;M;5;0;2;9921;3424210;73063;
1081;Nordjylland;2024-08-23;M;1;0;1;9921;3424211;73064;
1085;Sjælland;2024-08-23;M;2;0;1;9921;3424213;73065;
1083;Syddanmark;2024-08-23;M;4;0;1;9921;3424217;73066;
1084;Hovedstaden;2024-08-24;F;5;0;3;9921;3424222;73069;
1082;Midtjylland;2024-08-24;F;2;0;0;9921;3424224;73069;
1081;Nordjylland;2024-08-24;F;6;0;6;9921;3424230;73075;
1085;Sjælland;2024-08-24;F;4;0;3;9921;3424234;73078;
1083;Syddanmark;2024-08-24;F;4;0;3;9921;3424238;73081;
1084;Hovedstaden;2024-08-24;M;5;0;3;9921;3424243;73084;
1082;Midtjylland;2024-08-24;M;4;0;2;9921;3424247;73086;
1081;Nordjylland;2024-08-24;M;1;0;1;9921;3424248;73087;
1085;Sjælland;2024-08-24;M;5;0;1;9921;3424253;73088;
1083;Syddanmark;2024-08-24;M;1;0;1;9921;3424254;73089;
1084;Hovedstaden;2024-08-25;F;13;0;4;9921;3424267;73093;
1082;Midtjylland;2024-08-25;F;1;0;0;9921;3424268;73093;
1081;Nordjylland;2024-08-25;F;2;0;0;9921;3424270;73093;
1085;Sjælland;2024-08-25;F;4;1;4;9922;3424274;73097;
1083;Syddanmark;2024-08-25;F;4;0;4;9922;3424278;73101;
1084;Hovedstaden;2024-08-25;M;6;0;3;9922;3424284;73104;
1082;Midtjylland;2024-08-25;M;2;0;1;9922;3424286;73105;
1081;Nordjylland;2024-08-25;M;3;0;3;9922;3424289;73108;
1085;Sjælland;2024-08-25;M;2;0;1;9922;3424291;73109;
1083;Syddanmark;2024-08-25;M;4;0;3;9922;3424295;73112;
1084;Hovedstaden;2024-08-26;F;29;0;6;9922;3424324;73118;
1082;Midtjylland;2024-08-26;F;1;0;1;9922;3424325;73119;
1081;Nordjylland;2024-08-26;F;6;0;2;9922;3424331;73121;
1085;Sjælland;2024-08-26;F;3;0;1;9922;3424334;73122;
1083;Syddanmark;2024-08-26;F;8;0;3;9922;3424342;73125;
1084;Hovedstaden;2024-08-26;M;28;1;9;9923;3424370;73134;
1082;Midtjylland;2024-08-26;M;6;0;4;9923;3424376;73138;
1081;Nordjylland;2024-08-26;M;4;0;2;9923;3424380;73140;
1085;Sjælland;2024-08-26;M;4;0;2;9923;3424384;73142;
1083;Syddanmark;2024-08-26;M;4;0;2;9923;3424388;73144;
1084;Hovedstaden;2024-08-27;F;26;0;1;9923;3424414;73145;
1082;Midtjylland;2024-08-27;F;3;0;1;9923;3424417;73146;
1081;Nordjylland;2024-08-27;F;3;1;3;9924;3424420;73149;
1085;Sjælland;2024-08-27;F;3;0;2;9924;3424423;73151;
1083;Syddanmark;2024-08-27;F;8;0;5;9924;3424431;73156;
1084;Hovedstaden;2024-08-27;M;18;0;6;9924;3424449;73162;
1082;Midtjylland;2024-08-27;M;5;0;2;9924;3424454;73164;
1081;Nordjylland;2024-08-27;M;2;0;2;9924;3424456;73166;
1085;Sjælland;2024-08-27;M;4;0;3;9924;3424460;73169;
1083;Syddanmark;2024-08-27;M;8;0;6;9924;3424468;73175;
1084;Hovedstaden;2024-08-28;F;32;1;0;9925;3424500;73175;
1082;Midtjylland;2024-08-28;F;9;0;4;9925;3424509;73179;
1081;Nordjylland;2024-08-28;F;4;0;2;9925;3424513;73181;
1085;Sjælland;2024-08-28;F;2;1;1;9926;3424515;73182;
1083;Syddanmark;2024-08-28;F;6;1;2;9927;3424521;73184;
1084;Hovedstaden;2024-08-28;M;15;0;2;9927;3424536;73186;
1082;Midtjylland;2024-08-28;M;7;0;5;9927;3424543;73191;
1081;Nordjylland;2024-08-28;M;2;0;0;9927;3424545;73191;
1085;Sjælland;2024-08-28;M;4;0;3;9927;3424549;73194;
1083;Syddanmark;2024-08-28;M;9;1;4;9928;3424558;73198;
1084;Hovedstaden;2024-08-29;F;20;0;3;9928;3424578;73201;
1082;Midtjylland;2024-08-29;F;11;0;1;9928;3424589;73202;
1081;Nordjylland;2024-08-29;F;7;0;2;9928;3424596;73204;
1085;Sjælland;2024-08-29;F;1;0;0;9928;3424597;73204;
1083;Syddanmark;2024-08-29;F;4;0;3;9928;3424601;73207;
1084;Hovedstaden;2024-08-29;M;16;1;10;9929;3424617;73217;
1082;Midtjylland;2024-08-29;M;7;0;4;9929;3424624;73221;
1081;Nordjylland;2024-08-29;M;8;0;3;9929;3424632;73224;
1085;Sjælland;2024-08-29;M;7;0;5;9929;3424639;73229;
1083;Syddanmark;2024-08-29;M;10;1;4;9930;3424649;73233;
1084;Hovedstaden;2024-08-30;F;24;0;6;9930;3424673;73239;
1082;Midtjylland;2024-08-30;F;3;0;1;9930;3424676;73240;
1081;Nordjylland;2024-08-30;F;3;0;1;9930;3424679;73241;
1085;Sjælland;2024-08-30;F;3;0;1;9930;3424682;73242;
1083;Syddanmark;2024-08-30;F;10;0;6;9930;3424692;73248;
1084;Hovedstaden;2024-08-30;M;11;1;7;9931;3424703;73255;
1081;Nordjylland;2024-08-30;M;3;0;3;9931;3424706;73258;
1085;Sjælland;2024-08-30;M;6;2;5;9933;3424712;73263;
1083;Syddanmark;2024-08-30;M;4;0;1;9933;3424716;73264;
1084;Hovedstaden;2024-08-31;F;5;0;1;9933;3424721;73265;
1082;Midtjylland;2024-08-31;F;5;0;4;9933;3424726;73269;
1081;Nordjylland;2024-08-31;F;3;0;3;9933;3424729;73272;
1085;Sjælland;2024-08-31;F;2;0;2;9933;3424731;73274;
1083;Syddanmark;2024-08-31;F;1;0;1;9933;3424732;73275;
1084;Hovedstaden;2024-08-31;M;5;0;0;9933;3424737;73275;
1082;Midtjylland;2024-08-31;M;2;0;2;9933;3424739;73277;
1081;Nordjylland;2024-08-31;M;3;1;1;9934;3424742;73278;
1085;Sjælland;2024-08-31;M;4;2;4;9936;3424746;73282;
1083;Syddanmark;2024-08-31;M;1;0;0;9936;3424747;73282;
1084;Hovedstaden;2024-09-01;F;6;0;5;9936;3424753;73287;
1082;Midtjylland;2024-09-01;F;1;0;1;9936;3424754;73288;
1081;Nordjylland;2024-09-01;F;5;0;2;9936;3424759;73290;
1085;Sjælland;2024-09-01;F;3;0;2;9936;3424762;73292;
1083;Syddanmark;2024-09-01;F;4;0;3;9936;3424766;73295;
1084;Hovedstaden;2024-09-01;M;8;0;2;9936;3424774;73297;
1082;Midtjylland;2024-09-01;M;7;0;6;9936;3424781;73303;
1081;Nordjylland;2024-09-01;M;5;0;4;9936;3424786;73307;
1085;Sjælland;2024-09-01;M;4;0;2;9936;3424790;73309;
1083;Syddanmark;2024-09-01;M;4;1;4;9937;3424794;73313;
1084;Hovedstaden;2024-09-02;F;29;0;2;9937;3424823;73315;
1082;Midtjylland;2024-09-02;F;8;1;3;9938;3424831;73318;
1081;Nordjylland;2024-09-02;F;1;0;1;9938;3424832;73319;
1085;Sjælland;2024-09-02;F;5;0;2;9938;3424837;73321;
1083;Syddanmark;2024-09-02;F;6;0;1;9938;3424843;73322;
1084;Hovedstaden;2024-09-02;M;29;1;8;9939;3424872;73330;
1082;Midtjylland;2024-09-02;M;8;0;6;9939;3424880;73336;
1081;Nordjylland;2024-09-02;M;1;0;1;9939;3424881;73337;
1085;Sjælland;2024-09-02;M;5;0;2;9939;3424886;73339;
1083;Syddanmark;2024-09-02;M;5;0;4;9939;3424891;73343;
1084;Hovedstaden;2024-09-03;F;29;3;9;9942;3424920;73352;
1082;Midtjylland;2024-09-03;F;9;0;4;9942;3424929;73356;
1081;Nordjylland;2024-09-03;F;4;0;4;9942;3424933;73360;
1085;Sjælland;2024-09-03;F;7;0;5;9942;3424940;73365;
1083;Syddanmark;2024-09-03;F;5;0;4;9942;3424945;73369;
1084;Hovedstaden;2024-09-03;M;18;0;5;9942;3424963;73374;
1082;Midtjylland;2024-09-03;M;1;1;1;9943;3424964;73375;
1081;Nordjylland;2024-09-03;M;6;0;4;9943;3424970;73379;
1085;Sjælland;2024-09-03;M;7;1;5;9944;3424977;73384;
1083;Syddanmark;2024-09-03;M;9;0;5;9944;3424986;73389;
1084;Hovedstaden;2024-09-04;F;14;0;1;9944;3425000;73390;
1082;Midtjylland;2024-09-04;F;3;0;0;9944;3425003;73390;
1081;Nordjylland;2024-09-04;F;2;1;2;9945;3425005;73392;
1085;Sjælland;2024-09-04;F;6;0;2;9945;3425011;73394;
1083;Syddanmark;2024-09-04;F;8;0;2;9945;3425019;73396;
1084;Hovedstaden;2024-09-04;M;12;0;2;9945;3425031;73398;
1082;Midtjylland;2024-09-04;M;3;0;3;9945;3425034;73401;
1081;Nordjylland;2024-09-04;M;7;1;6;9946;3425041;73407;
1085;Sjælland;2024-09-04;M;2;0;1;9946;3425043;73408;
1083;Syddanmark;2024-09-04;M;2;1;2;9947;3425045;73410;
1084;Hovedstaden;2024-09-05;F;16;0;3;9947;3425061;73413;
1082;Midtjylland;2024-09-05;F;6;0;3;9947;3425067;73416;
1081;Nordjylland;2024-09-05;F;3;0;2;9947;3425070;73418;
1085;Sjælland;2024-09-05;F;8;1;7;9948;3425078;73425;
1083;Syddanmark;2024-09-05;F;6;0;5;9948;3425084;73430;
1084;Hovedstaden;2024-09-05;M;22;0;3;9948;3425106;73433;
1082;Midtjylland;2024-09-05;M;12;0;5;9948;3425118;73438;
1081;Nordjylland;2024-09-05;M;4;0;2;9948;3425122;73440;
1085;Sjælland;2024-09-05;M;4;1;3;9949;3425126;73443;
1083;Syddanmark;2024-09-05;M;12;1;7;9950;3425138;73450;
1084;Hovedstaden;2024-09-06;F;23;1;6;9951;3425161;73456;
1082;Midtjylland;2024-09-06;F;4;0;0;9951;3425165;73456;
1081;Nordjylland;2024-09-06;F;4;0;2;9951;3425169;73458;
1085;Sjælland;2024-09-06;F;6;0;2;9951;3425175;73460;
1083;Syddanmark;2024-09-06;F;4;0;2;9951;3425179;73462;
1084;Hovedstaden;2024-09-06;M;13;0;6;9951;3425192;73468;
1082;Midtjylland;2024-09-06;M;6;1;3;9952;3425198;73471;
1081;Nordjylland;2024-09-06;M;3;0;1;9952;3425201;73472;
1085;Sjælland;2024-09-06;M;12;0;7;9952;3425213;73479;
1083;Syddanmark;2024-09-06;M;8;0;7;9952;3425221;73486;
1084;Hovedstaden;2024-09-07;F;6;0;3;9952;3425227;73489;
1082;Midtjylland;2024-09-07;F;2;0;0;9952;3425229;73489;
1081;Nordjylland;2024-09-07;F;4;0;2;9952;3425233;73491;
1085;Sjælland;2024-09-07;F;3;0;2;9952;3425236;73493;
1083;Syddanmark;2024-09-07;F;3;0;2;9952;3425239;73495;
1084;Hovedstaden;2024-09-07;M;9;1;3;9953;3425248;73498;
1082;Midtjylland;2024-09-07;M;2;0;2;9953;3425250;73500;
1081;Nordjylland;2024-09-07;M;5;1;5;9954;3425255;73505;
1085;Sjælland;2024-09-07;M;7;0;7;9954;3425262;73512;
1083;Syddanmark;2024-09-07;M;4;0;3;9954;3425266;73515;
1084;Hovedstaden;2024-09-08;F;12;0;6;9954;3425278;73521;
1082;Midtjylland;2024-09-08;F;2;0;1;9954;3425280;73522;
1081;Nordjylland;2024-09-08;F;2;1;2;9955;3425282;73524;
1085;Sjælland;2024-09-08;F;2;0;1;9955;3425284;73525;
1083;Syddanmark;2024-09-08;F;2;0;2;9955;3425286;73527;
1084;Hovedstaden;2024-09-08;M;10;0;4;9955;3425296;73531;
1082;Midtjylland;2024-09-08;M;1;0;1;9955;3425297;73532;
1085;Sjælland;2024-09-08;M;11;0;6;9955;3425308;73538;
1083;Syddanmark;2024-09-08;M;4;0;3;9955;3425312;73541;
1084;Hovedstaden;2024-09-09;F;26;1;5;9956;3425338;73546;
1082;Midtjylland;2024-09-09;F;7;0;3;9956;3425345;73549;
1085;Sjælland;2024-09-09;F;6;1;5;9957;3425351;73554;
1083;Syddanmark;2024-09-09;F;10;0;3;9957;3425361;73557;
1084;Hovedstaden;2024-09-09;M;16;0;2;9957;3425377;73559;
1082;Midtjylland;2024-09-09;M;1;0;0;9957;3425378;73559;
1081;Nordjylland;2024-09-09;M;2;0;2;9957;3425380;73561;
1085;Sjælland;2024-09-09;M;4;0;3;9957;3425384;73564;
1083;Syddanmark;2024-09-09;M;7;0;5;9957;3425391;73569;
1084;Hovedstaden;2024-09-10;F;14;0;4;9957;3425405;73573;
1082;Midtjylland;2024-09-10;F;2;0;1;9957;3425407;73574;
1081;Nordjylland;2024-09-10;F;3;1;1;9958;3425410;73575;
1085;Sjælland;2024-09-10;F;2;0;2;9958;3425412;73577;
1083;Syddanmark;2024-09-10;F;7;0;3;9958;3425419;73580;
1084;Hovedstaden;2024-09-10;M;10;0;2;9958;3425429;73582;
1082;Midtjylland;2024-09-10;M;2;0;2;9958;3425431;73584;
1081;Nordjylland;2024-09-10;M;3;0;3;9958;3425434;73587;
1083;Syddanmark;2024-09-10;M;8;0;6;9958;3425442;73593;
1084;Hovedstaden;2024-09-11;F;16;0;3;9958;3425458;73596;
1082;Midtjylland;2024-09-11;F;5;0;2;9958;3425463;73598;
1081;Nordjylland;2024-09-11;F;3;1;3;9959;3425466;73601;
1085;Sjælland;2024-09-11;F;5;1;3;9960;3425471;73604;
1083;Syddanmark;2024-09-11;F;3;1;2;9961;3425474;73606;
1084;Hovedstaden;2024-09-11;M;12;0;3;9961;3425486;73609;
1081;Nordjylland;2024-09-11;M;5;1;4;9962;3425491;73613;
1085;Sjælland;2024-09-11;M;5;1;4;9963;3425496;73617;
1083;Syddanmark;2024-09-11;M;5;1;3;9964;3425501;73620;
1084;Hovedstaden;2024-09-12;F;11;0;3;9964;3425512;73623;
1082;Midtjylland;2024-09-12;F;2;0;1;9964;3425514;73624;
1081;Nordjylland;2024-09-12;F;2;0;1;9964;3425516;73625;
1085;Sjælland;2024-09-12;F;1;0;0;9964;3425517;73625;
1083;Syddanmark;2024-09-12;F;4;0;2;9964;3425521;73627;
1084;Hovedstaden;2024-09-12;M;7;0;2;9964;3425528;73629;
1082;Midtjylland;2024-09-12;M;2;0;0;9964;3425530;73629;
1081;Nordjylland;2024-09-12;M;3;0;2;9964;3425533;73631;
1085;Sjælland;2024-09-12;M;9;0;8;9964;3425542;73639;
1084;Hovedstaden;2024-09-13;F;7;0;1;9964;3425549;73640;
1082;Midtjylland;2024-09-13;F;3;0;2;9964;3425552;73642;
1085;Sjælland;2024-09-13;F;1;0;0;9964;3425553;73642;
1083;Syddanmark;2024-09-13;F;2;1;1;9965;3425555;73643;
1084;Hovedstaden;2024-09-13;M;9;0;2;9965;3425564;73645;
1082;Midtjylland;2024-09-13;M;3;0;3;9965;3425567;73648;
1081;Nordjylland;2024-09-13;M;3;0;2;9965;3425570;73650;
1085;Sjælland;2024-09-13;M;4;0;3;9965;3425574;73653;
1083;Syddanmark;2024-09-13;M;3;0;2;9965;3425577;73655;
1084;Hovedstaden;2024-09-14;F;6;0;2;9965;3425583;73657;
1082;Midtjylland;2024-09-14;F;2;1;2;9966;3425585;73659;
1081;Nordjylland;2024-09-14;F;4;0;4;9966;3425589;73663;
1085;Sjælland;2024-09-14;F;4;0;2;9966;3425593;73665;
1083;Syddanmark;2024-09-14;F;1;0;1;9966;3425594;73666;
1084;Hovedstaden;2024-09-14;M;8;0;7;9966;3425602;73673;
1082;Midtjylland;2024-09-14;M;2;0;2;9966;3425604;73675;
1085;Sjælland;2024-09-14;M;2;0;1;9966;3425606;73676;
1083;Syddanmark;2024-09-14;M;5;0;3;9966;3425611;73679;
1084;Hovedstaden;2024-09-15;F;9;2;6;9968;3425620;73685;
1082;Midtjylland;2024-09-15;F;4;1;2;9969;3425624;73687;
1081;Nordjylland;2024-09-15;F;3;0;3;9969;3425627;73690;
1085;Sjælland;2024-09-15;F;7;1;5;9970;3425634;73695;
1083;Syddanmark;2024-09-15;F;1;0;0;9970;3425635;73695;
1084;Hovedstaden;2024-09-15;M;7;1;3;9971;3425642;73698;
1082;Midtjylland;2024-09-15;M;1;0;1;9971;3425643;73699;
1081;Nordjylland;2024-09-15;M;1;0;1;9971;3425644;73700;
1085;Sjælland;2024-09-15;M;3;0;2;9971;3425647;73702;
1083;Syddanmark;2024-09-15;M;1;0;1;9971;3425648;73703;
1084;Hovedstaden;2024-09-16;F;19;1;6;9972;3425667;73709;
1082;Midtjylland;2024-09-16;F;1;0;0;9972;3425668;73709;
1081;Nordjylland;2024-09-16;F;3;0;2;9972;3425671;73711;
1085;Sjælland;2024-09-16;F;5;0;3;9972;3425676;73714;
1083;Syddanmark;2024-09-16;F;8;0;3;9972;3425684;73717;
1084;Hovedstaden;2024-09-16;M;11;0;4;9972;3425695;73721;
1082;Midtjylland;2024-09-16;M;2;0;1;9972;3425697;73722;
1081;Nordjylland;2024-09-16;M;3;1;3;9973;3425700;73725;
1085;Sjælland;2024-09-16;M;5;0;4;9973;3425705;73729;
1083;Syddanmark;2024-09-16;M;3;0;3;9973;3425708;73732;
1084;Hovedstaden;2024-09-17;F;15;0;2;9973;3425723;73734;
1082;Midtjylland;2024-09-17;F;7;1;6;9974;3425730;73740;
1085;Sjælland;2024-09-17;F;8;0;5;9974;3425738;73745;
1083;Syddanmark;2024-09-17;F;2;0;1;9974;3425740;73746;
1084;Hovedstaden;2024-09-17;M;22;0;6;9974;3425762;73752;
1082;Midtjylland;2024-09-17;M;3;1;2;9975;3425765;73754;
1085;Sjælland;2024-09-17;M;5;0;3;9975;3425770;73757;
1083;Syddanmark;2024-09-17;M;8;1;3;9976;3425778;73760;
1084;Hovedstaden;2024-09-18;F;22;0;5;9976;3425800;73765;
1082;Midtjylland;2024-09-18;F;2;0;1;9976;3425802;73766;
1081;Nordjylland;2024-09-18;F;1;0;1;9976;3425803;73767;
1085;Sjælland;2024-09-18;F;3;1;2;9977;3425806;73769;
1083;Syddanmark;2024-09-18;F;3;0;2;9977;3425809;73771;
1084;Hovedstaden;2024-09-18;M;9;0;3;9977;3425818;73774;
1082;Midtjylland;2024-09-18;M;2;1;2;9978;3425820;73776;
1081;Nordjylland;2024-09-18;M;2;0;1;9978;3425822;73777;
1085;Sjælland;2024-09-18;M;3;0;0;9978;3425825;73777;
1083;Syddanmark;2024-09-18;M;5;0;4;9978;3425830;73781;
1084;Hovedstaden;2024-09-19;F;12;0;1;9978;3425842;73782;
1082;Midtjylland;2024-09-19;F;3;0;1;9978;3425845;73783;
1081;Nordjylland;2024-09-19;F;1;0;1;9978;3425846;73784;
1085;Sjælland;2024-09-19;F;2;0;1;9978;3425848;73785;
1083;Syddanmark;2024-09-19;F;5;0;2;9978;3425853;73787;
1084;Hovedstaden;2024-09-19;M;8;1;1;9979;3425861;73788;
1082;Midtjylland;2024-09-19;M;4;0;1;9979;3425865;73789;
1081;Nordjylland;2024-09-19;M;1;0;1;9979;3425866;73790;
1085;Sjælland;2024-09-19;M;5;0;3;9979;3425871;73793;
1083;Syddanmark;2024-09-19;M;8;1;4;9980;3425879;73797;
1084;Hovedstaden;2024-09-20;F;16;1;5;9981;3425895;73802;
1082;Midtjylland;2024-09-20;F;2;0;1;9981;3425897;73803;
1081;Nordjylland;2024-09-20;F;3;0;2;9981;3425900;73805;
1085;Sjælland;2024-09-20;F;1;0;0;9981;3425901;73805;
1083;Syddanmark;2024-09-20;F;4;0;1;9981;3425905;73806;
1084;Hovedstaden;2024-09-20;M;16;0;4;9981;3425921;73810;
1082;Midtjylland;2024-09-20;M;2;0;1;9981;3425923;73811;
1085;Sjælland;2024-09-20;M;5;1;4;9982;3425928;73815;
1083;Syddanmark;2024-09-20;M;3;0;2;9982;3425931;73817;
1084;Hovedstaden;2024-09-21;F;7;0;2;9982;3425938;73819;
1082;Midtjylland;2024-09-21;F;4;0;3;9982;3425942;73822;
1081;Nordjylland;2024-09-21;F;3;0;3;9982;3425945;73825;
1085;Sjælland;2024-09-21;F;2;1;2;9983;3425947;73827;
1083;Syddanmark;2024-09-21;F;1;0;1;9983;3425948;73828;
1084;Hovedstaden;2024-09-21;M;5;1;2;9984;3425953;73830;
1082;Midtjylland;2024-09-21;M;1;0;1;9984;3425954;73831;
1081;Nordjylland;2024-09-21;M;1;0;1;9984;3425955;73832;
1085;Sjælland;2024-09-21;M;5;0;4;9984;3425960;73836;
1083;Syddanmark;2024-09-21;M;4;0;3;9984;3425964;73839;
1084;Hovedstaden;2024-09-22;F;10;1;6;9985;3425974;73845;
1082;Midtjylland;2024-09-22;F;2;0;1;9985;3425976;73846;
1081;Nordjylland;2024-09-22;F;4;1;4;9986;3425980;73850;
1085;Sjælland;2024-09-22;F;5;1;3;9987;3425985;73853;
1083;Syddanmark;2024-09-22;F;4;0;3;9987;3425989;73856;
1084;Hovedstaden;2024-09-22;M;6;2;5;9989;3425995;73861;
1082;Midtjylland;2024-09-22;M;1;0;1;9989;3425996;73862;
1081;Nordjylland;2024-09-22;M;5;0;3;9989;3426001;73865;
1085;Sjælland;2024-09-22;M;4;0;4;9989;3426005;73869;
1083;Syddanmark;2024-09-22;M;4;0;3;9989;3426009;73872;
1084;Hovedstaden;2024-09-23;F;22;0;3;9989;3426031;73875;
1082;Midtjylland;2024-09-23;F;5;0;2;9989;3426036;73877;
1081;Nordjylland;2024-09-23;F;5;0;1;9989;3426041;73878;
1085;Sjælland;2024-09-23;F;8;0;4;9989;3426049;73882;
1083;Syddanmark;2024-09-23;F;7;0;4;9989;3426056;73886;
1084;Hovedstaden;2024-09-23;M;21;0;6;9989;3426077;73892;
1082;Midtjylland;2024-09-23;M;5;0;3;9989;3426082;73895;
1081;Nordjylland;2024-09-23;M;4;0;3;9989;3426086;73898;
1085;Sjælland;2024-09-23;M;4;0;2;9989;3426090;73900;
1083;Syddanmark;2024-09-23;M;2;0;1;9989;3426092;73901;
1084;Hovedstaden;2024-09-24;F;14;0;5;9989;3426106;73906;
1082;Midtjylland;2024-09-24;F;3;0;2;9989;3426109;73908;
1081;Nordjylland;2024-09-24;F;1;0;1;9989;3426110;73909;
1085;Sjælland;2024-09-24;F;2;0;2;9989;3426112;73911;
1083;Syddanmark;2024-09-24;F;7;0;2;9989;3426119;73913;
1084;Hovedstaden;2024-09-24;M;11;0;3;9989;3426130;73916;
1082;Midtjylland;2024-09-24;M;6;0;4;9989;3426136;73920;
1081;Nordjylland;2024-09-24;M;3;0;3;9989;3426139;73923;
1085;Sjælland;2024-09-24;M;2;0;2;9989;3426141;73925;
1083;Syddanmark;2024-09-24;M;4;0;3;9989;3426145;73928;
1084;Hovedstaden;2024-09-25;F;22;0;6;9989;3426167;73934;
1082;Midtjylland;2024-09-25;F;5;1;2;9990;3426172;73936;
1081;Nordjylland;2024-09-25;F;1;0;1;9990;3426173;73937;
1085;Sjælland;2024-09-25;F;1;0;1;9990;3426174;73938;
1083;Syddanmark;2024-09-25;F;2;0;1;9990;3426176;73939;
1084;Hovedstaden;2024-09-25;M;19;1;6;9991;3426195;73945;
1082;Midtjylland;2024-09-25;M;5;1;4;9992;3426200;73949;
1081;Nordjylland;2024-09-25;M;2;0;1;9992;3426202;73950;
1085;Sjælland;2024-09-25;M;4;1;3;9993;3426206;73953;
1083;Syddanmark;2024-09-25;M;5;0;2;9993;3426211;73955;
1084;Hovedstaden;2024-09-26;F;17;0;3;9993;3426228;73958;
1082;Midtjylland;2024-09-26;F;3;0;2;9993;3426231;73960;
1081;Nordjylland;2024-09-26;F;1;0;1;9993;3426232;73961;
1085;Sjælland;2024-09-26;F;3;0;2;9993;3426235;73963;
1083;Syddanmark;2024-09-26;F;6;0;3;9993;3426241;73966;
1084;Hovedstaden;2024-09-26;M;16;0;7;9993;3426257;73973;
1082;Midtjylland;2024-09-26;M;4;0;2;9993;3426261;73975;
1081;Nordjylland;2024-09-26;M;2;0;2;9993;3426263;73977;
1085;Sjælland;2024-09-26;M;4;0;4;9993;3426267;73981;
1083;Syddanmark;2024-09-26;M;3;0;1;9993;3426270;73982;
1084;Hovedstaden;2024-09-27;F;9;1;3;9994;3426279;73985;
1082;Midtjylland;2024-09-27;F;4;0;3;9994;3426283;73988;
1085;Sjælland;2024-09-27;F;2;0;1;9994;3426285;73989;
1083;Syddanmark;2024-09-27;F;6;0;2;9994;3426291;73991;
1084;Hovedstaden;2024-09-27;M;8;1;4;9995;3426299;73995;
1082;Midtjylland;2024-09-27;M;3;1;2;9996;3426302;73997;
1081;Nordjylland;2024-09-27;M;3;0;3;9996;3426305;74000;
1085;Sjælland;2024-09-27;M;2;1;2;9997;3426307;74002;
1083;Syddanmark;2024-09-27;M;1;0;1;9997;3426308;74003;
1084;Hovedstaden;2024-09-28;F;7;0;3;9997;3426315;74006;
1082;Midtjylland;2024-09-28;F;2;0;2;9997;3426317;74008;
1081;Nordjylland;2024-09-28;F;2;0;2;9997;3426319;74010;
1085;Sjælland;2024-09-28;F;2;0;1;9997;3426321;74011;
1083;Syddanmark;2024-09-28;F;4;0;3;9997;3426325;74014;
1084;Hovedstaden;2024-09-28;M;2;0;1;9997;3426327;74015;
1082;Midtjylland;2024-09-28;M;2;1;2;9998;3426329;74017;
1081;Nordjylland;2024-09-28;M;3;0;2;9998;3426332;74019;
1085;Sjælland;2024-09-28;M;2;0;2;9998;3426334;74021;
1083;Syddanmark;2024-09-28;M;2;0;2;9998;3426336;74023;
1084;Hovedstaden;2024-09-29;F;4;1;1;9999;3426340;74024;
1081;Nordjylland;2024-09-29;F;1;0;0;9999;3426341;74024;
1085;Sjælland;2024-09-29;F;2;0;1;9999;3426343;74025;
1083;Syddanmark;2024-09-29;F;2;0;1;9999;3426345;74026;
1084;Hovedstaden;2024-09-29;M;6;1;1;10000;3426351;74027;
1082;Midtjylland;2024-09-29;M;1;0;1;10000;3426352;74028;
1081;Nordjylland;2024-09-29;M;1;0;1;10000;3426353;74029;
1085;Sjælland;2024-09-29;M;3;0;2;10000;3426356;74031;
1083;Syddanmark;2024-09-29;M;5;1;5;10001;3426361;74036;
1084;Hovedstaden;2024-09-30;F;16;0;3;10001;3426377;74039;
1082;Midtjylland;2024-09-30;F;5;1;4;10002;3426382;74043;
1081;Nordjylland;2024-09-30;F;3;0;1;10002;3426385;74044;
1085;Sjælland;2024-09-30;F;1;0;1;10002;3426386;74045;
1083;Syddanmark;2024-09-30;F;5;0;3;10002;3426391;74048;
1084;Hovedstaden;2024-09-30;M;9;0;5;10002;3426400;74053;
1082;Midtjylland;2024-09-30;M;1;0;1;10002;3426401;74054;
1081;Nordjylland;2024-09-30;M;2;0;1;10002;3426403;74055;
1085;Sjælland;2024-09-30;M;1;0;0;10002;3426404;74055;
1083;Syddanmark;2024-09-30;M;8;0;6;10002;3426412;74061;
1084;Hovedstaden;2024-10-01;F;18;0;4;10002;3426430;74065;
1082;Midtjylland;2024-10-01;F;3;0;3;10002;3426433;74068;
1081;Nordjylland;2024-10-01;F;3;0;1;10002;3426436;74069;
1085;Sjælland;2024-10-01;F;6;0;4;10002;3426442;74073;
1083;Syddanmark;2024-10-01;F;6;0;3;10002;3426448;74076;
1084;Hovedstaden;2024-10-01;M;11;0;2;10002;3426459;74078;
1082;Midtjylland;2024-10-01;M;4;0;1;10002;3426463;74079;
1081;Nordjylland;2024-10-01;M;4;0;2;10002;3426467;74081;
1085;Sjælland;2024-10-01;M;3;0;3;10002;3426470;74084;
1084;Hovedstaden;2024-10-02;F;27;1;12;10003;3426497;74096;
1082;Midtjylland;2024-10-02;F;4;0;1;10003;3426501;74097;
1085;Sjælland;2024-10-02;F;6;1;4;10004;3426507;74101;
1083;Syddanmark;2024-10-02;F;7;0;5;10004;3426514;74106;
1084;Hovedstaden;2024-10-02;M;9;0;4;10004;3426523;74110;
1082;Midtjylland;2024-10-02;M;2;0;0;10004;3426525;74110;
1081;Nordjylland;2024-10-02;M;2;0;1;10004;3426527;74111;
1085;Sjælland;2024-10-02;M;6;2;5;10006;3426533;74116;
1083;Syddanmark;2024-10-02;M;3;1;1;10007;3426536;74117;
1084;Hovedstaden;2024-10-03;F;19;1;8;10008;3426555;74125;
1082;Midtjylland;2024-10-03;F;2;0;0;10008;3426557;74125;
1081;Nordjylland;2024-10-03;F;4;0;4;10008;3426561;74129;
1085;Sjælland;2024-10-03;F;3;1;2;10009;3426564;74131;
1083;Syddanmark;2024-10-03;F;3;0;1;10009;3426567;74132;
1084;Hovedstaden;2024-10-03;M;16;0;7;10009;3426583;74139;
1082;Midtjylland;2024-10-03;M;5;0;2;10009;3426588;74141;
1081;Nordjylland;2024-10-03;M;2;1;1;10010;3426590;74142;
1085;Sjælland;2024-10-03;M;6;0;4;10010;3426596;74146;
1083;Syddanmark;2024-10-03;M;6;0;4;10010;3426602;74150;
1084;Hovedstaden;2024-10-04;F;10;0;2;10010;3426612;74152;
1082;Midtjylland;2024-10-04;F;5;0;4;10010;3426617;74156;
1081;Nordjylland;2024-10-04;F;1;0;0;10010;3426618;74156;
1085;Sjælland;2024-10-04;F;5;1;3;10011;3426623;74159;
1083;Syddanmark;2024-10-04;F;3;0;2;10011;3426626;74161;
1084;Hovedstaden;2024-10-04;M;12;0;2;10011;3426638;74163;
1082;Midtjylland;2024-10-04;M;3;0;3;10011;3426641;74166;
1081;Nordjylland;2024-10-04;M;3;1;2;10012;3426644;74168;
1085;Sjælland;2024-10-04;M;8;1;5;10013;3426652;74173;
1083;Syddanmark;2024-10-04;M;7;1;5;10014;3426659;74178;
1084;Hovedstaden;2024-10-05;F;6;2;4;10016;3426665;74182;
1085;Sjælland;2024-10-05;F;3;1;1;10017;3426668;74183;
1083;Syddanmark;2024-10-05;F;5;0;4;10017;3426673;74187;
1084;Hovedstaden;2024-10-05;M;9;1;4;10018;3426682;74191;
1082;Midtjylland;2024-10-05;M;5;1;5;10019;3426687;74196;
1081;Nordjylland;2024-10-05;M;2;0;2;10019;3426689;74198;
1085;Sjælland;2024-10-05;M;2;1;1;10020;3426691;74199;
1083;Syddanmark;2024-10-05;M;4;0;3;10020;3426695;74202;
1084;Hovedstaden;2024-10-06;F;7;0;4;10020;3426702;74206;
1082;Midtjylland;2024-10-06;F;5;0;3;10020;3426707;74209;
1081;Nordjylland;2024-10-06;F;3;1;2;10021;3426710;74211;
1085;Sjælland;2024-10-06;F;4;0;3;10021;3426714;74214;
1083;Syddanmark;2024-10-06;F;5;0;3;10021;3426719;74217;
1084;Hovedstaden;2024-10-06;M;10;1;8;10022;3426729;74225;
1082;Midtjylland;2024-10-06;M;5;0;4;10022;3426734;74229;
1081;Nordjylland;2024-10-06;M;1;0;1;10022;3426735;74230;
1085;Sjælland;2024-10-06;M;3;0;0;10022;3426738;74230;
1083;Syddanmark;2024-10-06;M;4;0;4;10022;3426742;74234;
1084;Hovedstaden;2024-10-07;F;22;0;5;10022;3426764;74239;
1082;Midtjylland;2024-10-07;F;7;0;4;10022;3426771;74243;
1081;Nordjylland;2024-10-07;F;3;0;3;10022;3426774;74246;
1085;Sjælland;2024-10-07;F;4;0;3;10022;3426778;74249;
1083;Syddanmark;2024-10-07;F;17;0;11;10022;3426795;74260;
1084;Hovedstaden;2024-10-07;M;20;2;8;10024;3426815;74268;
1082;Midtjylland;2024-10-07;M;4;0;1;10024;3426819;74269;
1081;Nordjylland;2024-10-07;M;4;0;3;10024;3426823;74272;
1085;Sjælland;2024-10-07;M;6;1;4;10025;3426829;74276;
1083;Syddanmark;2024-10-07;M;7;0;6;10025;3426836;74282;
1084;Hovedstaden;2024-10-08;F;28;0;6;10025;3426864;74288;
1082;Midtjylland;2024-10-08;F;5;0;1;10025;3426869;74289;
1081;Nordjylland;2024-10-08;F;3;0;1;10025;3426872;74290;
1085;Sjælland;2024-10-08;F;6;0;3;10025;3426878;74293;
1083;Syddanmark;2024-10-08;F;5;0;2;10025;3426883;74295;
1084;Hovedstaden;2024-10-08;M;23;0;5;10025;3426906;74300;
1082;Midtjylland;2024-10-08;M;3;0;3;10025;3426909;74303;
1081;Nordjylland;2024-10-08;M;4;0;3;10025;3426913;74306;
1085;Sjælland;2024-10-08;M;5;1;5;10026;3426918;74311;
1083;Syddanmark;2024-10-08;M;10;1;4;10027;3426928;74315;
1084;Hovedstaden;2024-10-09;F;18;0;4;10027;3426946;74319;
1082;Midtjylland;2024-10-09;F;5;0;2;10027;3426951;74321;
1081;Nordjylland;2024-10-09;F;3;0;1;10027;3426954;74322;
1085;Sjælland;2024-10-09;F;9;0;5;10027;3426963;74327;
1083;Syddanmark;2024-10-09;F;6;0;2;10027;3426969;74329;
1084;Hovedstaden;2024-10-09;M;9;0;3;10027;3426978;74332;
1082;Midtjylland;2024-10-09;M;4;0;2;10027;3426982;74334;
1081;Nordjylland;2024-10-09;M;1;0;0;10027;3426983;74334;
1085;Sjælland;2024-10-09;M;8;1;4;10028;3426991;74338;
1083;Syddanmark;2024-10-09;M;5;0;3;10028;3426996;74341;
1084;Hovedstaden;2024-10-10;F;17;1;4;10029;3427013;74345;
1082;Midtjylland;2024-10-10;F;4;0;2;10029;3427017;74347;
1081;Nordjylland;2024-10-10;F;3;1;3;10030;3427020;74350;
1085;Sjælland;2024-10-10;F;5;0;1;10030;3427025;74351;
1083;Syddanmark;2024-10-10;F;5;0;3;10030;3427030;74354;
1084;Hovedstaden;2024-10-10;M;10;0;4;10030;3427040;74358;
1082;Midtjylland;2024-10-10;M;2;0;2;10030;3427042;74360;
1081;Nordjylland;2024-10-10;M;7;1;7;10031;3427049;74367;
1085;Sjælland;2024-10-10;M;9;0;5;10031;3427058;74372;
1083;Syddanmark;2024-10-10;M;4;0;4;10031;3427062;74376;
1084;Hovedstaden;2024-10-11;F;9;0;3;10031;3427071;74379;
1082;Midtjylland;2024-10-11;F;1;0;1;10031;3427072;74380;
1081;Nordjylland;2024-10-11;F;4;0;4;10031;3427076;74384;
1085;Sjælland;2024-10-11;F;4;0;3;10031;3427080;74387;
1083;Syddanmark;2024-10-11;F;4;0;3;10031;3427084;74390;
1084;Hovedstaden;2024-10-11;M;17;0;4;10031;3427101;74394;
1082;Midtjylland;2024-10-11;M;3;0;3;10031;3427104;74397;
1081;Nordjylland;2024-10-11;M;1;0;1;10031;3427105;74398;
1085;Sjælland;2024-10-11;M;6;0;3;10031;3427111;74401;
1083;Syddanmark;2024-10-11;M;11;1;8;10032;3427122;74409;
1084;Hovedstaden;2024-10-12;F;6;0;2;10032;3427128;74411;
1082;Midtjylland;2024-10-12;F;6;0;6;10032;3427134;74417;
1081;Nordjylland;2024-10-12;F;3;0;2;10032;3427137;74419;
1085;Sjælland;2024-10-12;F;5;0;3;10032;3427142;74422;
1083;Syddanmark;2024-10-12;F;6;1;6;10033;3427148;74428;
1084;Hovedstaden;2024-10-12;M;13;4;9;10037;3427161;74437;
1082;Midtjylland;2024-10-12;M;4;0;3;10037;3427165;74440;
1081;Nordjylland;2024-10-12;M;1;0;1;10037;3427166;74441;
1083;Syddanmark;2024-10-12;M;4;0;3;10037;3427170;74444;
1084;Hovedstaden;2024-10-13;F;13;2;8;10039;3427183;74452;
1082;Midtjylland;2024-10-13;F;2;0;1;10039;3427185;74453;
1081;Nordjylland;2024-10-13;F;1;0;0;10039;3427186;74453;
1085;Sjælland;2024-10-13;F;3;0;2;10039;3427189;74455;
1083;Syddanmark;2024-10-13;F;5;0;3;10039;3427194;74458;
1084;Hovedstaden;2024-10-13;M;9;0;6;10039;3427203;74464;
1082;Midtjylland;2024-10-13;M;1;0;1;10039;3427204;74465;
1081;Nordjylland;2024-10-13;M;2;0;2;10039;3427206;74467;
1085;Sjælland;2024-10-13;M;1;0;1;10039;3427207;74468;
1083;Syddanmark;2024-10-13;M;7;0;7;10039;3427214;74475;
1084;Hovedstaden;2024-10-14;F;23;0;7;10039;3427237;74482;
1082;Midtjylland;2024-10-14;F;5;0;1;10039;3427242;74483;
1085;Sjælland;2024-10-14;F;4;0;4;10039;3427246;74487;
1083;Syddanmark;2024-10-14;F;7;0;3;10039;3427253;74490;
1084;Hovedstaden;2024-10-14;M;20;2;9;10041;3427273;74499;
1082;Midtjylland;2024-10-14;M;4;0;3;10041;3427277;74502;
1081;Nordjylland;2024-10-14;M;1;0;1;10041;3427278;74503;
1085;Sjælland;2024-10-14;M;4;0;2;10041;3427282;74505;
1083;Syddanmark;2024-10-14;M;7;0;5;10041;3427289;74510;
1084;Hovedstaden;2024-10-15;F;13;1;2;10042;3427302;74512;
1082;Midtjylland;2024-10-15;F;1;0;1;10042;3427303;74513;
1081;Nordjylland;2024-10-15;F;1;0;1;10042;3427304;74514;
1085;Sjælland;2024-10-15;F;4;1;4;10043;3427308;74518;
1083;Syddanmark;2024-10-15;F;5;0;2;10043;3427313;74520;
1084;Hovedstaden;2024-10-15;M;17;0;6;10043;3427330;74526;
1082;Midtjylland;2024-10-15;M;4;0;2;10043;3427334;74528;
1081;Nordjylland;2024-10-15;M;3;0;3;10043;3427337;74531;
1085;Sjælland;2024-10-15;M;3;0;3;10043;3427340;74534;
1083;Syddanmark;2024-10-15;M;5;0;4;10043;3427345;74538;
1084;Hovedstaden;2024-10-16;F;13;1;4;10044;3427358;74542;
1082;Midtjylland;2024-10-16;F;4;0;4;10044;3427362;74546;
1085;Sjælland;2024-10-16;F;6;0;4;10044;3427368;74550;
1083;Syddanmark;2024-10-16;F;4;1;2;10045;3427372;74552;
1084;Hovedstaden;2024-10-16;M;19;1;9;10046;3427391;74561;
1081;Nordjylland;2024-10-16;M;2;0;2;10046;3427393;74563;
1085;Sjælland;2024-10-16;M;4;1;2;10047;3427397;74565;
1083;Syddanmark;2024-10-16;M;10;1;6;10048;3427407;74571;
1084;Hovedstaden;2024-10-17;F;21;0;5;10048;3427428;74576;
1082;Midtjylland;2024-10-17;F;4;0;1;10048;3427432;74577;
1085;Sjælland;2024-10-17;F;1;0;0;10048;3427433;74577;
1083;Syddanmark;2024-10-17;F;5;1;4;10049;3427438;74581;
1084;Hovedstaden;2024-10-17;M;12;2;8;10051;3427450;74589;
1082;Midtjylland;2024-10-17;M;3;0;2;10051;3427453;74591;
1081;Nordjylland;2024-10-17;M;2;0;1;10051;3427455;74592;
1083;Syddanmark;2024-10-17;M;6;1;6;10052;3427461;74598;
1084;Hovedstaden;2024-10-18;F;19;1;6;10053;3427480;74604;
1082;Midtjylland;2024-10-18;F;5;0;3;10053;3427485;74607;
1081;Nordjylland;2024-10-18;F;2;1;1;10054;3427487;74608;
1085;Sjælland;2024-10-18;F;2;0;1;10054;3427489;74609;
1083;Syddanmark;2024-10-18;F;6;0;1;10054;3427495;74610;
1084;Hovedstaden;2024-10-18;M;11;1;3;10055;3427506;74613;
1082;Midtjylland;2024-10-18;M;4;0;1;10055;3427510;74614;
1081;Nordjylland;2024-10-18;M;2;0;2;10055;3427512;74616;
1085;Sjælland;2024-10-18;M;5;1;4;10056;3427517;74620;
1083;Syddanmark;2024-10-18;M;10;3;7;10059;3427527;74627;
1084;Hovedstaden;2024-10-19;F;6;0;3;10059;3427533;74630;
1082;Midtjylland;2024-10-19;F;2;0;2;10059;3427535;74632;
1081;Nordjylland;2024-10-19;F;1;0;0;10059;3427536;74632;
1085;Sjælland;2024-10-19;F;1;0;0;10059;3427537;74632;
1083;Syddanmark;2024-10-19;F;3;0;3;10059;3427540;74635;
1084;Hovedstaden;2024-10-19;M;8;1;6;10060;3427548;74641;
1082;Midtjylland;2024-10-19;M;3;0;2;10060;3427551;74643;
1085;Sjælland;2024-10-19;M;5;0;4;10060;3427556;74647;
1083;Syddanmark;2024-10-19;M;6;1;6;10061;3427562;74653;
1084;Hovedstaden;2024-10-20;F;8;2;5;10063;3427570;74658;
1085;Sjælland;2024-10-20;F;3;0;2;10063;3427573;74660;
1083;Syddanmark;2024-10-20;F;4;0;3;10063;3427577;74663;
1084;Hovedstaden;2024-10-20;M;12;1;8;10064;3427589;74671;
1082;Midtjylland;2024-10-20;M;6;0;4;10064;3427595;74675;
1081;Nordjylland;2024-10-20;M;3;0;2;10064;3427598;74677;
1085;Sjælland;2024-10-20;M;4;0;4;10064;3427602;74681;
1083;Syddanmark;2024-10-20;M;5;1;4;10065;3427607;74685;
1084;Hovedstaden;2024-10-21;F;29;2;7;10067;3427636;74692;
1082;Midtjylland;2024-10-21;F;2;0;1;10067;3427638;74693;
1081;Nordjylland;2024-10-21;F;4;0;3;10067;3427642;74696;
1085;Sjælland;2024-10-21;F;5;1;3;10068;3427647;74699;
1083;Syddanmark;2024-10-21;F;9;1;6;10069;3427656;74705;
1084;Hovedstaden;2024-10-21;M;19;0;5;10069;3427675;74710;
1082;Midtjylland;2024-10-21;M;7;0;5;10069;3427682;74715;
1081;Nordjylland;2024-10-21;M;3;0;2;10069;3427685;74717;
1085;Sjælland;2024-10-21;M;2;0;2;10069;3427687;74719;
1083;Syddanmark;2024-10-21;M;8;0;6;10069;3427695;74725;
1084;Hovedstaden;2024-10-22;F;25;0;7;10069;3427720;74732;
1082;Midtjylland;2024-10-22;F;5;0;0;10069;3427725;74732;
1081;Nordjylland;2024-10-22;F;1;0;0;10069;3427726;74732;
1085;Sjælland;2024-10-22;F;7;0;4;10069;3427733;74736;
1083;Syddanmark;2024-10-22;F;7;0;2;10069;3427740;74738;
1084;Hovedstaden;2024-10-22;M;16;0;2;10069;3427756;74740;
1082;Midtjylland;2024-10-22;M;4;1;4;10070;3427760;74744;
1081;Nordjylland;2024-10-22;M;1;0;1;10070;3427761;74745;
1085;Sjælland;2024-10-22;M;7;1;5;10071;3427768;74750;
1083;Syddanmark;2024-10-22;M;4;0;4;10071;3427772;74754;
1084;Hovedstaden;2024-10-23;F;22;0;9;10071;3427794;74763;
1082;Midtjylland;2024-10-23;F;2;0;1;10071;3427796;74764;
1081;Nordjylland;2024-10-23;F;1;1;1;10072;3427797;74765;
1085;Sjælland;2024-10-23;F;5;1;2;10073;3427802;74767;
1083;Syddanmark;2024-10-23;F;7;0;2;10073;3427809;74769;
1084;Hovedstaden;2024-10-23;M;16;1;3;10074;3427825;74772;
1082;Midtjylland;2024-10-23;M;2;0;1;10074;3427827;74773;
1081;Nordjylland;2024-10-23;M;1;0;1;10074;3427828;74774;
1085;Sjælland;2024-10-23;M;6;2;4;10076;3427834;74778;
1083;Syddanmark;2024-10-23;M;8;2;6;10078;3427842;74784;
1084;Hovedstaden;2024-10-24;F;19;1;6;10079;3427861;74790;
1082;Midtjylland;2024-10-24;F;1;0;0;10079;3427862;74790;
1081;Nordjylland;2024-10-24;F;1;0;1;10079;3427863;74791;
1085;Sjælland;2024-10-24;F;5;0;1;10079;3427868;74792;
1083;Syddanmark;2024-10-24;F;3;1;2;10080;3427871;74794;
1084;Hovedstaden;2024-10-24;M;12;1;6;10081;3427883;74800;
1082;Midtjylland;2024-10-24;M;1;0;1;10081;3427884;74801;
1081;Nordjylland;2024-10-24;M;3;0;2;10081;3427887;74803;
1085;Sjælland;2024-10-24;M;3;1;3;10082;3427890;74806;
1083;Syddanmark;2024-10-24;M;5;0;2;10082;3427895;74808;
1084;Hovedstaden;2024-10-25;F;18;0;8;10082;3427913;74816;
1082;Midtjylland;2024-10-25;F;1;0;0;10082;3427914;74816;
1081;Nordjylland;2024-10-25;F;1;0;1;10082;3427915;74817;
1085;Sjælland;2024-10-25;F;7;1;4;10083;3427922;74821;
1083;Syddanmark;2024-10-25;F;8;0;3;10083;3427930;74824;
1084;Hovedstaden;2024-10-25;M;12;1;8;10084;3427942;74832;
1082;Midtjylland;2024-10-25;M;3;0;2;10084;3427945;74834;
1081;Nordjylland;2024-10-25;M;5;1;4;10085;3427950;74838;
1085;Sjælland;2024-10-25;M;8;1;7;10086;3427958;74845;
1083;Syddanmark;2024-10-25;M;7;0;3;10086;3427965;74848;
1084;Hovedstaden;2024-10-26;F;6;0;1;10086;3427971;74849;
1081;Nordjylland;2024-10-26;F;1;0;1;10086;3427972;74850;
1085;Sjælland;2024-10-26;F;4;1;3;10087;3427976;74853;
1083;Syddanmark;2024-10-26;F;2;0;2;10087;3427978;74855;
1084;Hovedstaden;2024-10-26;M;7;0;5;10087;3427985;74860;
1082;Midtjylland;2024-10-26;M;5;0;4;10087;3427990;74864;
1081;Nordjylland;2024-10-26;M;3;0;1;10087;3427993;74865;
1085;Sjælland;2024-10-26;M;2;0;1;10087;3427995;74866;
1083;Syddanmark;2024-10-26;M;4;0;3;10087;3427999;74869;
1084;Hovedstaden;2024-10-27;F;4;0;3;10087;3428003;74872;
1082;Midtjylland;2024-10-27;F;1;0;1;10087;3428004;74873;
1085;Sjælland;2024-10-27;F;4;0;4;10087;3428008;74877;
1083;Syddanmark;2024-10-27;F;4;0;2;10087;3428012;74879;
1084;Hovedstaden;2024-10-27;M;3;1;3;10088;3428015;74882;
1081;Nordjylland;2024-10-27;M;1;0;1;10088;3428016;74883;
1085;Sjælland;2024-10-27;M;8;2;6;10090;3428024;74889;
1083;Syddanmark;2024-10-27;M;3;0;1;10090;3428027;74890;
1084;Hovedstaden;2024-10-28;F;24;1;8;10091;3428051;74898;
1082;Midtjylland;2024-10-28;F;2;0;0;10091;3428053;74898;
1081;Nordjylland;2024-10-28;F;3;0;1;10091;3428056;74899;
1085;Sjælland;2024-10-28;F;6;1;3;10092;3428062;74902;
1083;Syddanmark;2024-10-28;F;9;0;4;10092;3428071;74906;
1084;Hovedstaden;2024-10-28;M;13;0;1;10092;3428084;74907;
1082;Midtjylland;2024-10-28;M;2;0;2;10092;3428086;74909;
1081;Nordjylland;2024-10-28;M;3;0;2;10092;3428089;74911;
1085;Sjælland;2024-10-28;M;6;0;3;10092;3428095;74914;
1083;Syddanmark;2024-10-28;M;5;1;3;10093;3428100;74917;
1084;Hovedstaden;2024-10-29;F;21;0;3;10093;3428121;74920;
1082;Midtjylland;2024-10-29;F;2;0;1;10093;3428123;74921;
1081;Nordjylland;2024-10-29;F;2;1;1;10094;3428125;74922;
1085;Sjælland;2024-10-29;F;5;1;2;10095;3428130;74924;
1083;Syddanmark;2024-10-29;F;5;0;1;10095;3428135;74925;
1084;Hovedstaden;2024-10-29;M;21;0;12;10095;3428156;74937;
1082;Midtjylland;2024-10-29;M;4;0;3;10095;3428160;74940;
1081;Nordjylland;2024-10-29;M;2;0;1;10095;3428162;74941;
1085;Sjælland;2024-10-29;M;7;1;3;10096;3428169;74944;
1083;Syddanmark;2024-10-29;M;8;1;6;10097;3428177;74950;
1084;Hovedstaden;2024-10-30;F;11;0;2;10097;3428188;74952;
1082;Midtjylland;2024-10-30;F;2;0;0;10097;3428190;74952;
1081;Nordjylland;2024-10-30;F;3;0;3;10097;3428193;74955;
1085;Sjælland;2024-10-30;F;3;0;2;10097;3428196;74957;
1083;Syddanmark;2024-10-30;F;9;1;5;10098;3428205;74962;
1084;Hovedstaden;2024-10-30;M;11;1;3;10099;3428216;74965;
1082;Midtjylland;2024-10-30;M;1;0;1;10099;3428217;74966;
1081;Nordjylland;2024-10-30;M;3;0;2;10099;3428220;74968;
1085;Sjælland;2024-10-30;M;10;0;5;10099;3428230;74973;
1083;Syddanmark;2024-10-30;M;4;1;3;10100;3428234;74976;
1084;Hovedstaden;2024-10-31;F;13;0;3;10100;3428247;74979;
1082;Midtjylland;2024-10-31;F;5;0;1;10100;3428252;74980;
1085;Sjælland;2024-10-31;F;5;3;2;10103;3428257;74982;
1083;Syddanmark;2024-10-31;F;4;0;3;10103;3428261;74985;
1084;Hovedstaden;2024-10-31;M;9;0;4;10103;3428270;74989;
1082;Midtjylland;2024-10-31;M;5;0;4;10103;3428275;74993;
1081;Nordjylland;2024-10-31;M;1;0;1;10103;3428276;74994;
1085;Sjælland;2024-10-31;M;3;0;3;10103;3428279;74997;
1083;Syddanmark;2024-10-31;M;3;1;3;10104;3428282;75000;
1084;Hovedstaden;2024-11-01;F;17;2;4;10106;3428299;75004;
1085;Sjælland;2024-11-01;F;1;0;1;10106;3428300;75005;
1083;Syddanmark;2024-11-01;F;4;0;1;10106;3428304;75006;
1084;Hovedstaden;2024-11-01;M;9;0;4;10106;3428313;75010;
1085;Sjælland;2024-11-01;M;6;0;5;10106;3428319;75015;
1083;Syddanmark;2024-11-01;M;3;0;3;10106;3428322;75018;
1084;Hovedstaden;2024-11-02;F;9;0;9;10106;3428331;75027;
1082;Midtjylland;2024-11-02;F;3;0;1;10106;3428334;75028;
1081;Nordjylland;2024-11-02;F;1;0;0;10106;3428335;75028;
1083;Syddanmark;2024-11-02;F;1;0;1;10106;3428336;75029;
1084;Hovedstaden;2024-11-02;M;6;0;4;10106;3428342;75033;
1082;Midtjylland;2024-11-02;M;1;0;1;10106;3428343;75034;
1085;Sjælland;2024-11-02;M;3;1;3;10107;3428346;75037;
1083;Syddanmark;2024-11-02;M;3;0;3;10107;3428349;75040;
1084;Hovedstaden;2024-11-03;F;7;1;4;10108;3428356;75044;
1082;Midtjylland;2024-11-03;F;1;0;0;10108;3428357;75044;
1085;Sjælland;2024-11-03;F;3;0;3;10108;3428360;75047;
1083;Syddanmark;2024-11-03;F;2;0;1;10108;3428362;75048;
1084;Hovedstaden;2024-11-03;M;4;2;3;10110;3428366;75051;
1082;Midtjylland;2024-11-03;M;1;0;1;10110;3428367;75052;
1081;Nordjylland;2024-11-03;M;6;1;5;10111;3428373;75057;
1085;Sjælland;2024-11-03;M;2;0;1;10111;3428375;75058;
1083;Syddanmark;2024-11-03;M;4;0;4;10111;3428379;75062;
1084;Hovedstaden;2024-11-04;F;18;0;7;10111;3428397;75069;
1082;Midtjylland;2024-11-04;F;1;0;0;10111;3428398;75069;
1081;Nordjylland;2024-11-04;F;1;1;1;10112;3428399;75070;
1085;Sjælland;2024-11-04;F;3;0;2;10112;3428402;75072;
1083;Syddanmark;2024-11-04;F;6;0;2;10112;3428408;75074;
1084;Hovedstaden;2024-11-04;M;11;0;2;10112;3428419;75076;
1082;Midtjylland;2024-11-04;M;2;0;1;10112;3428421;75077;
1081;Nordjylland;2024-11-04;M;1;0;1;10112;3428422;75078;
1085;Sjælland;2024-11-04;M;4;0;2;10112;3428426;75080;
1083;Syddanmark;2024-11-04;M;2;0;1;10112;3428428;75081;
1084;Hovedstaden;2024-11-05;F;11;0;3;10112;3428439;75084;
1082;Midtjylland;2024-11-05;F;1;0;0;10112;3428440;75084;
1081;Nordjylland;2024-11-05;F;1;0;1;10112;3428441;75085;
1085;Sjælland;2024-11-05;F;4;0;2;10112;3428445;75087;
1083;Syddanmark;2024-11-05;F;3;0;1;10112;3428448;75088;
1084;Hovedstaden;2024-11-05;M;10;0;1;10112;3428458;75089;
1082;Midtjylland;2024-11-05;M;3;0;1;10112;3428461;75090;
1081;Nordjylland;2024-11-05;M;2;0;1;10112;3428463;75091;
1085;Sjælland;2024-11-05;M;4;0;4;10112;3428467;75095;
1083;Syddanmark;2024-11-05;M;4;0;1;10112;3428471;75096;
1084;Hovedstaden;2024-11-06;F;9;0;1;10112;3428480;75097;
1082;Midtjylland;2024-11-06;F;1;0;0;10112;3428481;75097;
1081;Nordjylland;2024-11-06;F;2;0;1;10112;3428483;75098;
1085;Sjælland;2024-11-06;F;7;0;2;10112;3428490;75100;
1083;Syddanmark;2024-11-06;F;2;0;0;10112;3428492;75100;
1084;Hovedstaden;2024-11-06;M;14;0;6;10112;3428506;75106;
1082;Midtjylland;2024-11-06;M;2;0;0;10112;3428508;75106;
1081;Nordjylland;2024-11-06;M;1;0;1;10112;3428509;75107;
1085;Sjælland;2024-11-06;M;3;1;2;10113;3428512;75109;
1083;Syddanmark;2024-11-06;M;5;0;5;10113;3428517;75114;
1084;Hovedstaden;2024-11-07;F;16;0;3;10113;3428533;75117;
1081;Nordjylland;2024-11-07;F;4;0;2;10113;3428537;75119;
1085;Sjælland;2024-11-07;F;7;0;4;10113;3428544;75123;
1083;Syddanmark;2024-11-07;F;6;0;4;10113;3428550;75127;
1084;Hovedstaden;2024-11-07;M;8;0;1;10113;3428558;75128;
1082;Midtjylland;2024-11-07;M;1;0;0;10113;3428559;75128;
1085;Sjælland;2024-11-07;M;5;0;4;10113;3428564;75132;
1083;Syddanmark;2024-11-07;M;5;0;3;10113;3428569;75135;
1084;Hovedstaden;2024-11-08;F;11;2;4;10115;3428580;75139;
1082;Midtjylland;2024-11-08;F;1;0;0;10115;3428581;75139;
1085;Sjælland;2024-11-08;F;3;0;3;10115;3428584;75142;
1083;Syddanmark;2024-11-08;F;4;0;2;10115;3428588;75144;
1084;Hovedstaden;2024-11-08;M;8;1;3;10116;3428596;75147;
1082;Midtjylland;2024-11-08;M;2;0;1;10116;3428598;75148;
1081;Nordjylland;2024-11-08;M;1;0;1;10116;3428599;75149;
1085;Sjælland;2024-11-08;M;5;1;2;10117;3428604;75151;
1083;Syddanmark;2024-11-08;M;5;0;2;10117;3428609;75153;
1084;Hovedstaden;2024-11-09;F;5;2;2;10119;3428614;75155;
1085;Sjælland;2024-11-09;F;1;0;0;10119;3428615;75155;
1083;Syddanmark;2024-11-09;F;2;0;2;10119;3428617;75157;
1084;Hovedstaden;2024-11-09;M;6;0;3;10119;3428623;75160;
1082;Midtjylland;2024-11-09;M;1;0;1;10119;3428624;75161;
1085;Sjælland;2024-11-09;M;4;1;4;10120;3428628;75165;
1083;Syddanmark;2024-11-09;M;2;1;2;10121;3428630;75167;
1084;Hovedstaden;2024-11-10;F;3;0;1;10121;3428633;75168;
1085;Sjælland;2024-11-10;F;5;1;4;10122;3428638;75172;
1084;Hovedstaden;2024-11-10;M;10;1;4;10123;3428648;75176;
1081;Nordjylland;2024-11-10;M;1;1;1;10124;3428649;75177;
1085;Sjælland;2024-11-10;M;1;0;1;10124;3428650;75178;
1083;Syddanmark;2024-11-10;M;3;0;3;10124;3428653;75181;
1084;Hovedstaden;2024-11-11;F;11;0;4;10124;3428664;75185;
1082;Midtjylland;2024-11-11;F;2;0;0;10124;3428666;75185;
1085;Sjælland;2024-11-11;F;7;1;3;10125;3428673;75188;
1083;Syddanmark;2024-11-11;F;4;0;3;10125;3428677;75191;
1084;Hovedstaden;2024-11-11;M;15;0;4;10125;3428692;75195;
1082;Midtjylland;2024-11-11;M;3;0;1;10125;3428695;75196;
1081;Nordjylland;2024-11-11;M;1;0;0;10125;3428696;75196;
1085;Sjælland;2024-11-11;M;2;1;1;10126;3428698;75197;
1083;Syddanmark;2024-11-11;M;6;1;3;10127;3428704;75200;
1084;Hovedstaden;2024-11-12;F;14;0;4;10127;3428718;75204;
1085;Sjælland;2024-11-12;F;4;0;2;10127;3428722;75206;
1083;Syddanmark;2024-11-12;F;2;0;1;10127;3428724;75207;
1084;Hovedstaden;2024-11-12;M;4;0;0;10127;3428728;75207;
1082;Midtjylland;2024-11-12;M;2;0;1;10127;3428730;75208;
1081;Nordjylland;2024-11-12;M;2;0;1;10127;3428732;75209;
1085;Sjælland;2024-11-12;M;5;0;1;10127;3428737;75210;
1083;Syddanmark;2024-11-12;M;4;0;2;10127;3428741;75212;
1084;Hovedstaden;2024-11-13;F;19;1;1;10128;3428760;75213;
1082;Midtjylland;2024-11-13;F;3;0;2;10128;3428763;75215;
1081;Nordjylland;2024-11-13;F;3;0;1;10128;3428766;75216;
1085;Sjælland;2024-11-13;F;3;0;0;10128;3428769;75216;
1083;Syddanmark;2024-11-13;F;2;0;0;10128;3428771;75216;
1084;Hovedstaden;2024-11-13;M;11;0;0;10128;3428782;75216;
1085;Sjælland;2024-11-13;M;3;0;2;10128;3428785;75218;
1083;Syddanmark;2024-11-13;M;3;1;1;10129;3428788;75219;
1084;Hovedstaden;2024-11-14;F;5;0;0;10129;3428793;75219;
1082;Midtjylland;2024-11-14;F;2;0;1;10129;3428795;75220;
1085;Sjælland;2024-11-14;F;5;0;2;10129;3428800;75222;
1083;Syddanmark;2024-11-14;F;9;0;5;10129;3428809;75227;
1084;Hovedstaden;2024-11-14;M;14;0;8;10129;3428823;75235;
1082;Midtjylland;2024-11-14;M;2;0;2;10129;3428825;75237;
1085;Sjælland;2024-11-14;M;4;0;3;10129;3428829;75240;
1083;Syddanmark;2024-11-14;M;5;0;3;10129;3428834;75243;
1084;Hovedstaden;2024-11-15;F;11;0;1;10129;3428845;75244;
1081;Nordjylland;2024-11-15;F;1;0;1;10129;3428846;75245;
1085;Sjælland;2024-11-15;F;4;0;2;10129;3428850;75247;
1083;Syddanmark;2024-11-15;F;3;0;1;10129;3428853;75248;
1084;Hovedstaden;2024-11-15;M;7;0;3;10129;3428860;75251;
1085;Sjælland;2024-11-15;M;7;0;4;10129;3428867;75255;
1083;Syddanmark;2024-11-15;M;5;0;4;10129;3428872;75259;
1084;Hovedstaden;2024-11-16;F;2;1;1;10130;3428874;75260;
1082;Midtjylland;2024-11-16;F;2;0;1;10130;3428876;75261;
1085;Sjælland;2024-11-16;F;2;0;2;10130;3428878;75263;
1085;Sjælland;2024-11-16;M;5;1;2;10131;3428883;75265;
1083;Syddanmark;2024-11-16;M;1;0;0;10131;3428884;75265;
1084;Hovedstaden;2024-11-17;F;8;0;3;10131;3428892;75268;
1082;Midtjylland;2024-11-17;F;1;1;1;10132;3428893;75269;
1085;Sjælland;2024-11-17;F;2;0;2;10132;3428895;75271;
1084;Hovedstaden;2024-11-17;M;3;0;3;10132;3428898;75274;
1085;Sjælland;2024-11-17;M;5;1;5;10133;3428903;75279;
1083;Syddanmark;2024-11-17;M;1;0;1;10133;3428904;75280;
1084;Hovedstaden;2024-11-18;F;17;0;2;10133;3428921;75282;
1082;Midtjylland;2024-11-18;F;4;0;0;10133;3428925;75282;
1085;Sjælland;2024-11-18;F;5;1;3;10134;3428930;75285;
1083;Syddanmark;2024-11-18;F;2;0;1;10134;3428932;75286;
1084;Hovedstaden;2024-11-18;M;6;0;1;10134;3428938;75287;
1082;Midtjylland;2024-11-18;M;1;0;0;10134;3428939;75287;
1085;Sjælland;2024-11-18;M;5;0;4;10134;3428944;75291;
1083;Syddanmark;2024-11-18;M;5;0;2;10134;3428949;75293;
1084;Hovedstaden;2024-11-19;F;6;0;0;10134;3428955;75293;
1085;Sjælland;2024-11-19;F;3;1;2;10135;3428958;75295;
1083;Syddanmark;2024-11-19;F;2;0;2;10135;3428960;75297;
1084;Hovedstaden;2024-11-19;M;9;0;2;10135;3428969;75299;
1082;Midtjylland;2024-11-19;M;1;0;1;10135;3428970;75300;
1085;Sjælland;2024-11-19;M;3;0;3;10135;3428973;75303;
1083;Syddanmark;2024-11-19;M;3;1;2;10136;3428976;75305;
1084;Hovedstaden;2024-11-20;F;8;1;3;10137;3428984;75308;
1082;Midtjylland;2024-11-20;F;1;0;0;10137;3428985;75308;
1085;Sjælland;2024-11-20;F;6;0;2;10137;3428991;75310;
1083;Syddanmark;2024-11-20;F;2;0;1;10137;3428993;75311;
1084;Hovedstaden;2024-11-20;M;6;0;1;10137;3428999;75312;
1081;Nordjylland;2024-11-20;M;3;0;1;10137;3429002;75313;
1085;Sjælland;2024-11-20;M;4;0;2;10137;3429006;75315;
1083;Syddanmark;2024-11-20;M;3;0;1;10137;3429009;75316;
1084;Hovedstaden;2024-11-21;F;17;0;4;10137;3429026;75320;
1082;Midtjylland;2024-11-21;F;2;0;0;10137;3429028;75320;
1081;Nordjylland;2024-11-21;F;1;0;0;10137;3429029;75320;
1085;Sjælland;2024-11-21;F;3;0;2;10137;3429032;75322;
1083;Syddanmark;2024-11-21;F;1;0;0;10137;3429033;75322;
1084;Hovedstaden;2024-11-21;M;7;0;4;10137;3429040;75326;
1082;Midtjylland;2024-11-21;M;2;0;2;10137;3429042;75328;
1081;Nordjylland;2024-11-21;M;1;0;0;10137;3429043;75328;
1085;Sjælland;2024-11-21;M;6;1;4;10138;3429049;75332;
1083;Syddanmark;2024-11-21;M;4;0;3;10138;3429053;75335;
1084;Hovedstaden;2024-11-22;F;10;0;4;10138;3429063;75339;
1082;Midtjylland;2024-11-22;F;2;0;0;10138;3429065;75339;
1081;Nordjylland;2024-11-22;F;1;0;1;10138;3429066;75340;
1085;Sjælland;2024-11-22;F;5;0;2;10138;3429071;75342;
1083;Syddanmark;2024-11-22;F;2;0;1;10138;3429073;75343;
1084;Hovedstaden;2024-11-22;M;8;0;3;10138;3429081;75346;
1082;Midtjylland;2024-11-22;M;2;0;1;10138;3429083;75347;
1085;Sjælland;2024-11-22;M;3;0;2;10138;3429086;75349;
1083;Syddanmark;2024-11-22;M;3;0;2;10138;3429089;75351;
1084;Hovedstaden;2024-11-23;F;8;0;6;10138;3429097;75357;
1082;Midtjylland;2024-11-23;F;1;0;0;10138;3429098;75357;
1081;Nordjylland;2024-11-23;F;1;0;0;10138;3429099;75357;
1085;Sjælland;2024-11-23;F;2;1;2;10139;3429101;75359;
1084;Hovedstaden;2024-11-23;M;6;0;3;10139;3429107;75362;
1082;Midtjylland;2024-11-23;M;1;0;1;10139;3429108;75363;
1085;Sjælland;2024-11-23;M;1;0;1;10139;3429109;75364;
1083;Syddanmark;2024-11-23;M;3;0;2;10139;3429112;75366;
1084;Hovedstaden;2024-11-24;F;7;0;5;10139;3429119;75371;
1081;Nordjylland;2024-11-24;F;1;0;0;10139;3429120;75371;
1085;Sjælland;2024-11-24;F;3;0;1;10139;3429123;75372;
1083;Syddanmark;2024-11-24;F;2;0;2;10139;3429125;75374;
1084;Hovedstaden;2024-11-24;M;4;0;3;10139;3429129;75377;
1085;Sjælland;2024-11-24;M;4;0;3;10139;3429133;75380;
1083;Syddanmark;2024-11-24;M;2;0;2;10139;3429135;75382;
1084;Hovedstaden;2024-11-25;F;16;0;1;10139;3429151;75383;
1082;Midtjylland;2024-11-25;F;2;0;2;10139;3429153;75385;
1081;Nordjylland;2024-11-25;F;1;0;1;10139;3429154;75386;
1085;Sjælland;2024-11-25;F;8;2;6;10141;3429162;75392;
1083;Syddanmark;2024-11-25;F;5;0;3;10141;3429167;75395;
1084;Hovedstaden;2024-11-25;M;7;0;2;10141;3429174;75397;
1082;Midtjylland;2024-11-25;M;1;0;0;10141;3429175;75397;
1081;Nordjylland;2024-11-25;M;1;0;0;10141;3429176;75397;
1085;Sjælland;2024-11-25;M;2;0;0;10141;3429178;75397;
1083;Syddanmark;2024-11-25;M;2;0;2;10141;3429180;75399;
1084;Hovedstaden;2024-11-26;F;11;0;2;10141;3429191;75401;
1085;Sjælland;2024-11-26;F;3;0;1;10141;3429194;75402;
1083;Syddanmark;2024-11-26;F;1;0;1;10141;3429195;75403;
1084;Hovedstaden;2024-11-26;M;8;1;2;10142;3429203;75405;
1082;Midtjylland;2024-11-26;M;2;0;0;10142;3429205;75405;
1085;Sjælland;2024-11-26;M;5;2;3;10144;3429210;75408;
1083;Syddanmark;2024-11-26;M;1;0;0;10144;3429211;75408;
1084;Hovedstaden;2024-11-27;F;12;0;1;10144;3429223;75409;
1082;Midtjylland;2024-11-27;F;1;0;0;10144;3429224;75409;
1085;Sjælland;2024-11-27;F;5;0;3;10144;3429229;75412;
1083;Syddanmark;2024-11-27;F;4;0;1;10144;3429233;75413;
1084;Hovedstaden;2024-11-27;M;8;0;1;10144;3429241;75414;
1082;Midtjylland;2024-11-27;M;1;0;1;10144;3429242;75415;
1081;Nordjylland;2024-11-27;M;1;0;0;10144;3429243;75415;
1085;Sjælland;2024-11-27;M;7;1;5;10145;3429250;75420;
1083;Syddanmark;2024-11-27;M;4;0;4;10145;3429254;75424;
1084;Hovedstaden;2024-11-28;F;10;0;3;10145;3429264;75427;
1082;Midtjylland;2024-11-28;F;1;0;0;10145;3429265;75427;
1085;Sjælland;2024-11-28;F;5;0;3;10145;3429270;75430;
1083;Syddanmark;2024-11-28;F;2;0;2;10145;3429272;75432;
1084;Hovedstaden;2024-11-28;M;7;0;1;10145;3429279;75433;
1082;Midtjylland;2024-11-28;M;1;0;0;10145;3429280;75433;
1081;Nordjylland;2024-11-28;M;1;0;1;10145;3429281;75434;
1085;Sjælland;2024-11-28;M;6;0;5;10145;3429287;75439;
1083;Syddanmark;2024-11-28;M;1;0;0;10145;3429288;75439;
1084;Hovedstaden;2024-11-29;F;13;0;2;10145;3429301;75441;
1082;Midtjylland;2024-11-29;F;2;0;0;10145;3429303;75441;
1085;Sjælland;2024-11-29;F;4;0;3;10145;3429307;75444;
1083;Syddanmark;2024-11-29;F;3;0;1;10145;3429310;75445;
1084;Hovedstaden;2024-11-29;M;12;0;3;10145;3429322;75448;
1082;Midtjylland;2024-11-29;M;2;0;1;10145;3429324;75449;
1081;Nordjylland;2024-11-29;M;1;1;1;10146;3429325;75450;
1085;Sjælland;2024-11-29;M;6;0;5;10146;3429331;75455;
1083;Syddanmark;2024-11-29;M;2;0;1;10146;3429333;75456;
1084;Hovedstaden;2024-11-30;F;4;0;2;10146;3429337;75458;
1085;Sjælland;2024-11-30;F;5;0;4;10146;3429342;75462;
1084;Hovedstaden;2024-11-30;M;6;0;3;10146;3429348;75465;
1082;Midtjylland;2024-11-30;M;1;0;1;10146;3429349;75466;
1085;Sjælland;2024-11-30;M;5;0;3;10146;3429354;75469;
1083;Syddanmark;2024-11-30;M;2;0;1;10146;3429356;75470;
1084;Hovedstaden;2024-12-01;F;4;1;3;10147;3429360;75473;
1081;Nordjylland;2024-12-01;F;1;0;0;10147;3429361;75473;
1085;Sjælland;2024-12-01;F;2;0;2;10147;3429363;75475;
1083;Syddanmark;2024-12-01;F;3;0;2;10147;3429366;75477;
1084;Hovedstaden;2024-12-01;M;6;0;4;10147;3429372;75481;
1082;Midtjylland;2024-12-01;M;1;0;1;10147;3429373;75482;
1085;Sjælland;2024-12-01;M;3;0;3;10147;3429376;75485;
1083;Syddanmark;2024-12-01;M;2;0;2;10147;3429378;75487;
1084;Hovedstaden;2024-12-02;F;13;0;1;10147;3429391;75488;
1082;Midtjylland;2024-12-02;F;2;0;0;10147;3429393;75488;
1081;Nordjylland;2024-12-02;F;3;0;2;10147;3429396;75490;
1085;Sjælland;2024-12-02;F;6;0;1;10147;3429402;75491;
1083;Syddanmark;2024-12-02;F;5;0;2;10147;3429407;75493;
1084;Hovedstaden;2024-12-02;M;14;0;5;10147;3429421;75498;
1082;Midtjylland;2024-12-02;M;2;0;2;10147;3429423;75500;
1081;Nordjylland;2024-12-02;M;1;0;1;10147;3429424;75501;
1085;Sjælland;2024-12-02;M;4;0;3;10147;3429428;75504;
1083;Syddanmark;2024-12-02;M;1;1;1;10148;3429429;75505;
1084;Hovedstaden;2024-12-03;F;18;0;5;10148;3429447;75510;
1081;Nordjylland;2024-12-03;F;1;1;1;10149;3429448;75511;
1085;Sjælland;2024-12-03;F;7;1;2;10150;3429455;75513;
1083;Syddanmark;2024-12-03;F;2;0;0;10150;3429457;75513;
1084;Hovedstaden;2024-12-03;M;16;0;8;10150;3429473;75521;
1082;Midtjylland;2024-12-03;M;3;0;2;10150;3429476;75523;
1085;Sjælland;2024-12-03;M;4;0;4;10150;3429480;75527;
1083;Syddanmark;2024-12-03;M;3;1;3;10151;3429483;75530;
1084;Hovedstaden;2024-12-04;F;14;1;4;10152;3429497;75534;
1082;Midtjylland;2024-12-04;F;4;0;1;10152;3429501;75535;
1085;Sjælland;2024-12-04;F;5;1;1;10153;3429506;75536;
1083;Syddanmark;2024-12-04;F;4;0;2;10153;3429510;75538;
1084;Hovedstaden;2024-12-04;M;11;0;2;10153;3429521;75540;
1082;Midtjylland;2024-12-04;M;2;0;2;10153;3429523;75542;
1085;Sjælland;2024-12-04;M;6;0;3;10153;3429529;75545;
1083;Syddanmark;2024-12-04;M;1;0;0;10153;3429530;75545;
1084;Hovedstaden;2024-12-05;F;13;0;2;10153;3429543;75547;
1085;Sjælland;2024-12-05;F;6;0;3;10153;3429549;75550;
1083;Syddanmark;2024-12-05;F;4;0;1;10153;3429553;75551;
1084;Hovedstaden;2024-12-05;M;12;0;4;10153;3429565;75555;
1082;Midtjylland;2024-12-05;M;4;0;4;10153;3429569;75559;
1081;Nordjylland;2024-12-05;M;1;0;1;10153;3429570;75560;
1085;Sjælland;2024-12-05;M;4;0;3;10153;3429574;75563;
1084;Hovedstaden;2024-12-06;F;18;0;4;10153;3429592;75567;
1082;Midtjylland;2024-12-06;F;4;1;2;10154;3429596;75569;
1083;Syddanmark;2024-12-06;F;3;0;1;10154;3429599;75570;
1084;Hovedstaden;2024-12-06;M;5;0;2;10154;3429604;75572;
1081;Nordjylland;2024-12-06;M;3;1;3;10155;3429607;75575;
1085;Sjælland;2024-12-06;M;5;0;4;10155;3429612;75579;
1083;Syddanmark;2024-12-06;M;7;1;5;10156;3429619;75584;
1084;Hovedstaden;2024-12-07;F;12;1;7;10157;3429631;75591;
1082;Midtjylland;2024-12-07;F;1;0;0;10157;3429632;75591;
1085;Sjælland;2024-12-07;F;1;0;1;10157;3429633;75592;
1083;Syddanmark;2024-12-07;F;2;0;2;10157;3429635;75594;
1084;Hovedstaden;2024-12-07;M;4;1;3;10158;3429639;75597;
1081;Nordjylland;2024-12-07;M;1;0;1;10158;3429640;75598;
1085;Sjælland;2024-12-07;M;4;0;4;10158;3429644;75602;
1083;Syddanmark;2024-12-07;M;4;1;4;10159;3429648;75606;
1084;Hovedstaden;2024-12-08;F;3;1;2;10160;3429651;75608;
1082;Midtjylland;2024-12-08;F;1;0;1;10160;3429652;75609;
1081;Nordjylland;2024-12-08;F;1;0;1;10160;3429653;75610;
1085;Sjælland;2024-12-08;F;3;0;2;10160;3429656;75612;
1083;Syddanmark;2024-12-08;F;2;0;2;10160;3429658;75614;
1084;Hovedstaden;2024-12-08;M;9;2;6;10162;3429667;75620;
1082;Midtjylland;2024-12-08;M;3;1;3;10163;3429670;75623;
1081;Nordjylland;2024-12-08;M;1;0;1;10163;3429671;75624;
1085;Sjælland;2024-12-08;M;1;0;0;10163;3429672;75624;
1083;Syddanmark;2024-12-08;M;5;0;4;10163;3429677;75628;
1084;Hovedstaden;2024-12-09;F;17;0;3;10163;3429694;75631;
1085;Sjælland;2024-12-09;F;7;0;1;10163;3429701;75632;
1083;Syddanmark;2024-12-09;F;2;0;1;10163;3429703;75633;
1084;Hovedstaden;2024-12-09;M;12;2;7;10165;3429715;75640;
1082;Midtjylland;2024-12-09;M;1;0;1;10165;3429716;75641;
1085;Sjælland;2024-12-09;M;4;0;2;10165;3429720;75643;
1083;Syddanmark;2024-12-09;M;2;0;1;10165;3429722;75644;
1084;Hovedstaden;2024-12-10;F;12;0;1;10165;3429734;75645;
1082;Midtjylland;2024-12-10;F;3;0;2;10165;3429737;75647;
1085;Sjælland;2024-12-10;F;4;0;1;10165;3429741;75648;
1083;Syddanmark;2024-12-10;F;2;0;0;10165;3429743;75648;
1084;Hovedstaden;2024-12-10;M;6;1;2;10166;3429749;75650;
1082;Midtjylland;2024-12-10;M;3;0;1;10166;3429752;75651;
1085;Sjælland;2024-12-10;M;3;0;1;10166;3429755;75652;
1083;Syddanmark;2024-12-10;M;3;0;1;10166;3429758;75653;
1084;Hovedstaden;2024-12-11;F;24;0;5;10166;3429782;75658;
1082;Midtjylland;2024-12-11;F;1;0;1;10166;3429783;75659;
1085;Sjælland;2024-12-11;F;5;1;3;10167;3429788;75662;
1083;Syddanmark;2024-12-11;F;6;0;5;10167;3429794;75667;
1084;Hovedstaden;2024-12-11;M;14;2;5;10169;3429808;75672;
1085;Sjælland;2024-12-11;M;4;0;2;10169;3429812;75674;
1083;Syddanmark;2024-12-11;M;4;1;3;10170;3429816;75677;
1084;Hovedstaden;2024-12-12;F;11;1;3;10171;3429827;75680;
1082;Midtjylland;2024-12-12;F;3;0;0;10171;3429830;75680;
1081;Nordjylland;2024-12-12;F;1;0;1;10171;3429831;75681;
1085;Sjælland;2024-12-12;F;7;1;2;10172;3429838;75683;
1083;Syddanmark;2024-12-12;F;3;0;1;10172;3429841;75684;
1084;Hovedstaden;2024-12-12;M;13;0;3;10172;3429854;75687;
1082;Midtjylland;2024-12-12;M;1;0;0;10172;3429855;75687;
1081;Nordjylland;2024-12-12;M;1;1;1;10173;3429856;75688;
1085;Sjælland;2024-12-12;M;7;2;6;10175;3429863;75694;
1083;Syddanmark;2024-12-12;M;4;0;2;10175;3429867;75696;
1084;Hovedstaden;2024-12-13;F;15;1;6;10176;3429882;75702;
1082;Midtjylland;2024-12-13;F;2;0;2;10176;3429884;75704;
1085;Sjælland;2024-12-13;F;6;0;2;10176;3429890;75706;
1083;Syddanmark;2024-12-13;F;3;0;1;10176;3429893;75707;
1084;Hovedstaden;2024-12-13;M;11;1;4;10177;3429904;75711;
1082;Midtjylland;2024-12-13;M;4;0;1;10177;3429908;75712;
1081;Nordjylland;2024-12-13;M;1;0;0;10177;3429909;75712;
1085;Sjælland;2024-12-13;M;7;1;5;10178;3429916;75717;
1083;Syddanmark;2024-12-13;M;6;0;3;10178;3429922;75720;
1084;Hovedstaden;2024-12-14;F;6;1;4;10179;3429928;75724;
1081;Nordjylland;2024-12-14;F;2;0;2;10179;3429930;75726;
1085;Sjælland;2024-12-14;F;4;0;1;10179;3429934;75727;
1084;Hovedstaden;2024-12-14;M;6;0;4;10179;3429940;75731;
1082;Midtjylland;2024-12-14;M;2;0;2;10179;3429942;75733;
1081;Nordjylland;2024-12-14;M;1;0;0;10179;3429943;75733;
1083;Syddanmark;2024-12-14;M;2;0;2;10179;3429945;75735;
1084;Hovedstaden;2024-12-15;F;9;2;8;10181;3429954;75743;
1082;Midtjylland;2024-12-15;F;1;0;1;10181;3429955;75744;
1081;Nordjylland;2024-12-15;F;1;0;1;10181;3429956;75745;
1085;Sjælland;2024-12-15;F;4;0;2;10181;3429960;75747;
1083;Syddanmark;2024-12-15;F;4;0;4;10181;3429964;75751;
1084;Hovedstaden;2024-12-15;M;3;0;3;10181;3429967;75754;
1082;Midtjylland;2024-12-15;M;1;0;1;10181;3429968;75755;
1081;Nordjylland;2024-12-15;M;2;0;2;10181;3429970;75757;
1085;Sjælland;2024-12-15;M;4;0;4;10181;3429974;75761;
1083;Syddanmark;2024-12-15;M;1;0;1;10181;3429975;75762;
1084;Hovedstaden;2024-12-16;F;23;0;4;10181;3429998;75766;
1082;Midtjylland;2024-12-16;F;3;0;1;10181;3430001;75767;
1085;Sjælland;2024-12-16;F;3;0;2;10181;3430004;75769;
1083;Syddanmark;2024-12-16;F;2;0;2;10181;3430006;75771;
1084;Hovedstaden;2024-12-16;M;16;0;6;10181;3430022;75777;
1082;Midtjylland;2024-12-16;M;2;0;1;10181;3430024;75778;
1081;Nordjylland;2024-12-16;M;1;0;1;10181;3430025;75779;
1085;Sjælland;2024-12-16;M;6;0;3;10181;3430031;75782;
1083;Syddanmark;2024-12-16;M;6;1;6;10182;3430037;75788;
1084;Hovedstaden;2024-12-17;F;22;0;6;10182;3430059;75794;
1082;Midtjylland;2024-12-17;F;5;0;1;10182;3430064;75795;
1081;Nordjylland;2024-12-17;F;2;0;2;10182;3430066;75797;
1085;Sjælland;2024-12-17;F;3;0;3;10182;3430069;75800;
1083;Syddanmark;2024-12-17;F;2;0;2;10182;3430071;75802;
1084;Hovedstaden;2024-12-17;M;13;0;4;10182;3430084;75806;
1081;Nordjylland;2024-12-17;M;3;0;3;10182;3430087;75809;
1085;Sjælland;2024-12-17;M;7;2;4;10184;3430094;75813;
1083;Syddanmark;2024-12-17;M;2;1;2;10185;3430096;75815;
1084;Hovedstaden;2024-12-18;F;14;0;5;10185;3430110;75820;
1082;Midtjylland;2024-12-18;F;2;0;2;10185;3430112;75822;
1081;Nordjylland;2024-12-18;F;1;0;1;10185;3430113;75823;
1085;Sjælland;2024-12-18;F;5;0;3;10185;3430118;75826;
1083;Syddanmark;2024-12-18;F;3;0;0;10185;3430121;75826;
1084;Hovedstaden;2024-12-18;M;14;0;3;10185;3430135;75829;
1085;Sjælland;2024-12-18;M;3;0;1;10185;3430138;75830;
1083;Syddanmark;2024-12-18;M;6;0;4;10185;3430144;75834;
1084;Hovedstaden;2024-12-19;F;18;1;3;10186;3430162;75837;
1082;Midtjylland;2024-12-19;F;1;0;0;10186;3430163;75837;
1085;Sjælland;2024-12-19;F;4;1;1;10187;3430167;75838;
1083;Syddanmark;2024-12-19;F;3;0;2;10187;3430170;75840;
1084;Hovedstaden;2024-12-19;M;20;2;9;10189;3430190;75849;
1081;Nordjylland;2024-12-19;M;3;0;3;10189;3430193;75852;
1085;Sjælland;2024-12-19;M;6;0;2;10189;3430199;75854;
1084;Hovedstaden;2024-12-20;F;24;1;2;10190;3430223;75856;
1082;Midtjylland;2024-12-20;F;3;0;3;10190;3430226;75859;
1085;Sjælland;2024-12-20;F;7;1;5;10191;3430233;75864;
1083;Syddanmark;2024-12-20;F;3;0;1;10191;3430236;75865;
1084;Hovedstaden;2024-12-20;M;6;1;3;10192;3430242;75868;
1082;Midtjylland;2024-12-20;M;2;0;1;10192;3430244;75869;
1085;Sjælland;2024-12-20;M;7;0;5;10192;3430251;75874;
1083;Syddanmark;2024-12-20;M;1;0;0;10192;3430252;75874;
1084;Hovedstaden;2024-12-21;F;6;0;3;10192;3430258;75877;
1082;Midtjylland;2024-12-21;F;4;0;2;10192;3430262;75879;
1085;Sjælland;2024-12-21;F;3;0;2;10192;3430265;75881;
1083;Syddanmark;2024-12-21;F;4;1;3;10193;3430269;75884;
1084;Hovedstaden;2024-12-21;M;7;1;5;10194;3430276;75889;
1085;Sjælland;2024-12-21;M;2;0;1;10194;3430278;75890;
1083;Syddanmark;2024-12-21;M;4;0;4;10194;3430282;75894;
1084;Hovedstaden;2024-12-22;F;5;0;3;10194;3430287;75897;
1082;Midtjylland;2024-12-22;F;1;1;1;10195;3430288;75898;
1085;Sjælland;2024-12-22;F;2;0;2;10195;3430290;75900;
1083;Syddanmark;2024-12-22;F;1;0;1;10195;3430291;75901;
1084;Hovedstaden;2024-12-22;M;7;0;5;10195;3430298;75906;
1082;Midtjylland;2024-12-22;M;2;1;2;10196;3430300;75908;
1081;Nordjylland;2024-12-22;M;2;0;2;10196;3430302;75910;
1085;Sjælland;2024-12-22;M;3;0;3;10196;3430305;75913;
1084;Hovedstaden;2024-12-23;F;10;1;3;10197;3430315;75916;
1082;Midtjylland;2024-12-23;F;3;0;2;10197;3430318;75918;
1085;Sjælland;2024-12-23;F;7;1;1;10198;3430325;75919;
1083;Syddanmark;2024-12-23;F;4;0;1;10198;3430329;75920;
1084;Hovedstaden;2024-12-23;M;11;1;3;10199;3430340;75923;
1081;Nordjylland;2024-12-23;M;3;0;3;10199;3430343;75926;
1085;Sjælland;2024-12-23;M;2;0;1;10199;3430345;75927;
1083;Syddanmark;2024-12-23;M;2;0;1;10199;3430347;75928;
1084;Hovedstaden;2024-12-24;F;8;1;6;10200;3430355;75934;
1083;Syddanmark;2024-12-24;F;2;0;1;10200;3430357;75935;
1084;Hovedstaden;2024-12-24;M;4;1;3;10201;3430361;75938;
1082;Midtjylland;2024-12-24;M;3;0;3;10201;3430364;75941;
1081;Nordjylland;2024-12-24;M;1;0;0;10201;3430365;75941;
1085;Sjælland;2024-12-24;M;1;0;1;10201;3430366;75942;
1083;Syddanmark;2024-12-24;M;3;1;2;10202;3430369;75944;
1084;Hovedstaden;2024-12-25;F;6;0;1;10202;3430375;75945;
1082;Midtjylland;2024-12-25;F;1;0;1;10202;3430376;75946;
1085;Sjælland;2024-12-25;F;3;0;3;10202;3430379;75949;
1083;Syddanmark;2024-12-25;F;2;0;1;10202;3430381;75950;
1084;Hovedstaden;2024-12-25;M;1;1;1;10203;3430382;75951;
1082;Midtjylland;2024-12-25;M;2;0;2;10203;3430384;75953;
1081;Nordjylland;2024-12-25;M;2;1;2;10204;3430386;75955;
1085;Sjælland;2024-12-25;M;2;0;1;10204;3430388;75956;
1084;Hovedstaden;2024-12-26;F;6;0;3;10204;3430394;75959;
1081;Nordjylland;2024-12-26;F;2;0;2;10204;3430396;75961;
1085;Sjælland;2024-12-26;F;3;0;1;10204;3430399;75962;
1083;Syddanmark;2024-12-26;F;3;0;2;10204;3430402;75964;
1084;Hovedstaden;2024-12-26;M;1;0;1;10204;3430403;75965;
1082;Midtjylland;2024-12-26;M;2;0;1;10204;3430405;75966;
1081;Nordjylland;2024-12-26;M;1;0;1;10204;3430406;75967;
1085;Sjælland;2024-12-26;M;4;0;2;10204;3430410;75969;
1083;Syddanmark;2024-12-26;M;1;0;1;10204;3430411;75970;
1084;Hovedstaden;2024-12-27;F;15;0;7;10204;3430426;75977;
1082;Midtjylland;2024-12-27;F;3;0;2;10204;3430429;75979;
1081;Nordjylland;2024-12-27;F;1;0;0;10204;3430430;75979;
1085;Sjælland;2024-12-27;F;5;1;2;10205;3430435;75981;
1083;Syddanmark;2024-12-27;F;1;0;1;10205;3430436;75982;
1084;Hovedstaden;2024-12-27;M;8;0;1;10205;3430444;75983;
1081;Nordjylland;2024-12-27;M;2;0;0;10205;3430446;75983;
1085;Sjælland;2024-12-27;M;6;2;4;10207;3430452;75987;
1083;Syddanmark;2024-12-27;M;4;1;4;10208;3430456;75991;
1084;Hovedstaden;2024-12-28;F;13;1;8;10209;3430469;75999;
1082;Midtjylland;2024-12-28;F;1;0;1;10209;3430470;76000;
1081;Nordjylland;2024-12-28;F;2;0;0;10209;3430472;76000;
1085;Sjælland;2024-12-28;F;3;0;3;10209;3430475;76003;
1083;Syddanmark;2024-12-28;F;2;0;1;10209;3430477;76004;
1084;Hovedstaden;2024-12-28;M;5;0;1;10209;3430482;76005;
1082;Midtjylland;2024-12-28;M;1;0;1;10209;3430483;76006;
1081;Nordjylland;2024-12-28;M;2;0;2;10209;3430485;76008;
1085;Sjælland;2024-12-28;M;2;0;2;10209;3430487;76010;
1083;Syddanmark;2024-12-28;M;5;0;3;10209;3430492;76013;
1084;Hovedstaden;2024-12-29;F;5;0;2;10209;3430497;76015;
1082;Midtjylland;2024-12-29;F;1;0;1;10209;3430498;76016;
1085;Sjælland;2024-12-29;F;1;0;0;10209;3430499;76016;
1084;Hovedstaden;2024-12-29;M;11;3;8;10212;3430510;76024;
1082;Midtjylland;2024-12-29;M;2;1;2;10213;3430512;76026;
1085;Sjælland;2024-12-29;M;5;0;5;10213;3430517;76031;
1083;Syddanmark;2024-12-29;M;2;1;1;10214;3430519;76032;
1084;Hovedstaden;2024-12-30;F;16;1;3;10215;3430535;76035;
1082;Midtjylland;2024-12-30;F;2;0;1;10215;3430537;76036;
1081;Nordjylland;2024-12-30;F;1;0;0;10215;3430538;76036;
1085;Sjælland;2024-12-30;F;5;1;4;10216;3430543;76040;
1083;Syddanmark;2024-12-30;F;5;0;4;10216;3430548;76044;
1084;Hovedstaden;2024-12-30;M;11;0;4;10216;3430559;76048;
1085;Sjælland;2024-12-30;M;4;1;2;10217;3430563;76050;
1083;Syddanmark;2024-12-30;M;3;1;2;10218;3430566;76052;
1084;Hovedstaden;2024-12-31;F;3;0;2;10218;3430569;76054;
1082;Midtjylland;2024-12-31;F;2;0;2;10218;3430571;76056;
1083;Syddanmark;2024-12-31;F;2;0;1;10218;3430573;76057;
1084;Hovedstaden;2024-12-31;M;3;0;1;10218;3430576;76058;
1082;Midtjylland;2024-12-31;M;2;0;2;10218;3430578;76060;
1085;Sjælland;2024-12-31;M;3;0;1;10218;3430581;76061;
1083;Syddanmark;2024-12-31;M;2;1;2;10219;3430583;76063;
1084;Hovedstaden;2025-01-01;F;4;0;2;10219;3430587;76065;
1082;Midtjylland;2025-01-01;F;1;0;1;10219;3430588;76066;
1083;Syddanmark;2025-01-01;F;1;0;1;10219;3430589;76067;
1084;Hovedstaden;2025-01-01;M;7;0;4;10219;3430596;76071;
1082;Midtjylland;2025-01-01;M;1;0;1;10219;3430597;76072;
1081;Nordjylland;2025-01-01;M;3;0;3;10219;3430600;76075;
1085;Sjælland;2025-01-01;M;2;0;2;10219;3430602;76077;
1083;Syddanmark;2025-01-01;M;1;0;1;10219;3430603;76078;
1084;Hovedstaden;2025-01-02;F;13;0;4;10219;3430616;76082;
1082;Midtjylland;2025-01-02;F;1;0;1;10219;3430617;76083;
1081;Nordjylland;2025-01-02;F;1;0;1;10219;3430618;76084;
1085;Sjælland;2025-01-02;F;5;2;3;10221;3430623;76087;
1083;Syddanmark;2025-01-02;F;5;1;4;10222;3430628;76091;
1084;Hovedstaden;2025-01-02;M;8;1;2;10223;3430636;76093;
1082;Midtjylland;2025-01-02;M;1;1;1;10224;3430637;76094;
1081;Nordjylland;2025-01-02;M;2;1;2;10225;3430639;76096;
1085;Sjælland;2025-01-02;M;1;0;0;10225;3430640;76096;
1084;Hovedstaden;2025-01-03;F;10;0;4;10225;3430650;76100;
1082;Midtjylland;2025-01-03;F;1;0;0;10225;3430651;76100;
1081;Nordjylland;2025-01-03;F;1;0;1;10225;3430652;76101;
1085;Sjælland;2025-01-03;F;3;0;3;10225;3430655;76104;
1083;Syddanmark;2025-01-03;F;1;0;1;10225;3430656;76105;
1084;Hovedstaden;2025-01-03;M;10;0;4;10225;3430666;76109;
1082;Midtjylland;2025-01-03;M;1;0;1;10225;3430667;76110;
1081;Nordjylland;2025-01-03;M;1;0;1;10225;3430668;76111;
1085;Sjælland;2025-01-03;M;7;0;6;10225;3430675;76117;
1083;Syddanmark;2025-01-03;M;3;0;1;10225;3430678;76118;
1084;Hovedstaden;2025-01-04;F;5;0;3;10225;3430683;76121;
1082;Midtjylland;2025-01-04;F;1;0;1;10225;3430684;76122;
1081;Nordjylland;2025-01-04;F;1;0;1;10225;3430685;76123;
1085;Sjælland;2025-01-04;F;1;0;1;10225;3430686;76124;
1083;Syddanmark;2025-01-04;F;3;1;3;10226;3430689;76127;
1084;Hovedstaden;2025-01-04;M;3;0;1;10226;3430692;76128;
1082;Midtjylland;2025-01-04;M;3;0;3;10226;3430695;76131;
1081;Nordjylland;2025-01-04;M;1;1;1;10227;3430696;76132;
1085;Sjælland;2025-01-04;M;5;0;4;10227;3430701;76136;
1083;Syddanmark;2025-01-04;M;2;0;2;10227;3430703;76138;
1084;Hovedstaden;2025-01-05;F;7;2;4;10229;3430710;76142;
1081;Nordjylland;2025-01-05;F;3;0;2;10229;3430713;76144;
1085;Sjælland;2025-01-05;F;2;0;2;10229;3430715;76146;
1083;Syddanmark;2025-01-05;F;1;0;0;10229;3430716;76146;
1084;Hovedstaden;2025-01-05;M;3;0;2;10229;3430719;76148;
1082;Midtjylland;2025-01-05;M;1;0;1;10229;3430720;76149;
1081;Nordjylland;2025-01-05;M;2;1;2;10230;3430722;76151;
1085;Sjælland;2025-01-05;M;2;0;1;10230;3430724;76152;
1083;Syddanmark;2025-01-05;M;2;0;1;10230;3430726;76153;
1084;Hovedstaden;2025-01-06;F;8;0;1;10230;3430734;76154;
1082;Midtjylland;2025-01-06;F;1;0;1;10230;3430735;76155;
1081;Nordjylland;2025-01-06;F;5;0;4;10230;3430740;76159;
1085;Sjælland;2025-01-06;F;2;0;1;10230;3430742;76160;
1083;Syddanmark;2025-01-06;F;2;0;1;10230;3430744;76161;
1084;Hovedstaden;2025-01-06;M;6;0;5;10230;3430750;76166;
1082;Midtjylland;2025-01-06;M;2;0;2;10230;3430752;76168;
1085;Sjælland;2025-01-06;M;1;0;1;10230;3430753;76169;
1083;Syddanmark;2025-01-06;M;3;2;2;10232;3430756;76171;
1084;Hovedstaden;2025-01-07;F;7;0;2;10232;3430763;76173;
1081;Nordjylland;2025-01-07;F;1;0;1;10232;3430764;76174;
1085;Sjælland;2025-01-07;F;1;0;0;10232;3430765;76174;
1083;Syddanmark;2025-01-07;F;2;0;2;10232;3430767;76176;
1084;Hovedstaden;2025-01-07;M;6;1;2;10233;3430773;76178;
1081;Nordjylland;2025-01-07;M;1;1;1;10234;3430774;76179;
1085;Sjælland;2025-01-07;M;5;1;4;10235;3430779;76183;
1083;Syddanmark;2025-01-07;M;3;0;3;10235;3430782;76186;
1084;Hovedstaden;2025-01-08;F;9;0;0;10235;3430791;76186;
1085;Sjælland;2025-01-08;F;2;0;1;10235;3430793;76187;
1083;Syddanmark;2025-01-08;F;5;0;2;10235;3430798;76189;
1084;Hovedstaden;2025-01-08;M;9;0;3;10235;3430807;76192;
1081;Nordjylland;2025-01-08;M;2;1;2;10236;3430809;76194;
1085;Sjælland;2025-01-08;M;1;0;0;10236;3430810;76194;
1083;Syddanmark;2025-01-08;M;5;0;3;10236;3430815;76197;
1084;Hovedstaden;2025-01-09;F;8;1;2;10237;3430823;76199;
1081;Nordjylland;2025-01-09;F;1;0;1;10237;3430824;76200;
1085;Sjælland;2025-01-09;F;4;0;3;10237;3430828;76203;
1084;Hovedstaden;2025-01-09;M;9;0;2;10237;3430837;76205;
1085;Sjælland;2025-01-09;M;5;0;3;10237;3430842;76208;
1083;Syddanmark;2025-01-09;M;4;0;3;10237;3430846;76211;
1084;Hovedstaden;2025-01-10;F;3;0;1;10237;3430849;76212;
1085;Sjælland;2025-01-10;F;1;0;1;10237;3430850;76213;
1083;Syddanmark;2025-01-10;F;1;0;1;10237;3430851;76214;
1084;Hovedstaden;2025-01-10;M;6;2;4;10239;3430857;76218;
1082;Midtjylland;2025-01-10;M;4;0;4;10239;3430861;76222;
1085;Sjælland;2025-01-10;M;3;0;0;10239;3430864;76222;
1083;Syddanmark;2025-01-10;M;3;0;3;10239;3430867;76225;
1084;Hovedstaden;2025-01-11;F;6;0;4;10239;3430873;76229;
1082;Midtjylland;2025-01-11;F;2;0;1;10239;3430875;76230;
1081;Nordjylland;2025-01-11;F;2;0;2;10239;3430877;76232;
1083;Syddanmark;2025-01-11;F;1;1;1;10240;3430878;76233;
1084;Hovedstaden;2025-01-11;M;2;0;2;10240;3430880;76235;
1082;Midtjylland;2025-01-11;M;3;0;3;10240;3430883;76238;
1084;Hovedstaden;2025-01-12;F;5;1;5;10241;3430888;76243;
1081;Nordjylland;2025-01-12;F;1;0;1;10241;3430889;76244;
1083;Syddanmark;2025-01-12;F;1;1;1;10242;3430890;76245;
1084;Hovedstaden;2025-01-12;M;4;0;4;10242;3430894;76249;
1081;Nordjylland;2025-01-12;M;2;0;2;10242;3430896;76251;
1085;Sjælland;2025-01-12;M;2;1;2;10243;3430898;76253;
1083;Syddanmark;2025-01-12;M;1;0;1;10243;3430899;76254;
1084;Hovedstaden;2025-01-13;F;9;1;4;10244;3430908;76258;
1081;Nordjylland;2025-01-13;F;2;0;1;10244;3430910;76259;
1085;Sjælland;2025-01-13;F;1;0;1;10244;3430911;76260;
1083;Syddanmark;2025-01-13;F;1;0;1;10244;3430912;76261;
1084;Hovedstaden;2025-01-13;M;7;0;4;10244;3430919;76265;
1081;Nordjylland;2025-01-13;M;2;0;1;10244;3430921;76266;
1085;Sjælland;2025-01-13;M;6;0;5;10244;3430927;76271;
1083;Syddanmark;2025-01-13;M;1;0;0;10244;3430928;76271;
1084;Hovedstaden;2025-01-14;F;4;0;1;10244;3430932;76272;
1082;Midtjylland;2025-01-14;F;1;0;1;10244;3430933;76273;
1081;Nordjylland;2025-01-14;F;2;0;2;10244;3430935;76275;
1083;Syddanmark;2025-01-14;F;1;0;1;10244;3430936;76276;
1084;Hovedstaden;2025-01-14;M;3;0;0;10244;3430939;76276;
1082;Midtjylland;2025-01-14;M;1;0;1;10244;3430940;76277;
1085;Sjælland;2025-01-14;M;3;0;3;10244;3430943;76280;
1083;Syddanmark;2025-01-14;M;2;0;1;10244;3430945;76281;
1084;Hovedstaden;2025-01-15;F;9;0;1;10244;3430954;76282;
1085;Sjælland;2025-01-15;F;6;0;1;10244;3430960;76283;
1083;Syddanmark;2025-01-15;F;2;0;0;10244;3430962;76283;
1084;Hovedstaden;2025-01-15;M;1;0;0;10244;3430963;76283;
1085;Sjælland;2025-01-15;M;3;0;0;10244;3430966;76283;
1083;Syddanmark;2025-01-15;M;1;0;1;10244;3430967;76284;
1084;Hovedstaden;2025-01-16;F;8;0;3;10244;3430975;76287;
1081;Nordjylland;2025-01-16;F;1;0;1;10244;3430976;76288;
1085;Sjælland;2025-01-16;F;4;0;1;10244;3430980;76289;
1083;Syddanmark;2025-01-16;F;2;0;0;10244;3430982;76289;
1084;Hovedstaden;2025-01-16;M;6;0;1;10244;3430988;76290;
1082;Midtjylland;2025-01-16;M;2;0;1;10244;3430990;76291;
1081;Nordjylland;2025-01-16;M;1;0;0;10244;3430991;76291;
1085;Sjælland;2025-01-16;M;2;0;2;10244;3430993;76293;
1083;Syddanmark;2025-01-16;M;2;0;2;10244;3430995;76295;
1084;Hovedstaden;2025-01-17;F;6;1;2;10245;3431001;76297;
1082;Midtjylland;2025-01-17;F;1;0;1;10245;3431002;76298;
1085;Sjælland;2025-01-17;F;1;0;0;10245;3431003;76298;
1084;Hovedstaden;2025-01-17;M;4;1;1;10246;3431007;76299;
1082;Midtjylland;2025-01-17;M;1;0;1;10246;3431008;76300;
1081;Nordjylland;2025-01-17;M;1;0;0;10246;3431009;76300;
1085;Sjælland;2025-01-17;M;2;0;1;10246;3431011;76301;
1083;Syddanmark;2025-01-17;M;2;0;1;10246;3431013;76302;
1082;Midtjylland;2025-01-18;F;1;0;1;10246;3431014;76303;
1085;Sjælland;2025-01-18;F;3;0;1;10246;3431017;76304;
1083;Syddanmark;2025-01-18;F;1;0;1;10246;3431018;76305;
1084;Hovedstaden;2025-01-18;M;1;0;0;10246;3431019;76305;
1081;Nordjylland;2025-01-18;M;2;0;1;10246;3431021;76306;
1085;Sjælland;2025-01-18;M;1;0;1;10246;3431022;76307;
1083;Syddanmark;2025-01-18;M;2;0;1;10246;3431024;76308;
1082;Midtjylland;2025-01-19;F;1;0;1;10246;3431025;76309;
1081;Nordjylland;2025-01-19;F;1;0;0;10246;3431026;76309;
1085;Sjælland;2025-01-19;F;1;0;1;10246;3431027;76310;
1084;Hovedstaden;2025-01-19;M;4;1;2;10247;3431031;76312;
1082;Midtjylland;2025-01-19;M;1;0;0;10247;3431032;76312;
1081;Nordjylland;2025-01-19;M;1;0;1;10247;3431033;76313;
1085;Sjælland;2025-01-19;M;2;1;2;10248;3431035;76315;
1084;Hovedstaden;2025-01-20;F;10;0;3;10248;3431045;76318;
1081;Nordjylland;2025-01-20;F;1;0;1;10248;3431046;76319;
1085;Sjælland;2025-01-20;F;2;0;0;10248;3431048;76319;
1083;Syddanmark;2025-01-20;F;3;0;1;10248;3431051;76320;
1084;Hovedstaden;2025-01-20;M;4;0;0;10248;3431055;76320;
1081;Nordjylland;2025-01-20;M;1;0;1;10248;3431056;76321;
1085;Sjælland;2025-01-20;M;2;0;0;10248;3431058;76321;
1083;Syddanmark;2025-01-20;M;1;1;1;10249;3431059;76322;
1084;Hovedstaden;2025-01-21;F;5;0;1;10249;3431064;76323;
1082;Midtjylland;2025-01-21;F;1;0;0;10249;3431065;76323;
1085;Sjælland;2025-01-21;F;2;0;1;10249;3431067;76324;
1084;Hovedstaden;2025-01-21;M;3;0;0;10249;3431070;76324;
1082;Midtjylland;2025-01-21;M;2;0;1;10249;3431072;76325;
1085;Sjælland;2025-01-21;M;4;0;2;10249;3431076;76327;
1083;Syddanmark;2025-01-21;M;2;0;1;10249;3431078;76328;
1084;Hovedstaden;2025-01-22;F;11;0;3;10249;3431089;76331;
1082;Midtjylland;2025-01-22;F;1;0;0;10249;3431090;76331;
1081;Nordjylland;2025-01-22;F;1;0;1;10249;3431091;76332;
1085;Sjælland;2025-01-22;F;3;1;2;10250;3431094;76334;
1083;Syddanmark;2025-01-22;F;2;0;0;10250;3431096;76334;
1084;Hovedstaden;2025-01-22;M;6;0;3;10250;3431102;76337;
1082;Midtjylland;2025-01-22;M;1;0;0;10250;3431103;76337;
1085;Sjælland;2025-01-22;M;2;0;2;10250;3431105;76339;
1083;Syddanmark;2025-01-22;M;3;0;1;10250;3431108;76340;
1084;Hovedstaden;2025-01-23;F;6;0;0;10250;3431114;76340;
1082;Midtjylland;2025-01-23;F;1;0;0;10250;3431115;76340;
1081;Nordjylland;2025-01-23;F;1;0;1;10250;3431116;76341;
1085;Sjælland;2025-01-23;F;3;0;3;10250;3431119;76344;
1083;Syddanmark;2025-01-23;F;3;1;1;10251;3431122;76345;
1084;Hovedstaden;2025-01-23;M;3;1;3;10252;3431125;76348;
1081;Nordjylland;2025-01-23;M;1;0;1;10252;3431126;76349;
1085;Sjælland;2025-01-23;M;3;0;1;10252;3431129;76350;
1083;Syddanmark;2025-01-23;M;1;0;1;10252;3431130;76351;
1084;Hovedstaden;2025-01-24;F;9;1;1;10253;3431139;76352;
1085;Sjælland;2025-01-24;F;3;0;0;10253;3431142;76352;
1083;Syddanmark;2025-01-24;F;1;0;1;10253;3431143;76353;
1084;Hovedstaden;2025-01-24;M;5;1;2;10254;3431148;76355;
1082;Midtjylland;2025-01-24;M;1;0;1;10254;3431149;76356;
1085;Sjælland;2025-01-24;M;3;0;3;10254;3431152;76359;
1083;Syddanmark;2025-01-24;M;2;0;2;10254;3431154;76361;
1084;Hovedstaden;2025-01-25;F;2;0;1;10254;3431156;76362;
1081;Nordjylland;2025-01-25;F;1;0;1;10254;3431157;76363;
1085;Sjælland;2025-01-25;F;2;0;1;10254;3431159;76364;
1083;Syddanmark;2025-01-25;F;1;0;1;10254;3431160;76365;
1082;Midtjylland;2025-01-25;M;1;1;1;10255;3431161;76366;
1085;Sjælland;2025-01-25;M;1;0;1;10255;3431162;76367;
1084;Hovedstaden;2025-01-26;F;6;0;3;10255;3431168;76370;
1081;Nordjylland;2025-01-26;F;1;0;1;10255;3431169;76371;
1085;Sjælland;2025-01-26;F;1;0;1;10255;3431170;76372;
1083;Syddanmark;2025-01-26;F;2;0;1;10255;3431172;76373;
1084;Hovedstaden;2025-01-26;M;1;0;0;10255;3431173;76373;
1085;Sjælland;2025-01-26;M;1;0;1;10255;3431174;76374;
1084;Hovedstaden;2025-01-27;F;12;0;3;10255;3431186;76377;
1082;Midtjylland;2025-01-27;F;1;0;0;10255;3431187;76377;
1085;Sjælland;2025-01-27;F;3;0;3;10255;3431190;76380;
1084;Hovedstaden;2025-01-27;M;7;0;0;10255;3431197;76380;
1081;Nordjylland;2025-01-27;M;1;0;1;10255;3431198;76381;
1085;Sjælland;2025-01-27;M;3;0;3;10255;3431201;76384;
1083;Syddanmark;2025-01-27;M;2;0;1;10255;3431203;76385;
1084;Hovedstaden;2025-01-28;F;7;0;4;10255;3431210;76389;
1085;Sjælland;2025-01-28;F;1;0;0;10255;3431211;76389;
1083;Syddanmark;2025-01-28;F;4;0;2;10255;3431215;76391;
1082;Midtjylland;2025-01-28;M;1;0;1;10255;3431216;76392;
1081;Nordjylland;2025-01-28;M;2;1;2;10256;3431218;76394;
1085;Sjælland;2025-01-28;M;5;1;3;10257;3431223;76397;
1083;Syddanmark;2025-01-28;M;2;0;0;10257;3431225;76397;
1084;Hovedstaden;2025-01-29;F;3;0;0;10257;3431228;76397;
1082;Midtjylland;2025-01-29;F;1;0;0;10257;3431229;76397;
1081;Nordjylland;2025-01-29;F;1;0;1;10257;3431230;76398;
1085;Sjælland;2025-01-29;F;3;0;1;10257;3431233;76399;
1083;Syddanmark;2025-01-29;F;3;0;2;10257;3431236;76401;
1084;Hovedstaden;2025-01-29;M;9;1;3;10258;3431245;76404;
1081;Nordjylland;2025-01-29;M;1;0;1;10258;3431246;76405;
1085;Sjælland;2025-01-29;M;7;1;5;10259;3431253;76410;
1083;Syddanmark;2025-01-29;M;2;0;0;10259;3431255;76410;
1084;Hovedstaden;2025-01-30;F;10;0;2;10259;3431265;76412;
1081;Nordjylland;2025-01-30;F;1;0;1;10259;3431266;76413;
1085;Sjælland;2025-01-30;F;3;0;1;10259;3431269;76414;
1083;Syddanmark;2025-01-30;F;3;0;1;10259;3431272;76415;
1084;Hovedstaden;2025-01-30;M;3;0;0;10259;3431275;76415;
1081;Nordjylland;2025-01-30;M;3;1;2;10260;3431278;76417;
1085;Sjælland;2025-01-30;M;4;0;2;10260;3431282;76419;
1083;Syddanmark;2025-01-30;M;1;0;0;10260;3431283;76419;
1084;Hovedstaden;2025-01-31;F;6;0;1;10260;3431289;76420;
1082;Midtjylland;2025-01-31;F;1;0;0;10260;3431290;76420;
1081;Nordjylland;2025-01-31;F;2;0;1;10260;3431292;76421;
1085;Sjælland;2025-01-31;F;3;0;2;10260;3431295;76423;
1083;Syddanmark;2025-01-31;F;4;0;4;10260;3431299;76427;
1084;Hovedstaden;2025-01-31;M;8;0;2;10260;3431307;76429;
1082;Midtjylland;2025-01-31;M;1;0;1;10260;3431308;76430;
1081;Nordjylland;2025-01-31;M;1;1;1;10261;3431309;76431;
1085;Sjælland;2025-01-31;M;1;0;0;10261;3431310;76431;
1083;Syddanmark;2025-01-31;M;1;0;0;10261;3431311;76431;
1084;Hovedstaden;2025-02-01;F;2;0;2;10261;3431313;76433;
1082;Midtjylland;2025-02-01;F;2;0;2;10261;3431315;76435;
1083;Syddanmark;2025-02-01;F;3;1;3;10262;3431318;76438;
1084;Hovedstaden;2025-02-01;M;3;0;2;10262;3431321;76440;
1084;Hovedstaden;2025-02-02;F;1;0;0;10262;3431322;76440;
1081;Nordjylland;2025-02-02;F;2;0;0;10262;3431324;76440;
1085;Sjælland;2025-02-02;F;1;0;1;10262;3431325;76441;
1084;Hovedstaden;2025-02-02;M;3;1;2;10263;3431328;76443;
1082;Midtjylland;2025-02-02;M;1;0;0;10263;3431329;76443;
1085;Sjælland;2025-02-02;M;2;1;2;10264;3431331;76445;
1083;Syddanmark;2025-02-02;M;2;0;2;10264;3431333;76447;
1084;Hovedstaden;2025-02-03;F;6;1;1;10265;3431339;76448;
1082;Midtjylland;2025-02-03;F;1;0;1;10265;3431340;76449;
1085;Sjælland;2025-02-03;F;1;0;1;10265;3431341;76450;
1083;Syddanmark;2025-02-03;F;1;0;0;10265;3431342;76450;
1084;Hovedstaden;2025-02-03;M;7;0;1;10265;3431349;76451;
1082;Midtjylland;2025-02-03;M;4;0;1;10265;3431353;76452;
1081;Nordjylland;2025-02-03;M;1;0;1;10265;3431354;76453;
1083;Syddanmark;2025-02-03;M;4;0;0;10265;3431358;76453;
1084;Hovedstaden;2025-02-04;F;6;0;0;10265;3431364;76453;
1082;Midtjylland;2025-02-04;F;1;0;1;10265;3431365;76454;
1085;Sjælland;2025-02-04;F;1;0;0;10265;3431366;76454;
1083;Syddanmark;2025-02-04;F;2;0;2;10265;3431368;76456;
1084;Hovedstaden;2025-02-04;M;3;0;1;10265;3431371;76457;
1082;Midtjylland;2025-02-04;M;3;0;1;10265;3431374;76458;
1085;Sjælland;2025-02-04;M;2;1;2;10266;3431376;76460;
1084;Hovedstaden;2025-02-05;F;9;1;1;10267;3431385;76461;
1082;Midtjylland;2025-02-05;F;1;0;0;10267;3431386;76461;
1085;Sjælland;2025-02-05;F;1;0;0;10267;3431387;76461;
1083;Syddanmark;2025-02-05;F;3;0;1;10267;3431390;76462;
1084;Hovedstaden;2025-02-05;M;8;1;2;10268;3431398;76464;
1082;Midtjylland;2025-02-05;M;2;0;1;10268;3431400;76465;
1081;Nordjylland;2025-02-05;M;1;0;1;10268;3431401;76466;
1085;Sjælland;2025-02-05;M;2;0;2;10268;3431403;76468;
1084;Hovedstaden;2025-02-06;F;11;0;3;10268;3431414;76471;
1081;Nordjylland;2025-02-06;F;2;0;2;10268;3431416;76473;
1085;Sjælland;2025-02-06;F;5;0;2;10268;3431421;76475;
1083;Syddanmark;2025-02-06;F;1;0;0;10268;3431422;76475;
1084;Hovedstaden;2025-02-06;M;2;0;1;10268;3431424;76476;
1082;Midtjylland;2025-02-06;M;2;0;2;10268;3431426;76478;
1085;Sjælland;2025-02-06;M;2;0;2;10268;3431428;76480;
1083;Syddanmark;2025-02-06;M;3;0;3;10268;3431431;76483;
1084;Hovedstaden;2025-02-07;F;2;0;0;10268;3431433;76483;
1082;Midtjylland;2025-02-07;F;1;0;0;10268;3431434;76483;
1085;Sjælland;2025-02-07;F;2;0;1;10268;3431436;76484;
1083;Syddanmark;2025-02-07;F;1;0;0;10268;3431437;76484;
1084;Hovedstaden;2025-02-07;M;9;2;3;10270;3431446;76487;
1081;Nordjylland;2025-02-07;M;4;1;3;10271;3431450;76490;
1085;Sjælland;2025-02-07;M;4;0;2;10271;3431454;76492;
1083;Syddanmark;2025-02-07;M;2;1;2;10272;3431456;76494;
1084;Hovedstaden;2025-02-08;F;2;0;1;10272;3431458;76495;
1083;Syddanmark;2025-02-08;F;1;0;0;10272;3431459;76495;
1084;Hovedstaden;2025-02-08;M;3;0;2;10272;3431462;76497;
1081;Nordjylland;2025-02-08;M;1;1;1;10273;3431463;76498;
1083;Syddanmark;2025-02-08;M;1;0;1;10273;3431464;76499;
1082;Midtjylland;2025-02-09;F;1;0;1;10273;3431465;76500;
1083;Syddanmark;2025-02-09;F;1;0;1;10273;3431466;76501;
1084;Hovedstaden;2025-02-09;M;2;0;1;10273;3431468;76502;
1085;Sjælland;2025-02-09;M;1;0;1;10273;3431469;76503;
1083;Syddanmark;2025-02-09;M;2;1;2;10274;3431471;76505;
1084;Hovedstaden;2025-02-10;F;7;0;1;10274;3431478;76506;
1082;Midtjylland;2025-02-10;F;1;0;1;10274;3431479;76507;
1085;Sjælland;2025-02-10;F;2;0;1;10274;3431481;76508;
1083;Syddanmark;2025-02-10;F;1;1;1;10275;3431482;76509;
1084;Hovedstaden;2025-02-10;M;9;0;2;10275;3431491;76511;
1082;Midtjylland;2025-02-10;M;1;0;1;10275;3431492;76512;
1081;Nordjylland;2025-02-10;M;2;0;1;10275;3431494;76513;
1083;Syddanmark;2025-02-10;M;3;0;2;10275;3431497;76515;
1084;Hovedstaden;2025-02-11;F;6;0;1;10275;3431503;76516;
1085;Sjælland;2025-02-11;F;1;0;0;10275;3431504;76516;
1083;Syddanmark;2025-02-11;F;1;0;1;10275;3431505;76517;
1084;Hovedstaden;2025-02-11;M;5;0;1;10275;3431510;76518;
1082;Midtjylland;2025-02-11;M;1;0;1;10275;3431511;76519;
1085;Sjælland;2025-02-11;M;3;0;1;10275;3431514;76520;
1083;Syddanmark;2025-02-11;M;2;0;1;10275;3431516;76521;
1084;Hovedstaden;2025-02-12;F;5;0;1;10275;3431521;76522;
1082;Midtjylland;2025-02-12;F;1;0;1;10275;3431522;76523;
1083;Syddanmark;2025-02-12;F;3;1;3;10276;3431525;76526;
1084;Hovedstaden;2025-02-12;M;4;0;0;10276;3431529;76526;
1082;Midtjylland;2025-02-12;M;1;0;1;10276;3431530;76527;
1081;Nordjylland;2025-02-12;M;3;0;1;10276;3431533;76528;
1085;Sjælland;2025-02-12;M;2;0;2;10276;3431535;76530;
1083;Syddanmark;2025-02-12;M;3;0;2;10276;3431538;76532;
1084;Hovedstaden;2025-02-13;F;11;0;0;10276;3431549;76532;
1082;Midtjylland;2025-02-13;F;2;0;0;10276;3431551;76532;
1081;Nordjylland;2025-02-13;F;1;0;1;10276;3431552;76533;
1085;Sjælland;2025-02-13;F;4;0;0;10276;3431556;76533;
1083;Syddanmark;2025-02-13;F;2;0;1;10276;3431558;76534;
1084;Hovedstaden;2025-02-13;M;3;0;0;10276;3431561;76534;
1081;Nordjylland;2025-02-13;M;2;1;2;10277;3431563;76536;
1085;Sjælland;2025-02-13;M;1;0;1;10277;3431564;76537;
1083;Syddanmark;2025-02-13;M;2;0;1;10277;3431566;76538;
1084;Hovedstaden;2025-02-14;F;4;0;2;10277;3431570;76540;
1081;Nordjylland;2025-02-14;F;2;1;2;10278;3431572;76542;
1085;Sjælland;2025-02-14;F;1;0;0;10278;3431573;76542;
1083;Syddanmark;2025-02-14;F;4;1;3;10279;3431577;76545;
1084;Hovedstaden;2025-02-14;M;5;0;1;10279;3431582;76546;
1082;Midtjylland;2025-02-14;M;2;1;1;10280;3431584;76547;
1085;Sjælland;2025-02-14;M;1;0;0;10280;3431585;76547;
1083;Syddanmark;2025-02-14;M;6;0;5;10280;3431591;76552;
1084;Hovedstaden;2025-02-15;F;2;0;0;10280;3431593;76552;
1082;Midtjylland;2025-02-15;F;1;1;1;10281;3431594;76553;
1081;Nordjylland;2025-02-15;F;1;0;1;10281;3431595;76554;
1085;Sjælland;2025-02-15;F;2;2;1;10283;3431597;76555;
1083;Syddanmark;2025-02-15;F;2;1;2;10284;3431599;76557;
1084;Hovedstaden;2025-02-15;M;1;0;1;10284;3431600;76558;
1081;Nordjylland;2025-02-15;M;2;0;0;10284;3431602;76558;
1085;Sjælland;2025-02-15;M;2;0;2;10284;3431604;76560;
1084;Hovedstaden;2025-02-16;F;1;0;0;10284;3431605;76560;
1082;Midtjylland;2025-02-16;F;1;0;0;10284;3431606;76560;
1081;Nordjylland;2025-02-16;F;1;0;0;10284;3431607;76560;
1085;Sjælland;2025-02-16;F;1;0;1;10284;3431608;76561;
1083;Syddanmark;2025-02-16;F;2;0;1;10284;3431610;76562;
1084;Hovedstaden;2025-02-16;M;3;0;3;10284;3431613;76565;
1082;Midtjylland;2025-02-16;M;1;0;0;10284;3431614;76565;
1081;Nordjylland;2025-02-16;M;2;0;0;10284;3431616;76565;
1085;Sjælland;2025-02-16;M;3;0;3;10284;3431619;76568;
1083;Syddanmark;2025-02-16;M;1;0;1;10284;3431620;76569;
1084;Hovedstaden;2025-02-17;F;4;0;0;10284;3431624;76569;
1085;Sjælland;2025-02-17;F;3;0;2;10284;3431627;76571;
1083;Syddanmark;2025-02-17;F;3;1;2;10285;3431630;76573;
1084;Hovedstaden;2025-02-17;M;7;1;2;10286;3431637;76575;
1082;Midtjylland;2025-02-17;M;2;0;0;10286;3431639;76575;
1081;Nordjylland;2025-02-17;M;2;0;1;10286;3431641;76576;
1085;Sjælland;2025-02-17;M;1;0;0;10286;3431642;76576;
1083;Syddanmark;2025-02-17;M;3;1;1;10287;3431645;76577;
1084;Hovedstaden;2025-02-18;F;1;0;0;10287;3431646;76577;
1081;Nordjylland;2025-02-18;F;1;0;0;10287;3431647;76577;
1085;Sjælland;2025-02-18;F;3;0;2;10287;3431650;76579;
1083;Syddanmark;2025-02-18;F;1;0;0;10287;3431651;76579;
1084;Hovedstaden;2025-02-18;M;2;0;0;10287;3431653;76579;
1085;Sjælland;2025-02-18;M;2;0;1;10287;3431655;76580;
1083;Syddanmark;2025-02-18;M;3;1;3;10288;3431658;76583;
1084;Hovedstaden;2025-02-19;F;3;0;0;10288;3431661;76583;
1082;Midtjylland;2025-02-19;F;1;0;0;10288;3431662;76583;
1085;Sjælland;2025-02-19;F;5;1;2;10289;3431667;76585;
1083;Syddanmark;2025-02-19;F;2;0;0;10289;3431669;76585;
1084;Hovedstaden;2025-02-19;M;8;1;2;10290;3431677;76587;
1082;Midtjylland;2025-02-19;M;2;0;1;10290;3431679;76588;
1085;Sjælland;2025-02-19;M;4;0;1;10290;3431683;76589;
1083;Syddanmark;2025-02-19;M;7;0;3;10290;3431690;76592;
1084;Hovedstaden;2025-02-20;F;6;0;2;10290;3431696;76594;
1082;Midtjylland;2025-02-20;F;2;0;1;10290;3431698;76595;
1085;Sjælland;2025-02-20;F;3;0;0;10290;3431701;76595;
1084;Hovedstaden;2025-02-20;M;2;1;1;10291;3431703;76596;
1081;Nordjylland;2025-02-20;M;2;0;1;10291;3431705;76597;
1085;Sjælland;2025-02-20;M;3;0;2;10291;3431708;76599;
1083;Syddanmark;2025-02-20;M;4;0;1;10291;3431712;76600;
1084;Hovedstaden;2025-02-21;F;7;0;3;10291;3431719;76603;
1082;Midtjylland;2025-02-21;F;1;0;1;10291;3431720;76604;
1081;Nordjylland;2025-02-21;F;1;0;1;10291;3431721;76605;
1085;Sjælland;2025-02-21;F;3;0;0;10291;3431724;76605;
1083;Syddanmark;2025-02-21;F;2;0;0;10291;3431726;76605;
1084;Hovedstaden;2025-02-21;M;2;0;1;10291;3431728;76606;
1082;Midtjylland;2025-02-21;M;2;0;2;10291;3431730;76608;
1081;Nordjylland;2025-02-21;M;3;1;3;10292;3431733;76611;
1085;Sjælland;2025-02-21;M;1;0;1;10292;3431734;76612;
1083;Syddanmark;2025-02-21;M;3;0;2;10292;3431737;76614;
1084;Hovedstaden;2025-02-22;F;4;0;2;10292;3431741;76616;
1082;Midtjylland;2025-02-22;F;1;0;0;10292;3431742;76616;
1083;Syddanmark;2025-02-22;F;1;0;1;10292;3431743;76617;
1084;Hovedstaden;2025-02-22;M;4;2;3;10294;3431747;76620;
1085;Sjælland;2025-02-22;M;2;0;1;10294;3431749;76621;
1083;Syddanmark;2025-02-22;M;1;0;1;10294;3431750;76622;
1084;Hovedstaden;2025-02-23;F;3;0;1;10294;3431753;76623;
1081;Nordjylland;2025-02-23;F;1;0;1;10294;3431754;76624;
1085;Sjælland;2025-02-23;F;2;0;2;10294;3431756;76626;
1083;Syddanmark;2025-02-23;F;4;0;0;10294;3431760;76626;
1084;Hovedstaden;2025-02-23;M;1;0;1;10294;3431761;76627;
1085;Sjælland;2025-02-23;M;1;0;1;10294;3431762;76628;
1083;Syddanmark;2025-02-23;M;1;0;1;10294;3431763;76629;
1084;Hovedstaden;2025-02-24;F;5;0;0;10294;3431768;76629;
1081;Nordjylland;2025-02-24;F;2;0;0;10294;3431770;76629;
1085;Sjælland;2025-02-24;F;3;0;0;10294;3431773;76629;
1083;Syddanmark;2025-02-24;F;5;0;1;10294;3431778;76630;
1084;Hovedstaden;2025-02-24;M;8;1;4;10295;3431786;76634;
1082;Midtjylland;2025-02-24;M;1;0;1;10295;3431787;76635;
1081;Nordjylland;2025-02-24;M;2;0;2;10295;3431789;76637;
1085;Sjælland;2025-02-24;M;1;0;1;10295;3431790;76638;
1084;Hovedstaden;2025-02-25;F;6;0;4;10295;3431796;76642;
1085;Sjælland;2025-02-25;F;1;0;1;10295;3431797;76643;
1083;Syddanmark;2025-02-25;F;4;0;2;10295;3431801;76645;
1084;Hovedstaden;2025-02-25;M;4;0;2;10295;3431805;76647;
1081;Nordjylland;2025-02-25;M;2;0;1;10295;3431807;76648;
1085;Sjælland;2025-02-25;M;2;0;0;10295;3431809;76648;
1083;Syddanmark;2025-02-25;M;1;0;0;10295;3431810;76648;
1084;Hovedstaden;2025-02-26;F;9;0;1;10295;3431819;76649;
1082;Midtjylland;2025-02-26;F;1;0;1;10295;3431820;76650;
1081;Nordjylland;2025-02-26;F;1;0;0;10295;3431821;76650;
1085;Sjælland;2025-02-26;F;1;0;0;10295;3431822;76650;
1083;Syddanmark;2025-02-26;F;2;0;1;10295;3431824;76651;
1084;Hovedstaden;2025-02-26;M;3;0;2;10295;3431827;76653;
1082;Midtjylland;2025-02-26;M;4;1;1;10296;3431831;76654;
1081;Nordjylland;2025-02-26;M;1;0;1;10296;3431832;76655;
1085;Sjælland;2025-02-26;M;1;0;1;10296;3431833;76656;
1083;Syddanmark;2025-02-26;M;4;0;2;10296;3431837;76658;
1084;Hovedstaden;2025-02-27;F;10;0;2;10296;3431847;76660;
1081;Nordjylland;2025-02-27;F;3;0;3;10296;3431850;76663;
1085;Sjælland;2025-02-27;F;1;0;0;10296;3431851;76663;
1083;Syddanmark;2025-02-27;F;5;0;4;10296;3431856;76667;
1084;Hovedstaden;2025-02-27;M;9;1;5;10297;3431865;76672;
1082;Midtjylland;2025-02-27;M;1;0;1;10297;3431866;76673;
1085;Sjælland;2025-02-27;M;2;0;2;10297;3431868;76675;
1083;Syddanmark;2025-02-27;M;2;0;1;10297;3431870;76676;
1084;Hovedstaden;2025-02-28;F;3;0;2;10297;3431873;76678;
1085;Sjælland;2025-02-28;F;2;0;1;10297;3431875;76679;
1083;Syddanmark;2025-02-28;F;4;0;2;10297;3431879;76681;
1084;Hovedstaden;2025-02-28;M;1;0;0;10297;3431880;76681;
1083;Syddanmark;2025-02-28;M;1;0;0;10297;3431881;76681;
1084;Hovedstaden;2025-03-01;F;2;0;2;10297;3431883;76683;
1082;Midtjylland;2025-03-01;F;1;0;0;10297;3431884;76683;
1083;Syddanmark;2025-03-01;F;2;0;1;10297;3431886;76684;
1084;Hovedstaden;2025-03-02;F;2;0;2;10297;3431888;76686;
1083;Syddanmark;2025-03-02;F;1;0;1;10297;3431889;76687;
1081;Nordjylland;2025-03-02;M;1;0;1;10297;3431890;76688;
1085;Sjælland;2025-03-02;M;3;0;0;10297;3431893;76688;
1083;Syddanmark;2025-03-02;M;3;0;3;10297;3431896;76691;
1084;Hovedstaden;2025-03-03;F;5;0;3;10297;3431901;76694;
1081;Nordjylland;2025-03-03;F;1;0;1;10297;3431902;76695;
1085;Sjælland;2025-03-03;F;2;0;0;10297;3431904;76695;
1083;Syddanmark;2025-03-03;F;2;0;0;10297;3431906;76695;
1084;Hovedstaden;2025-03-03;M;11;1;4;10298;3431917;76699;
1082;Midtjylland;2025-03-03;M;3;0;0;10298;3431920;76699;
1081;Nordjylland;2025-03-03;M;1;1;1;10299;3431921;76700;
1085;Sjælland;2025-03-03;M;2;0;0;10299;3431923;76700;
1083;Syddanmark;2025-03-03;M;4;0;2;10299;3431927;76702;
1084;Hovedstaden;2025-03-04;F;5;0;3;10299;3431932;76705;
1081;Nordjylland;2025-03-04;F;1;0;1;10299;3431933;76706;
1085;Sjælland;2025-03-04;F;2;0;2;10299;3431935;76708;
1083;Syddanmark;2025-03-04;F;1;0;0;10299;3431936;76708;
1084;Hovedstaden;2025-03-04;M;4;1;2;10300;3431940;76710;
1085;Sjælland;2025-03-04;M;1;0;0;10300;3431941;76710;
1083;Syddanmark;2025-03-04;M;2;1;1;10301;3431943;76711;
1084;Hovedstaden;2025-03-05;F;7;0;5;10301;3431950;76716;
1082;Midtjylland;2025-03-05;F;2;0;1;10301;3431952;76717;
1081;Nordjylland;2025-03-05;F;1;0;1;10301;3431953;76718;
1085;Sjælland;2025-03-05;F;1;0;0;10301;3431954;76718;
1083;Syddanmark;2025-03-05;F;2;1;1;10302;3431956;76719;
1084;Hovedstaden;2025-03-05;M;4;0;0;10302;3431960;76719;
1085;Sjælland;2025-03-05;M;1;0;0;10302;3431961;76719;
1083;Syddanmark;2025-03-05;M;5;1;4;10303;3431966;76723;
1084;Hovedstaden;2025-03-06;F;2;1;1;10304;3431968;76724;
1082;Midtjylland;2025-03-06;F;1;0;1;10304;3431969;76725;
1085;Sjælland;2025-03-06;F;2;0;1;10304;3431971;76726;
1083;Syddanmark;2025-03-06;F;1;0;0;10304;3431972;76726;
1084;Hovedstaden;2025-03-06;M;3;0;2;10304;3431975;76728;
1082;Midtjylland;2025-03-06;M;1;1;1;10305;3431976;76729;
1085;Sjælland;2025-03-06;M;2;1;1;10306;3431978;76730;
1083;Syddanmark;2025-03-06;M;5;0;4;10306;3431983;76734;
1084;Hovedstaden;2025-03-07;F;1;0;0;10306;3431984;76734;
1082;Midtjylland;2025-03-07;F;2;0;2;10306;3431986;76736;
1081;Nordjylland;2025-03-07;F;2;0;2;10306;3431988;76738;
1083;Syddanmark;2025-03-07;F;1;0;0;10306;3431989;76738;
1084;Hovedstaden;2025-03-07;M;2;0;0;10306;3431991;76738;
1082;Midtjylland;2025-03-07;M;1;0;1;10306;3431992;76739;
1085;Sjælland;2025-03-07;M;2;1;1;10307;3431994;76740;
1083;Syddanmark;2025-03-07;M;1;0;1;10307;3431995;76741;
1081;Nordjylland;2025-03-08;F;2;1;2;10308;3431997;76743;
1083;Syddanmark;2025-03-08;F;2;0;1;10308;3431999;76744;
1084;Hovedstaden;2025-03-08;M;1;0;0;10308;3432000;76744;
1081;Nordjylland;2025-03-08;M;1;0;1;10308;3432001;76745;
1083;Syddanmark;2025-03-08;M;1;0;1;10308;3432002;76746;
1084;Hovedstaden;2025-03-09;F;1;0;0;10308;3432003;76746;
1085;Sjælland;2025-03-09;F;1;0;1;10308;3432004;76747;
1084;Hovedstaden;2025-03-09;M;2;1;2;10309;3432006;76749;
1081;Nordjylland;2025-03-09;M;3;1;3;10310;3432009;76752;
1085;Sjælland;2025-03-09;M;1;0;1;10310;3432010;76753;
1084;Hovedstaden;2025-03-10;F;8;2;2;10312;3432018;76755;
1082;Midtjylland;2025-03-10;F;1;0;0;10312;3432019;76755;
1081;Nordjylland;2025-03-10;F;2;0;0;10312;3432021;76755;
1085;Sjælland;2025-03-10;F;2;0;1;10312;3432023;76756;
1083;Syddanmark;2025-03-10;F;4;0;1;10312;3432027;76757;
1084;Hovedstaden;2025-03-10;M;2;1;0;10313;3432029;76757;
1082;Midtjylland;2025-03-10;M;2;0;1;10313;3432031;76758;
1081;Nordjylland;2025-03-10;M;1;0;1;10313;3432032;76759;
1085;Sjælland;2025-03-10;M;1;0;1;10313;3432033;76760;
1083;Syddanmark;2025-03-10;M;3;0;3;10313;3432036;76763;
1084;Hovedstaden;2025-03-11;F;2;0;1;10313;3432038;76764;
1081;Nordjylland;2025-03-11;F;1;0;1;10313;3432039;76765;
1083;Syddanmark;2025-03-11;F;3;0;2;10313;3432042;76767;
1084;Hovedstaden;2025-03-11;M;3;0;1;10313;3432045;76768;
1082;Midtjylland;2025-03-11;M;1;0;1;10313;3432046;76769;
1081;Nordjylland;2025-03-11;M;1;0;1;10313;3432047;76770;
1085;Sjælland;2025-03-11;M;2;0;1;10313;3432049;76771;
1083;Syddanmark;2025-03-11;M;3;0;2;10313;3432052;76773;
1084;Hovedstaden;2025-03-12;F;2;0;1;10313;3432054;76774;
1083;Syddanmark;2025-03-12;F;3;2;3;10315;3432057;76777;
1084;Hovedstaden;2025-03-12;M;2;0;0;10315;3432059;76777;
1082;Midtjylland;2025-03-12;M;1;0;0;10315;3432060;76777;
1085;Sjælland;2025-03-12;M;2;0;1;10315;3432062;76778;
1083;Syddanmark;2025-03-12;M;3;0;2;10315;3432065;76780;
1084;Hovedstaden;2025-03-13;F;8;0;2;10315;3432073;76782;
1081;Nordjylland;2025-03-13;F;1;0;1;10315;3432074;76783;
1085;Sjælland;2025-03-13;F;1;0;0;10315;3432075;76783;
1083;Syddanmark;2025-03-13;F;1;0;1;10315;3432076;76784;
1084;Hovedstaden;2025-03-13;M;4;0;0;10315;3432080;76784;
1081;Nordjylland;2025-03-13;M;1;0;1;10315;3432081;76785;
1085;Sjælland;2025-03-13;M;2;0;1;10315;3432083;76786;
1083;Syddanmark;2025-03-13;M;3;0;3;10315;3432086;76789;
1084;Hovedstaden;2025-03-14;F;2;0;0;10315;3432088;76789;
1082;Midtjylland;2025-03-14;F;1;0;0;10315;3432089;76789;
1081;Nordjylland;2025-03-14;F;1;0;1;10315;3432090;76790;
1085;Sjælland;2025-03-14;F;1;0;1;10315;3432091;76791;
1083;Syddanmark;2025-03-14;F;2;0;1;10315;3432093;76792;
1084;Hovedstaden;2025-03-14;M;6;0;2;10315;3432099;76794;
1082;Midtjylland;2025-03-14;M;1;0;1;10315;3432100;76795;
1083;Syddanmark;2025-03-14;M;2;0;1;10315;3432102;76796;
1081;Nordjylland;2025-03-15;F;1;0;1;10315;3432103;76797;
1084;Hovedstaden;2025-03-15;M;3;1;1;10316;3432106;76798;
1082;Midtjylland;2025-03-15;M;1;0;1;10316;3432107;76799;
1081;Nordjylland;2025-03-15;M;2;0;2;10316;3432109;76801;
1085;Sjælland;2025-03-15;M;2;0;2;10316;3432111;76803;
1083;Syddanmark;2025-03-15;M;1;0;0;10316;3432112;76803;
1084;Hovedstaden;2025-03-16;F;1;0;1;10316;3432113;76804;
1085;Sjælland;2025-03-16;F;1;0;0;10316;3432114;76804;
1084;Hovedstaden;2025-03-16;M;2;0;2;10316;3432116;76806;
1082;Midtjylland;2025-03-16;M;1;1;1;10317;3432117;76807;
1081;Nordjylland;2025-03-16;M;1;1;1;10318;3432118;76808;
1085;Sjælland;2025-03-16;M;5;0;4;10318;3432123;76812;
1083;Syddanmark;2025-03-16;M;2;0;2;10318;3432125;76814;
1084;Hovedstaden;2025-03-17;F;7;0;2;10318;3432132;76816;
1082;Midtjylland;2025-03-17;F;3;0;2;10318;3432135;76818;
1081;Nordjylland;2025-03-17;F;2;0;1;10318;3432137;76819;
1085;Sjælland;2025-03-17;F;1;0;0;10318;3432138;76819;
1083;Syddanmark;2025-03-17;F;2;0;2;10318;3432140;76821;
1084;Hovedstaden;2025-03-17;M;4;1;1;10319;3432144;76822;
1082;Midtjylland;2025-03-17;M;1;0;1;10319;3432145;76823;
1085;Sjælland;2025-03-17;M;3;0;1;10319;3432148;76824;
1083;Syddanmark;2025-03-17;M;2;0;2;10319;3432150;76826;
1084;Hovedstaden;2025-03-18;F;3;0;0;10319;3432153;76826;
1085;Sjælland;2025-03-18;F;5;0;3;10319;3432158;76829;
1083;Syddanmark;2025-03-18;F;2;0;2;10319;3432160;76831;
1082;Midtjylland;2025-03-18;M;1;0;0;10319;3432161;76831;
1081;Nordjylland;2025-03-18;M;2;0;1;10319;3432163;76832;
1085;Sjælland;2025-03-18;M;2;0;2;10319;3432165;76834;
1083;Syddanmark;2025-03-18;M;1;0;1;10319;3432166;76835;
1084;Hovedstaden;2025-03-19;F;3;0;3;10319;3432169;76838;
1082;Midtjylland;2025-03-19;F;2;0;0;10319;3432171;76838;
1085;Sjælland;2025-03-19;F;3;0;1;10319;3432174;76839;
1083;Syddanmark;2025-03-19;F;2;0;1;10319;3432176;76840;
1084;Hovedstaden;2025-03-19;M;1;0;0;10319;3432177;76840;
1082;Midtjylland;2025-03-19;M;2;0;1;10319;3432179;76841;
1081;Nordjylland;2025-03-19;M;1;0;1;10319;3432180;76842;
1085;Sjælland;2025-03-19;M;3;0;1;10319;3432183;76843;
1083;Syddanmark;2025-03-19;M;1;0;1;10319;3432184;76844;
1084;Hovedstaden;2025-03-20;F;3;0;1;10319;3432187;76845;
1082;Midtjylland;2025-03-20;F;1;1;1;10320;3432188;76846;
1084;Hovedstaden;2025-03-20;M;7;1;2;10321;3432195;76848;
1082;Midtjylland;2025-03-20;M;1;0;0;10321;3432196;76848;
1081;Nordjylland;2025-03-20;M;3;0;2;10321;3432199;76850;
1085;Sjælland;2025-03-20;M;2;0;1;10321;3432201;76851;
1084;Hovedstaden;2025-03-21;F;8;1;5;10322;3432209;76856;
1082;Midtjylland;2025-03-21;F;2;0;1;10322;3432211;76857;
1081;Nordjylland;2025-03-21;F;1;0;1;10322;3432212;76858;
1085;Sjælland;2025-03-21;F;1;0;1;10322;3432213;76859;
1084;Hovedstaden;2025-03-21;M;2;1;1;10323;3432215;76860;
1085;Sjælland;2025-03-21;M;3;0;2;10323;3432218;76862;
1083;Syddanmark;2025-03-21;M;2;0;1;10323;3432220;76863;
1081;Nordjylland;2025-03-22;F;1;0;1;10323;3432221;76864;
1083;Syddanmark;2025-03-22;F;1;0;1;10323;3432222;76865;
1081;Nordjylland;2025-03-22;M;1;1;1;10324;3432223;76866;
1083;Syddanmark;2025-03-22;M;1;1;1;10325;3432224;76867;
1084;Hovedstaden;2025-03-23;F;5;0;4;10325;3432229;76871;
1085;Sjælland;2025-03-23;F;1;0;0;10325;3432230;76871;
1083;Syddanmark;2025-03-23;F;1;0;1;10325;3432231;76872;
1085;Sjælland;2025-03-23;M;2;0;2;10325;3432233;76874;
1083;Syddanmark;2025-03-23;M;1;0;1;10325;3432234;76875;
1084;Hovedstaden;2025-03-24;F;2;0;0;10325;3432236;76875;
1085;Sjælland;2025-03-24;F;1;1;1;10326;3432237;76876;
1083;Syddanmark;2025-03-24;F;1;0;1;10326;3432238;76877;
1084;Hovedstaden;2025-03-24;M;3;0;0;10326;3432241;76877;
1081;Nordjylland;2025-03-24;M;1;0;0;10326;3432242;76877;
1085;Sjælland;2025-03-24;M;1;0;0;10326;3432243;76877;
1083;Syddanmark;2025-03-24;M;3;0;3;10326;3432246;76880;
1084;Hovedstaden;2025-03-25;F;4;0;2;10326;3432250;76882;
1081;Nordjylland;2025-03-25;F;1;0;1;10326;3432251;76883;
1085;Sjælland;2025-03-25;F;1;0;0;10326;3432252;76883;
1084;Hovedstaden;2025-03-25;M;3;0;3;10326;3432255;76886;
1082;Midtjylland;2025-03-25;M;1;0;0;10326;3432256;76886;
1081;Nordjylland;2025-03-25;M;1;0;0;10326;3432257;76886;
1085;Sjælland;2025-03-25;M;1;0;1;10326;3432258;76887;
1084;Hovedstaden;2025-03-26;F;4;1;2;10327;3432262;76889;
1081;Nordjylland;2025-03-26;F;1;0;1;10327;3432263;76890;
1085;Sjælland;2025-03-26;F;2;0;1;10327;3432265;76891;
1083;Syddanmark;2025-03-26;F;1;0;0;10327;3432266;76891;
1084;Hovedstaden;2025-03-26;M;2;0;0;10327;3432268;76891;
1085;Sjælland;2025-03-26;M;2;0;0;10327;3432270;76891;
1083;Syddanmark;2025-03-26;M;1;0;0;10327;3432271;76891;
1084;Hovedstaden;2025-03-27;F;5;0;2;10327;3432276;76893;
1085;Sjælland;2025-03-27;F;1;0;0;10327;3432277;76893;
1083;Syddanmark;2025-03-27;F;3;0;2;10327;3432280;76895;
1084;Hovedstaden;2025-03-27;M;5;0;2;10327;3432285;76897;
1085;Sjælland;2025-03-27;M;1;0;1;10327;3432286;76898;
1084;Hovedstaden;2025-03-28;F;2;0;1;10327;3432288;76899;
1085;Sjælland;2025-03-28;F;1;0;0;10327;3432289;76899;
1083;Syddanmark;2025-03-28;F;1;0;0;10327;3432290;76899;
1084;Hovedstaden;2025-03-28;M;3;0;1;10327;3432293;76900;
1085;Sjælland;2025-03-28;M;1;0;1;10327;3432294;76901;
1083;Syddanmark;2025-03-28;M;1;0;1;10327;3432295;76902;
1084;Hovedstaden;2025-03-29;F;2;0;1;10327;3432297;76903;
1082;Midtjylland;2025-03-29;F;1;0;1;10327;3432298;76904;
1081;Nordjylland;2025-03-29;F;1;0;1;10327;3432299;76905;
1085;Sjælland;2025-03-29;F;1;0;0;10327;3432300;76905;
1084;Hovedstaden;2025-03-29;M;2;0;1;10327;3432302;76906;
1084;Hovedstaden;2025-03-30;F;2;0;1;10327;3432304;76907;
1084;Hovedstaden;2025-03-30;M;1;0;0;10327;3432305;76907;
1084;Hovedstaden;2025-03-31;F;3;0;3;10327;3432308;76910;
1083;Syddanmark;2025-03-31;F;2;0;0;10327;3432310;76910;
1084;Hovedstaden;2025-03-31;M;2;1;1;10328;3432312;76911;
1081;Nordjylland;2025-03-31;M;1;0;0;10328;3432313;76911;
1083;Syddanmark;2025-03-31;M;1;0;1;10328;3432314;76912;
1084;Hovedstaden;2025-04-01;F;2;0;1;10328;3432316;76913;
1082;Midtjylland;2025-04-01;F;1;0;0;10328;3432317;76913;
1085;Sjælland;2025-04-01;F;1;0;1;10328;3432318;76914;
1084;Hovedstaden;2025-04-01;M;6;0;1;10328;3432324;76915;
1085;Sjælland;2025-04-01;M;1;0;1;10328;3432325;76916;
1084;Hovedstaden;2025-04-02;F;3;0;0;10328;3432328;76916;
1085;Sjælland;2025-04-02;F;1;0;0;10328;3432329;76916;
1084;Hovedstaden;2025-04-02;M;1;0;1;10328;3432330;76917;
1082;Midtjylland;2025-04-02;M;1;0;0;10328;3432331;76917;
1085;Sjælland;2025-04-02;M;1;0;0;10328;3432332;76917;
1083;Syddanmark;2025-04-02;M;1;1;1;10329;3432333;76918;
1084;Hovedstaden;2025-04-03;F;1;0;0;10329;3432334;76918;
1083;Syddanmark;2025-04-03;F;1;0;0;10329;3432335;76918;
1084;Hovedstaden;2025-04-03;M;5;0;0;10329;3432340;76918;
1085;Sjælland;2025-04-03;M;1;0;0;10329;3432341;76918;
1084;Hovedstaden;2025-04-04;F;1;0;0;10329;3432342;76918;
1083;Syddanmark;2025-04-04;F;1;0;0;10329;3432343;76918;
1084;Hovedstaden;2025-04-04;M;1;0;0;10329;3432344;76918;
1081;Nordjylland;2025-04-04;M;2;0;0;10329;3432346;76918;
1084;Hovedstaden;2025-04-05;F;3;0;2;10329;3432349;76920;
1085;Sjælland;2025-04-05;F;1;0;0;10329;3432350;76920;
1084;Hovedstaden;2025-04-05;M;1;0;1;10329;3432351;76921;
1085;Sjælland;2025-04-06;F;1;0;0;10329;3432352;76921;
1083;Syddanmark;2025-04-06;F;1;1;1;10330;3432353;76922;
1084;Hovedstaden;2025-04-06;M;2;1;2;10331;3432355;76924;
1083;Syddanmark;2025-04-06;M;1;0;0;10331;3432356;76924;
1084;Hovedstaden;2025-04-07;F;3;0;2;10331;3432359;76926;
1084;Hovedstaden;2025-04-07;M;2;0;2;10331;3432361;76928;
1085;Sjælland;2025-04-07;M;1;0;0;10331;3432362;76928;
1083;Syddanmark;2025-04-07;M;1;0;1;10331;3432363;76929;
1084;Hovedstaden;2025-04-08;F;1;0;0;10331;3432364;76929;
1081;Nordjylland;2025-04-08;F;1;0;1;10331;3432365;76930;
1085;Sjælland;2025-04-08;F;1;0;1;10331;3432366;76931;
1083;Syddanmark;2025-04-08;F;1;0;1;10331;3432367;76932;
1084;Hovedstaden;2025-04-09;F;3;0;1;10331;3432370;76933;
1081;Nordjylland;2025-04-09;F;1;0;0;10331;3432371;76933;
1085;Sjælland;2025-04-09;F;2;0;1;10331;3432373;76934;
1085;Sjælland;2025-04-09;M;2;0;1;10331;3432375;76935;
1084;Hovedstaden;2025-04-10;F;4;0;3;10331;3432379;76938;
1082;Midtjylland;2025-04-10;F;1;0;0;10331;3432380;76938;
1085;Sjælland;2025-04-10;F;1;0;1;10331;3432381;76939;
1084;Hovedstaden;2025-04-10;M;2;0;0;10331;3432383;76939;
1081;Nordjylland;2025-04-10;M;1;0;1;10331;3432384;76940;
1085;Sjælland;2025-04-10;M;1;0;1;10331;3432385;76941;
1083;Syddanmark;2025-04-10;M;3;0;0;10331;3432388;76941;
1084;Hovedstaden;2025-04-11;F;1;0;0;10331;3432389;76941;
1081;Nordjylland;2025-04-11;F;1;0;1;10331;3432390;76942;
1083;Syddanmark;2025-04-11;F;2;0;1;10331;3432392;76943;
1084;Hovedstaden;2025-04-11;M;3;1;1;10332;3432395;76944;
1084;Hovedstaden;2025-04-12;F;1;0;0;10332;3432396;76944;
1085;Sjælland;2025-04-12;F;2;0;2;10332;3432398;76946;
1084;Hovedstaden;2025-04-12;M;1;0;1;10332;3432399;76947;
1084;Hovedstaden;2025-04-13;F;1;0;1;10332;3432400;76948;
1083;Syddanmark;2025-04-13;F;1;0;1;10332;3432401;76949;
1084;Hovedstaden;2025-04-13;M;3;0;3;10332;3432404;76952;
1084;Hovedstaden;2025-04-14;F;4;0;2;10332;3432408;76954;
1083;Syddanmark;2025-04-14;F;1;0;1;10332;3432409;76955;
1084;Hovedstaden;2025-04-14;M;2;0;1;10332;3432411;76956;
1084;Hovedstaden;2025-04-15;F;1;0;1;10332;3432412;76957;
1082;Midtjylland;2025-04-15;F;1;0;1;10332;3432413;76958;
1084;Hovedstaden;2025-04-15;M;4;1;0;10333;3432417;76958;
1085;Sjælland;2025-04-15;M;1;1;0;10334;3432418;76958;
1083;Syddanmark;2025-04-15;M;1;0;1;10334;3432419;76959;
1084;Hovedstaden;2025-04-16;F;3;0;0;10334;3432422;76959;
1081;Nordjylland;2025-04-16;F;1;0;1;10334;3432423;76960;
1083;Syddanmark;2025-04-16;F;1;0;0;10334;3432424;76960;
1084;Hovedstaden;2025-04-16;M;1;1;1;10335;3432425;76961;
1083;Syddanmark;2025-04-16;M;1;0;1;10335;3432426;76962;
1084;Hovedstaden;2025-04-17;F;1;1;1;10336;3432427;76963;
1084;Hovedstaden;2025-04-17;M;2;0;1;10336;3432429;76964;
1085;Sjælland;2025-04-17;M;1;0;1;10336;3432430;76965;
1084;Hovedstaden;2025-04-18;F;1;0;1;10336;3432431;76966;
1084;Hovedstaden;2025-04-18;M;2;1;2;10337;3432433;76968;
1082;Midtjylland;2025-04-18;M;1;0;1;10337;3432434;76969;
1081;Nordjylland;2025-04-18;M;1;0;1;10337;3432435;76970;
1085;Sjælland;2025-04-18;M;1;0;1;10337;3432436;76971;
1084;Hovedstaden;2025-04-19;F;1;0;1;10337;3432437;76972;
1083;Syddanmark;2025-04-19;F;1;0;0;10337;3432438;76972;
1084;Hovedstaden;2025-04-19;M;1;0;1;10337;3432439;76973;
1084;Hovedstaden;2025-04-20;F;1;0;1;10337;3432440;76974;
1081;Nordjylland;2025-04-20;F;1;0;1;10337;3432441;76975;
1084;Hovedstaden;2025-04-20;M;2;0;1;10337;3432443;76976;
1085;Sjælland;2025-04-21;F;2;0;1;10337;3432445;76977;
1083;Syddanmark;2025-04-21;F;1;0;0;10337;3432446;76977;
1084;Hovedstaden;2025-04-21;M;5;0;3;10337;3432451;76980;
1082;Midtjylland;2025-04-21;M;1;0;1;10337;3432452;76981;
1081;Nordjylland;2025-04-21;M;1;0;1;10337;3432453;76982;
1084;Hovedstaden;2025-04-22;F;1;0;0;10337;3432454;76982;
1084;Hovedstaden;2025-04-22;M;4;0;2;10337;3432458;76984;
1082;Midtjylland;2025-04-22;M;1;0;1;10337;3432459;76985;
1085;Sjælland;2025-04-22;M;1;0;1;10337;3432460;76986;
1084;Hovedstaden;2025-04-23;F;1;0;1;10337;3432461;76987;
1085;Sjælland;2025-04-23;F;2;0;2;10337;3432463;76989;
1083;Syddanmark;2025-04-23;F;1;0;0;10337;3432464;76989;
1084;Hovedstaden;2025-04-23;M;3;1;1;10338;3432467;76990;
1084;Hovedstaden;2025-04-24;F;1;0;0;10338;3432468;76990;
1083;Syddanmark;2025-04-24;F;3;0;2;10338;3432471;76992;
1084;Hovedstaden;2025-04-24;M;1;0;0;10338;3432472;76992;
1081;Nordjylland;2025-04-24;M;2;1;2;10339;3432474;76994;
1083;Syddanmark;2025-04-24;M;2;1;2;10340;3432476;76996;
1084;Hovedstaden;2025-04-25;F;5;0;2;10340;3432481;76998;
1083;Syddanmark;2025-04-25;F;2;0;2;10340;3432483;77000;
1084;Hovedstaden;2025-04-25;M;1;0;0;10340;3432484;77000;
1083;Syddanmark;2025-04-25;M;1;0;0;10340;3432485;77000;
1084;Hovedstaden;2025-04-26;F;2;0;1;10340;3432487;77001;
1085;Sjælland;2025-04-26;F;1;0;1;10340;3432488;77002;
1084;Hovedstaden;2025-04-26;M;1;0;1;10340;3432489;77003;
1084;Hovedstaden;2025-04-27;F;2;0;0;10340;3432491;77003;
1084;Hovedstaden;2025-04-27;M;1;0;1;10340;3432492;77004;
1082;Midtjylland;2025-04-27;M;1;0;1;10340;3432493;77005;
1085;Sjælland;2025-04-27;M;1;0;1;10340;3432494;77006;
1084;Hovedstaden;2025-04-28;F;5;0;2;10340;3432499;77008;
1082;Midtjylland;2025-04-28;F;1;0;0;10340;3432500;77008;
1081;Nordjylland;2025-04-28;F;1;0;1;10340;3432501;77009;
1084;Hovedstaden;2025-04-28;M;6;0;1;10340;3432507;77010;
1085;Sjælland;2025-04-28;M;1;0;1;10340;3432508;77011;
1084;Hovedstaden;2025-04-29;F;2;0;1;10340;3432510;77012;
1085;Sjælland;2025-04-29;F;1;0;1;10340;3432511;77013;
1083;Syddanmark;2025-04-29;F;1;0;0;10340;3432512;77013;
1084;Hovedstaden;2025-04-29;M;5;1;3;10341;3432517;77016;
1083;Syddanmark;2025-04-29;M;2;0;2;10341;3432519;77018;
1084;Hovedstaden;2025-04-30;F;5;0;1;10341;3432524;77019;
1082;Midtjylland;2025-04-30;F;1;0;1;10341;3432525;77020;
1081;Nordjylland;2025-04-30;F;1;0;1;10341;3432526;77021;
1083;Syddanmark;2025-04-30;M;1;0;1;10341;3432527;77022;
1084;Hovedstaden;2025-05-01;F;2;0;0;10341;3432529;77022;
1081;Nordjylland;2025-05-01;M;1;0;0;10341;3432530;77022;
1085;Sjælland;2025-05-01;M;1;0;1;10341;3432531;77023;
1083;Syddanmark;2025-05-01;M;1;0;1;10341;3432532;77024;
1084;Hovedstaden;2025-05-02;F;3;0;3;10341;3432535;77027;
1082;Midtjylland;2025-05-02;F;1;0;1;10341;3432536;77028;
1085;Sjælland;2025-05-02;F;1;0;0;10341;3432537;77028;
1084;Hovedstaden;2025-05-02;M;3;0;2;10341;3432540;77030;
1083;Syddanmark;2025-05-02;M;1;0;1;10341;3432541;77031;
1084;Hovedstaden;2025-05-03;F;1;0;0;10341;3432542;77031;
1082;Midtjylland;2025-05-03;F;1;0;0;10341;3432543;77031;
1084;Hovedstaden;2025-05-04;M;1;0;1;10341;3432544;77032;
1084;Hovedstaden;2025-05-05;F;5;0;2;10341;3432549;77034;
1084;Hovedstaden;2025-05-05;M;4;0;1;10341;3432553;77035;
1082;Midtjylland;2025-05-05;M;1;0;1;10341;3432554;77036;
1084;Hovedstaden;2025-05-06;F;3;0;2;10341;3432557;77038;
1083;Syddanmark;2025-05-06;F;1;0;1;10341;3432558;77039;
1084;Hovedstaden;2025-05-06;M;2;0;1;10341;3432560;77040;
1082;Midtjylland;2025-05-06;M;1;0;1;10341;3432561;77041;
1084;Hovedstaden;2025-05-07;F;1;0;1;10341;3432562;77042;
1082;Midtjylland;2025-05-07;F;1;0;1;10341;3432563;77043;
1084;Hovedstaden;2025-05-07;M;1;0;0;10341;3432564;77043;
1085;Sjælland;2025-05-07;M;1;0;1;10341;3432565;77044;
1084;Hovedstaden;2025-05-08;F;5;0;1;10341;3432570;77045;
1081;Nordjylland;2025-05-08;F;1;0;0;10341;3432571;77045;
1083;Syddanmark;2025-05-08;F;1;0;1;10341;3432572;77046;
1081;Nordjylland;2025-05-08;M;1;0;0;10341;3432573;77046;
1084;Hovedstaden;2025-05-09;F;1;0;0;10341;3432574;77046;
1085;Sjælland;2025-05-09;F;2;0;1;10341;3432576;77047;
1083;Syddanmark;2025-05-09;F;3;0;2;10341;3432579;77049;
1084;Hovedstaden;2025-05-09;M;1;1;1;10342;3432580;77050;
1083;Syddanmark;2025-05-09;M;2;0;2;10342;3432582;77052;
1084;Hovedstaden;2025-05-10;F;1;0;1;10342;3432583;77053;
1084;Hovedstaden;2025-05-10;M;1;0;1;10342;3432584;77054;
1084;Hovedstaden;2025-05-11;F;1;0;1;10342;3432585;77055;
1081;Nordjylland;2025-05-11;F;1;0;1;10342;3432586;77056;
1085;Sjælland;2025-05-11;F;1;0;1;10342;3432587;77057;
1084;Hovedstaden;2025-05-11;M;3;0;3;10342;3432590;77060;
1084;Hovedstaden;2025-05-12;F;3;0;2;10342;3432593;77062;
1081;Nordjylland;2025-05-12;F;1;1;1;10343;3432594;77063;
1084;Hovedstaden;2025-05-12;M;4;0;3;10343;3432598;77066;
1083;Syddanmark;2025-05-12;M;1;0;1;10343;3432599;77067;
1084;Hovedstaden;2025-05-13;F;4;1;1;10344;3432603;77068;
1083;Syddanmark;2025-05-13;F;1;0;0;10344;3432604;77068;
1084;Hovedstaden;2025-05-13;M;1;0;0;10344;3432605;77068;
1083;Syddanmark;2025-05-13;M;1;0;0;10344;3432606;77068;
1084;Hovedstaden;2025-05-14;F;2;0;0;10344;3432608;77068;
1083;Syddanmark;2025-05-14;F;1;0;1;10344;3432609;77069;
1084;Hovedstaden;2025-05-14;M;2;0;1;10344;3432611;77070;
1082;Midtjylland;2025-05-14;M;1;0;1;10344;3432612;77071;
1085;Sjælland;2025-05-14;M;1;0;0;10344;3432613;77071;
1083;Syddanmark;2025-05-14;M;1;0;1;10344;3432614;77072;
1084;Hovedstaden;2025-05-15;F;2;0;1;10344;3432616;77073;
1085;Sjælland;2025-05-15;F;1;0;1;10344;3432617;77074;
1084;Hovedstaden;2025-05-15;M;4;1;2;10345;3432621;77076;
1085;Sjælland;2025-05-15;M;2;0;2;10345;3432623;77078;
1084;Hovedstaden;2025-05-16;F;4;0;1;10345;3432627;77079;
1084;Hovedstaden;2025-05-17;F;3;1;2;10346;3432630;77081;
1084;Hovedstaden;2025-05-17;M;2;0;1;10346;3432632;77082;
1085;Sjælland;2025-05-17;M;1;0;1;10346;3432633;77083;
1083;Syddanmark;2025-05-17;M;1;0;1;10346;3432634;77084;
1084;Hovedstaden;2025-05-18;M;2;0;2;10346;3432636;77086;
1085;Sjælland;2025-05-18;M;1;0;1;10346;3432637;77087;
1084;Hovedstaden;2025-05-19;F;2;0;1;10346;3432639;77088;
1082;Midtjylland;2025-05-19;F;1;0;1;10346;3432640;77089;
1081;Nordjylland;2025-05-19;F;1;0;1;10346;3432641;77090;
1083;Syddanmark;2025-05-19;F;1;0;1;10346;3432642;77091;
1084;Hovedstaden;2025-05-19;M;3;0;1;10346;3432645;77092;
1082;Midtjylland;2025-05-19;M;1;0;0;10346;3432646;77092;
1081;Nordjylland;2025-05-19;M;1;0;1;10346;3432647;77093;
1085;Sjælland;2025-05-19;M;1;0;0;10346;3432648;77093;
1083;Syddanmark;2025-05-19;M;1;0;0;10346;3432649;77093;
1084;Hovedstaden;2025-05-20;F;2;0;1;10346;3432651;77094;
1084;Hovedstaden;2025-05-20;M;6;0;4;10346;3432657;77098;
1082;Midtjylland;2025-05-20;M;1;0;1;10346;3432658;77099;
1083;Syddanmark;2025-05-20;M;1;1;1;10347;3432659;77100;
1084;Hovedstaden;2025-05-21;F;4;0;0;10347;3432663;77100;
1081;Nordjylland;2025-05-21;F;2;0;2;10347;3432665;77102;
1085;Sjælland;2025-05-21;F;2;0;2;10347;3432667;77104;
1084;Hovedstaden;2025-05-21;M;3;0;2;10347;3432670;77106;
1085;Sjælland;2025-05-21;M;2;0;2;10347;3432672;77108;
1084;Hovedstaden;2025-05-22;F;1;0;0;10347;3432673;77108;
1082;Midtjylland;2025-05-22;F;1;0;0;10347;3432674;77108;
1085;Sjælland;2025-05-22;F;1;0;0;10347;3432675;77108;
1084;Hovedstaden;2025-05-22;M;4;0;2;10347;3432679;77110;
1082;Midtjylland;2025-05-22;M;2;0;1;10347;3432681;77111;
1085;Sjælland;2025-05-22;M;1;0;0;10347;3432682;77111;
1083;Syddanmark;2025-05-22;M;1;1;1;10348;3432683;77112;
1084;Hovedstaden;2025-05-23;F;2;0;1;10348;3432685;77113;
1083;Syddanmark;2025-05-23;F;1;0;1;10348;3432686;77114;
1084;Hovedstaden;2025-05-23;M;4;0;3;10348;3432690;77117;
1085;Sjælland;2025-05-23;M;1;0;1;10348;3432691;77118;
1083;Syddanmark;2025-05-23;M;2;0;1;10348;3432693;77119;
1081;Nordjylland;2025-05-24;F;1;0;1;10348;3432694;77120;
1084;Hovedstaden;2025-05-24;M;1;0;1;10348;3432695;77121;
1085;Sjælland;2025-05-24;M;1;0;1;10348;3432696;77122;
1084;Hovedstaden;2025-05-25;F;3;0;2;10348;3432699;77124;
1085;Sjælland;2025-05-25;F;1;0;1;10348;3432700;77125;
1083;Syddanmark;2025-05-25;F;1;0;1;10348;3432701;77126;
1084;Hovedstaden;2025-05-25;M;2;0;1;10348;3432703;77127;
1085;Sjælland;2025-05-25;M;1;0;1;10348;3432704;77128;
1084;Hovedstaden;2025-05-26;F;3;0;1;10348;3432707;77129;
1082;Midtjylland;2025-05-26;F;1;0;1;10348;3432708;77130;
1081;Nordjylland;2025-05-26;F;1;0;1;10348;3432709;77131;
1085;Sjælland;2025-05-26;F;1;0;0;10348;3432710;77131;
1083;Syddanmark;2025-05-26;F;1;0;0;10348;3432711;77131;
1084;Hovedstaden;2025-05-26;M;2;0;0;10348;3432713;77131;
1083;Syddanmark;2025-05-26;M;1;0;0;10348;3432714;77131;
1084;Hovedstaden;2025-05-27;F;4;0;1;10348;3432718;77132;
1084;Hovedstaden;2025-05-27;M;1;0;0;10348;3432719;77132;
1082;Midtjylland;2025-05-27;M;2;0;1;10348;3432721;77133;
1085;Sjælland;2025-05-27;M;1;0;1;10348;3432722;77134;
1083;Syddanmark;2025-05-27;M;2;0;1;10348;3432724;77135;
1084;Hovedstaden;2025-05-28;F;4;0;0;10348;3432728;77135;
1081;Nordjylland;2025-05-28;F;1;1;1;10349;3432729;77136;
1083;Syddanmark;2025-05-28;F;1;0;1;10349;3432730;77137;
1082;Midtjylland;2025-05-28;M;2;0;1;10349;3432732;77138;
1084;Hovedstaden;2025-05-29;F;2;0;1;10349;3432734;77139;
1085;Sjælland;2025-05-29;F;1;0;0;10349;3432735;77139;
1084;Hovedstaden;2025-05-29;M;2;0;2;10349;3432737;77141;
1084;Hovedstaden;2025-05-30;F;2;0;2;10349;3432739;77143;
1083;Syddanmark;2025-05-30;F;1;0;1;10349;3432740;77144;
1084;Hovedstaden;2025-05-30;M;2;0;0;10349;3432742;77144;
1085;Sjælland;2025-05-30;M;1;0;0;10349;3432743;77144;
1083;Syddanmark;2025-05-30;M;1;1;1;10350;3432744;77145;
1084;Hovedstaden;2025-05-31;F;2;0;2;10350;3432746;77147;
1085;Sjælland;2025-05-31;F;1;0;1;10350;3432747;77148;
1083;Syddanmark;2025-05-31;F;1;0;1;10350;3432748;77149;
1084;Hovedstaden;2025-05-31;M;1;0;0;10350;3432749;77149;
1084;Hovedstaden;2025-06-01;F;1;0;1;10350;3432750;77150;
1084;Hovedstaden;2025-06-01;M;2;0;2;10350;3432752;77152;
1084;Hovedstaden;2025-06-02;F;6;0;2;10350;3432758;77154;
1081;Nordjylland;2025-06-02;F;1;0;1;10350;3432759;77155;
1085;Sjælland;2025-06-02;F;1;1;1;10351;3432760;77156;
1084;Hovedstaden;2025-06-02;M;3;0;1;10351;3432763;77157;
1082;Midtjylland;2025-06-02;M;1;0;1;10351;3432764;77158;
1085;Sjælland;2025-06-02;M;2;0;1;10351;3432766;77159;
1083;Syddanmark;2025-06-02;M;1;0;1;10351;3432767;77160;
1084;Hovedstaden;2025-06-03;F;5;0;4;10351;3432772;77164;
1081;Nordjylland;2025-06-03;F;1;0;0;10351;3432773;77164;
1083;Syddanmark;2025-06-03;F;2;0;1;10351;3432775;77165;
1084;Hovedstaden;2025-06-03;M;1;0;0;10351;3432776;77165;
1081;Nordjylland;2025-06-03;M;2;0;2;10351;3432778;77167;
1085;Sjælland;2025-06-03;M;1;0;1;10351;3432779;77168;
1083;Syddanmark;2025-06-03;M;1;0;1;10351;3432780;77169;
1084;Hovedstaden;2025-06-04;F;2;0;1;10351;3432782;77170;
1085;Sjælland;2025-06-04;F;1;0;0;10351;3432783;77170;
1083;Syddanmark;2025-06-04;F;1;0;0;10351;3432784;77170;
1084;Hovedstaden;2025-06-04;M;7;0;2;10351;3432791;77172;
1085;Sjælland;2025-06-04;M;1;0;1;10351;3432792;77173;
1083;Syddanmark;2025-06-04;M;1;0;1;10351;3432793;77174;
1084;Hovedstaden;2025-06-05;F;1;0;1;10351;3432794;77175;
1084;Hovedstaden;2025-06-05;M;1;0;1;10351;3432795;77176;
1085;Sjælland;2025-06-05;M;1;0;1;10351;3432796;77177;
1083;Syddanmark;2025-06-05;M;1;0;1;10351;3432797;77178;
1084;Hovedstaden;2025-06-06;F;1;0;1;10351;3432798;77179;
1082;Midtjylland;2025-06-06;F;1;0;1;10351;3432799;77180;
1081;Nordjylland;2025-06-06;F;1;0;1;10351;3432800;77181;
1084;Hovedstaden;2025-06-06;M;3;0;0;10351;3432803;77181;
1083;Syddanmark;2025-06-06;M;1;0;0;10351;3432804;77181;
1084;Hovedstaden;2025-06-07;F;1;0;0;10351;3432805;77181;
1081;Nordjylland;2025-06-07;F;1;0;1;10351;3432806;77182;
1083;Syddanmark;2025-06-07;F;1;0;1;10351;3432807;77183;
1081;Nordjylland;2025-06-07;M;1;0;1;10351;3432808;77184;
1085;Sjælland;2025-06-07;M;2;0;2;10351;3432810;77186;
1085;Sjælland;2025-06-08;F;1;0;0;10351;3432811;77186;
1085;Sjælland;2025-06-08;M;2;0;2;10351;3432813;77188;
1084;Hovedstaden;2025-06-09;F;3;0;1;10351;3432816;77189;
1083;Syddanmark;2025-06-09;F;1;0;0;10351;3432817;77189;
1084;Hovedstaden;2025-06-09;M;2;1;2;10352;3432819;77191;
1081;Nordjylland;2025-06-09;M;1;0;0;10352;3432820;77191;
1083;Syddanmark;2025-06-09;M;1;0;0;10352;3432821;77191;
1084;Hovedstaden;2025-06-10;F;3;0;2;10352;3432824;77193;
1085;Sjælland;2025-06-10;F;1;0;0;10352;3432825;77193;
1084;Hovedstaden;2025-06-10;M;2;0;0;10352;3432827;77193;
1085;Sjælland;2025-06-10;M;1;0;1;10352;3432828;77194;
1084;Hovedstaden;2025-06-11;F;2;0;1;10352;3432830;77195;
1084;Hovedstaden;2025-06-11;M;3;0;3;10352;3432833;77198;
1082;Midtjylland;2025-06-11;M;1;0;1;10352;3432834;77199;
1085;Sjælland;2025-06-11;M;1;0;1;10352;3432835;77200;
1083;Syddanmark;2025-06-11;M;1;0;1;10352;3432836;77201;
1084;Hovedstaden;2025-06-12;F;1;0;1;10352;3432837;77202;
1084;Hovedstaden;2025-06-12;M;2;0;0;10352;3432839;77202;
1081;Nordjylland;2025-06-12;M;1;0;1;10352;3432840;77203;
1084;Hovedstaden;2025-06-13;F;1;0;1;10352;3432841;77204;
1082;Midtjylland;2025-06-13;F;1;0;0;10352;3432842;77204;
1081;Nordjylland;2025-06-13;F;1;0;1;10352;3432843;77205;
1084;Hovedstaden;2025-06-13;M;3;0;1;10352;3432846;77206;
1085;Sjælland;2025-06-13;M;1;0;1;10352;3432847;77207;
1083;Syddanmark;2025-06-13;M;1;0;0;10352;3432848;77207;
1084;Hovedstaden;2025-06-14;F;2;0;2;10352;3432850;77209;
1084;Hovedstaden;2025-06-14;M;1;0;1;10352;3432851;77210;
1085;Sjælland;2025-06-14;M;1;0;1;10352;3432852;77211;
1083;Syddanmark;2025-06-14;M;2;0;2;10352;3432854;77213;
1085;Sjælland;2025-06-15;F;2;0;2;10352;3432856;77215;
1085;Sjælland;2025-06-15;M;1;0;1;10352;3432857;77216;
1083;Syddanmark;2025-06-15;M;1;0;1;10352;3432858;77217;
1084;Hovedstaden;2025-06-16;F;7;0;1;10352;3432865;77218;
1082;Midtjylland;2025-06-16;F;1;0;0;10352;3432866;77218;
1084;Hovedstaden;2025-06-16;M;4;0;1;10352;3432870;77219;
1081;Nordjylland;2025-06-16;M;1;0;0;10352;3432871;77219;
1085;Sjælland;2025-06-16;M;1;0;0;10352;3432872;77219;
1083;Syddanmark;2025-06-16;M;1;0;1;10352;3432873;77220;
1084;Hovedstaden;2025-06-17;F;4;0;1;10352;3432877;77221;
1082;Midtjylland;2025-06-17;F;1;0;1;10352;3432878;77222;
1083;Syddanmark;2025-06-17;F;1;0;1;10352;3432879;77223;
1084;Hovedstaden;2025-06-17;M;6;0;3;10352;3432885;77226;
1082;Midtjylland;2025-06-17;M;1;0;0;10352;3432886;77226;
1084;Hovedstaden;2025-06-18;F;2;0;0;10352;3432888;77226;
1082;Midtjylland;2025-06-18;F;1;0;0;10352;3432889;77226;
1084;Hovedstaden;2025-06-18;M;2;0;0;10352;3432891;77226;
1085;Sjælland;2025-06-18;M;1;0;1;10352;3432892;77227;
1084;Hovedstaden;2025-06-19;F;2;0;1;10352;3432894;77228;
1085;Sjælland;2025-06-19;F;2;0;1;10352;3432896;77229;
1083;Syddanmark;2025-06-19;F;1;0;0;10352;3432897;77229;
1084;Hovedstaden;2025-06-19;M;3;0;1;10352;3432900;77230;
1082;Midtjylland;2025-06-19;M;1;0;0;10352;3432901;77230;
1083;Syddanmark;2025-06-19;M;3;0;2;10352;3432904;77232;
1084;Hovedstaden;2025-06-20;F;5;0;0;10352;3432909;77232;
1082;Midtjylland;2025-06-20;F;1;0;1;10352;3432910;77233;
1083;Syddanmark;2025-06-20;F;1;0;1;10352;3432911;77234;
1084;Hovedstaden;2025-06-20;M;2;0;1;10352;3432913;77235;
1085;Sjælland;2025-06-20;M;1;0;1;10352;3432914;77236;
1083;Syddanmark;2025-06-20;M;1;0;1;10352;3432915;77237;
1084;Hovedstaden;2025-06-21;F;3;0;1;10352;3432918;77238;
1084;Hovedstaden;2025-06-21;M;3;1;3;10353;3432921;77241;
1084;Hovedstaden;2025-06-22;F;2;0;1;10353;3432923;77242;
1084;Hovedstaden;2025-06-22;M;4;0;2;10353;3432927;77244;
1084;Hovedstaden;2025-06-23;F;3;0;1;10353;3432930;77245;
1085;Sjælland;2025-06-23;F;3;0;1;10353;3432933;77246;
1084;Hovedstaden;2025-06-23;M;3;0;0;10353;3432936;77246;
1081;Nordjylland;2025-06-23;M;1;0;1;10353;3432937;77247;
1083;Syddanmark;2025-06-23;M;1;0;1;10353;3432938;77248;
1084;Hovedstaden;2025-06-24;F;1;0;0;10353;3432939;77248;
1081;Nordjylland;2025-06-24;F;1;0;1;10353;3432940;77249;
1084;Hovedstaden;2025-06-24;M;4;1;2;10354;3432944;77251;
1083;Syddanmark;2025-06-24;M;1;0;0;10354;3432945;77251;
1084;Hovedstaden;2025-06-25;F;2;0;0;10354;3432947;77251;
1085;Sjælland;2025-06-25;F;1;0;0;10354;3432948;77251;
1083;Syddanmark;2025-06-25;F;2;0;1;10354;3432950;77252;
1084;Hovedstaden;2025-06-25;M;1;0;0;10354;3432951;77252;
1082;Midtjylland;2025-06-25;M;1;0;0;10354;3432952;77252;
1083;Syddanmark;2025-06-25;M;1;0;0;10354;3432953;77252;
1084;Hovedstaden;2025-06-26;F;4;0;0;10354;3432957;77252;
1082;Midtjylland;2025-06-26;F;1;0;1;10354;3432958;77253;
1084;Hovedstaden;2025-06-26;M;1;0;0;10354;3432959;77253;
1085;Sjælland;2025-06-26;M;1;0;1;10354;3432960;77254;
1083;Syddanmark;2025-06-26;M;1;0;0;10354;3432961;77254;
1084;Hovedstaden;2025-06-27;F;4;0;2;10354;3432965;77256;
1085;Sjælland;2025-06-27;F;1;0;1;10354;3432966;77257;
1083;Syddanmark;2025-06-27;F;1;0;0;10354;3432967;77257;
1084;Hovedstaden;2025-06-27;M;2;0;1;10354;3432969;77258;
1083;Syddanmark;2025-06-27;M;2;0;0;10354;3432971;77258;
1084;Hovedstaden;2025-06-28;F;1;0;1;10354;3432972;77259;
1082;Midtjylland;2025-06-28;F;1;0;1;10354;3432973;77260;
1081;Nordjylland;2025-06-28;F;2;1;2;10355;3432975;77262;
1085;Sjælland;2025-06-28;F;1;0;1;10355;3432976;77263;
1084;Hovedstaden;2025-06-28;M;1;0;0;10355;3432977;77263;
1083;Syddanmark;2025-06-28;M;1;0;1;10355;3432978;77264;
1084;Hovedstaden;2025-06-29;F;3;0;3;10355;3432981;77267;
1085;Sjælland;2025-06-29;M;1;1;1;10356;3432982;77268;
1084;Hovedstaden;2025-06-30;F;9;0;2;10356;3432991;77270;
1085;Sjælland;2025-06-30;F;1;0;1;10356;3432992;77271;
1084;Hovedstaden;2025-06-30;M;2;0;1;10356;3432994;77272;
1081;Nordjylland;2025-06-30;M;1;0;1;10356;3432995;77273;
1084;Hovedstaden;2025-07-01;F;2;0;0;10356;3432997;77273;
1081;Nordjylland;2025-07-01;F;1;0;1;10356;3432998;77274;
1083;Syddanmark;2025-07-01;F;1;0;1;10356;3432999;77275;
1084;Hovedstaden;2025-07-01;M;2;0;0;10356;3433001;77275;
1084;Hovedstaden;2025-07-02;F;4;0;2;10356;3433005;77277;
1081;Nordjylland;2025-07-02;F;2;0;2;10356;3433007;77279;
1085;Sjælland;2025-07-02;F;1;1;1;10357;3433008;77280;
1084;Hovedstaden;2025-07-02;M;7;2;2;10359;3433015;77282;
1084;Hovedstaden;2025-07-03;F;3;0;1;10359;3433018;77283;
1084;Hovedstaden;2025-07-03;M;2;0;2;10359;3433020;77285;
1082;Midtjylland;2025-07-03;M;1;0;1;10359;3433021;77286;
1081;Nordjylland;2025-07-03;M;1;0;1;10359;3433022;77287;
1083;Syddanmark;2025-07-04;F;1;0;0;10359;3433023;77287;
1084;Hovedstaden;2025-07-04;M;2;0;1;10359;3433025;77288;
1081;Nordjylland;2025-07-04;M;1;0;1;10359;3433026;77289;
1085;Sjælland;2025-07-05;F;1;0;0;10359;3433027;77289;
1084;Hovedstaden;2025-07-05;M;1;0;0;10359;3433028;77289;
1081;Nordjylland;2025-07-05;M;1;0;1;10359;3433029;77290;
1084;Hovedstaden;2025-07-06;F;3;0;1;10359;3433032;77291;
1081;Nordjylland;2025-07-06;F;1;0;1;10359;3433033;77292;
1084;Hovedstaden;2025-07-06;M;1;1;1;10360;3433034;77293;
1081;Nordjylland;2025-07-06;M;1;0;0;10360;3433035;77293;
1085;Sjælland;2025-07-06;M;1;0;1;10360;3433036;77294;
1084;Hovedstaden;2025-07-07;F;2;0;1;10360;3433038;77295;
1081;Nordjylland;2025-07-07;F;1;0;1;10360;3433039;77296;
1085;Sjælland;2025-07-07;F;2;0;0;10360;3433041;77296;
1084;Hovedstaden;2025-07-07;M;4;2;2;10362;3433045;77298;
1085;Sjælland;2025-07-07;M;3;0;1;10362;3433048;77299;
1083;Syddanmark;2025-07-07;M;2;0;1;10362;3433050;77300;
1084;Hovedstaden;2025-07-08;F;4;0;1;10362;3433054;77301;
1084;Hovedstaden;2025-07-08;M;3;0;0;10362;3433057;77301;
1085;Sjælland;2025-07-08;M;3;0;3;10362;3433060;77304;
1083;Syddanmark;2025-07-08;M;1;0;1;10362;3433061;77305;
1084;Hovedstaden;2025-07-09;F;2;0;0;10362;3433063;77305;
1083;Syddanmark;2025-07-09;F;1;0;1;10362;3433064;77306;
1084;Hovedstaden;2025-07-10;F;4;0;2;10362;3433068;77308;
1081;Nordjylland;2025-07-10;F;1;0;1;10362;3433069;77309;
1083;Syddanmark;2025-07-10;F;1;0;0;10362;3433070;77309;
1084;Hovedstaden;2025-07-10;M;1;0;0;10362;3433071;77309;
1082;Midtjylland;2025-07-10;M;1;0;1;10362;3433072;77310;
1083;Syddanmark;2025-07-10;M;1;0;0;10362;3433073;77310;
1084;Hovedstaden;2025-07-11;F;3;0;0;10362;3433076;77310;
1085;Sjælland;2025-07-11;F;2;0;1;10362;3433078;77311;
1083;Syddanmark;2025-07-11;F;1;0;0;10362;3433079;77311;
1084;Hovedstaden;2025-07-11;M;1;0;1;10362;3433080;77312;
1081;Nordjylland;2025-07-11;M;1;0;0;10362;3433081;77312;
1084;Hovedstaden;2025-07-12;F;1;0;0;10362;3433082;77312;
1085;Sjælland;2025-07-12;F;1;0;1;10362;3433083;77313;
1084;Hovedstaden;2025-07-12;M;2;0;0;10362;3433085;77313;
1083;Syddanmark;2025-07-12;M;1;0;1;10362;3433086;77314;
1084;Hovedstaden;2025-07-13;F;1;0;0;10362;3433087;77314;
1083;Syddanmark;2025-07-13;F;1;0;0;10362;3433088;77314;
1083;Syddanmark;2025-07-13;M;1;0;1;10362;3433089;77315;
1084;Hovedstaden;2025-07-14;F;1;0;0;10362;3433090;77315;
1082;Midtjylland;2025-07-14;F;2;0;2;10362;3433092;77317;
1081;Nordjylland;2025-07-14;F;1;0;1;10362;3433093;77318;
1084;Hovedstaden;2025-07-14;M;5;1;2;10363;3433098;77320;
1082;Midtjylland;2025-07-14;M;1;0;0;10363;3433099;77320;
1081;Nordjylland;2025-07-14;M;1;0;0;10363;3433100;77320;
1085;Sjælland;2025-07-14;M;2;0;2;10363;3433102;77322;
1084;Hovedstaden;2025-07-15;F;2;0;1;10363;3433104;77323;
1082;Midtjylland;2025-07-15;F;1;0;1;10363;3433105;77324;
1085;Sjælland;2025-07-15;F;1;0;1;10363;3433106;77325;
1083;Syddanmark;2025-07-15;F;1;0;1;10363;3433107;77326;
1084;Hovedstaden;2025-07-15;M;1;0;0;10363;3433108;77326;
1081;Nordjylland;2025-07-15;M;1;0;0;10363;3433109;77326;
1084;Hovedstaden;2025-07-16;F;8;0;1;10363;3433117;77327;
1085;Sjælland;2025-07-16;F;1;0;1;10363;3433118;77328;
1084;Hovedstaden;2025-07-16;M;2;0;1;10363;3433120;77329;
1081;Nordjylland;2025-07-16;M;2;1;2;10364;3433122;77331;
1083;Syddanmark;2025-07-16;M;1;1;1;10365;3433123;77332;
1084;Hovedstaden;2025-07-17;F;3;0;1;10365;3433126;77333;
1084;Hovedstaden;2025-07-17;M;3;0;1;10365;3433129;77334;
1082;Midtjylland;2025-07-17;M;1;0;0;10365;3433130;77334;
1081;Nordjylland;2025-07-17;M;1;0;1;10365;3433131;77335;
1083;Syddanmark;2025-07-17;M;1;0;0;10365;3433132;77335;
1084;Hovedstaden;2025-07-18;F;4;0;2;10365;3433136;77337;
1085;Sjælland;2025-07-18;F;1;0;0;10365;3433137;77337;
1083;Syddanmark;2025-07-18;F;1;0;1;10365;3433138;77338;
1084;Hovedstaden;2025-07-18;M;2;0;2;10365;3433140;77340;
1082;Midtjylland;2025-07-18;M;1;0;0;10365;3433141;77340;
1081;Nordjylland;2025-07-18;M;1;0;1;10365;3433142;77341;
1085;Sjælland;2025-07-18;M;1;0;0;10365;3433143;77341;
1082;Midtjylland;2025-07-19;M;1;0;0;10365;3433144;77341;
1084;Hovedstaden;2025-07-20;F;2;0;0;10365;3433146;77341;
1083;Syddanmark;2025-07-20;F;1;0;1;10365;3433147;77342;
1084;Hovedstaden;2025-07-20;M;2;0;0;10365;3433149;77342;
1081;Nordjylland;2025-07-20;M;1;1;1;10366;3433150;77343;
1083;Syddanmark;2025-07-20;M;1;1;1;10367;3433151;77344;
1084;Hovedstaden;2025-07-21;F;3;0;0;10367;3433154;77344;
1082;Midtjylland;2025-07-21;F;1;0;0;10367;3433155;77344;
1084;Hovedstaden;2025-07-21;M;8;0;2;10367;3433163;77346;
1082;Midtjylland;2025-07-21;M;1;0;1;10367;3433164;77347;
1085;Sjælland;2025-07-21;M;1;0;1;10367;3433165;77348;
1084;Hovedstaden;2025-07-22;F;4;0;1;10367;3433169;77349;
1081;Nordjylland;2025-07-22;F;1;0;1;10367;3433170;77350;
1085;Sjælland;2025-07-22;F;1;0;1;10367;3433171;77351;
1084;Hovedstaden;2025-07-22;M;3;0;1;10367;3433174;77352;
1081;Nordjylland;2025-07-22;M;1;0;1;10367;3433175;77353;
1085;Sjælland;2025-07-22;M;1;0;0;10367;3433176;77353;
1082;Midtjylland;2025-07-23;F;2;0;0;10367;3433178;77353;
1085;Sjælland;2025-07-23;F;1;0;0;10367;3433179;77353;
1084;Hovedstaden;2025-07-23;M;3;0;1;10367;3433182;77354;
1085;Sjælland;2025-07-23;M;1;0;1;10367;3433183;77355;
1083;Syddanmark;2025-07-23;M;1;0;1;10367;3433184;77356;
1084;Hovedstaden;2025-07-24;F;3;0;0;10367;3433187;77356;
1082;Midtjylland;2025-07-24;F;1;0;1;10367;3433188;77357;
1084;Hovedstaden;2025-07-24;M;5;0;1;10367;3433193;77358;
1082;Midtjylland;2025-07-24;M;1;0;0;10367;3433194;77358;
1085;Sjælland;2025-07-24;M;2;1;1;10368;3433196;77359;
1083;Syddanmark;2025-07-24;M;1;0;1;10368;3433197;77360;
1084;Hovedstaden;2025-07-25;F;2;0;1;10368;3433199;77361;
1083;Syddanmark;2025-07-25;F;1;0;0;10368;3433200;77361;
1084;Hovedstaden;2025-07-25;M;2;0;1;10368;3433202;77362;
1082;Midtjylland;2025-07-25;M;1;0;1;10368;3433203;77363;
1081;Nordjylland;2025-07-25;M;1;0;1;10368;3433204;77364;
1085;Sjælland;2025-07-25;M;1;0;1;10368;3433205;77365;
1084;Hovedstaden;2025-07-26;F;1;0;0;10368;3433206;77365;
1083;Syddanmark;2025-07-26;F;1;0;0;10368;3433207;77365;
1084;Hovedstaden;2025-07-26;M;1;1;1;10369;3433208;77366;
1083;Syddanmark;2025-07-26;M;1;0;1;10369;3433209;77367;
1081;Nordjylland;2025-07-27;F;1;0;0;10369;3433210;77367;
1083;Syddanmark;2025-07-27;M;1;0;1;10369;3433211;77368;
1084;Hovedstaden;2025-07-28;F;3;0;3;10369;3433214;77371;
1081;Nordjylland;2025-07-28;F;1;0;1;10369;3433215;77372;
1084;Hovedstaden;2025-07-28;M;3;0;0;10369;3433218;77372;
1085;Sjælland;2025-07-28;M;1;0;1;10369;3433219;77373;
1084;Hovedstaden;2025-07-29;F;1;0;0;10369;3433220;77373;
1082;Midtjylland;2025-07-29;F;1;0;1;10369;3433221;77374;
1081;Nordjylland;2025-07-29;F;2;0;2;10369;3433223;77376;
1084;Hovedstaden;2025-07-29;M;5;0;2;10369;3433228;77378;
1085;Sjælland;2025-07-29;M;1;0;1;10369;3433229;77379;
1084;Hovedstaden;2025-07-30;F;1;0;0;10369;3433230;77379;
1082;Midtjylland;2025-07-30;F;2;0;0;10369;3433232;77379;
1084;Hovedstaden;2025-07-30;M;1;0;1;10369;3433233;77380;
1081;Nordjylland;2025-07-30;M;1;0;0;10369;3433234;77380;
1085;Sjælland;2025-07-30;M;1;0;0;10369;3433235;77380;
1084;Hovedstaden;2025-07-31;F;6;0;1;10369;3433241;77381;
1082;Midtjylland;2025-07-31;F;1;0;1;10369;3433242;77382;
1085;Sjælland;2025-07-31;F;1;0;0;10369;3433243;77382;
1084;Hovedstaden;2025-07-31;M;3;0;1;10369;3433246;77383;
1085;Sjælland;2025-07-31;M;1;0;1;10369;3433247;77384;
1083;Syddanmark;2025-07-31;M;2;1;2;10370;3433249;77386;
1084;Hovedstaden;2025-08-01;F;4;0;1;10370;3433253;77387;
1085;Sjælland;2025-08-01;F;1;0;0;10370;3433254;77387;
1084;Hovedstaden;2025-08-01;M;4;0;2;10370;3433258;77389;
1084;Hovedstaden;2025-08-02;F;1;0;1;10370;3433259;77390;
1085;Sjælland;2025-08-02;F;1;0;1;10370;3433260;77391;
1084;Hovedstaden;2025-08-02;M;1;0;0;10370;3433261;77391;
1081;Nordjylland;2025-08-02;M;1;0;1;10370;3433262;77392;
1085;Sjælland;2025-08-02;M;2;0;0;10370;3433264;77392;
1084;Hovedstaden;2025-08-04;F;4;0;1;10370;3433268;77393;
1081;Nordjylland;2025-08-04;F;1;0;1;10370;3433269;77394;
1085;Sjælland;2025-08-04;F;1;0;0;10370;3433270;77394;
1084;Hovedstaden;2025-08-04;M;5;0;1;10370;3433275;77395;
1085;Sjælland;2025-08-04;M;1;0;1;10370;3433276;77396;
1084;Hovedstaden;2025-08-05;F;4;0;0;10370;3433280;77396;
1081;Nordjylland;2025-08-05;F;1;0;0;10370;3433281;77396;
1083;Syddanmark;2025-08-05;F;1;0;1;10370;3433282;77397;
1084;Hovedstaden;2025-08-05;M;2;0;1;10370;3433284;77398;
1082;Midtjylland;2025-08-05;M;1;0;0;10370;3433285;77398;
1084;Hovedstaden;2025-08-06;F;4;0;0;10370;3433289;77398;
1081;Nordjylland;2025-08-06;F;1;0;1;10370;3433290;77399;
1084;Hovedstaden;2025-08-06;M;4;0;1;10370;3433294;77400;
1084;Hovedstaden;2025-08-07;F;9;0;3;10370;3433303;77403;
1084;Hovedstaden;2025-08-07;M;4;0;1;10370;3433307;77404;
1082;Midtjylland;2025-08-07;M;1;0;0;10370;3433308;77404;
1085;Sjælland;2025-08-07;M;1;0;1;10370;3433309;77405;
1084;Hovedstaden;2025-08-08;F;3;1;1;10371;3433312;77406;
1081;Nordjylland;2025-08-08;F;1;0;0;10371;3433313;77406;
1085;Sjælland;2025-08-08;F;5;0;3;10371;3433318;77409;
1084;Hovedstaden;2025-08-08;M;7;0;2;10371;3433325;77411;
1082;Midtjylland;2025-08-08;M;1;0;0;10371;3433326;77411;
1081;Nordjylland;2025-08-08;M;1;1;1;10372;3433327;77412;
1083;Syddanmark;2025-08-08;M;2;0;1;10372;3433329;77413;
1084;Hovedstaden;2025-08-09;F;3;0;3;10372;3433332;77416;
1085;Sjælland;2025-08-09;F;3;1;2;10373;3433335;77418;
1083;Syddanmark;2025-08-09;F;1;0;1;10373;3433336;77419;
1084;Hovedstaden;2025-08-09;M;2;0;2;10373;3433338;77421;
1083;Syddanmark;2025-08-09;M;1;0;1;10373;3433339;77422;
1084;Hovedstaden;2025-08-10;F;1;0;1;10373;3433340;77423;
1082;Midtjylland;2025-08-10;F;1;0;1;10373;3433341;77424;
1084;Hovedstaden;2025-08-10;M;4;0;3;10373;3433345;77427;
1085;Sjælland;2025-08-10;M;1;0;1;10373;3433346;77428;
1084;Hovedstaden;2025-08-11;F;6;0;1;10373;3433352;77429;
1082;Midtjylland;2025-08-11;F;2;0;1;10373;3433354;77430;
1085;Sjælland;2025-08-11;F;2;0;0;10373;3433356;77430;
1083;Syddanmark;2025-08-11;F;1;0;0;10373;3433357;77430;
1084;Hovedstaden;2025-08-11;M;9;0;3;10373;3433366;77433;
1082;Midtjylland;2025-08-11;M;1;0;1;10373;3433367;77434;
1081;Nordjylland;2025-08-11;M;1;0;0;10373;3433368;77434;
1085;Sjælland;2025-08-11;M;2;1;2;10374;3433370;77436;
1083;Syddanmark;2025-08-11;M;3;0;2;10374;3433373;77438;
1084;Hovedstaden;2025-08-12;F;14;0;2;10374;3433387;77440;
1082;Midtjylland;2025-08-12;F;1;0;1;10374;3433388;77441;
1085;Sjælland;2025-08-12;F;1;0;1;10374;3433389;77442;
1083;Syddanmark;2025-08-12;F;1;0;0;10374;3433390;77442;
1084;Hovedstaden;2025-08-12;M;9;1;4;10375;3433399;77446;
1082;Midtjylland;2025-08-12;M;2;0;1;10375;3433401;77447;
1083;Syddanmark;2025-08-12;M;1;0;0;10375;3433402;77447;
1084;Hovedstaden;2025-08-13;F;9;0;1;10375;3433411;77448;
1085;Sjælland;2025-08-13;F;1;0;1;10375;3433412;77449;
1083;Syddanmark;2025-08-13;F;3;0;1;10375;3433415;77450;
1084;Hovedstaden;2025-08-13;M;7;0;3;10375;3433422;77453;
1082;Midtjylland;2025-08-13;M;1;0;0;10375;3433423;77453;
1083;Syddanmark;2025-08-13;M;1;0;1;10375;3433424;77454;
1084;Hovedstaden;2025-08-14;F;12;0;3;10375;3433436;77457;
1081;Nordjylland;2025-08-14;F;1;0;0;10375;3433437;77457;
1085;Sjælland;2025-08-14;F;1;0;1;10375;3433438;77458;
1084;Hovedstaden;2025-08-14;M;8;0;2;10375;3433446;77460;
1082;Midtjylland;2025-08-14;M;1;0;0;10375;3433447;77460;
1085;Sjælland;2025-08-14;M;1;0;0;10375;3433448;77460;
1083;Syddanmark;2025-08-14;M;2;0;1;10375;3433450;77461;
1084;Hovedstaden;2025-08-15;F;7;0;1;10375;3433457;77462;
1082;Midtjylland;2025-08-15;F;2;0;1;10375;3433459;77463;
1085;Sjælland;2025-08-15;F;2;0;1;10375;3433461;77464;
1083;Syddanmark;2025-08-15;F;1;0;0;10375;3433462;77464;
1084;Hovedstaden;2025-08-15;M;5;0;1;10375;3433467;77465;
1085;Sjælland;2025-08-15;M;1;0;1;10375;3433468;77466;
1083;Syddanmark;2025-08-15;M;1;0;1;10375;3433469;77467;
1084;Hovedstaden;2025-08-16;F;2;0;0;10375;3433471;77467;
1082;Midtjylland;2025-08-16;F;1;0;1;10375;3433472;77468;
1085;Sjælland;2025-08-16;F;2;0;2;10375;3433474;77470;
1084;Hovedstaden;2025-08-16;M;4;0;3;10375;3433478;77473;
1085;Sjælland;2025-08-16;M;1;0;1;10375;3433479;77474;
1083;Syddanmark;2025-08-16;M;2;0;2;10375;3433481;77476;
1084;Hovedstaden;2025-08-17;F;1;0;0;10375;3433482;77476;
1081;Nordjylland;2025-08-17;F;1;0;0;10375;3433483;77476;
1085;Sjælland;2025-08-17;F;1;0;1;10375;3433484;77477;
1083;Syddanmark;2025-08-17;F;1;0;1;10375;3433485;77478;
1084;Hovedstaden;2025-08-17;M;2;0;0;10375;3433487;77478;
1085;Sjælland;2025-08-17;M;1;0;1;10375;3433488;77479;
1083;Syddanmark;2025-08-17;M;1;0;1;10375;3433489;77480;
1084;Hovedstaden;2025-08-18;F;11;0;0;10375;3433500;77480;
1082;Midtjylland;2025-08-18;F;1;0;1;10375;3433501;77481;
1081;Nordjylland;2025-08-18;F;1;0;0;10375;3433502;77481;
1083;Syddanmark;2025-08-18;F;1;0;0;10375;3433503;77481;
1084;Hovedstaden;2025-08-18;M;7;0;2;10375;3433510;77483;
1082;Midtjylland;2025-08-18;M;1;0;1;10375;3433511;77484;
1081;Nordjylland;2025-08-18;M;3;0;3;10375;3433514;77487;
1085;Sjælland;2025-08-18;M;1;0;1;10375;3433515;77488;
1083;Syddanmark;2025-08-18;M;3;0;3;10375;3433518;77491;
1084;Hovedstaden;2025-08-19;F;3;0;2;10375;3433521;77493;
1082;Midtjylland;2025-08-19;F;3;0;1;10375;3433524;77494;
1081;Nordjylland;2025-08-19;F;3;0;1;10375;3433527;77495;
1083;Syddanmark;2025-08-19;F;4;0;1;10375;3433531;77496;
1084;Hovedstaden;2025-08-19;M;8;0;2;10375;3433539;77498;
1082;Midtjylland;2025-08-19;M;1;0;1;10375;3433540;77499;
1085;Sjælland;2025-08-19;M;1;0;0;10375;3433541;77499;
1083;Syddanmark;2025-08-19;M;1;0;1;10375;3433542;77500;
1084;Hovedstaden;2025-08-20;F;5;0;2;10375;3433547;77502;
1085;Sjælland;2025-08-20;F;2;0;2;10375;3433549;77504;
1084;Hovedstaden;2025-08-20;M;5;0;1;10375;3433554;77505;
1082;Midtjylland;2025-08-20;M;1;0;1;10375;3433555;77506;
1085;Sjælland;2025-08-20;M;1;0;0;10375;3433556;77506;
1083;Syddanmark;2025-08-20;M;5;0;4;10375;3433561;77510;
1084;Hovedstaden;2025-08-21;F;7;0;1;10375;3433568;77511;
1081;Nordjylland;2025-08-21;F;2;0;2;10375;3433570;77513;
1085;Sjælland;2025-08-21;F;2;0;1;10375;3433572;77514;
1084;Hovedstaden;2025-08-21;M;7;1;3;10376;3433579;77517;
1081;Nordjylland;2025-08-21;M;3;0;3;10376;3433582;77520;
1085;Sjælland;2025-08-21;M;1;0;1;10376;3433583;77521;
1083;Syddanmark;2025-08-21;M;2;0;1;10376;3433585;77522;
1084;Hovedstaden;2025-08-22;F;10;0;1;10376;3433595;77523;
1082;Midtjylland;2025-08-22;F;1;0;0;10376;3433596;77523;
1081;Nordjylland;2025-08-22;F;2;0;0;10376;3433598;77523;
1085;Sjælland;2025-08-22;F;3;1;2;10377;3433601;77525;
1083;Syddanmark;2025-08-22;F;3;0;3;10377;3433604;77528;
1084;Hovedstaden;2025-08-22;M;7;0;0;10377;3433611;77528;
1082;Midtjylland;2025-08-22;M;3;0;2;10377;3433614;77530;
1081;Nordjylland;2025-08-22;M;3;0;2;10377;3433617;77532;
1085;Sjælland;2025-08-22;M;2;0;1;10377;3433619;77533;
1083;Syddanmark;2025-08-22;M;3;0;2;10377;3433622;77535;
1084;Hovedstaden;2025-08-23;F;2;0;0;10377;3433624;77535;
1084;Hovedstaden;2025-08-23;M;3;0;2;10377;3433627;77537;
1085;Sjælland;2025-08-23;M;1;0;1;10377;3433628;77538;
1084;Hovedstaden;2025-08-24;F;1;0;1;10377;3433629;77539;
1081;Nordjylland;2025-08-24;F;1;0;1;10377;3433630;77540;
1083;Syddanmark;2025-08-24;F;4;0;4;10377;3433634;77544;
1084;Hovedstaden;2025-08-24;M;1;1;1;10378;3433635;77545;
1081;Nordjylland;2025-08-24;M;1;0;0;10378;3433636;77545;
1084;Hovedstaden;2025-08-25;F;18;1;5;10379;3433654;77550;
1082;Midtjylland;2025-08-25;F;1;0;0;10379;3433655;77550;
1081;Nordjylland;2025-08-25;F;1;0;1;10379;3433656;77551;
1085;Sjælland;2025-08-25;F;1;0;1;10379;3433657;77552;
1083;Syddanmark;2025-08-25;F;3;0;1;10379;3433660;77553;
1084;Hovedstaden;2025-08-25;M;5;1;1;10380;3433665;77554;
1081;Nordjylland;2025-08-25;M;2;0;1;10380;3433667;77555;
1085;Sjælland;2025-08-25;M;1;0;0;10380;3433668;77555;
1083;Syddanmark;2025-08-25;M;2;0;1;10380;3433670;77556;
1084;Hovedstaden;2025-08-26;F;6;0;1;10380;3433676;77557;
1082;Midtjylland;2025-08-26;F;2;0;1;10380;3433678;77558;
1085;Sjælland;2025-08-26;F;2;1;1;10381;3433680;77559;
1084;Hovedstaden;2025-08-26;M;8;0;0;10381;3433688;77559;
1081;Nordjylland;2025-08-26;M;2;0;1;10381;3433690;77560;
1085;Sjælland;2025-08-26;M;1;1;1;10382;3433691;77561;
1083;Syddanmark;2025-08-26;M;2;0;2;10382;3433693;77563;
1084;Hovedstaden;2025-08-27;F;11;0;2;10382;3433704;77565;
1085;Sjælland;2025-08-27;F;1;0;0;10382;3433705;77565;
1083;Syddanmark;2025-08-27;F;3;0;2;10382;3433708;77567;
1084;Hovedstaden;2025-08-27;M;10;0;3;10382;3433718;77570;
1082;Midtjylland;2025-08-27;M;1;0;0;10382;3433719;77570;
1085;Sjælland;2025-08-27;M;1;0;1;10382;3433720;77571;
1083;Syddanmark;2025-08-27;M;3;0;3;10382;3433723;77574;
1084;Hovedstaden;2025-08-28;F;3;0;0;10382;3433726;77574;
1082;Midtjylland;2025-08-28;F;5;0;2;10382;3433731;77576;
1085;Sjælland;2025-08-28;F;2;0;1;10382;3433733;77577;
1083;Syddanmark;2025-08-28;F;2;0;2;10382;3433735;77579;
1084;Hovedstaden;2025-08-28;M;6;0;1;10382;3433741;77580;
1082;Midtjylland;2025-08-28;M;3;0;2;10382;3433744;77582;
1084;Hovedstaden;2025-08-29;F;16;0;7;10382;3433760;77589;
1082;Midtjylland;2025-08-29;F;1;0;0;10382;3433761;77589;
1081;Nordjylland;2025-08-29;F;1;0;0;10382;3433762;77589;
1083;Syddanmark;2025-08-29;F;4;0;2;10382;3433766;77591;
1084;Hovedstaden;2025-08-29;M;8;0;2;10382;3433774;77593;
1082;Midtjylland;2025-08-29;M;2;0;0;10382;3433776;77593;
1081;Nordjylland;2025-08-29;M;2;0;1;10382;3433778;77594;
1085;Sjælland;2025-08-29;M;2;1;2;10383;3433780;77596;
1083;Syddanmark;2025-08-29;M;5;0;5;10383;3433785;77601;
1084;Hovedstaden;2025-08-30;F;6;0;3;10383;3433791;77604;
1082;Midtjylland;2025-08-30;F;1;0;1;10383;3433792;77605;
1085;Sjælland;2025-08-30;F;2;0;1;10383;3433794;77606;
1083;Syddanmark;2025-08-30;F;1;0;1;10383;3433795;77607;
1084;Hovedstaden;2025-08-30;M;5;0;3;10383;3433800;77610;
1085;Sjælland;2025-08-30;M;1;0;0;10383;3433801;77610;
1083;Syddanmark;2025-08-30;M;4;0;4;10383;3433805;77614;
1084;Hovedstaden;2025-08-31;F;4;0;1;10383;3433809;77615;
1081;Nordjylland;2025-08-31;F;3;0;3;10383;3433812;77618;
1084;Hovedstaden;2025-08-31;M;2;1;1;10384;3433814;77619;
1082;Midtjylland;2025-08-31;M;2;0;0;10384;3433816;77619;
1081;Nordjylland;2025-08-31;M;1;0;1;10384;3433817;77620;
1085;Sjælland;2025-08-31;M;1;0;1;10384;3433818;77621;
1084;Hovedstaden;2025-09-01;F;14;1;2;10385;3433832;77623;
1082;Midtjylland;2025-09-01;F;1;0;1;10385;3433833;77624;
1081;Nordjylland;2025-09-01;F;3;0;3;10385;3433836;77627;
1085;Sjælland;2025-09-01;F;1;1;1;10386;3433837;77628;
1083;Syddanmark;2025-09-01;F;3;0;2;10386;3433840;77630;
1084;Hovedstaden;2025-09-01;M;17;0;5;10386;3433857;77635;
1082;Midtjylland;2025-09-01;M;4;0;2;10386;3433861;77637;
1081;Nordjylland;2025-09-01;M;1;0;0;10386;3433862;77637;
1083;Syddanmark;2025-09-01;M;1;0;0;10386;3433863;77637;
1084;Hovedstaden;2025-09-02;F;12;0;2;10386;3433875;77639;
1082;Midtjylland;2025-09-02;F;2;0;0;10386;3433877;77639;
1081;Nordjylland;2025-09-02;F;2;1;2;10387;3433879;77641;
1085;Sjælland;2025-09-02;F;2;0;1;10387;3433881;77642;
1083;Syddanmark;2025-09-02;F;1;0;1;10387;3433882;77643;
1084;Hovedstaden;2025-09-02;M;7;0;0;10387;3433889;77643;
1082;Midtjylland;2025-09-02;M;1;0;1;10387;3433890;77644;
1085;Sjælland;2025-09-02;M;1;1;1;10388;3433891;77645;
1083;Syddanmark;2025-09-02;M;2;0;2;10388;3433893;77647;
1084;Hovedstaden;2025-09-03;F;16;0;3;10388;3433909;77650;
1082;Midtjylland;2025-09-03;F;1;0;1;10388;3433910;77651;
1085;Sjælland;2025-09-03;F;1;1;1;10389;3433911;77652;
1083;Syddanmark;2025-09-03;F;1;0;0;10389;3433912;77652;
1084;Hovedstaden;2025-09-03;M;10;2;5;10391;3433922;77657;
1082;Midtjylland;2025-09-03;M;1;0;1;10391;3433923;77658;
1081;Nordjylland;2025-09-03;M;2;0;2;10391;3433925;77660;
1085;Sjælland;2025-09-03;M;4;0;2;10391;3433929;77662;
1083;Syddanmark;2025-09-03;M;1;0;1;10391;3433930;77663;
1084;Hovedstaden;2025-09-04;F;9;0;0;10391;3433939;77663;
1082;Midtjylland;2025-09-04;F;3;0;2;10391;3433942;77665;
1081;Nordjylland;2025-09-04;F;1;0;0;10391;3433943;77665;
1085;Sjælland;2025-09-04;F;2;0;1;10391;3433945;77666;
1084;Hovedstaden;2025-09-04;M;10;0;1;10391;3433955;77667;
1082;Midtjylland;2025-09-04;M;3;0;3;10391;3433958;77670;
1081;Nordjylland;2025-09-04;M;3;0;3;10391;3433961;77673;
1085;Sjælland;2025-09-04;M;2;0;1;10391;3433963;77674;
1083;Syddanmark;2025-09-04;M;2;0;2;10391;3433965;77676;
1084;Hovedstaden;2025-09-05;F;11;1;3;10392;3433976;77679;
1082;Midtjylland;2025-09-05;F;1;0;0;10392;3433977;77679;
1081;Nordjylland;2025-09-05;F;6;0;3;10392;3433983;77682;
1085;Sjælland;2025-09-05;F;2;0;1;10392;3433985;77683;
1083;Syddanmark;2025-09-05;F;1;0;0;10392;3433986;77683;
1084;Hovedstaden;2025-09-05;M;6;0;2;10392;3433992;77685;
1082;Midtjylland;2025-09-05;M;3;0;2;10392;3433995;77687;
1081;Nordjylland;2025-09-05;M;2;0;1;10392;3433997;77688;
1085;Sjælland;2025-09-05;M;4;0;4;10392;3434001;77692;
1083;Syddanmark;2025-09-05;M;2;0;2;10392;3434003;77694;
1084;Hovedstaden;2025-09-06;F;1;0;0;10392;3434004;77694;
1082;Midtjylland;2025-09-06;F;3;0;2;10392;3434007;77696;
1081;Nordjylland;2025-09-06;F;1;0;1;10392;3434008;77697;
1085;Sjælland;2025-09-06;F;1;0;0;10392;3434009;77697;
1083;Syddanmark;2025-09-06;F;3;0;1;10392;3434012;77698;
1084;Hovedstaden;2025-09-06;M;4;0;1;10392;3434016;77699;
1081;Nordjylland;2025-09-06;M;1;0;1;10392;3434017;77700;
1085;Sjælland;2025-09-06;M;1;0;1;10392;3434018;77701;
1083;Syddanmark;2025-09-06;M;1;0;1;10392;3434019;77702;
1084;Hovedstaden;2025-09-07;F;3;0;2;10392;3434022;77704;
1082;Midtjylland;2025-09-07;F;1;0;1;10392;3434023;77705;
1085;Sjælland;2025-09-07;F;2;0;1;10392;3434025;77706;
1083;Syddanmark;2025-09-07;F;3;0;3;10392;3434028;77709;
1084;Hovedstaden;2025-09-07;M;2;0;0;10392;3434030;77709;
1081;Nordjylland;2025-09-07;M;3;0;2;10392;3434033;77711;
1083;Syddanmark;2025-09-07;M;4;0;3;10392;3434037;77714;
1084;Hovedstaden;2025-09-08;F;10;0;0;10392;3434047;77714;
1082;Midtjylland;2025-09-08;F;4;0;2;10392;3434051;77716;
1081;Nordjylland;2025-09-08;F;2;0;1;10392;3434053;77717;
1085;Sjælland;2025-09-08;F;1;0;0;10392;3434054;77717;
1083;Syddanmark;2025-09-08;F;3;0;1;10392;3434057;77718;
1084;Hovedstaden;2025-09-08;M;5;0;0;10392;3434062;77718;
1081;Nordjylland;2025-09-08;M;5;1;5;10393;3434067;77723;
1085;Sjælland;2025-09-08;M;1;0;1;10393;3434068;77724;
1083;Syddanmark;2025-09-08;M;5;1;5;10394;3434073;77729;
1084;Hovedstaden;2025-09-09;F;11;0;2;10394;3434084;77731;
1082;Midtjylland;2025-09-09;F;2;0;0;10394;3434086;77731;
1081;Nordjylland;2025-09-09;F;3;0;3;10394;3434089;77734;
1085;Sjælland;2025-09-09;F;1;0;1;10394;3434090;77735;
1083;Syddanmark;2025-09-09;F;1;0;1;10394;3434091;77736;
1084;Hovedstaden;2025-09-09;M;8;1;3;10395;3434099;77739;
1082;Midtjylland;2025-09-09;M;2;1;0;10396;3434101;77739;
1081;Nordjylland;2025-09-09;M;2;0;0;10396;3434103;77739;
1085;Sjælland;2025-09-09;M;2;0;1;10396;3434105;77740;
1083;Syddanmark;2025-09-09;M;2;0;1;10396;3434107;77741;
1084;Hovedstaden;2025-09-10;F;7;1;1;10397;3434114;77742;
1082;Midtjylland;2025-09-10;F;1;0;0;10397;3434115;77742;
1081;Nordjylland;2025-09-10;F;2;0;1;10397;3434117;77743;
1085;Sjælland;2025-09-10;F;1;0;1;10397;3434118;77744;
1084;Hovedstaden;2025-09-10;M;7;0;0;10397;3434125;77744;
1081;Nordjylland;2025-09-10;M;3;1;3;10398;3434128;77747;
1085;Sjælland;2025-09-10;M;1;0;1;10398;3434129;77748;
1083;Syddanmark;2025-09-10;M;3;1;2;10399;3434132;77750;
1084;Hovedstaden;2025-09-11;F;11;0;0;10399;3434143;77750;
1082;Midtjylland;2025-09-11;F;3;0;2;10399;3434146;77752;
1081;Nordjylland;2025-09-11;F;3;0;3;10399;3434149;77755;
1085;Sjælland;2025-09-11;F;1;0;1;10399;3434150;77756;
1083;Syddanmark;2025-09-11;F;8;0;5;10399;3434158;77761;
1084;Hovedstaden;2025-09-11;M;9;0;2;10399;3434167;77763;
1082;Midtjylland;2025-09-11;M;1;1;1;10400;3434168;77764;
1081;Nordjylland;2025-09-11;M;1;0;1;10400;3434169;77765;
1085;Sjælland;2025-09-11;M;1;0;1;10400;3434170;77766;
1083;Syddanmark;2025-09-11;M;2;0;2;10400;3434172;77768;
1084;Hovedstaden;2025-09-12;F;5;0;2;10400;3434177;77770;
1085;Sjælland;2025-09-12;F;1;0;0;10400;3434178;77770;
1084;Hovedstaden;2025-09-12;M;3;0;2;10400;3434181;77772;
1081;Nordjylland;2025-09-12;M;1;0;1;10400;3434182;77773;
1085;Sjælland;2025-09-12;M;2;0;0;10400;3434184;77773;
1083;Syddanmark;2025-09-12;M;3;1;3;10401;3434187;77776;
1084;Hovedstaden;2025-09-13;F;2;0;2;10401;3434189;77778;
1082;Midtjylland;2025-09-13;F;1;0;0;10401;3434190;77778;
1081;Nordjylland;2025-09-13;F;1;0;1;10401;3434191;77779;
1084;Hovedstaden;2025-09-13;M;3;0;2;10401;3434194;77781;
1085;Sjælland;2025-09-13;M;3;0;2;10401;3434197;77783;
1083;Syddanmark;2025-09-13;M;1;0;1;10401;3434198;77784;
1084;Hovedstaden;2025-09-14;F;4;0;4;10401;3434202;77788;
1082;Midtjylland;2025-09-14;F;2;0;2;10401;3434204;77790;
1081;Nordjylland;2025-09-14;F;1;0;1;10401;3434205;77791;
1085;Sjælland;2025-09-14;F;1;0;1;10401;3434206;77792;
1083;Syddanmark;2025-09-14;F;2;0;2;10401;3434208;77794;
1084;Hovedstaden;2025-09-14;M;2;1;1;10402;3434210;77795;
1082;Midtjylland;2025-09-14;M;1;0;1;10402;3434211;77796;
1081;Nordjylland;2025-09-14;M;1;0;1;10402;3434212;77797;
1085;Sjælland;2025-09-14;M;1;0;0;10402;3434213;77797;
1083;Syddanmark;2025-09-14;M;2;0;1;10402;3434215;77798;
1084;Hovedstaden;2025-09-15;F;13;0;4;10402;3434228;77802;
1082;Midtjylland;2025-09-15;F;4;0;1;10402;3434232;77803;
1081;Nordjylland;2025-09-15;F;1;0;1;10402;3434233;77804;
1085;Sjælland;2025-09-15;F;1;0;0;10402;3434234;77804;
1083;Syddanmark;2025-09-15;F;3;0;1;10402;3434237;77805;
1084;Hovedstaden;2025-09-15;M;9;0;4;10402;3434246;77809;
1085;Sjælland;2025-09-15;M;1;0;0;10402;3434247;77809;
1083;Syddanmark;2025-09-15;M;3;0;0;10402;3434250;77809;
1084;Hovedstaden;2025-09-16;F;17;1;4;10403;3434267;77813;
1082;Midtjylland;2025-09-16;F;1;0;1;10403;3434268;77814;
1081;Nordjylland;2025-09-16;F;2;0;1;10403;3434270;77815;
1085;Sjælland;2025-09-16;F;1;0;1;10403;3434271;77816;
1083;Syddanmark;2025-09-16;F;1;0;1;10403;3434272;77817;
1084;Hovedstaden;2025-09-16;M;6;0;1;10403;3434278;77818;
1082;Midtjylland;2025-09-16;M;3;0;1;10403;3434281;77819;
1081;Nordjylland;2025-09-16;M;1;0;1;10403;3434282;77820;
1085;Sjælland;2025-09-16;M;2;0;2;10403;3434284;77822;
1083;Syddanmark;2025-09-16;M;1;0;1;10403;3434285;77823;
1084;Hovedstaden;2025-09-17;F;10;0;1;10403;3434295;77824;
1082;Midtjylland;2025-09-17;F;2;1;2;10404;3434297;77826;
1081;Nordjylland;2025-09-17;F;2;0;2;10404;3434299;77828;
1085;Sjælland;2025-09-17;F;1;0;1;10404;3434300;77829;
1083;Syddanmark;2025-09-17;F;4;0;2;10404;3434304;77831;
1084;Hovedstaden;2025-09-17;M;14;0;5;10404;3434318;77836;
1081;Nordjylland;2025-09-17;M;2;1;2;10405;3434320;77838;
1085;Sjælland;2025-09-17;M;2;0;2;10405;3434322;77840;
1083;Syddanmark;2025-09-17;M;3;0;2;10405;3434325;77842;
1084;Hovedstaden;2025-09-18;F;12;1;3;10406;3434337;77845;
1082;Midtjylland;2025-09-18;F;3;0;2;10406;3434340;77847;
1081;Nordjylland;2025-09-18;F;1;0;0;10406;3434341;77847;
1085;Sjælland;2025-09-18;F;2;0;1;10406;3434343;77848;
1084;Hovedstaden;2025-09-18;M;5;0;1;10406;3434348;77849;
1082;Midtjylland;2025-09-18;M;1;0;0;10406;3434349;77849;
1081;Nordjylland;2025-09-18;M;1;0;0;10406;3434350;77849;
1085;Sjælland;2025-09-18;M;1;0;1;10406;3434351;77850;
1083;Syddanmark;2025-09-18;M;1;0;0;10406;3434352;77850;
1084;Hovedstaden;2025-09-19;F;4;0;1;10406;3434356;77851;
1085;Sjælland;2025-09-19;F;2;0;1;10406;3434358;77852;
1083;Syddanmark;2025-09-19;F;1;0;1;10406;3434359;77853;
1084;Hovedstaden;2025-09-19;M;6;0;1;10406;3434365;77854;
1082;Midtjylland;2025-09-19;M;2;0;2;10406;3434367;77856;
1085;Sjælland;2025-09-19;M;1;1;1;10407;3434368;77857;
1083;Syddanmark;2025-09-19;M;8;0;6;10407;3434376;77863;
1084;Hovedstaden;2025-09-20;F;3;0;1;10407;3434379;77864;
1082;Midtjylland;2025-09-20;F;1;0;1;10407;3434380;77865;
1081;Nordjylland;2025-09-20;F;1;0;1;10407;3434381;77866;
1085;Sjælland;2025-09-20;F;2;0;2;10407;3434383;77868;
1083;Syddanmark;2025-09-20;F;1;0;1;10407;3434384;77869;
1084;Hovedstaden;2025-09-20;M;4;1;2;10408;3434388;77871;
1082;Midtjylland;2025-09-20;M;1;0;1;10408;3434389;77872;
1081;Nordjylland;2025-09-20;M;3;0;2;10408;3434392;77874;
1085;Sjælland;2025-09-20;M;1;0;1;10408;3434393;77875;
1083;Syddanmark;2025-09-20;M;1;0;0;10408;3434394;77875;
1082;Midtjylland;2025-09-21;F;3;0;2;10408;3434397;77877;
1081;Nordjylland;2025-09-21;F;2;0;1;10408;3434399;77878;
1085;Sjælland;2025-09-21;F;2;0;2;10408;3434401;77880;
1083;Syddanmark;2025-09-21;F;1;0;0;10408;3434402;77880;
1084;Hovedstaden;2025-09-21;M;2;0;0;10408;3434404;77880;
1085;Sjælland;2025-09-21;M;3;0;3;10408;3434407;77883;
1083;Syddanmark;2025-09-21;M;3;0;2;10408;3434410;77885;
1084;Hovedstaden;2025-09-22;F;8;0;2;10408;3434418;77887;
1081;Nordjylland;2025-09-22;F;2;0;1;10408;3434420;77888;
1085;Sjælland;2025-09-22;F;1;0;0;10408;3434421;77888;
1083;Syddanmark;2025-09-22;F;2;0;1;10408;3434423;77889;
1084;Hovedstaden;2025-09-22;M;9;0;1;10408;3434432;77890;
1082;Midtjylland;2025-09-22;M;1;0;0;10408;3434433;77890;
1081;Nordjylland;2025-09-22;M;2;0;1;10408;3434435;77891;
1085;Sjælland;2025-09-22;M;2;0;0;10408;3434437;77891;
1083;Syddanmark;2025-09-22;M;4;0;0;10408;3434441;77891;
1084;Hovedstaden;2025-09-23;F;10;0;0;10408;3434451;77891;
1082;Midtjylland;2025-09-23;F;1;0;0;10408;3434452;77891;
1081;Nordjylland;2025-09-23;F;1;0;0;10408;3434453;77891;
1085;Sjælland;2025-09-23;F;1;0;1;10408;3434454;77892;
1083;Syddanmark;2025-09-23;F;5;0;3;10408;3434459;77895;
1084;Hovedstaden;2025-09-23;M;5;0;0;10408;3434464;77895;
1082;Midtjylland;2025-09-23;M;1;0;1;10408;3434465;77896;
1081;Nordjylland;2025-09-23;M;1;0;0;10408;3434466;77896;
1085;Sjælland;2025-09-23;M;2;0;2;10408;3434468;77898;
1083;Syddanmark;2025-09-23;M;2;0;2;10408;3434470;77900;
1084;Hovedstaden;2025-09-24;F;6;0;1;10408;3434476;77901;
1082;Midtjylland;2025-09-24;F;1;0;0;10408;3434477;77901;
1081;Nordjylland;2025-09-24;F;1;0;1;10408;3434478;77902;
1085;Sjælland;2025-09-24;F;1;0;0;10408;3434479;77902;
1083;Syddanmark;2025-09-24;F;3;0;1;10408;3434482;77903;
1084;Hovedstaden;2025-09-24;M;11;0;6;10408;3434493;77909;
1085;Sjælland;2025-09-24;M;2;1;2;10409;3434495;77911;
1083;Syddanmark;2025-09-24;M;3;0;3;10409;3434498;77914;
1084;Hovedstaden;2025-09-25;F;14;0;3;10409;3434512;77917;
1082;Midtjylland;2025-09-25;F;3;0;2;10409;3434515;77919;
1081;Nordjylland;2025-09-25;F;1;0;1;10409;3434516;77920;
1085;Sjælland;2025-09-25;F;1;0;1;10409;3434517;77921;
1083;Syddanmark;2025-09-25;F;3;0;1;10409;3434520;77922;
1084;Hovedstaden;2025-09-25;M;6;0;2;10409;3434526;77924;
1082;Midtjylland;2025-09-25;M;2;1;2;10410;3434528;77926;
1081;Nordjylland;2025-09-25;M;5;0;4;10410;3434533;77930;
1085;Sjælland;2025-09-25;M;2;1;2;10411;3434535;77932;
1083;Syddanmark;2025-09-25;M;2;0;1;10411;3434537;77933;
1084;Hovedstaden;2025-09-26;F;14;0;7;10411;3434551;77940;
1082;Midtjylland;2025-09-26;F;1;0;1;10411;3434552;77941;
1081;Nordjylland;2025-09-26;F;1;0;0;10411;3434553;77941;
1085;Sjælland;2025-09-26;F;3;0;3;10411;3434556;77944;
1083;Syddanmark;2025-09-26;F;2;0;0;10411;3434558;77944;
1084;Hovedstaden;2025-09-26;M;5;1;2;10412;3434563;77946;
1082;Midtjylland;2025-09-26;M;1;0;0;10412;3434564;77946;
1081;Nordjylland;2025-09-26;M;5;0;2;10412;3434569;77948;
1085;Sjælland;2025-09-26;M;3;0;0;10412;3434572;77948;
1083;Syddanmark;2025-09-26;M;1;0;1;10412;3434573;77949;
1084;Hovedstaden;2025-09-27;F;3;1;2;10413;3434576;77951;
1081;Nordjylland;2025-09-27;F;4;0;3;10413;3434580;77954;
1085;Sjælland;2025-09-27;F;1;0;1;10413;3434581;77955;
1084;Hovedstaden;2025-09-27;M;1;1;1;10414;3434582;77956;
1082;Midtjylland;2025-09-27;M;1;0;1;10414;3434583;77957;
1081;Nordjylland;2025-09-27;M;2;0;1;10414;3434585;77958;
1085;Sjælland;2025-09-27;M;1;0;1;10414;3434586;77959;
1083;Syddanmark;2025-09-27;M;1;0;1;10414;3434587;77960;
1084;Hovedstaden;2025-09-28;F;5;0;3;10414;3434592;77963;
1081;Nordjylland;2025-09-28;F;1;0;1;10414;3434593;77964;
1083;Syddanmark;2025-09-28;F;2;0;1;10414;3434595;77965;
1084;Hovedstaden;2025-09-28;M;5;1;5;10415;3434600;77970;
1081;Nordjylland;2025-09-28;M;2;1;2;10416;3434602;77972;
1085;Sjælland;2025-09-28;M;1;0;0;10416;3434603;77972;
1083;Syddanmark;2025-09-28;M;3;0;2;10416;3434606;77974;
1084;Hovedstaden;2025-09-29;F;10;0;1;10416;3434616;77975;
1082;Midtjylland;2025-09-29;F;3;0;1;10416;3434619;77976;
1085;Sjælland;2025-09-29;F;1;0;1;10416;3434620;77977;
1083;Syddanmark;2025-09-29;F;2;0;1;10416;3434622;77978;
1084;Hovedstaden;2025-09-29;M;8;0;1;10416;3434630;77979;
1082;Midtjylland;2025-09-29;M;3;0;2;10416;3434633;77981;
1081;Nordjylland;2025-09-29;M;3;2;2;10418;3434636;77983;
1085;Sjælland;2025-09-29;M;2;0;2;10418;3434638;77985;
1083;Syddanmark;2025-09-29;M;3;0;1;10418;3434641;77986;
1084;Hovedstaden;2025-09-30;F;14;0;4;10418;3434655;77990;
1082;Midtjylland;2025-09-30;F;5;1;2;10419;3434660;77992;
1081;Nordjylland;2025-09-30;F;1;0;1;10419;3434661;77993;
1085;Sjælland;2025-09-30;F;2;0;2;10419;3434663;77995;
1084;Hovedstaden;2025-09-30;M;8;0;2;10419;3434671;77997;
1082;Midtjylland;2025-09-30;M;3;0;1;10419;3434674;77998;
1081;Nordjylland;2025-09-30;M;4;2;3;10421;3434678;78001;
1085;Sjælland;2025-09-30;M;2;0;2;10421;3434680;78003;
1084;Hovedstaden;2025-10-01;F;3;0;0;10421;3434683;78003;
1082;Midtjylland;2025-10-01;F;1;0;0;10421;3434684;78003;
1081;Nordjylland;2025-10-01;F;3;0;1;10421;3434687;78004;
1083;Syddanmark;2025-10-01;F;2;0;1;10421;3434689;78005;
1084;Hovedstaden;2025-10-01;M;8;0;2;10421;3434697;78007;
1082;Midtjylland;2025-10-01;M;2;0;2;10421;3434699;78009;
1081;Nordjylland;2025-10-01;M;3;0;2;10421;3434702;78011;
1083;Syddanmark;2025-10-01;M;3;0;1;10421;3434705;78012;
1084;Hovedstaden;2025-10-02;F;9;0;0;10421;3434714;78012;
1081;Nordjylland;2025-10-02;F;2;0;1;10421;3434716;78013;
1085;Sjælland;2025-10-02;F;1;0;0;10421;3434717;78013;
1083;Syddanmark;2025-10-02;F;3;0;2;10421;3434720;78015;
1084;Hovedstaden;2025-10-02;M;9;0;4;10421;3434729;78019;
1082;Midtjylland;2025-10-02;M;1;0;0;10421;3434730;78019;
1081;Nordjylland;2025-10-02;M;2;0;1;10421;3434732;78020;
1083;Syddanmark;2025-10-02;M;3;0;3;10421;3434735;78023;
1084;Hovedstaden;2025-10-03;F;12;0;5;10421;3434747;78028;
1082;Midtjylland;2025-10-03;F;1;0;1;10421;3434748;78029;
1085;Sjælland;2025-10-03;F;1;0;1;10421;3434749;78030;
1083;Syddanmark;2025-10-03;F;3;0;2;10421;3434752;78032;
1084;Hovedstaden;2025-10-03;M;9;1;3;10422;3434761;78035;
1081;Nordjylland;2025-10-03;M;2;0;2;10422;3434763;78037;
1083;Syddanmark;2025-10-03;M;3;0;3;10422;3434766;78040;
1084;Hovedstaden;2025-10-04;F;3;0;0;10422;3434769;78040;
1081;Nordjylland;2025-10-04;F;1;0;1;10422;3434770;78041;
1085;Sjælland;2025-10-04;F;1;0;1;10422;3434771;78042;
1084;Hovedstaden;2025-10-04;M;7;0;5;10422;3434778;78047;
1082;Midtjylland;2025-10-04;M;2;0;2;10422;3434780;78049;
1085;Sjælland;2025-10-04;M;1;0;1;10422;3434781;78050;
1083;Syddanmark;2025-10-04;M;2;0;2;10422;3434783;78052;
1084;Hovedstaden;2025-10-05;F;5;0;3;10422;3434788;78055;
1082;Midtjylland;2025-10-05;F;1;0;1;10422;3434789;78056;
1081;Nordjylland;2025-10-05;F;4;0;3;10422;3434793;78059;
1085;Sjælland;2025-10-05;F;1;0;1;10422;3434794;78060;
1084;Hovedstaden;2025-10-05;M;4;0;4;10422;3434798;78064;
1081;Nordjylland;2025-10-05;M;2;0;2;10422;3434800;78066;
1085;Sjælland;2025-10-05;M;1;0;1;10422;3434801;78067;
1083;Syddanmark;2025-10-05;M;5;0;3;10422;3434806;78070;
1084;Hovedstaden;2025-10-06;F;19;0;4;10422;3434825;78074;
1082;Midtjylland;2025-10-06;F;3;0;1;10422;3434828;78075;
1081;Nordjylland;2025-10-06;F;2;0;1;10422;3434830;78076;
1085;Sjælland;2025-10-06;F;4;0;3;10422;3434834;78079;
1083;Syddanmark;2025-10-06;F;5;0;2;10422;3434839;78081;
1084;Hovedstaden;2025-10-06;M;11;0;2;10422;3434850;78083;
1082;Midtjylland;2025-10-06;M;2;0;1;10422;3434852;78084;
1081;Nordjylland;2025-10-06;M;4;1;3;10423;3434856;78087;
1085;Sjælland;2025-10-06;M;2;0;1;10423;3434858;78088;
1083;Syddanmark;2025-10-06;M;7;0;5;10423;3434865;78093;
1084;Hovedstaden;2025-10-07;F;18;0;7;10423;3434883;78100;
1082;Midtjylland;2025-10-07;F;3;0;3;10423;3434886;78103;
1085;Sjælland;2025-10-07;F;1;0;1;10423;3434887;78104;
1083;Syddanmark;2025-10-07;F;4;0;0;10423;3434891;78104;
1084;Hovedstaden;2025-10-07;M;14;0;6;10423;3434905;78110;
1082;Midtjylland;2025-10-07;M;3;0;1;10423;3434908;78111;
1081;Nordjylland;2025-10-07;M;1;0;1;10423;3434909;78112;
1085;Sjælland;2025-10-07;M;1;0;0;10423;3434910;78112;
1084;Hovedstaden;2025-10-08;F;12;0;3;10423;3434922;78115;
1085;Sjælland;2025-10-08;F;3;0;2;10423;3434925;78117;
1083;Syddanmark;2025-10-08;F;1;0;1;10423;3434926;78118;
1084;Hovedstaden;2025-10-08;M;9;0;2;10423;3434935;78120;
1085;Sjælland;2025-10-08;M;1;0;1;10423;3434936;78121;
1083;Syddanmark;2025-10-08;M;1;0;0;10423;3434937;78121;
1084;Hovedstaden;2025-10-09;F;13;0;3;10423;3434950;78124;
1082;Midtjylland;2025-10-09;F;1;0;0;10423;3434951;78124;
1085;Sjælland;2025-10-09;F;2;0;0;10423;3434953;78124;
1083;Syddanmark;2025-10-09;F;2;0;2;10423;3434955;78126;
1084;Hovedstaden;2025-10-09;M;7;0;2;10423;3434962;78128;
1082;Midtjylland;2025-10-09;M;1;0;1;10423;3434963;78129;
1081;Nordjylland;2025-10-09;M;3;0;1;10423;3434966;78130;
1085;Sjælland;2025-10-09;M;2;0;0;10423;3434968;78130;
1083;Syddanmark;2025-10-09;M;3;0;3;10423;3434971;78133;
1084;Hovedstaden;2025-10-10;F;10;0;2;10423;3434981;78135;
1082;Midtjylland;2025-10-10;F;1;0;0;10423;3434982;78135;
1081;Nordjylland;2025-10-10;F;4;0;2;10423;3434986;78137;
1085;Sjælland;2025-10-10;F;2;0;1;10423;3434988;78138;
1083;Syddanmark;2025-10-10;F;3;0;0;10423;3434991;78138;
1084;Hovedstaden;2025-10-10;M;11;0;4;10423;3435002;78142;
1082;Midtjylland;2025-10-10;M;5;0;5;10423;3435007;78147;
1085;Sjælland;2025-10-10;M;3;0;1;10423;3435010;78148;
1084;Hovedstaden;2025-10-11;F;5;0;2;10423;3435015;78150;
1081;Nordjylland;2025-10-11;F;2;0;2;10423;3435017;78152;
1083;Syddanmark;2025-10-11;F;1;0;0;10423;3435018;78152;
1084;Hovedstaden;2025-10-11;M;8;1;5;10424;3435026;78157;
1081;Nordjylland;2025-10-11;M;1;0;1;10424;3435027;78158;
1085;Sjælland;2025-10-11;M;1;0;1;10424;3435028;78159;
1083;Syddanmark;2025-10-11;M;1;0;1;10424;3435029;78160;
1084;Hovedstaden;2025-10-12;F;4;0;2;10424;3435033;78162;
1081;Nordjylland;2025-10-12;F;4;0;2;10424;3435037;78164;
1085;Sjælland;2025-10-12;F;2;0;2;10424;3435039;78166;
1083;Syddanmark;2025-10-12;F;4;0;3;10424;3435043;78169;
1084;Hovedstaden;2025-10-12;M;1;0;1;10424;3435044;78170;
1081;Nordjylland;2025-10-12;M;1;0;1;10424;3435045;78171;
1085;Sjælland;2025-10-12;M;1;0;0;10424;3435046;78171;
1083;Syddanmark;2025-10-12;M;3;1;2;10425;3435049;78173;
1084;Hovedstaden;2025-10-13;F;14;0;4;10425;3435063;78177;
1082;Midtjylland;2025-10-13;F;1;0;0;10425;3435064;78177;
1081;Nordjylland;2025-10-13;F;5;0;3;10425;3435069;78180;
1083;Syddanmark;2025-10-13;F;1;0;1;10425;3435070;78181;
1084;Hovedstaden;2025-10-13;M;11;0;4;10425;3435081;78185;
1082;Midtjylland;2025-10-13;M;4;0;4;10425;3435085;78189;
1081;Nordjylland;2025-10-13;M;3;0;2;10425;3435088;78191;
1085;Sjælland;2025-10-13;M;3;0;2;10425;3435091;78193;
1083;Syddanmark;2025-10-13;M;4;0;3;10425;3435095;78196;
1084;Hovedstaden;2025-10-14;F;8;0;4;10425;3435103;78200;
1082;Midtjylland;2025-10-14;F;3;0;3;10425;3435106;78203;
1081;Nordjylland;2025-10-14;F;3;0;3;10425;3435109;78206;
1085;Sjælland;2025-10-14;F;1;0;0;10425;3435110;78206;
1083;Syddanmark;2025-10-14;F;3;0;2;10425;3435113;78208;
1084;Hovedstaden;2025-10-14;M;8;0;4;10425;3435121;78212;
1082;Midtjylland;2025-10-14;M;2;0;2;10425;3435123;78214;
1085;Sjælland;2025-10-14;M;3;0;1;10425;3435126;78215;
1083;Syddanmark;2025-10-14;M;5;0;4;10425;3435131;78219;
1084;Hovedstaden;2025-10-15;F;9;0;1;10425;3435140;78220;
1082;Midtjylland;2025-10-15;F;3;0;2;10425;3435143;78222;
1085;Sjælland;2025-10-15;F;1;0;1;10425;3435144;78223;
1083;Syddanmark;2025-10-15;F;3;0;2;10425;3435147;78225;
1084;Hovedstaden;2025-10-15;M;8;1;4;10426;3435155;78229;
1081;Nordjylland;2025-10-15;M;1;0;0;10426;3435156;78229;
1085;Sjælland;2025-10-15;M;3;0;0;10426;3435159;78229;
1083;Syddanmark;2025-10-15;M;4;0;4;10426;3435163;78233;
1084;Hovedstaden;2025-10-16;F;14;0;4;10426;3435177;78237;
1081;Nordjylland;2025-10-16;F;1;0;1;10426;3435178;78238;
1084;Hovedstaden;2025-10-16;M;16;0;6;10426;3435194;78244;
1082;Midtjylland;2025-10-16;M;2;0;2;10426;3435196;78246;
1085;Sjælland;2025-10-16;M;1;0;1;10426;3435197;78247;
1083;Syddanmark;2025-10-16;M;4;0;3;10426;3435201;78250;
1084;Hovedstaden;2025-10-17;F;11;0;2;10426;3435212;78252;
1082;Midtjylland;2025-10-17;F;2;0;1;10426;3435214;78253;
1081;Nordjylland;2025-10-17;F;1;0;1;10426;3435215;78254;
1085;Sjælland;2025-10-17;F;1;0;1;10426;3435216;78255;
1083;Syddanmark;2025-10-17;F;4;0;2;10426;3435220;78257;
1084;Hovedstaden;2025-10-17;M;8;0;3;10426;3435228;78260;
1082;Midtjylland;2025-10-17;M;1;0;1;10426;3435229;78261;
1081;Nordjylland;2025-10-17;M;3;0;2;10426;3435232;78263;
1083;Syddanmark;2025-10-17;M;4;0;4;10426;3435236;78267;
1084;Hovedstaden;2025-10-18;F;5;0;2;10426;3435241;78269;
1081;Nordjylland;2025-10-18;F;1;1;1;10427;3435242;78270;
1085;Sjælland;2025-10-18;F;1;0;1;10427;3435243;78271;
1083;Syddanmark;2025-10-18;F;2;0;2;10427;3435245;78273;
1084;Hovedstaden;2025-10-18;M;1;0;1;10427;3435246;78274;
1082;Midtjylland;2025-10-18;M;1;0;1;10427;3435247;78275;
1081;Nordjylland;2025-10-18;M;1;1;1;10428;3435248;78276;
1085;Sjælland;2025-10-18;M;3;0;2;10428;3435251;78278;
1083;Syddanmark;2025-10-18;M;1;0;1;10428;3435252;78279;
1084;Hovedstaden;2025-10-19;F;3;0;3;10428;3435255;78282;
1082;Midtjylland;2025-10-19;F;1;0;1;10428;3435256;78283;
1081;Nordjylland;2025-10-19;F;2;0;2;10428;3435258;78285;
1085;Sjælland;2025-10-19;F;1;0;0;10428;3435259;78285;
1083;Syddanmark;2025-10-19;F;5;0;1;10428;3435264;78286;
1084;Hovedstaden;2025-10-19;M;4;0;3;10428;3435268;78289;
1081;Nordjylland;2025-10-19;M;1;0;1;10428;3435269;78290;
1084;Hovedstaden;2025-10-20;F;5;0;0;10428;3435274;78290;
1084;Hovedstaden;2025-10-20;M;5;0;0;10428;3435279;78290;
1085;Sjælland;2025-10-20;M;1;0;0;10428;3435280;78290;
