"Regionskode";"Region";"Dato";"Døde";"Kummuleret antal døde";"timestamp_2025-10-21T10:00:08.562"
;;2020-02-26;0;0;
;;2020-02-27;0;0;
;;2020-02-28;0;0;
;;2020-03-01;0;0;
;;2020-03-02;0;0;
;;2020-03-03;0;0;
;;2020-03-04;0;0;
;;2020-03-05;0;0;
;;2020-03-06;0;0;
;;2020-03-07;0;0;
;;2020-03-08;0;0;
;;2020-03-09;0;0;
;;2020-03-10;0;0;
;;2020-03-11;0;0;
;;2020-03-12;0;0;
;;2020-03-13;0;0;
1084;Hovedstaden;2020-03-14;1;1;
1082;Midtjylland;2020-03-15;1;2;
1084;Hovedstaden;2020-03-15;1;3;
1084;Hovedstaden;2020-03-16;1;4;
1084;Hovedstaden;2020-03-17;1;5;
1085;Sjælland;2020-03-18;1;6;
1084;Hovedstaden;2020-03-18;2;8;
1084;Hovedstaden;2020-03-19;3;11;
1082;Midtjylland;2020-03-19;2;13;
1084;Hovedstaden;2020-03-20;2;15;
1083;Syddanmark;2020-03-20;1;16;
1085;Sjælland;2020-03-20;1;17;
1084;Hovedstaden;2020-03-21;3;20;
1084;Hovedstaden;2020-03-22;2;22;
1082;Midtjylland;2020-03-22;1;23;
1084;Hovedstaden;2020-03-23;4;27;
1085;Sjælland;2020-03-23;1;28;
1082;Midtjylland;2020-03-23;1;29;
1084;Hovedstaden;2020-03-24;1;30;
1085;Sjælland;2020-03-24;4;34;
1081;Nordjylland;2020-03-24;1;35;
1085;Sjælland;2020-03-25;2;37;
1083;Syddanmark;2020-03-25;1;38;
1084;Hovedstaden;2020-03-25;2;40;
1082;Midtjylland;2020-03-25;1;41;
1084;Hovedstaden;2020-03-26;6;47;
1085;Sjælland;2020-03-26;3;50;
1083;Syddanmark;2020-03-26;1;51;
1084;Hovedstaden;2020-03-27;7;58;
1081;Nordjylland;2020-03-27;1;59;
1085;Sjælland;2020-03-27;2;61;
1083;Syddanmark;2020-03-27;2;63;
1081;Nordjylland;2020-03-28;1;64;
1085;Sjælland;2020-03-28;1;65;
1083;Syddanmark;2020-03-28;1;66;
1082;Midtjylland;2020-03-28;2;68;
1084;Hovedstaden;2020-03-28;4;72;
1084;Hovedstaden;2020-03-29;2;74;
1082;Midtjylland;2020-03-29;2;76;
1081;Nordjylland;2020-03-29;1;77;
1083;Syddanmark;2020-03-29;3;80;
1085;Sjælland;2020-03-30;4;84;
1084;Hovedstaden;2020-03-30;6;90;
1082;Midtjylland;2020-03-30;1;91;
1083;Syddanmark;2020-03-31;1;92;
1085;Sjælland;2020-03-31;3;95;
1082;Midtjylland;2020-03-31;1;96;
1084;Hovedstaden;2020-03-31;8;104;
1081;Nordjylland;2020-03-31;2;106;
1083;Syddanmark;2020-04-01;1;107;
1082;Midtjylland;2020-04-01;2;109;
1084;Hovedstaden;2020-04-01;13;122;
1081;Nordjylland;2020-04-01;1;123;
1085;Sjælland;2020-04-01;5;128;
1085;Sjælland;2020-04-02;4;132;
1082;Midtjylland;2020-04-02;4;136;
1081;Nordjylland;2020-04-02;1;137;
1084;Hovedstaden;2020-04-02;9;146;
1084;Hovedstaden;2020-04-03;14;160;
1082;Midtjylland;2020-04-03;1;161;
1083;Syddanmark;2020-04-03;1;162;
1085;Sjælland;2020-04-03;4;166;
1085;Sjælland;2020-04-04;2;168;
1081;Nordjylland;2020-04-04;1;169;
1084;Hovedstaden;2020-04-04;7;176;
1082;Midtjylland;2020-04-04;5;181;
1085;Sjælland;2020-04-05;2;183;
1081;Nordjylland;2020-04-05;1;184;
1083;Syddanmark;2020-04-05;1;185;
1084;Hovedstaden;2020-04-05;6;191;
1082;Midtjylland;2020-04-05;2;193;
1083;Syddanmark;2020-04-06;4;197;
1084;Hovedstaden;2020-04-06;11;208;
1085;Sjælland;2020-04-06;2;210;
1081;Nordjylland;2020-04-07;1;211;
1084;Hovedstaden;2020-04-07;11;222;
1082;Midtjylland;2020-04-08;2;224;
1081;Nordjylland;2020-04-08;1;225;
1084;Hovedstaden;2020-04-08;8;233;
1085;Sjælland;2020-04-08;4;237;
1085;Sjælland;2020-04-09;1;238;
1084;Hovedstaden;2020-04-09;7;245;
1081;Nordjylland;2020-04-09;1;246;
1082;Midtjylland;2020-04-09;3;249;
1082;Midtjylland;2020-04-10;2;251;
1084;Hovedstaden;2020-04-10;10;261;
1081;Nordjylland;2020-04-10;1;262;
1085;Sjælland;2020-04-10;3;265;
1081;Nordjylland;2020-04-11;1;266;
1085;Sjælland;2020-04-11;2;268;
1082;Midtjylland;2020-04-11;2;270;
1084;Hovedstaden;2020-04-11;6;276;
1083;Syddanmark;2020-04-12;1;277;
1082;Midtjylland;2020-04-12;2;279;
1084;Hovedstaden;2020-04-12;8;287;
1083;Syddanmark;2020-04-13;1;288;
1082;Midtjylland;2020-04-13;4;292;
1081;Nordjylland;2020-04-13;2;294;
1085;Sjælland;2020-04-13;1;295;
1084;Hovedstaden;2020-04-13;8;303;
1083;Syddanmark;2020-04-14;1;304;
1084;Hovedstaden;2020-04-14;8;312;
1082;Midtjylland;2020-04-14;3;315;
1084;Hovedstaden;2020-04-15;6;321;
1085;Sjælland;2020-04-15;1;322;
1082;Midtjylland;2020-04-15;3;325;
1083;Syddanmark;2020-04-16;1;326;
1085;Sjælland;2020-04-16;5;331;
1084;Hovedstaden;2020-04-16;5;336;
1082;Midtjylland;2020-04-16;1;337;
1085;Sjælland;2020-04-17;4;341;
1084;Hovedstaden;2020-04-17;4;345;
1082;Midtjylland;2020-04-17;1;346;
1085;Sjælland;2020-04-18;1;347;
1083;Syddanmark;2020-04-18;1;348;
1084;Hovedstaden;2020-04-18;8;356;
1083;Syddanmark;2020-04-19;1;357;
1084;Hovedstaden;2020-04-19;3;360;
1082;Midtjylland;2020-04-19;2;362;
1084;Hovedstaden;2020-04-20;3;365;
1083;Syddanmark;2020-04-20;0;365;
1082;Midtjylland;2020-04-20;1;366;
1081;Nordjylland;2020-04-20;1;367;
1085;Sjælland;2020-04-20;2;369;
1084;Hovedstaden;2020-04-21;8;377;
1082;Midtjylland;2020-04-21;1;378;
1083;Syddanmark;2020-04-21;1;379;
1085;Sjælland;2020-04-21;2;381;
1085;Sjælland;2020-04-22;2;383;
1083;Syddanmark;2020-04-22;1;384;
1082;Midtjylland;2020-04-22;1;385;
1084;Hovedstaden;2020-04-22;10;395;
1083;Syddanmark;2020-04-23;1;396;
1081;Nordjylland;2020-04-23;1;397;
1084;Hovedstaden;2020-04-23;6;403;
1085;Sjælland;2020-04-23;1;404;
1082;Midtjylland;2020-04-23;1;405;
1084;Hovedstaden;2020-04-24;5;410;
1085;Sjælland;2020-04-24;1;411;
1085;Sjælland;2020-04-25;1;412;
1084;Hovedstaden;2020-04-25;4;416;
1084;Hovedstaden;2020-04-26;4;420;
1085;Sjælland;2020-04-26;1;421;
1085;Sjælland;2020-04-27;3;424;
1084;Hovedstaden;2020-04-27;5;429;
1081;Nordjylland;2020-04-27;1;430;
1084;Hovedstaden;2020-04-28;7;437;
1082;Midtjylland;2020-04-28;2;439;
1085;Sjælland;2020-04-28;1;440;
1082;Midtjylland;2020-04-29;2;442;
1084;Hovedstaden;2020-04-29;5;447;
1085;Sjælland;2020-04-29;2;449;
1085;Sjælland;2020-04-30;1;450;
1082;Midtjylland;2020-04-30;2;452;
1083;Syddanmark;2020-04-30;1;453;
1084;Hovedstaden;2020-04-30;5;458;
1083;Syddanmark;2020-05-01;2;460;
1084;Hovedstaden;2020-05-01;3;463;
1082;Midtjylland;2020-05-01;2;465;
1085;Sjælland;2020-05-01;4;469;
1085;Sjælland;2020-05-02;4;473;
1084;Hovedstaden;2020-05-02;4;477;
1084;Hovedstaden;2020-05-03;5;482;
1085;Sjælland;2020-05-03;2;484;
1082;Midtjylland;2020-05-03;2;486;
1085;Sjælland;2020-05-04;3;489;
1082;Midtjylland;2020-05-04;2;491;
1084;Hovedstaden;2020-05-04;2;493;
1085;Sjælland;2020-05-05;2;495;
1083;Syddanmark;2020-05-05;0;495;
1084;Hovedstaden;2020-05-05;1;496;
1081;Nordjylland;2020-05-06;0;496;
1084;Hovedstaden;2020-05-06;4;500;
1085;Sjælland;2020-05-06;2;502;
1085;Sjælland;2020-05-07;2;504;
1084;Hovedstaden;2020-05-07;4;508;
1085;Sjælland;2020-05-08;4;512;
1084;Hovedstaden;2020-05-08;0;512;
1082;Midtjylland;2020-05-09;0;512;
1084;Hovedstaden;2020-05-09;3;515;
1085;Sjælland;2020-05-10;1;516;
1084;Hovedstaden;2020-05-10;2;518;
1082;Midtjylland;2020-05-10;2;520;
1082;Midtjylland;2020-05-11;0;520;
1083;Syddanmark;2020-05-11;0;520;
1084;Hovedstaden;2020-05-11;4;524;
1085;Sjælland;2020-05-12;2;526;
1084;Hovedstaden;2020-05-12;5;531;
1084;Hovedstaden;2020-05-13;5;536;
1085;Sjælland;2020-05-13;0;536;
1082;Midtjylland;2020-05-14;0;536;
1084;Hovedstaden;2020-05-15;2;538;
1085;Sjælland;2020-05-15;3;541;
1083;Syddanmark;2020-05-15;1;542;
1085;Sjælland;2020-05-16;2;544;
1084;Hovedstaden;2020-05-16;1;545;
1084;Hovedstaden;2020-05-17;2;547;
1083;Syddanmark;2020-05-17;1;548;
1085;Sjælland;2020-05-18;3;551;
1084;Hovedstaden;2020-05-18;0;551;
1084;Hovedstaden;2020-05-19;1;552;
1085;Sjælland;2020-05-19;1;553;
1083;Syddanmark;2020-05-20;1;554;
1085;Sjælland;2020-05-20;1;555;
1084;Hovedstaden;2020-05-20;2;557;
1081;Nordjylland;2020-05-20;1;558;
1085;Sjælland;2020-05-21;0;558;
1084;Hovedstaden;2020-05-21;0;558;
1084;Hovedstaden;2020-05-22;1;559;
1085;Sjælland;2020-05-23;0;559;
1084;Hovedstaden;2020-05-23;1;560;
1084;Hovedstaden;2020-05-24;1;561;
1085;Sjælland;2020-05-25;0;561;
1083;Syddanmark;2020-05-26;2;563;
1082;Midtjylland;2020-05-26;0;563;
1084;Hovedstaden;2020-05-26;1;564;
1085;Sjælland;2020-05-27;1;565;
1085;Sjælland;2020-05-28;0;565;
1084;Hovedstaden;2020-05-28;0;565;
1082;Midtjylland;2020-05-29;0;565;
1084;Hovedstaden;2020-05-29;0;565;
1085;Sjælland;2020-05-29;1;566;
1084;Hovedstaden;2020-05-30;4;570;
1084;Hovedstaden;2020-05-31;2;572;
1084;Hovedstaden;2020-06-01;3;575;
1084;Hovedstaden;2020-06-02;1;576;
1082;Midtjylland;2020-06-02;0;576;
1084;Hovedstaden;2020-06-03;1;577;
1084;Hovedstaden;2020-06-04;3;580;
1085;Sjælland;2020-06-04;1;581;
1084;Hovedstaden;2020-06-05;1;582;
1083;Syddanmark;2020-06-05;1;583;
1085;Sjælland;2020-06-05;0;583;
1084;Hovedstaden;2020-06-06;3;586;
1084;Hovedstaden;2020-06-07;1;587;
1085;Sjælland;2020-06-07;1;588;
1084;Hovedstaden;2020-06-08;0;588;
1084;Hovedstaden;2020-06-09;0;588;
1084;Hovedstaden;2020-06-10;0;588;
1085;Sjælland;2020-06-10;0;588;
1085;Sjælland;2020-06-11;1;589;
1085;Sjælland;2020-06-12;2;591;
1084;Hovedstaden;2020-06-12;1;592;
1084;Hovedstaden;2020-06-13;0;592;
1084;Hovedstaden;2020-06-14;1;593;
;;2020-06-15;0;593;
1084;Hovedstaden;2020-06-16;1;594;
1084;Hovedstaden;2020-06-17;1;595;
1084;Hovedstaden;2020-06-18;1;596;
1081;Nordjylland;2020-06-19;1;597;
1084;Hovedstaden;2020-06-20;1;598;
;;2020-06-21;0;598;
;;2020-06-22;0;598;
1085;Sjælland;2020-06-23;1;599;
;;2020-06-24;0;599;
1081;Nordjylland;2020-06-25;1;600;
;;2020-06-26;0;600;
;;2020-06-27;0;600;
1081;Nordjylland;2020-06-28;1;601;
1084;Hovedstaden;2020-06-28;0;601;
1085;Sjælland;2020-06-29;0;601;
;;2020-06-30;0;601;
1085;Sjælland;2020-07-01;1;602;
1085;Sjælland;2020-07-02;0;602;
;;2020-07-03;0;602;
1084;Hovedstaden;2020-07-04;1;603;
;;2020-07-05;0;603;
1084;Hovedstaden;2020-07-06;2;605;
;;2020-07-07;0;605;
;;2020-07-08;0;605;
;;2020-07-09;0;605;
1084;Hovedstaden;2020-07-10;3;608;
1085;Sjælland;2020-07-11;1;609;
;;2020-07-12;0;609;
;;2020-07-13;0;609;
;;2020-07-14;0;609;
1082;Midtjylland;2020-07-15;1;610;
;;2020-07-16;0;610;
1084;Hovedstaden;2020-07-17;1;611;
;;2020-07-18;0;611;
;;2020-07-19;0;611;
;;2020-07-20;0;611;
1081;Nordjylland;2020-07-21;0;611;
1084;Hovedstaden;2020-07-22;2;613;
;;2020-07-23;0;613;
1084;Hovedstaden;2020-07-24;0;613;
1083;Syddanmark;2020-07-25;0;613;
;;2020-07-26;0;613;
1084;Hovedstaden;2020-07-27;0;613;
1085;Sjælland;2020-07-28;1;614;
1081;Nordjylland;2020-07-29;1;615;
1084;Hovedstaden;2020-07-29;0;615;
;;2020-07-30;0;615;
1085;Sjælland;2020-07-31;1;616;
;;2020-08-01;0;616;
;;2020-08-02;0;616;
;;2020-08-03;0;616;
;;2020-08-04;0;616;
1084;Hovedstaden;2020-08-05;1;617;
;;2020-08-06;0;617;
;;2020-08-07;0;617;
1084;Hovedstaden;2020-08-08;1;618;
1084;Hovedstaden;2020-08-09;1;619;
1085;Sjælland;2020-08-09;1;620;
1082;Midtjylland;2020-08-10;1;621;
1081;Nordjylland;2020-08-11;0;621;
1085;Sjælland;2020-08-12;0;621;
;;2020-08-13;0;621;
;;2020-08-14;0;621;
;;2020-08-15;0;621;
;;2020-08-16;0;621;
;;2020-08-17;0;621;
;;2020-08-18;0;621;
;;2020-08-19;0;621;
;;2020-08-20;0;621;
1082;Midtjylland;2020-08-21;1;622;
1084;Hovedstaden;2020-08-21;0;622;
1081;Nordjylland;2020-08-22;1;623;
;;2020-08-23;0;623;
;;2020-08-24;0;623;
1081;Nordjylland;2020-08-25;1;624;
;;2020-08-26;0;624;
;;2020-08-27;0;624;
;;2020-08-28;0;624;
;;2020-08-29;0;624;
;;2020-08-30;0;624;
1081;Nordjylland;2020-08-31;1;625;
1083;Syddanmark;2020-08-31;1;626;
;;2020-09-01;0;626;
;;2020-09-02;0;626;
1081;Nordjylland;2020-09-03;1;627;
;;2020-09-04;0;627;
;;2020-09-05;0;627;
1084;Hovedstaden;2020-09-06;1;628;
1084;Hovedstaden;2020-09-07;1;629;
;;2020-09-08;0;629;
1083;Syddanmark;2020-09-09;1;630;
;;2020-09-10;0;630;
1081;Nordjylland;2020-09-11;1;631;
1084;Hovedstaden;2020-09-12;1;632;
1084;Hovedstaden;2020-09-13;2;634;
;;2020-09-14;0;634;
1084;Hovedstaden;2020-09-15;1;635;
1081;Nordjylland;2020-09-16;1;636;
1082;Midtjylland;2020-09-17;0;636;
;;2020-09-18;0;636;
1084;Hovedstaden;2020-09-19;3;639;
1085;Sjælland;2020-09-20;1;640;
1084;Hovedstaden;2020-09-20;2;642;
1084;Hovedstaden;2020-09-21;1;643;
1081;Nordjylland;2020-09-22;1;644;
1084;Hovedstaden;2020-09-22;1;645;
1084;Hovedstaden;2020-09-23;1;646;
1082;Midtjylland;2020-09-24;0;646;
1084;Hovedstaden;2020-09-24;1;647;
1085;Sjælland;2020-09-24;1;648;
1084;Hovedstaden;2020-09-25;1;649;
1084;Hovedstaden;2020-09-26;1;650;
1081;Nordjylland;2020-09-26;0;650;
;;2020-09-27;0;650;
1084;Hovedstaden;2020-09-28;1;651;
1081;Nordjylland;2020-09-29;1;652;
;;2020-09-30;0;652;
1082;Midtjylland;2020-10-01;1;653;
1081;Nordjylland;2020-10-01;1;654;
1084;Hovedstaden;2020-10-02;2;656;
1083;Syddanmark;2020-10-03;1;657;
1084;Hovedstaden;2020-10-03;2;659;
1082;Midtjylland;2020-10-04;1;660;
1081;Nordjylland;2020-10-04;1;661;
1084;Hovedstaden;2020-10-04;1;662;
1081;Nordjylland;2020-10-05;1;663;
1084;Hovedstaden;2020-10-05;1;664;
;;2020-10-06;0;664;
1083;Syddanmark;2020-10-07;1;665;
1081;Nordjylland;2020-10-08;1;666;
1082;Midtjylland;2020-10-08;1;667;
1084;Hovedstaden;2020-10-08;1;668;
1084;Hovedstaden;2020-10-09;1;669;
1084;Hovedstaden;2020-10-10;3;672;
1085;Sjælland;2020-10-11;1;673;
1084;Hovedstaden;2020-10-11;1;674;
1084;Hovedstaden;2020-10-12;3;677;
1081;Nordjylland;2020-10-13;1;678;
1084;Hovedstaden;2020-10-14;1;679;
;;2020-10-15;0;679;
1081;Nordjylland;2020-10-16;1;680;
1083;Syddanmark;2020-10-16;1;681;
1083;Syddanmark;2020-10-17;4;685;
1081;Nordjylland;2020-10-17;1;686;
1084;Hovedstaden;2020-10-18;1;687;
1083;Syddanmark;2020-10-18;2;689;
1084;Hovedstaden;2020-10-19;1;690;
1082;Midtjylland;2020-10-19;0;690;
1083;Syddanmark;2020-10-20;1;691;
1084;Hovedstaden;2020-10-20;2;693;
1081;Nordjylland;2020-10-21;2;695;
1084;Hovedstaden;2020-10-21;2;697;
1083;Syddanmark;2020-10-22;1;698;
1081;Nordjylland;2020-10-22;0;698;
1084;Hovedstaden;2020-10-22;3;701;
1081;Nordjylland;2020-10-23;1;702;
1082;Midtjylland;2020-10-23;1;703;
1083;Syddanmark;2020-10-23;1;704;
1084;Hovedstaden;2020-10-23;2;706;
1084;Hovedstaden;2020-10-24;2;708;
1083;Syddanmark;2020-10-24;1;709;
1084;Hovedstaden;2020-10-25;2;711;
1082;Midtjylland;2020-10-25;1;712;
1085;Sjælland;2020-10-26;1;713;
1081;Nordjylland;2020-10-26;1;714;
1082;Midtjylland;2020-10-26;1;715;
1084;Hovedstaden;2020-10-26;0;715;
1084;Hovedstaden;2020-10-27;2;717;
1085;Sjælland;2020-10-28;0;717;
1084;Hovedstaden;2020-10-28;2;719;
1081;Nordjylland;2020-10-28;1;720;
1081;Nordjylland;2020-10-29;1;721;
1083;Syddanmark;2020-10-29;1;722;
1084;Hovedstaden;2020-10-30;1;723;
1085;Sjælland;2020-10-31;0;723;
1084;Hovedstaden;2020-10-31;2;725;
1083;Syddanmark;2020-11-01;1;726;
1081;Nordjylland;2020-11-02;1;727;
1084;Hovedstaden;2020-11-02;3;730;
1082;Midtjylland;2020-11-03;1;731;
1081;Nordjylland;2020-11-03;1;732;
1084;Hovedstaden;2020-11-03;1;733;
1081;Nordjylland;2020-11-04;0;733;
1085;Sjælland;2020-11-04;1;734;
1082;Midtjylland;2020-11-04;1;735;
1084;Hovedstaden;2020-11-04;3;738;
1083;Syddanmark;2020-11-05;1;739;
1085;Sjælland;2020-11-05;2;741;
1084;Hovedstaden;2020-11-06;0;741;
1082;Midtjylland;2020-11-06;1;742;
1081;Nordjylland;2020-11-06;2;744;
1085;Sjælland;2020-11-06;1;745;
1081;Nordjylland;2020-11-07;1;746;
1085;Sjælland;2020-11-08;2;748;
1082;Midtjylland;2020-11-08;1;749;
1084;Hovedstaden;2020-11-08;1;750;
1083;Syddanmark;2020-11-09;0;750;
1082;Midtjylland;2020-11-09;2;752;
1084;Hovedstaden;2020-11-09;2;754;
1083;Syddanmark;2020-11-10;1;755;
1084;Hovedstaden;2020-11-10;1;756;
1084;Hovedstaden;2020-11-11;1;757;
1083;Syddanmark;2020-11-12;0;757;
1082;Midtjylland;2020-11-12;1;758;
1083;Syddanmark;2020-11-13;1;759;
1085;Sjælland;2020-11-14;1;760;
1083;Syddanmark;2020-11-14;1;761;
1082;Midtjylland;2020-11-14;1;762;
1081;Nordjylland;2020-11-14;2;764;
1084;Hovedstaden;2020-11-15;3;767;
1082;Midtjylland;2020-11-16;1;768;
1084;Hovedstaden;2020-11-16;3;771;
1081;Nordjylland;2020-11-17;1;772;
1082;Midtjylland;2020-11-17;2;774;
1085;Sjælland;2020-11-18;0;774;
1084;Hovedstaden;2020-11-18;3;777;
1082;Midtjylland;2020-11-18;2;779;
1081;Nordjylland;2020-11-19;1;780;
1084;Hovedstaden;2020-11-19;2;782;
1082;Midtjylland;2020-11-20;1;783;
1084;Hovedstaden;2020-11-20;3;786;
1085;Sjælland;2020-11-21;2;788;
1082;Midtjylland;2020-11-21;1;789;
1081;Nordjylland;2020-11-21;2;791;
1082;Midtjylland;2020-11-22;2;793;
1085;Sjælland;2020-11-22;2;795;
1084;Hovedstaden;2020-11-22;2;797;
1082;Midtjylland;2020-11-23;1;798;
1084;Hovedstaden;2020-11-23;2;800;
1085;Sjælland;2020-11-24;1;801;
1083;Syddanmark;2020-11-24;1;802;
1084;Hovedstaden;2020-11-24;1;803;
1082;Midtjylland;2020-11-24;3;806;
1084;Hovedstaden;2020-11-25;4;810;
1082;Midtjylland;2020-11-25;4;814;
1085;Sjælland;2020-11-26;1;815;
1084;Hovedstaden;2020-11-26;3;818;
1084;Hovedstaden;2020-11-27;4;822;
1081;Nordjylland;2020-11-27;1;823;
1082;Midtjylland;2020-11-27;3;826;
1085;Sjælland;2020-11-28;1;827;
1081;Nordjylland;2020-11-28;1;828;
1082;Midtjylland;2020-11-28;2;830;
1084;Hovedstaden;2020-11-28;2;832;
1081;Nordjylland;2020-11-29;2;834;
1082;Midtjylland;2020-11-29;5;839;
1084;Hovedstaden;2020-11-29;4;843;
1084;Hovedstaden;2020-11-30;4;847;
1081;Nordjylland;2020-11-30;1;848;
1082;Midtjylland;2020-11-30;2;850;
1081;Nordjylland;2020-12-01;2;852;
1082;Midtjylland;2020-12-01;2;854;
1084;Hovedstaden;2020-12-01;5;859;
1083;Syddanmark;2020-12-02;1;860;
1085;Sjælland;2020-12-02;1;861;
1082;Midtjylland;2020-12-02;2;863;
1084;Hovedstaden;2020-12-02;2;865;
1085;Sjælland;2020-12-03;3;868;
1083;Syddanmark;2020-12-03;1;869;
1084;Hovedstaden;2020-12-03;4;873;
1082;Midtjylland;2020-12-03;3;876;
1083;Syddanmark;2020-12-04;2;878;
1084;Hovedstaden;2020-12-04;3;881;
1082;Midtjylland;2020-12-04;2;883;
1083;Syddanmark;2020-12-05;2;885;
1084;Hovedstaden;2020-12-05;5;890;
1085;Sjælland;2020-12-05;2;892;
1082;Midtjylland;2020-12-05;1;893;
1084;Hovedstaden;2020-12-06;9;902;
1082;Midtjylland;2020-12-06;0;902;
1083;Syddanmark;2020-12-07;1;903;
1084;Hovedstaden;2020-12-07;4;907;
1082;Midtjylland;2020-12-07;1;908;
1083;Syddanmark;2020-12-08;1;909;
1084;Hovedstaden;2020-12-08;2;911;
1082;Midtjylland;2020-12-08;4;915;
1082;Midtjylland;2020-12-09;3;918;
1084;Hovedstaden;2020-12-09;6;924;
1083;Syddanmark;2020-12-09;1;925;
1085;Sjælland;2020-12-09;0;925;
1084;Hovedstaden;2020-12-10;4;929;
1083;Syddanmark;2020-12-10;1;930;
1082;Midtjylland;2020-12-10;2;932;
1085;Sjælland;2020-12-11;2;934;
1083;Syddanmark;2020-12-11;1;935;
1084;Hovedstaden;2020-12-11;3;938;
1082;Midtjylland;2020-12-11;1;939;
1085;Sjælland;2020-12-12;1;940;
1083;Syddanmark;2020-12-12;0;940;
1082;Midtjylland;2020-12-12;1;941;
1084;Hovedstaden;2020-12-12;5;946;
1083;Syddanmark;2020-12-13;2;948;
1082;Midtjylland;2020-12-13;2;950;
1084;Hovedstaden;2020-12-13;7;957;
1082;Midtjylland;2020-12-14;2;959;
1081;Nordjylland;2020-12-14;1;960;
1083;Syddanmark;2020-12-14;1;961;
1084;Hovedstaden;2020-12-14;7;968;
1083;Syddanmark;2020-12-15;1;969;
1081;Nordjylland;2020-12-15;1;970;
1085;Sjælland;2020-12-15;2;972;
1084;Hovedstaden;2020-12-15;12;984;
1082;Midtjylland;2020-12-15;1;985;
1085;Sjælland;2020-12-16;2;987;
1081;Nordjylland;2020-12-16;1;988;
1082;Midtjylland;2020-12-16;3;991;
1084;Hovedstaden;2020-12-16;8;999;
1084;Hovedstaden;2020-12-17;8;1007;
1082;Midtjylland;2020-12-17;3;1010;
1085;Sjælland;2020-12-17;2;1012;
1083;Syddanmark;2020-12-17;1;1013;
1081;Nordjylland;2020-12-17;1;1014;
1084;Hovedstaden;2020-12-18;7;1021;
1085;Sjælland;2020-12-18;4;1025;
1082;Midtjylland;2020-12-18;0;1025;
1084;Hovedstaden;2020-12-19;14;1039;
1085;Sjælland;2020-12-19;1;1040;
1082;Midtjylland;2020-12-19;5;1045;
1085;Sjælland;2020-12-20;3;1048;
1081;Nordjylland;2020-12-20;1;1049;
1083;Syddanmark;2020-12-20;1;1050;
1082;Midtjylland;2020-12-20;2;1052;
1084;Hovedstaden;2020-12-20;12;1064;
1082;Midtjylland;2020-12-21;3;1067;
1083;Syddanmark;2020-12-21;1;1068;
1084;Hovedstaden;2020-12-21;12;1080;
1081;Nordjylland;2020-12-21;0;1080;
1085;Sjælland;2020-12-21;3;1083;
1085;Sjælland;2020-12-22;6;1089;
1083;Syddanmark;2020-12-22;1;1090;
1081;Nordjylland;2020-12-22;1;1091;
1082;Midtjylland;2020-12-22;1;1092;
1084;Hovedstaden;2020-12-22;12;1104;
1082;Midtjylland;2020-12-23;1;1105;
1083;Syddanmark;2020-12-23;1;1106;
1084;Hovedstaden;2020-12-23;11;1117;
1085;Sjælland;2020-12-23;6;1123;
1083;Syddanmark;2020-12-24;1;1124;
1082;Midtjylland;2020-12-24;1;1125;
1081;Nordjylland;2020-12-24;2;1127;
1085;Sjælland;2020-12-24;5;1132;
1084;Hovedstaden;2020-12-24;13;1145;
1083;Syddanmark;2020-12-25;4;1149;
1085;Sjælland;2020-12-25;2;1151;
1082;Midtjylland;2020-12-25;5;1156;
1084;Hovedstaden;2020-12-25;9;1165;
1081;Nordjylland;2020-12-25;1;1166;
1081;Nordjylland;2020-12-26;1;1167;
1083;Syddanmark;2020-12-26;4;1171;
1085;Sjælland;2020-12-26;5;1176;
1084;Hovedstaden;2020-12-26;13;1189;
1082;Midtjylland;2020-12-26;3;1192;
1085;Sjælland;2020-12-27;5;1197;
1084;Hovedstaden;2020-12-27;14;1211;
1082;Midtjylland;2020-12-27;5;1216;
1081;Nordjylland;2020-12-27;3;1219;
1083;Syddanmark;2020-12-27;1;1220;
1081;Nordjylland;2020-12-28;1;1221;
1085;Sjælland;2020-12-28;2;1223;
1082;Midtjylland;2020-12-28;6;1229;
1083;Syddanmark;2020-12-28;2;1231;
1084;Hovedstaden;2020-12-28;14;1245;
1081;Nordjylland;2020-12-29;3;1248;
1082;Midtjylland;2020-12-29;4;1252;
1083;Syddanmark;2020-12-29;5;1257;
1085;Sjælland;2020-12-29;7;1264;
1084;Hovedstaden;2020-12-29;13;1277;
1085;Sjælland;2020-12-30;5;1282;
1083;Syddanmark;2020-12-30;2;1284;
1082;Midtjylland;2020-12-30;2;1286;
1084;Hovedstaden;2020-12-30;19;1305;
1084;Hovedstaden;2020-12-31;18;1323;
1083;Syddanmark;2020-12-31;5;1328;
1085;Sjælland;2020-12-31;5;1333;
1082;Midtjylland;2020-12-31;5;1338;
1083;Syddanmark;2021-01-01;2;1340;
1085;Sjælland;2021-01-01;3;1343;
1084;Hovedstaden;2021-01-01;13;1356;
1082;Midtjylland;2021-01-01;2;1358;
1081;Nordjylland;2021-01-01;1;1359;
1085;Sjælland;2021-01-02;4;1363;
1084;Hovedstaden;2021-01-02;19;1382;
1083;Syddanmark;2021-01-02;2;1384;
1081;Nordjylland;2021-01-02;2;1386;
1082;Midtjylland;2021-01-02;6;1392;
1085;Sjælland;2021-01-03;4;1396;
1081;Nordjylland;2021-01-03;1;1397;
1084;Hovedstaden;2021-01-03;16;1413;
1083;Syddanmark;2021-01-03;1;1414;
1082;Midtjylland;2021-01-03;6;1420;
1082;Midtjylland;2021-01-04;2;1422;
1083;Syddanmark;2021-01-04;1;1423;
1081;Nordjylland;2021-01-04;2;1425;
1084;Hovedstaden;2021-01-04;18;1443;
1085;Sjælland;2021-01-04;4;1447;
1082;Midtjylland;2021-01-05;3;1450;
1083;Syddanmark;2021-01-05;0;1450;
1085;Sjælland;2021-01-05;2;1452;
1081;Nordjylland;2021-01-05;5;1457;
1084;Hovedstaden;2021-01-05;11;1468;
1083;Syddanmark;2021-01-06;3;1471;
1085;Sjælland;2021-01-06;8;1479;
1082;Midtjylland;2021-01-06;5;1484;
1081;Nordjylland;2021-01-06;5;1489;
1084;Hovedstaden;2021-01-06;15;1504;
1083;Syddanmark;2021-01-07;1;1505;
1082;Midtjylland;2021-01-07;4;1509;
1084;Hovedstaden;2021-01-07;16;1525;
1081;Nordjylland;2021-01-07;3;1528;
1085;Sjælland;2021-01-07;5;1533;
1083;Syddanmark;2021-01-08;3;1536;
1082;Midtjylland;2021-01-08;4;1540;
1085;Sjælland;2021-01-08;3;1543;
1081;Nordjylland;2021-01-08;3;1546;
1084;Hovedstaden;2021-01-08;13;1559;
1083;Syddanmark;2021-01-09;2;1561;
1084;Hovedstaden;2021-01-09;10;1571;
1085;Sjælland;2021-01-09;5;1576;
1082;Midtjylland;2021-01-09;5;1581;
1081;Nordjylland;2021-01-09;2;1583;
1085;Sjælland;2021-01-10;8;1591;
1084;Hovedstaden;2021-01-10;13;1604;
1082;Midtjylland;2021-01-10;9;1613;
1083;Syddanmark;2021-01-10;3;1616;
1081;Nordjylland;2021-01-10;2;1618;
1081;Nordjylland;2021-01-11;2;1620;
1085;Sjælland;2021-01-11;2;1622;
1083;Syddanmark;2021-01-11;3;1625;
1082;Midtjylland;2021-01-11;4;1629;
1084;Hovedstaden;2021-01-11;14;1643;
1084;Hovedstaden;2021-01-12;17;1660;
1083;Syddanmark;2021-01-12;7;1667;
1082;Midtjylland;2021-01-12;6;1673;
1081;Nordjylland;2021-01-12;2;1675;
1085;Sjælland;2021-01-12;6;1681;
1083;Syddanmark;2021-01-13;2;1683;
1081;Nordjylland;2021-01-13;2;1685;
1082;Midtjylland;2021-01-13;5;1690;
1085;Sjælland;2021-01-13;3;1693;
1084;Hovedstaden;2021-01-13;18;1711;
1083;Syddanmark;2021-01-14;3;1714;
1085;Sjælland;2021-01-14;4;1718;
1084;Hovedstaden;2021-01-14;14;1732;
1081;Nordjylland;2021-01-14;2;1734;
1082;Midtjylland;2021-01-14;6;1740;
1085;Sjælland;2021-01-15;3;1743;
1081;Nordjylland;2021-01-15;2;1745;
1084;Hovedstaden;2021-01-15;16;1761;
1082;Midtjylland;2021-01-15;5;1766;
1083;Syddanmark;2021-01-16;4;1770;
1081;Nordjylland;2021-01-16;4;1774;
1082;Midtjylland;2021-01-16;4;1778;
1085;Sjælland;2021-01-16;6;1784;
1084;Hovedstaden;2021-01-16;13;1797;
1083;Syddanmark;2021-01-17;2;1799;
1085;Sjælland;2021-01-17;5;1804;
1081;Nordjylland;2021-01-17;3;1807;
1082;Midtjylland;2021-01-17;4;1811;
1084;Hovedstaden;2021-01-17;15;1826;
1083;Syddanmark;2021-01-18;4;1830;
1081;Nordjylland;2021-01-18;1;1831;
1082;Midtjylland;2021-01-18;4;1835;
1084;Hovedstaden;2021-01-18;15;1850;
1085;Sjælland;2021-01-18;5;1855;
1085;Sjælland;2021-01-19;3;1858;
1083;Syddanmark;2021-01-19;3;1861;
1082;Midtjylland;2021-01-19;8;1869;
1081;Nordjylland;2021-01-19;3;1872;
1084;Hovedstaden;2021-01-19;22;1894;
1083;Syddanmark;2021-01-20;1;1895;
1081;Nordjylland;2021-01-20;3;1898;
1082;Midtjylland;2021-01-20;5;1903;
1084;Hovedstaden;2021-01-20;12;1915;
1085;Sjælland;2021-01-20;8;1923;
1083;Syddanmark;2021-01-21;1;1924;
1081;Nordjylland;2021-01-21;3;1927;
1082;Midtjylland;2021-01-21;4;1931;
1085;Sjælland;2021-01-21;4;1935;
1084;Hovedstaden;2021-01-21;15;1950;
1083;Syddanmark;2021-01-22;2;1952;
1081;Nordjylland;2021-01-22;3;1955;
1082;Midtjylland;2021-01-22;3;1958;
1084;Hovedstaden;2021-01-22;10;1968;
1085;Sjælland;2021-01-22;6;1974;
1083;Syddanmark;2021-01-23;2;1976;
1082;Midtjylland;2021-01-23;6;1982;
1085;Sjælland;2021-01-23;6;1988;
1084;Hovedstaden;2021-01-23;12;2000;
1085;Sjælland;2021-01-24;2;2002;
1081;Nordjylland;2021-01-24;3;2005;
1082;Midtjylland;2021-01-24;4;2009;
1083;Syddanmark;2021-01-24;3;2012;
1084;Hovedstaden;2021-01-24;8;2020;
1083;Syddanmark;2021-01-25;3;2023;
1081;Nordjylland;2021-01-25;3;2026;
1084;Hovedstaden;2021-01-25;9;2035;
1085;Sjælland;2021-01-25;4;2039;
1082;Midtjylland;2021-01-25;6;2045;
1085;Sjælland;2021-01-26;1;2046;
1081;Nordjylland;2021-01-26;1;2047;
1083;Syddanmark;2021-01-26;2;2049;
1084;Hovedstaden;2021-01-26;15;2064;
1082;Midtjylland;2021-01-26;1;2065;
1083;Syddanmark;2021-01-27;1;2066;
1081;Nordjylland;2021-01-27;1;2067;
1085;Sjælland;2021-01-27;4;2071;
1084;Hovedstaden;2021-01-27;11;2082;
1082;Midtjylland;2021-01-27;0;2082;
1082;Midtjylland;2021-01-28;4;2086;
1083;Syddanmark;2021-01-28;2;2088;
1081;Nordjylland;2021-01-28;2;2090;
1085;Sjælland;2021-01-28;2;2092;
1084;Hovedstaden;2021-01-28;9;2101;
1083;Syddanmark;2021-01-29;3;2104;
1085;Sjælland;2021-01-29;3;2107;
1081;Nordjylland;2021-01-29;1;2108;
1082;Midtjylland;2021-01-29;2;2110;
1084;Hovedstaden;2021-01-29;10;2120;
1085;Sjælland;2021-01-30;3;2123;
1081;Nordjylland;2021-01-30;2;2125;
1083;Syddanmark;2021-01-30;2;2127;
1082;Midtjylland;2021-01-30;1;2128;
1084;Hovedstaden;2021-01-30;11;2139;
1083;Syddanmark;2021-01-31;3;2142;
1082;Midtjylland;2021-01-31;1;2143;
1081;Nordjylland;2021-01-31;1;2144;
1085;Sjælland;2021-01-31;1;2145;
1084;Hovedstaden;2021-01-31;11;2156;
1083;Syddanmark;2021-02-01;0;2156;
1082;Midtjylland;2021-02-01;4;2160;
1084;Hovedstaden;2021-02-01;6;2166;
1085;Sjælland;2021-02-01;2;2168;
1081;Nordjylland;2021-02-01;2;2170;
1085;Sjælland;2021-02-02;1;2171;
1083;Syddanmark;2021-02-02;3;2174;
1081;Nordjylland;2021-02-02;1;2175;
1084;Hovedstaden;2021-02-02;5;2180;
1082;Midtjylland;2021-02-02;1;2181;
1083;Syddanmark;2021-02-03;1;2182;
1085;Sjælland;2021-02-03;5;2187;
1081;Nordjylland;2021-02-03;1;2188;
1084;Hovedstaden;2021-02-03;6;2194;
1082;Midtjylland;2021-02-03;4;2198;
1081;Nordjylland;2021-02-04;1;2199;
1083;Syddanmark;2021-02-04;1;2200;
1085;Sjælland;2021-02-04;2;2202;
1084;Hovedstaden;2021-02-04;10;2212;
1082;Midtjylland;2021-02-04;1;2213;
1083;Syddanmark;2021-02-05;2;2215;
1085;Sjælland;2021-02-05;1;2216;
1081;Nordjylland;2021-02-05;1;2217;
1082;Midtjylland;2021-02-05;1;2218;
1084;Hovedstaden;2021-02-05;6;2224;
1085;Sjælland;2021-02-06;1;2225;
1083;Syddanmark;2021-02-06;0;2225;
1081;Nordjylland;2021-02-06;1;2226;
1084;Hovedstaden;2021-02-06;4;2230;
1082;Midtjylland;2021-02-06;1;2231;
1085;Sjælland;2021-02-07;1;2232;
1084;Hovedstaden;2021-02-07;3;2235;
1082;Midtjylland;2021-02-07;0;2235;
1081;Nordjylland;2021-02-07;4;2239;
1083;Syddanmark;2021-02-08;5;2244;
1085;Sjælland;2021-02-08;1;2245;
1082;Midtjylland;2021-02-08;2;2247;
1084;Hovedstaden;2021-02-08;6;2253;
1083;Syddanmark;2021-02-09;2;2255;
1085;Sjælland;2021-02-09;2;2257;
1081;Nordjylland;2021-02-09;0;2257;
1084;Hovedstaden;2021-02-09;12;2269;
1085;Sjælland;2021-02-10;3;2272;
1083;Syddanmark;2021-02-10;2;2274;
1081;Nordjylland;2021-02-10;3;2277;
1082;Midtjylland;2021-02-10;0;2277;
1084;Hovedstaden;2021-02-10;4;2281;
1083;Syddanmark;2021-02-11;2;2283;
1085;Sjælland;2021-02-11;0;2283;
1081;Nordjylland;2021-02-11;3;2286;
1082;Midtjylland;2021-02-11;0;2286;
1084;Hovedstaden;2021-02-11;4;2290;
1083;Syddanmark;2021-02-12;1;2291;
1085;Sjælland;2021-02-12;1;2292;
1084;Hovedstaden;2021-02-12;3;2295;
1082;Midtjylland;2021-02-12;0;2295;
1081;Nordjylland;2021-02-12;2;2297;
1081;Nordjylland;2021-02-13;1;2298;
1082;Midtjylland;2021-02-13;1;2299;
1084;Hovedstaden;2021-02-13;5;2304;
1085;Sjælland;2021-02-13;2;2306;
1084;Hovedstaden;2021-02-14;5;2311;
1083;Syddanmark;2021-02-15;3;2314;
1085;Sjælland;2021-02-15;0;2314;
1081;Nordjylland;2021-02-15;2;2316;
1082;Midtjylland;2021-02-15;0;2316;
1084;Hovedstaden;2021-02-15;2;2318;
1081;Nordjylland;2021-02-16;0;2318;
1085;Sjælland;2021-02-16;1;2319;
1082;Midtjylland;2021-02-16;1;2320;
1084;Hovedstaden;2021-02-16;1;2321;
1083;Syddanmark;2021-02-17;2;2323;
1081;Nordjylland;2021-02-17;1;2324;
1085;Sjælland;2021-02-17;1;2325;
1084;Hovedstaden;2021-02-17;2;2327;
1082;Midtjylland;2021-02-17;0;2327;
1083;Syddanmark;2021-02-18;1;2328;
1085;Sjælland;2021-02-18;1;2329;
1081;Nordjylland;2021-02-18;0;2329;
1084;Hovedstaden;2021-02-18;4;2333;
1082;Midtjylland;2021-02-18;3;2336;
1083;Syddanmark;2021-02-19;0;2336;
1081;Nordjylland;2021-02-19;0;2336;
1084;Hovedstaden;2021-02-19;4;2340;
1085;Sjælland;2021-02-20;0;2340;
1084;Hovedstaden;2021-02-20;3;2343;
1082;Midtjylland;2021-02-20;0;2343;
1083;Syddanmark;2021-02-20;2;2345;
1083;Syddanmark;2021-02-21;0;2345;
1085;Sjælland;2021-02-21;1;2346;
1084;Hovedstaden;2021-02-21;3;2349;
1082;Midtjylland;2021-02-21;1;2350;
1081;Nordjylland;2021-02-22;0;2350;
1085;Sjælland;2021-02-22;0;2350;
1083;Syddanmark;2021-02-22;0;2350;
1082;Midtjylland;2021-02-22;0;2350;
1084;Hovedstaden;2021-02-22;0;2350;
1083;Syddanmark;2021-02-23;2;2352;
1085;Sjælland;2021-02-23;0;2352;
1084;Hovedstaden;2021-02-23;0;2352;
1083;Syddanmark;2021-02-24;2;2354;
1081;Nordjylland;2021-02-24;1;2355;
1085;Sjælland;2021-02-24;3;2358;
1084;Hovedstaden;2021-02-24;1;2359;
1085;Sjælland;2021-02-25;0;2359;
1083;Syddanmark;2021-02-25;0;2359;
1081;Nordjylland;2021-02-25;0;2359;
1082;Midtjylland;2021-02-25;1;2360;
1084;Hovedstaden;2021-02-25;1;2361;
1083;Syddanmark;2021-02-26;1;2362;
1085;Sjælland;2021-02-26;0;2362;
1082;Midtjylland;2021-02-26;1;2363;
1084;Hovedstaden;2021-02-26;2;2365;
1085;Sjælland;2021-02-27;2;2367;
1081;Nordjylland;2021-02-27;1;2368;
1083;Syddanmark;2021-02-27;1;2369;
1082;Midtjylland;2021-02-27;0;2369;
1084;Hovedstaden;2021-02-27;1;2370;
1085;Sjælland;2021-02-28;1;2371;
1084;Hovedstaden;2021-02-28;2;2373;
1085;Sjælland;2021-03-01;1;2374;
1081;Nordjylland;2021-03-01;0;2374;
1084;Hovedstaden;2021-03-01;0;2374;
1082;Midtjylland;2021-03-02;1;2375;
1084;Hovedstaden;2021-03-02;3;2378;
1083;Syddanmark;2021-03-03;1;2379;
1082;Midtjylland;2021-03-03;0;2379;
1085;Sjælland;2021-03-03;1;2380;
1084;Hovedstaden;2021-03-03;1;2381;
1085;Sjælland;2021-03-04;0;2381;
1084;Hovedstaden;2021-03-04;2;2383;
1083;Syddanmark;2021-03-05;0;2383;
1081;Nordjylland;2021-03-05;0;2383;
1084;Hovedstaden;2021-03-05;0;2383;
1085;Sjælland;2021-03-06;1;2384;
1082;Midtjylland;2021-03-06;0;2384;
1084;Hovedstaden;2021-03-06;2;2386;
1085;Sjælland;2021-03-07;1;2387;
1081;Nordjylland;2021-03-07;0;2387;
1084;Hovedstaden;2021-03-07;1;2388;
1084;Hovedstaden;2021-03-08;0;2388;
1083;Syddanmark;2021-03-09;1;2389;
1084;Hovedstaden;2021-03-09;1;2390;
1085;Sjælland;2021-03-09;1;2391;
1083;Syddanmark;2021-03-10;1;2392;
1081;Nordjylland;2021-03-10;0;2392;
1085;Sjælland;2021-03-10;1;2393;
1084;Hovedstaden;2021-03-10;1;2394;
1081;Nordjylland;2021-03-11;1;2395;
1082;Midtjylland;2021-03-11;1;2396;
1085;Sjælland;2021-03-11;1;2397;
1085;Sjælland;2021-03-12;1;2398;
1084;Hovedstaden;2021-03-12;1;2399;
1084;Hovedstaden;2021-03-13;0;2399;
1083;Syddanmark;2021-03-13;1;2400;
1085;Sjælland;2021-03-14;1;2401;
1084;Hovedstaden;2021-03-14;1;2402;
1085;Sjælland;2021-03-15;1;2403;
1084;Hovedstaden;2021-03-15;1;2404;
1084;Hovedstaden;2021-03-16;0;2404;
1083;Syddanmark;2021-03-17;0;2404;
1084;Hovedstaden;2021-03-17;2;2406;
1085;Sjælland;2021-03-18;1;2407;
1085;Sjælland;2021-03-19;1;2408;
1084;Hovedstaden;2021-03-19;1;2409;
1083;Syddanmark;2021-03-19;2;2411;
1084;Hovedstaden;2021-03-20;0;2411;
1085;Sjælland;2021-03-21;0;2411;
1084;Hovedstaden;2021-03-21;1;2412;
1083;Syddanmark;2021-03-22;1;2413;
1085;Sjælland;2021-03-22;0;2413;
1084;Hovedstaden;2021-03-22;2;2415;
1084;Hovedstaden;2021-03-23;0;2415;
1085;Sjælland;2021-03-23;2;2417;
1083;Syddanmark;2021-03-24;1;2418;
1082;Midtjylland;2021-03-24;1;2419;
1085;Sjælland;2021-03-24;4;2423;
1084;Hovedstaden;2021-03-24;2;2425;
1082;Midtjylland;2021-03-25;1;2426;
1084;Hovedstaden;2021-03-25;0;2426;
1083;Syddanmark;2021-03-26;1;2427;
1085;Sjælland;2021-03-26;1;2428;
1084;Hovedstaden;2021-03-27;3;2431;
;;2021-03-28;0;2431;
1084;Hovedstaden;2021-03-29;1;2432;
1082;Midtjylland;2021-03-29;0;2432;
1084;Hovedstaden;2021-03-30;1;2433;
1083;Syddanmark;2021-03-30;0;2433;
1085;Sjælland;2021-03-30;2;2435;
1085;Sjælland;2021-03-31;1;2436;
1084;Hovedstaden;2021-03-31;3;2439;
1082;Midtjylland;2021-03-31;0;2439;
1084;Hovedstaden;2021-04-01;1;2440;
1083;Syddanmark;2021-04-02;1;2441;
1084;Hovedstaden;2021-04-02;3;2444;
1084;Hovedstaden;2021-04-03;1;2445;
1084;Hovedstaden;2021-04-04;1;2446;
1084;Hovedstaden;2021-04-05;1;2447;
1085;Sjælland;2021-04-05;1;2448;
1082;Midtjylland;2021-04-05;1;2449;
1083;Syddanmark;2021-04-06;0;2449;
1085;Sjælland;2021-04-06;1;2450;
1084;Hovedstaden;2021-04-06;0;2450;
1085;Sjælland;2021-04-07;0;2450;
1082;Midtjylland;2021-04-07;2;2452;
1082;Midtjylland;2021-04-08;1;2453;
1085;Sjælland;2021-04-08;0;2453;
1083;Syddanmark;2021-04-08;1;2454;
1083;Syddanmark;2021-04-09;2;2456;
1084;Hovedstaden;2021-04-09;1;2457;
1085;Sjælland;2021-04-10;1;2458;
1082;Midtjylland;2021-04-10;0;2458;
1081;Nordjylland;2021-04-11;1;2459;
1083;Syddanmark;2021-04-11;1;2460;
1084;Hovedstaden;2021-04-11;1;2461;
1082;Midtjylland;2021-04-12;1;2462;
1084;Hovedstaden;2021-04-12;1;2463;
;;2021-04-13;0;2463;
1082;Midtjylland;2021-04-14;1;2464;
1084;Hovedstaden;2021-04-14;1;2465;
1084;Hovedstaden;2021-04-15;2;2467;
1083;Syddanmark;2021-04-16;1;2468;
1081;Nordjylland;2021-04-16;2;2470;
1082;Midtjylland;2021-04-16;2;2472;
1084;Hovedstaden;2021-04-16;0;2472;
1082;Midtjylland;2021-04-17;1;2473;
1081;Nordjylland;2021-04-17;1;2474;
1084;Hovedstaden;2021-04-17;1;2475;
1085;Sjælland;2021-04-18;1;2476;
1083;Syddanmark;2021-04-18;1;2477;
1082;Midtjylland;2021-04-18;1;2478;
1084;Hovedstaden;2021-04-18;0;2478;
1084;Hovedstaden;2021-04-19;2;2480;
1084;Hovedstaden;2021-04-20;3;2483;
1084;Hovedstaden;2021-04-21;2;2485;
1082;Midtjylland;2021-04-21;1;2486;
1081;Nordjylland;2021-04-21;1;2487;
1085;Sjælland;2021-04-22;0;2487;
1084;Hovedstaden;2021-04-22;3;2490;
1084;Hovedstaden;2021-04-23;1;2491;
1084;Hovedstaden;2021-04-24;2;2493;
1084;Hovedstaden;2021-04-25;1;2494;
1085;Sjælland;2021-04-25;0;2494;
1083;Syddanmark;2021-04-26;0;2494;
1084;Hovedstaden;2021-04-26;1;2495;
1083;Syddanmark;2021-04-27;0;2495;
1084;Hovedstaden;2021-04-27;1;2496;
1081;Nordjylland;2021-04-27;2;2498;
1083;Syddanmark;2021-04-28;1;2499;
1084;Hovedstaden;2021-04-28;1;2500;
1083;Syddanmark;2021-04-29;1;2501;
1084;Hovedstaden;2021-04-29;2;2503;
1084;Hovedstaden;2021-04-30;3;2506;
1084;Hovedstaden;2021-05-01;1;2507;
1084;Hovedstaden;2021-05-02;2;2509;
1084;Hovedstaden;2021-05-03;0;2509;
1081;Nordjylland;2021-05-04;0;2509;
1084;Hovedstaden;2021-05-04;2;2511;
1084;Hovedstaden;2021-05-05;1;2512;
1085;Sjælland;2021-05-05;0;2512;
1085;Sjælland;2021-05-06;0;2512;
1084;Hovedstaden;2021-05-06;1;2513;
1085;Sjælland;2021-05-07;2;2515;
;;2021-05-08;0;2515;
1085;Sjælland;2021-05-09;0;2515;
1084;Hovedstaden;2021-05-09;0;2515;
1084;Hovedstaden;2021-05-10;1;2516;
1082;Midtjylland;2021-05-10;1;2517;
;;2021-05-11;0;2517;
;;2021-05-12;0;2517;
1083;Syddanmark;2021-05-13;1;2518;
1085;Sjælland;2021-05-14;1;2519;
1081;Nordjylland;2021-05-14;1;2520;
1083;Syddanmark;2021-05-14;0;2520;
1084;Hovedstaden;2021-05-14;1;2521;
1085;Sjælland;2021-05-15;1;2522;
1084;Hovedstaden;2021-05-16;1;2523;
1084;Hovedstaden;2021-05-17;0;2523;
1083;Syddanmark;2021-05-17;1;2524;
1083;Syddanmark;2021-05-18;0;2524;
1084;Hovedstaden;2021-05-19;1;2525;
1084;Hovedstaden;2021-05-20;0;2525;
1081;Nordjylland;2021-05-21;1;2526;
1084;Hovedstaden;2021-05-21;0;2526;
1084;Hovedstaden;2021-05-22;2;2528;
1082;Midtjylland;2021-05-23;1;2529;
1084;Hovedstaden;2021-05-24;1;2530;
1083;Syddanmark;2021-05-25;0;2530;
1081;Nordjylland;2021-05-25;1;2531;
1082;Midtjylland;2021-05-25;0;2531;
1085;Sjælland;2021-05-26;0;2531;
1082;Midtjylland;2021-05-26;1;2532;
1084;Hovedstaden;2021-05-26;1;2533;
1082;Midtjylland;2021-05-27;1;2534;
1082;Midtjylland;2021-05-28;1;2535;
1084;Hovedstaden;2021-05-28;1;2536;
;;2021-05-29;0;2536;
;;2021-05-30;0;2536;
;;2021-05-31;0;2536;
1084;Hovedstaden;2021-06-01;0;2536;
1083;Syddanmark;2021-06-01;1;2537;
1084;Hovedstaden;2021-06-02;0;2537;
;;2021-06-03;0;2537;
1083;Syddanmark;2021-06-04;1;2538;
;;2021-06-05;0;2538;
1081;Nordjylland;2021-06-06;1;2539;
1084;Hovedstaden;2021-06-06;1;2540;
;;2021-06-07;0;2540;
;;2021-06-08;0;2540;
1081;Nordjylland;2021-06-09;1;2541;
1084;Hovedstaden;2021-06-09;1;2542;
1085;Sjælland;2021-06-09;0;2542;
1084;Hovedstaden;2021-06-10;1;2543;
1084;Hovedstaden;2021-06-11;1;2544;
;;2021-06-12;0;2544;
1081;Nordjylland;2021-06-13;1;2545;
1085;Sjælland;2021-06-13;1;2546;
1083;Syddanmark;2021-06-14;1;2547;
1084;Hovedstaden;2021-06-14;1;2548;
;;2021-06-15;0;2548;
;;2021-06-16;0;2548;
1084;Hovedstaden;2021-06-17;1;2549;
1081;Nordjylland;2021-06-18;1;2550;
1084;Hovedstaden;2021-06-19;1;2551;
1081;Nordjylland;2021-06-20;0;2551;
;;2021-06-21;0;2551;
1084;Hovedstaden;2021-06-22;0;2551;
1084;Hovedstaden;2021-06-23;0;2551;
;;2021-06-24;0;2551;
1085;Sjælland;2021-06-25;1;2552;
1084;Hovedstaden;2021-06-25;1;2553;
1084;Hovedstaden;2021-06-26;1;2554;
1084;Hovedstaden;2021-06-27;1;2555;
1081;Nordjylland;2021-06-28;1;2556;
1081;Nordjylland;2021-06-29;0;2556;
;;2021-06-30;0;2556;
1081;Nordjylland;2021-07-01;1;2557;
1084;Hovedstaden;2021-07-01;1;2558;
1083;Syddanmark;2021-07-01;0;2558;
;;2021-07-02;0;2558;
;;2021-07-03;0;2558;
1082;Midtjylland;2021-07-04;1;2559;
1084;Hovedstaden;2021-07-05;0;2559;
1083;Syddanmark;2021-07-05;0;2559;
;;2021-07-06;0;2559;
;;2021-07-07;0;2559;
1085;Sjælland;2021-07-08;0;2559;
1082;Midtjylland;2021-07-09;0;2559;
1084;Hovedstaden;2021-07-09;1;2560;
;;2021-07-10;0;2560;
;;2021-07-11;0;2560;
1081;Nordjylland;2021-07-12;0;2560;
1084;Hovedstaden;2021-07-13;0;2560;
1083;Syddanmark;2021-07-13;0;2560;
1083;Syddanmark;2021-07-14;1;2561;
1082;Midtjylland;2021-07-14;1;2562;
1083;Syddanmark;2021-07-15;1;2563;
;;2021-07-16;0;2563;
;;2021-07-17;0;2563;
;;2021-07-18;0;2563;
;;2021-07-19;0;2563;
;;2021-07-20;0;2563;
;;2021-07-21;0;2563;
;;2021-07-22;0;2563;
;;2021-07-23;0;2563;
;;2021-07-24;0;2563;
1083;Syddanmark;2021-07-25;1;2564;
1084;Hovedstaden;2021-07-25;1;2565;
1082;Midtjylland;2021-07-26;1;2566;
1084;Hovedstaden;2021-07-26;1;2567;
1084;Hovedstaden;2021-07-27;0;2567;
1085;Sjælland;2021-07-28;0;2567;
1082;Midtjylland;2021-07-28;1;2568;
1082;Midtjylland;2021-07-29;1;2569;
;;2021-07-30;0;2569;
1084;Hovedstaden;2021-07-31;1;2570;
;;2021-08-01;0;2570;
;;2021-08-02;0;2570;
1084;Hovedstaden;2021-08-03;1;2571;
1083;Syddanmark;2021-08-04;1;2572;
;;2021-08-05;0;2572;
;;2021-08-06;0;2572;
;;2021-08-07;0;2572;
1082;Midtjylland;2021-08-08;1;2573;
1084;Hovedstaden;2021-08-09;1;2574;
1085;Sjælland;2021-08-10;2;2576;
1083;Syddanmark;2021-08-11;0;2576;
1084;Hovedstaden;2021-08-12;1;2577;
1081;Nordjylland;2021-08-12;1;2578;
1085;Sjælland;2021-08-12;1;2579;
1082;Midtjylland;2021-08-13;1;2580;
;;2021-08-14;0;2580;
1084;Hovedstaden;2021-08-15;1;2581;
1083;Syddanmark;2021-08-16;1;2582;
1084;Hovedstaden;2021-08-17;1;2583;
1085;Sjælland;2021-08-18;1;2584;
1084;Hovedstaden;2021-08-19;1;2585;
1084;Hovedstaden;2021-08-20;1;2586;
1082;Midtjylland;2021-08-21;1;2587;
1085;Sjælland;2021-08-21;1;2588;
1084;Hovedstaden;2021-08-22;1;2589;
1085;Sjælland;2021-08-23;1;2590;
1084;Hovedstaden;2021-08-23;1;2591;
1085;Sjælland;2021-08-24;1;2592;
1081;Nordjylland;2021-08-25;1;2593;
1084;Hovedstaden;2021-08-26;2;2595;
1083;Syddanmark;2021-08-27;1;2596;
1084;Hovedstaden;2021-08-27;2;2598;
1084;Hovedstaden;2021-08-28;2;2600;
1083;Syddanmark;2021-08-29;1;2601;
1082;Midtjylland;2021-08-29;1;2602;
1084;Hovedstaden;2021-08-30;1;2603;
;;2021-08-31;0;2603;
1082;Midtjylland;2021-09-01;1;2604;
1084;Hovedstaden;2021-09-02;3;2607;
1081;Nordjylland;2021-09-03;1;2608;
1084;Hovedstaden;2021-09-03;1;2609;
;;2021-09-04;0;2609;
1085;Sjælland;2021-09-05;1;2610;
1083;Syddanmark;2021-09-05;1;2611;
1084;Hovedstaden;2021-09-06;4;2615;
1082;Midtjylland;2021-09-07;3;2618;
1084;Hovedstaden;2021-09-07;1;2619;
1083;Syddanmark;2021-09-08;1;2620;
1082;Midtjylland;2021-09-08;1;2621;
1081;Nordjylland;2021-09-08;1;2622;
1084;Hovedstaden;2021-09-08;3;2625;
1083;Syddanmark;2021-09-09;1;2626;
1082;Midtjylland;2021-09-09;1;2627;
1084;Hovedstaden;2021-09-09;1;2628;
1081;Nordjylland;2021-09-09;1;2629;
1084;Hovedstaden;2021-09-10;2;2631;
1084;Hovedstaden;2021-09-11;0;2631;
1082;Midtjylland;2021-09-11;1;2632;
1084;Hovedstaden;2021-09-12;2;2634;
;;2021-09-13;0;2634;
1082;Midtjylland;2021-09-14;1;2635;
1084;Hovedstaden;2021-09-14;1;2636;
1085;Sjælland;2021-09-14;1;2637;
1083;Syddanmark;2021-09-15;1;2638;
1085;Sjælland;2021-09-15;1;2639;
1082;Midtjylland;2021-09-15;1;2640;
1085;Sjælland;2021-09-16;1;2641;
1082;Midtjylland;2021-09-16;1;2642;
1084;Hovedstaden;2021-09-16;1;2643;
1081;Nordjylland;2021-09-16;1;2644;
1083;Syddanmark;2021-09-16;1;2645;
1084;Hovedstaden;2021-09-17;0;2645;
1083;Syddanmark;2021-09-17;1;2646;
1085;Sjælland;2021-09-18;1;2647;
1082;Midtjylland;2021-09-18;1;2648;
1084;Hovedstaden;2021-09-18;1;2649;
1083;Syddanmark;2021-09-19;2;2651;
1085;Sjælland;2021-09-19;1;2652;
1082;Midtjylland;2021-09-20;1;2653;
1083;Syddanmark;2021-09-20;1;2654;
1084;Hovedstaden;2021-09-20;1;2655;
1082;Midtjylland;2021-09-21;1;2656;
1085;Sjælland;2021-09-22;0;2656;
1082;Midtjylland;2021-09-22;1;2657;
1084;Hovedstaden;2021-09-22;3;2660;
1085;Sjælland;2021-09-23;2;2662;
1084;Hovedstaden;2021-09-23;0;2662;
1083;Syddanmark;2021-09-24;1;2663;
1085;Sjælland;2021-09-24;1;2664;
1083;Syddanmark;2021-09-25;2;2666;
1081;Nordjylland;2021-09-25;1;2667;
1082;Midtjylland;2021-09-26;1;2668;
1084;Hovedstaden;2021-09-26;1;2669;
1082;Midtjylland;2021-09-27;1;2670;
1085;Sjælland;2021-09-27;1;2671;
1084;Hovedstaden;2021-09-27;2;2673;
1083;Syddanmark;2021-09-27;1;2674;
1082;Midtjylland;2021-09-28;1;2675;
1085;Sjælland;2021-09-29;0;2675;
1082;Midtjylland;2021-09-29;1;2676;
1083;Syddanmark;2021-09-29;1;2677;
1083;Syddanmark;2021-09-30;1;2678;
1085;Sjælland;2021-09-30;1;2679;
1084;Hovedstaden;2021-09-30;1;2680;
1084;Hovedstaden;2021-10-01;2;2682;
1085;Sjælland;2021-10-01;1;2683;
1083;Syddanmark;2021-10-02;1;2684;
1085;Sjælland;2021-10-02;0;2684;
1081;Nordjylland;2021-10-02;0;2684;
;;2021-10-03;0;2684;
;;2021-10-04;0;2684;
1085;Sjælland;2021-10-05;1;2685;
1082;Midtjylland;2021-10-05;0;2685;
1083;Syddanmark;2021-10-05;1;2686;
1081;Nordjylland;2021-10-06;1;2687;
1084;Hovedstaden;2021-10-06;1;2688;
1085;Sjælland;2021-10-07;1;2689;
1082;Midtjylland;2021-10-07;1;2690;
;;2021-10-08;0;2690;
1082;Midtjylland;2021-10-09;1;2691;
1083;Syddanmark;2021-10-09;1;2692;
1082;Midtjylland;2021-10-10;1;2693;
1081;Nordjylland;2021-10-10;1;2694;
1084;Hovedstaden;2021-10-11;2;2696;
;;2021-10-12;0;2696;
1083;Syddanmark;2021-10-13;1;2697;
1081;Nordjylland;2021-10-13;1;2698;
1084;Hovedstaden;2021-10-13;1;2699;
1085;Sjælland;2021-10-13;1;2700;
1083;Syddanmark;2021-10-14;1;2701;
1084;Hovedstaden;2021-10-14;0;2701;
1082;Midtjylland;2021-10-15;1;2702;
1081;Nordjylland;2021-10-15;1;2703;
1083;Syddanmark;2021-10-16;1;2704;
1084;Hovedstaden;2021-10-16;2;2706;
1083;Syddanmark;2021-10-17;1;2707;
1084;Hovedstaden;2021-10-17;3;2710;
1081;Nordjylland;2021-10-18;0;2710;
1084;Hovedstaden;2021-10-18;1;2711;
1082;Midtjylland;2021-10-18;0;2711;
1083;Syddanmark;2021-10-19;1;2712;
1085;Sjælland;2021-10-19;1;2713;
1081;Nordjylland;2021-10-19;1;2714;
1082;Midtjylland;2021-10-20;1;2715;
1084;Hovedstaden;2021-10-20;1;2716;
1081;Nordjylland;2021-10-21;1;2717;
1082;Midtjylland;2021-10-21;1;2718;
1084;Hovedstaden;2021-10-22;1;2719;
1082;Midtjylland;2021-10-22;0;2719;
1081;Nordjylland;2021-10-23;1;2720;
;;2021-10-24;0;2720;
1084;Hovedstaden;2021-10-25;3;2723;
1081;Nordjylland;2021-10-26;2;2725;
1082;Midtjylland;2021-10-26;0;2725;
1084;Hovedstaden;2021-10-26;1;2726;
1082;Midtjylland;2021-10-27;1;2727;
1081;Nordjylland;2021-10-27;0;2727;
1084;Hovedstaden;2021-10-27;1;2728;
1084;Hovedstaden;2021-10-28;1;2729;
1081;Nordjylland;2021-10-29;1;2730;
1084;Hovedstaden;2021-10-29;3;2733;
1085;Sjælland;2021-10-30;0;2733;
1084;Hovedstaden;2021-10-30;3;2736;
1082;Midtjylland;2021-10-31;0;2736;
1085;Sjælland;2021-10-31;0;2736;
1084;Hovedstaden;2021-10-31;2;2738;
;;2021-11-01;0;2738;
1085;Sjælland;2021-11-02;1;2739;
1082;Midtjylland;2021-11-02;1;2740;
1083;Syddanmark;2021-11-02;1;2741;
1083;Syddanmark;2021-11-03;1;2742;
1081;Nordjylland;2021-11-03;1;2743;
1084;Hovedstaden;2021-11-03;1;2744;
1082;Midtjylland;2021-11-04;1;2745;
1085;Sjælland;2021-11-04;2;2747;
1084;Hovedstaden;2021-11-04;5;2752;
1084;Hovedstaden;2021-11-05;3;2755;
1083;Syddanmark;2021-11-06;2;2757;
1084;Hovedstaden;2021-11-06;2;2759;
1083;Syddanmark;2021-11-07;2;2761;
1084;Hovedstaden;2021-11-07;1;2762;
1081;Nordjylland;2021-11-07;1;2763;
1083;Syddanmark;2021-11-08;1;2764;
1084;Hovedstaden;2021-11-09;2;2766;
1085;Sjælland;2021-11-09;1;2767;
1085;Sjælland;2021-11-10;1;2768;
1081;Nordjylland;2021-11-10;1;2769;
1084;Hovedstaden;2021-11-10;1;2770;
1082;Midtjylland;2021-11-10;1;2771;
1081;Nordjylland;2021-11-11;1;2772;
1083;Syddanmark;2021-11-11;1;2773;
1084;Hovedstaden;2021-11-11;2;2775;
1081;Nordjylland;2021-11-12;1;2776;
1084;Hovedstaden;2021-11-12;5;2781;
1085;Sjælland;2021-11-13;2;2783;
1082;Midtjylland;2021-11-13;2;2785;
1081;Nordjylland;2021-11-13;1;2786;
1084;Hovedstaden;2021-11-13;4;2790;
1082;Midtjylland;2021-11-14;1;2791;
1085;Sjælland;2021-11-14;1;2792;
1084;Hovedstaden;2021-11-14;4;2796;
1083;Syddanmark;2021-11-15;2;2798;
1081;Nordjylland;2021-11-15;1;2799;
1084;Hovedstaden;2021-11-15;3;2802;
1085;Sjælland;2021-11-15;4;2806;
1084;Hovedstaden;2021-11-16;3;2809;
1083;Syddanmark;2021-11-16;1;2810;
1081;Nordjylland;2021-11-17;1;2811;
1082;Midtjylland;2021-11-17;1;2812;
1084;Hovedstaden;2021-11-17;1;2813;
1083;Syddanmark;2021-11-18;3;2816;
1085;Sjælland;2021-11-18;1;2817;
1081;Nordjylland;2021-11-18;1;2818;
1084;Hovedstaden;2021-11-18;2;2820;
1083;Syddanmark;2021-11-19;2;2822;
1085;Sjælland;2021-11-19;1;2823;
1084;Hovedstaden;2021-11-19;5;2828;
1083;Syddanmark;2021-11-20;2;2830;
1085;Sjælland;2021-11-20;0;2830;
1084;Hovedstaden;2021-11-20;2;2832;
1083;Syddanmark;2021-11-21;1;2833;
1085;Sjælland;2021-11-21;1;2834;
1081;Nordjylland;2021-11-21;1;2835;
1084;Hovedstaden;2021-11-21;1;2836;
1083;Syddanmark;2021-11-22;2;2838;
1085;Sjælland;2021-11-22;1;2839;
1082;Midtjylland;2021-11-22;0;2839;
1084;Hovedstaden;2021-11-22;4;2843;
1083;Syddanmark;2021-11-23;2;2845;
1085;Sjælland;2021-11-23;3;2848;
1082;Midtjylland;2021-11-23;2;2850;
1084;Hovedstaden;2021-11-23;4;2854;
1083;Syddanmark;2021-11-24;3;2857;
1085;Sjælland;2021-11-24;1;2858;
1082;Midtjylland;2021-11-24;2;2860;
1084;Hovedstaden;2021-11-24;4;2864;
1083;Syddanmark;2021-11-25;1;2865;
1085;Sjælland;2021-11-25;5;2870;
1081;Nordjylland;2021-11-25;1;2871;
1084;Hovedstaden;2021-11-25;6;2877;
1083;Syddanmark;2021-11-26;2;2879;
1085;Sjælland;2021-11-26;3;2882;
1081;Nordjylland;2021-11-26;2;2884;
1082;Midtjylland;2021-11-26;1;2885;
1084;Hovedstaden;2021-11-26;3;2888;
1083;Syddanmark;2021-11-27;2;2890;
1085;Sjælland;2021-11-27;1;2891;
1081;Nordjylland;2021-11-27;1;2892;
1082;Midtjylland;2021-11-27;1;2893;
1084;Hovedstaden;2021-11-27;5;2898;
1083;Syddanmark;2021-11-28;1;2899;
1085;Sjælland;2021-11-28;7;2906;
1081;Nordjylland;2021-11-28;1;2907;
1082;Midtjylland;2021-11-28;3;2910;
1084;Hovedstaden;2021-11-28;3;2913;
1083;Syddanmark;2021-11-29;4;2917;
1081;Nordjylland;2021-11-29;1;2918;
1082;Midtjylland;2021-11-29;1;2919;
1084;Hovedstaden;2021-11-29;4;2923;
1083;Syddanmark;2021-11-30;3;2926;
1085;Sjælland;2021-11-30;2;2928;
1081;Nordjylland;2021-11-30;4;2932;
1082;Midtjylland;2021-11-30;0;2932;
1084;Hovedstaden;2021-11-30;4;2936;
1085;Sjælland;2021-12-01;0;2936;
1081;Nordjylland;2021-12-01;3;2939;
1084;Hovedstaden;2021-12-01;2;2941;
1083;Syddanmark;2021-12-02;4;2945;
1085;Sjælland;2021-12-02;3;2948;
1081;Nordjylland;2021-12-02;1;2949;
1082;Midtjylland;2021-12-02;1;2950;
1084;Hovedstaden;2021-12-02;4;2954;
1083;Syddanmark;2021-12-03;1;2955;
1085;Sjælland;2021-12-03;1;2956;
1081;Nordjylland;2021-12-03;3;2959;
1082;Midtjylland;2021-12-03;3;2962;
1084;Hovedstaden;2021-12-03;4;2966;
1083;Syddanmark;2021-12-04;3;2969;
1085;Sjælland;2021-12-04;3;2972;
1082;Midtjylland;2021-12-04;2;2974;
1084;Hovedstaden;2021-12-04;1;2975;
1083;Syddanmark;2021-12-05;1;2976;
1085;Sjælland;2021-12-05;3;2979;
1084;Hovedstaden;2021-12-05;3;2982;
1083;Syddanmark;2021-12-06;2;2984;
1085;Sjælland;2021-12-06;2;2986;
1082;Midtjylland;2021-12-06;2;2988;
1084;Hovedstaden;2021-12-06;2;2990;
1083;Syddanmark;2021-12-07;1;2991;
1085;Sjælland;2021-12-07;2;2993;
1084;Hovedstaden;2021-12-07;4;2997;
1083;Syddanmark;2021-12-08;4;3001;
1085;Sjælland;2021-12-08;2;3003;
1081;Nordjylland;2021-12-08;2;3005;
1082;Midtjylland;2021-12-08;1;3006;
1084;Hovedstaden;2021-12-08;7;3013;
1085;Sjælland;2021-12-09;2;3015;
1081;Nordjylland;2021-12-09;2;3017;
1084;Hovedstaden;2021-12-09;4;3021;
1083;Syddanmark;2021-12-10;1;3022;
1085;Sjælland;2021-12-10;2;3024;
1081;Nordjylland;2021-12-10;1;3025;
1084;Hovedstaden;2021-12-10;5;3030;
1083;Syddanmark;2021-12-11;3;3033;
1085;Sjælland;2021-12-11;1;3034;
1081;Nordjylland;2021-12-11;1;3035;
1082;Midtjylland;2021-12-11;4;3039;
1084;Hovedstaden;2021-12-11;2;3041;
1085;Sjælland;2021-12-12;3;3044;
1082;Midtjylland;2021-12-12;0;3044;
1084;Hovedstaden;2021-12-12;3;3047;
1083;Syddanmark;2021-12-13;2;3049;
1085;Sjælland;2021-12-13;1;3050;
1081;Nordjylland;2021-12-13;1;3051;
1082;Midtjylland;2021-12-13;1;3052;
1084;Hovedstaden;2021-12-13;5;3057;
1083;Syddanmark;2021-12-14;2;3059;
1085;Sjælland;2021-12-14;1;3060;
1082;Midtjylland;2021-12-14;1;3061;
1084;Hovedstaden;2021-12-14;4;3065;
1083;Syddanmark;2021-12-15;2;3067;
1085;Sjælland;2021-12-15;3;3070;
1081;Nordjylland;2021-12-15;1;3071;
1084;Hovedstaden;2021-12-15;4;3075;
1083;Syddanmark;2021-12-16;3;3078;
1085;Sjælland;2021-12-16;2;3080;
1082;Midtjylland;2021-12-16;1;3081;
1084;Hovedstaden;2021-12-16;3;3084;
1083;Syddanmark;2021-12-17;2;3086;
1085;Sjælland;2021-12-17;4;3090;
1081;Nordjylland;2021-12-17;2;3092;
1082;Midtjylland;2021-12-17;2;3094;
1084;Hovedstaden;2021-12-17;4;3098;
1083;Syddanmark;2021-12-18;4;3102;
1082;Midtjylland;2021-12-18;3;3105;
1084;Hovedstaden;2021-12-18;5;3110;
1083;Syddanmark;2021-12-19;4;3114;
1085;Sjælland;2021-12-19;2;3116;
1082;Midtjylland;2021-12-19;2;3118;
1084;Hovedstaden;2021-12-19;5;3123;
1083;Syddanmark;2021-12-20;3;3126;
1085;Sjælland;2021-12-20;2;3128;
1082;Midtjylland;2021-12-20;2;3130;
1084;Hovedstaden;2021-12-20;5;3135;
1083;Syddanmark;2021-12-21;4;3139;
1085;Sjælland;2021-12-21;2;3141;
1082;Midtjylland;2021-12-21;2;3143;
1084;Hovedstaden;2021-12-21;3;3146;
1083;Syddanmark;2021-12-22;1;3147;
1085;Sjælland;2021-12-22;1;3148;
1081;Nordjylland;2021-12-22;1;3149;
1082;Midtjylland;2021-12-22;3;3152;
1084;Hovedstaden;2021-12-22;8;3160;
1083;Syddanmark;2021-12-23;3;3163;
1085;Sjælland;2021-12-23;6;3169;
1081;Nordjylland;2021-12-23;1;3170;
1082;Midtjylland;2021-12-23;1;3171;
1084;Hovedstaden;2021-12-23;7;3178;
1083;Syddanmark;2021-12-24;1;3179;
1085;Sjælland;2021-12-24;3;3182;
1081;Nordjylland;2021-12-24;1;3183;
1084;Hovedstaden;2021-12-24;5;3188;
1083;Syddanmark;2021-12-25;1;3189;
1085;Sjælland;2021-12-25;2;3191;
1081;Nordjylland;2021-12-25;1;3192;
1082;Midtjylland;2021-12-25;1;3193;
1084;Hovedstaden;2021-12-25;6;3199;
1083;Syddanmark;2021-12-26;2;3201;
1085;Sjælland;2021-12-26;0;3201;
1082;Midtjylland;2021-12-26;3;3204;
1084;Hovedstaden;2021-12-26;6;3210;
1085;Sjælland;2021-12-27;3;3213;
1082;Midtjylland;2021-12-27;1;3214;
1084;Hovedstaden;2021-12-27;4;3218;
1083;Syddanmark;2021-12-28;1;3219;
1085;Sjælland;2021-12-28;3;3222;
1081;Nordjylland;2021-12-28;1;3223;
1082;Midtjylland;2021-12-28;2;3225;
1084;Hovedstaden;2021-12-28;5;3230;
1083;Syddanmark;2021-12-29;3;3233;
1085;Sjælland;2021-12-29;4;3237;
1082;Midtjylland;2021-12-29;0;3237;
1084;Hovedstaden;2021-12-29;2;3239;
1083;Syddanmark;2021-12-30;0;3239;
1085;Sjælland;2021-12-30;1;3240;
1081;Nordjylland;2021-12-30;2;3242;
1082;Midtjylland;2021-12-30;2;3244;
1084;Hovedstaden;2021-12-30;4;3248;
1083;Syddanmark;2021-12-31;1;3249;
1085;Sjælland;2021-12-31;1;3250;
1081;Nordjylland;2021-12-31;2;3252;
1082;Midtjylland;2021-12-31;0;3252;
1084;Hovedstaden;2021-12-31;6;3258;
1083;Syddanmark;2022-01-01;1;3259;
1085;Sjælland;2022-01-01;4;3263;
1082;Midtjylland;2022-01-01;1;3264;
1084;Hovedstaden;2022-01-01;6;3270;
1083;Syddanmark;2022-01-02;1;3271;
1085;Sjælland;2022-01-02;4;3275;
1084;Hovedstaden;2022-01-02;4;3279;
1083;Syddanmark;2022-01-03;1;3280;
1085;Sjælland;2022-01-03;2;3282;
1082;Midtjylland;2022-01-03;3;3285;
1084;Hovedstaden;2022-01-03;9;3294;
1083;Syddanmark;2022-01-04;1;3295;
1085;Sjælland;2022-01-04;3;3298;
1081;Nordjylland;2022-01-04;1;3299;
1082;Midtjylland;2022-01-04;3;3302;
1084;Hovedstaden;2022-01-04;6;3308;
1083;Syddanmark;2022-01-05;2;3310;
1085;Sjælland;2022-01-05;3;3313;
1081;Nordjylland;2022-01-05;2;3315;
1082;Midtjylland;2022-01-05;2;3317;
1084;Hovedstaden;2022-01-05;7;3324;
1083;Syddanmark;2022-01-06;2;3326;
1085;Sjælland;2022-01-06;4;3330;
1081;Nordjylland;2022-01-06;1;3331;
1082;Midtjylland;2022-01-06;2;3333;
1084;Hovedstaden;2022-01-06;7;3340;
1083;Syddanmark;2022-01-07;2;3342;
1085;Sjælland;2022-01-07;2;3344;
1082;Midtjylland;2022-01-07;5;3349;
1084;Hovedstaden;2022-01-07;7;3356;
1083;Syddanmark;2022-01-08;2;3358;
1085;Sjælland;2022-01-08;4;3362;
1082;Midtjylland;2022-01-08;2;3364;
1084;Hovedstaden;2022-01-08;7;3371;
1083;Syddanmark;2022-01-09;3;3374;
1085;Sjælland;2022-01-09;2;3376;
1081;Nordjylland;2022-01-09;4;3380;
1082;Midtjylland;2022-01-09;1;3381;
1084;Hovedstaden;2022-01-09;6;3387;
1085;Sjælland;2022-01-10;3;3390;
1081;Nordjylland;2022-01-10;3;3393;
1082;Midtjylland;2022-01-10;6;3399;
1084;Hovedstaden;2022-01-10;5;3404;
1083;Syddanmark;2022-01-11;2;3406;
1085;Sjælland;2022-01-11;3;3409;
1081;Nordjylland;2022-01-11;0;3409;
1082;Midtjylland;2022-01-11;2;3411;
1084;Hovedstaden;2022-01-11;11;3422;
1083;Syddanmark;2022-01-12;4;3426;
1085;Sjælland;2022-01-12;5;3431;
1082;Midtjylland;2022-01-12;3;3434;
1084;Hovedstaden;2022-01-12;5;3439;
1083;Syddanmark;2022-01-13;3;3442;
1085;Sjælland;2022-01-13;3;3445;
1081;Nordjylland;2022-01-13;1;3446;
1082;Midtjylland;2022-01-13;2;3448;
1084;Hovedstaden;2022-01-13;6;3454;
1083;Syddanmark;2022-01-14;1;3455;
1085;Sjælland;2022-01-14;2;3457;
1082;Midtjylland;2022-01-14;4;3461;
1084;Hovedstaden;2022-01-14;6;3467;
1083;Syddanmark;2022-01-15;2;3469;
1081;Nordjylland;2022-01-15;2;3471;
1084;Hovedstaden;2022-01-15;5;3476;
1083;Syddanmark;2022-01-16;1;3477;
1085;Sjælland;2022-01-16;2;3479;
1081;Nordjylland;2022-01-16;3;3482;
1082;Midtjylland;2022-01-16;2;3484;
1084;Hovedstaden;2022-01-16;10;3494;
1083;Syddanmark;2022-01-17;3;3497;
1085;Sjælland;2022-01-17;2;3499;
1081;Nordjylland;2022-01-17;1;3500;
1082;Midtjylland;2022-01-17;0;3500;
1084;Hovedstaden;2022-01-17;5;3505;
1083;Syddanmark;2022-01-18;1;3506;
1085;Sjælland;2022-01-18;1;3507;
1082;Midtjylland;2022-01-18;2;3509;
1084;Hovedstaden;2022-01-18;4;3513;
1083;Syddanmark;2022-01-19;3;3516;
1085;Sjælland;2022-01-19;3;3519;
1081;Nordjylland;2022-01-19;3;3522;
1082;Midtjylland;2022-01-19;2;3524;
1084;Hovedstaden;2022-01-19;14;3538;
1083;Syddanmark;2022-01-20;4;3542;
1085;Sjælland;2022-01-20;6;3548;
1081;Nordjylland;2022-01-20;1;3549;
1082;Midtjylland;2022-01-20;4;3553;
1084;Hovedstaden;2022-01-20;7;3560;
1083;Syddanmark;2022-01-21;4;3564;
1085;Sjælland;2022-01-21;2;3566;
1081;Nordjylland;2022-01-21;1;3567;
1082;Midtjylland;2022-01-21;3;3570;
1084;Hovedstaden;2022-01-21;10;3580;
1083;Syddanmark;2022-01-22;1;3581;
1085;Sjælland;2022-01-22;3;3584;
1081;Nordjylland;2022-01-22;2;3586;
1082;Midtjylland;2022-01-22;0;3586;
1084;Hovedstaden;2022-01-22;4;3590;
1083;Syddanmark;2022-01-23;1;3591;
1085;Sjælland;2022-01-23;1;3592;
1081;Nordjylland;2022-01-23;5;3597;
1082;Midtjylland;2022-01-23;3;3600;
1084;Hovedstaden;2022-01-23;5;3605;
1083;Syddanmark;2022-01-24;3;3608;
1085;Sjælland;2022-01-24;2;3610;
1081;Nordjylland;2022-01-24;3;3613;
1082;Midtjylland;2022-01-24;1;3614;
1084;Hovedstaden;2022-01-24;6;3620;
1083;Syddanmark;2022-01-25;1;3621;
1085;Sjælland;2022-01-25;3;3624;
1082;Midtjylland;2022-01-25;5;3629;
1084;Hovedstaden;2022-01-25;11;3640;
1083;Syddanmark;2022-01-26;7;3647;
1085;Sjælland;2022-01-26;3;3650;
1081;Nordjylland;2022-01-26;3;3653;
1082;Midtjylland;2022-01-26;0;3653;
1084;Hovedstaden;2022-01-26;8;3661;
1083;Syddanmark;2022-01-27;0;3661;
1085;Sjælland;2022-01-27;4;3665;
1081;Nordjylland;2022-01-27;2;3667;
1082;Midtjylland;2022-01-27;2;3669;
1084;Hovedstaden;2022-01-27;10;3679;
1083;Syddanmark;2022-01-28;4;3683;
1085;Sjælland;2022-01-28;2;3685;
1081;Nordjylland;2022-01-28;2;3687;
1082;Midtjylland;2022-01-28;3;3690;
1084;Hovedstaden;2022-01-28;10;3700;
1083;Syddanmark;2022-01-29;2;3702;
1085;Sjælland;2022-01-29;2;3704;
1081;Nordjylland;2022-01-29;1;3705;
1082;Midtjylland;2022-01-29;3;3708;
1084;Hovedstaden;2022-01-29;10;3718;
1083;Syddanmark;2022-01-30;8;3726;
1085;Sjælland;2022-01-30;5;3731;
1081;Nordjylland;2022-01-30;1;3732;
1082;Midtjylland;2022-01-30;3;3735;
1084;Hovedstaden;2022-01-30;7;3742;
1083;Syddanmark;2022-01-31;1;3743;
1085;Sjælland;2022-01-31;1;3744;
1081;Nordjylland;2022-01-31;1;3745;
1082;Midtjylland;2022-01-31;4;3749;
1084;Hovedstaden;2022-01-31;11;3760;
1083;Syddanmark;2022-02-01;4;3764;
1085;Sjælland;2022-02-01;4;3768;
1081;Nordjylland;2022-02-01;1;3769;
1082;Midtjylland;2022-02-01;4;3773;
1084;Hovedstaden;2022-02-01;4;3777;
1083;Syddanmark;2022-02-02;2;3779;
1085;Sjælland;2022-02-02;1;3780;
1081;Nordjylland;2022-02-02;1;3781;
1082;Midtjylland;2022-02-02;1;3782;
1084;Hovedstaden;2022-02-02;5;3787;
1083;Syddanmark;2022-02-03;4;3791;
1085;Sjælland;2022-02-03;9;3800;
1081;Nordjylland;2022-02-03;5;3805;
1082;Midtjylland;2022-02-03;2;3807;
1084;Hovedstaden;2022-02-03;11;3818;
1083;Syddanmark;2022-02-04;4;3822;
1085;Sjælland;2022-02-04;4;3826;
1081;Nordjylland;2022-02-04;1;3827;
1082;Midtjylland;2022-02-04;4;3831;
1084;Hovedstaden;2022-02-04;7;3838;
1083;Syddanmark;2022-02-05;4;3842;
1085;Sjælland;2022-02-05;3;3845;
1081;Nordjylland;2022-02-05;2;3847;
1082;Midtjylland;2022-02-05;6;3853;
1084;Hovedstaden;2022-02-05;6;3859;
1083;Syddanmark;2022-02-06;4;3863;
1085;Sjælland;2022-02-06;5;3868;
1081;Nordjylland;2022-02-06;5;3873;
1082;Midtjylland;2022-02-06;3;3876;
1084;Hovedstaden;2022-02-06;14;3890;
1083;Syddanmark;2022-02-07;8;3898;
1085;Sjælland;2022-02-07;4;3902;
1081;Nordjylland;2022-02-07;1;3903;
1082;Midtjylland;2022-02-07;3;3906;
1084;Hovedstaden;2022-02-07;10;3916;
1083;Syddanmark;2022-02-08;3;3919;
1085;Sjælland;2022-02-08;5;3924;
1081;Nordjylland;2022-02-08;3;3927;
1082;Midtjylland;2022-02-08;4;3931;
1084;Hovedstaden;2022-02-08;7;3938;
1083;Syddanmark;2022-02-09;3;3941;
1081;Nordjylland;2022-02-09;4;3945;
1082;Midtjylland;2022-02-09;6;3951;
1084;Hovedstaden;2022-02-09;10;3961;
1083;Syddanmark;2022-02-10;13;3974;
1085;Sjælland;2022-02-10;2;3976;
1081;Nordjylland;2022-02-10;3;3979;
1082;Midtjylland;2022-02-10;3;3982;
1084;Hovedstaden;2022-02-10;10;3992;
1083;Syddanmark;2022-02-11;9;4001;
1085;Sjælland;2022-02-11;3;4004;
1081;Nordjylland;2022-02-11;2;4006;
1082;Midtjylland;2022-02-11;5;4011;
1084;Hovedstaden;2022-02-11;10;4021;
1083;Syddanmark;2022-02-12;13;4034;
1085;Sjælland;2022-02-12;9;4043;
1081;Nordjylland;2022-02-12;5;4048;
1082;Midtjylland;2022-02-12;5;4053;
1084;Hovedstaden;2022-02-12;7;4060;
1083;Syddanmark;2022-02-13;11;4071;
1085;Sjælland;2022-02-13;5;4076;
1081;Nordjylland;2022-02-13;2;4078;
1082;Midtjylland;2022-02-13;9;4087;
1084;Hovedstaden;2022-02-13;16;4103;
1083;Syddanmark;2022-02-14;6;4109;
1085;Sjælland;2022-02-14;5;4114;
1081;Nordjylland;2022-02-14;0;4114;
1082;Midtjylland;2022-02-14;2;4116;
1084;Hovedstaden;2022-02-14;11;4127;
1083;Syddanmark;2022-02-15;10;4137;
1085;Sjælland;2022-02-15;4;4141;
1081;Nordjylland;2022-02-15;7;4148;
1082;Midtjylland;2022-02-15;4;4152;
1084;Hovedstaden;2022-02-15;13;4165;
1083;Syddanmark;2022-02-16;12;4177;
1085;Sjælland;2022-02-16;3;4180;
1081;Nordjylland;2022-02-16;5;4185;
1082;Midtjylland;2022-02-16;8;4193;
1084;Hovedstaden;2022-02-16;8;4201;
1083;Syddanmark;2022-02-17;6;4207;
1085;Sjælland;2022-02-17;7;4214;
1081;Nordjylland;2022-02-17;1;4215;
1082;Midtjylland;2022-02-17;10;4225;
1084;Hovedstaden;2022-02-17;7;4232;
1083;Syddanmark;2022-02-18;8;4240;
1085;Sjælland;2022-02-18;7;4247;
1081;Nordjylland;2022-02-18;5;4252;
1082;Midtjylland;2022-02-18;4;4256;
1084;Hovedstaden;2022-02-18;5;4261;
1083;Syddanmark;2022-02-19;8;4269;
1085;Sjælland;2022-02-19;5;4274;
1081;Nordjylland;2022-02-19;8;4282;
1082;Midtjylland;2022-02-19;8;4290;
1084;Hovedstaden;2022-02-19;8;4298;
1083;Syddanmark;2022-02-20;12;4310;
1085;Sjælland;2022-02-20;3;4313;
1081;Nordjylland;2022-02-20;5;4318;
1082;Midtjylland;2022-02-20;5;4323;
1084;Hovedstaden;2022-02-20;10;4333;
1083;Syddanmark;2022-02-21;12;4345;
1085;Sjælland;2022-02-21;4;4349;
1081;Nordjylland;2022-02-21;7;4356;
1082;Midtjylland;2022-02-21;6;4362;
1084;Hovedstaden;2022-02-21;5;4367;
1083;Syddanmark;2022-02-22;11;4378;
1085;Sjælland;2022-02-22;12;4390;
1081;Nordjylland;2022-02-22;4;4394;
1082;Midtjylland;2022-02-22;9;4403;
1084;Hovedstaden;2022-02-22;10;4413;
1083;Syddanmark;2022-02-23;11;4424;
1085;Sjælland;2022-02-23;8;4432;
1081;Nordjylland;2022-02-23;7;4439;
1082;Midtjylland;2022-02-23;5;4444;
1084;Hovedstaden;2022-02-23;7;4451;
1083;Syddanmark;2022-02-24;6;4457;
1085;Sjælland;2022-02-24;9;4466;
1081;Nordjylland;2022-02-24;4;4470;
1082;Midtjylland;2022-02-24;8;4478;
1084;Hovedstaden;2022-02-24;10;4488;
1083;Syddanmark;2022-02-25;11;4499;
1085;Sjælland;2022-02-25;10;4509;
1081;Nordjylland;2022-02-25;3;4512;
1082;Midtjylland;2022-02-25;8;4520;
1084;Hovedstaden;2022-02-25;7;4527;
1083;Syddanmark;2022-02-26;8;4535;
1085;Sjælland;2022-02-26;8;4543;
1081;Nordjylland;2022-02-26;4;4547;
1082;Midtjylland;2022-02-26;8;4555;
1084;Hovedstaden;2022-02-26;16;4571;
1083;Syddanmark;2022-02-27;11;4582;
1085;Sjælland;2022-02-27;4;4586;
1081;Nordjylland;2022-02-27;7;4593;
1082;Midtjylland;2022-02-27;10;4603;
1084;Hovedstaden;2022-02-27;10;4613;
1083;Syddanmark;2022-02-28;7;4620;
1085;Sjælland;2022-02-28;8;4628;
1081;Nordjylland;2022-02-28;6;4634;
1082;Midtjylland;2022-02-28;5;4639;
1084;Hovedstaden;2022-02-28;8;4647;
1083;Syddanmark;2022-03-01;12;4659;
1085;Sjælland;2022-03-01;11;4670;
1081;Nordjylland;2022-03-01;3;4673;
1082;Midtjylland;2022-03-01;9;4682;
1084;Hovedstaden;2022-03-01;8;4690;
1083;Syddanmark;2022-03-02;5;4695;
1085;Sjælland;2022-03-02;6;4701;
1081;Nordjylland;2022-03-02;7;4708;
1082;Midtjylland;2022-03-02;10;4718;
1084;Hovedstaden;2022-03-02;10;4728;
1083;Syddanmark;2022-03-03;10;4738;
1085;Sjælland;2022-03-03;6;4744;
1081;Nordjylland;2022-03-03;9;4753;
1082;Midtjylland;2022-03-03;11;4764;
1084;Hovedstaden;2022-03-03;11;4775;
1083;Syddanmark;2022-03-04;8;4783;
1085;Sjælland;2022-03-04;6;4789;
1081;Nordjylland;2022-03-04;12;4801;
1082;Midtjylland;2022-03-04;9;4810;
1084;Hovedstaden;2022-03-04;13;4823;
1083;Syddanmark;2022-03-05;23;4846;
1085;Sjælland;2022-03-05;4;4850;
1081;Nordjylland;2022-03-05;8;4858;
1082;Midtjylland;2022-03-05;6;4864;
1084;Hovedstaden;2022-03-05;6;4870;
1083;Syddanmark;2022-03-06;11;4881;
1085;Sjælland;2022-03-06;5;4886;
1081;Nordjylland;2022-03-06;5;4891;
1082;Midtjylland;2022-03-06;11;4902;
1084;Hovedstaden;2022-03-06;11;4913;
1083;Syddanmark;2022-03-07;17;4930;
1085;Sjælland;2022-03-07;5;4935;
1081;Nordjylland;2022-03-07;7;4942;
1082;Midtjylland;2022-03-07;10;4952;
1084;Hovedstaden;2022-03-07;7;4959;
1083;Syddanmark;2022-03-08;15;4974;
1085;Sjælland;2022-03-08;3;4977;
1081;Nordjylland;2022-03-08;4;4981;
1082;Midtjylland;2022-03-08;6;4987;
1084;Hovedstaden;2022-03-08;18;5005;
1083;Syddanmark;2022-03-09;6;5011;
1085;Sjælland;2022-03-09;4;5015;
1081;Nordjylland;2022-03-09;8;5023;
1082;Midtjylland;2022-03-09;12;5035;
1084;Hovedstaden;2022-03-09;13;5048;
1083;Syddanmark;2022-03-10;6;5054;
1085;Sjælland;2022-03-10;8;5062;
1081;Nordjylland;2022-03-10;3;5065;
1082;Midtjylland;2022-03-10;9;5074;
1084;Hovedstaden;2022-03-10;8;5082;
1083;Syddanmark;2022-03-11;8;5090;
1085;Sjælland;2022-03-11;5;5095;
1081;Nordjylland;2022-03-11;1;5096;
1082;Midtjylland;2022-03-11;10;5106;
1084;Hovedstaden;2022-03-11;8;5114;
1083;Syddanmark;2022-03-12;10;5124;
1085;Sjælland;2022-03-12;7;5131;
1081;Nordjylland;2022-03-12;5;5136;
1082;Midtjylland;2022-03-12;15;5151;
1084;Hovedstaden;2022-03-12;9;5160;
1083;Syddanmark;2022-03-13;12;5172;
1085;Sjælland;2022-03-13;4;5176;
1081;Nordjylland;2022-03-13;2;5178;
1082;Midtjylland;2022-03-13;5;5183;
1084;Hovedstaden;2022-03-13;7;5190;
1083;Syddanmark;2022-03-14;14;5204;
1085;Sjælland;2022-03-14;5;5209;
1081;Nordjylland;2022-03-14;4;5213;
1082;Midtjylland;2022-03-14;6;5219;
1084;Hovedstaden;2022-03-14;5;5224;
1083;Syddanmark;2022-03-15;10;5234;
1085;Sjælland;2022-03-15;3;5237;
1081;Nordjylland;2022-03-15;10;5247;
1082;Midtjylland;2022-03-15;7;5254;
1084;Hovedstaden;2022-03-15;12;5266;
1083;Syddanmark;2022-03-16;7;5273;
1085;Sjælland;2022-03-16;4;5277;
1081;Nordjylland;2022-03-16;6;5283;
1082;Midtjylland;2022-03-16;5;5288;
1084;Hovedstaden;2022-03-16;6;5294;
1083;Syddanmark;2022-03-17;4;5298;
1085;Sjælland;2022-03-17;8;5306;
1081;Nordjylland;2022-03-17;6;5312;
1082;Midtjylland;2022-03-17;6;5318;
1084;Hovedstaden;2022-03-17;11;5329;
1083;Syddanmark;2022-03-18;11;5340;
1085;Sjælland;2022-03-18;6;5346;
1081;Nordjylland;2022-03-18;2;5348;
1082;Midtjylland;2022-03-18;6;5354;
1084;Hovedstaden;2022-03-18;5;5359;
1083;Syddanmark;2022-03-19;6;5365;
1085;Sjælland;2022-03-19;6;5371;
1081;Nordjylland;2022-03-19;8;5379;
1082;Midtjylland;2022-03-19;2;5381;
1084;Hovedstaden;2022-03-19;3;5384;
1083;Syddanmark;2022-03-20;15;5399;
1085;Sjælland;2022-03-20;5;5404;
1081;Nordjylland;2022-03-20;9;5413;
1082;Midtjylland;2022-03-20;5;5418;
1084;Hovedstaden;2022-03-20;2;5420;
1083;Syddanmark;2022-03-21;6;5426;
1085;Sjælland;2022-03-21;5;5431;
1081;Nordjylland;2022-03-21;2;5433;
1082;Midtjylland;2022-03-21;3;5436;
1084;Hovedstaden;2022-03-21;4;5440;
1083;Syddanmark;2022-03-22;12;5452;
1085;Sjælland;2022-03-22;6;5458;
1081;Nordjylland;2022-03-22;3;5461;
1082;Midtjylland;2022-03-22;3;5464;
1084;Hovedstaden;2022-03-22;5;5469;
1083;Syddanmark;2022-03-23;5;5474;
1085;Sjælland;2022-03-23;3;5477;
1081;Nordjylland;2022-03-23;3;5480;
1082;Midtjylland;2022-03-23;10;5490;
1084;Hovedstaden;2022-03-23;9;5499;
1083;Syddanmark;2022-03-24;11;5510;
1085;Sjælland;2022-03-24;9;5519;
1081;Nordjylland;2022-03-24;2;5521;
1082;Midtjylland;2022-03-24;3;5524;
1084;Hovedstaden;2022-03-24;5;5529;
1083;Syddanmark;2022-03-25;6;5535;
1085;Sjælland;2022-03-25;4;5539;
1081;Nordjylland;2022-03-25;9;5548;
1082;Midtjylland;2022-03-25;5;5553;
1084;Hovedstaden;2022-03-25;12;5565;
1083;Syddanmark;2022-03-26;11;5576;
1085;Sjælland;2022-03-26;2;5578;
1081;Nordjylland;2022-03-26;6;5584;
1082;Midtjylland;2022-03-26;2;5586;
1084;Hovedstaden;2022-03-26;5;5591;
1083;Syddanmark;2022-03-27;6;5597;
1085;Sjælland;2022-03-27;5;5602;
1081;Nordjylland;2022-03-27;4;5606;
1082;Midtjylland;2022-03-27;4;5610;
1084;Hovedstaden;2022-03-27;8;5618;
1083;Syddanmark;2022-03-28;6;5624;
1085;Sjælland;2022-03-28;2;5626;
1081;Nordjylland;2022-03-28;3;5629;
1082;Midtjylland;2022-03-28;1;5630;
1084;Hovedstaden;2022-03-28;3;5633;
1083;Syddanmark;2022-03-29;8;5641;
1085;Sjælland;2022-03-29;3;5644;
1081;Nordjylland;2022-03-29;4;5648;
1082;Midtjylland;2022-03-29;2;5650;
1084;Hovedstaden;2022-03-29;6;5656;
1083;Syddanmark;2022-03-30;4;5660;
1085;Sjælland;2022-03-30;1;5661;
1081;Nordjylland;2022-03-30;4;5665;
1082;Midtjylland;2022-03-30;3;5668;
1084;Hovedstaden;2022-03-30;7;5675;
1083;Syddanmark;2022-03-31;3;5678;
1085;Sjælland;2022-03-31;7;5685;
1081;Nordjylland;2022-03-31;5;5690;
1082;Midtjylland;2022-03-31;6;5696;
1084;Hovedstaden;2022-03-31;5;5701;
1083;Syddanmark;2022-04-01;3;5704;
1085;Sjælland;2022-04-01;2;5706;
1081;Nordjylland;2022-04-01;2;5708;
1082;Midtjylland;2022-04-01;9;5717;
1084;Hovedstaden;2022-04-01;5;5722;
1083;Syddanmark;2022-04-02;4;5726;
1085;Sjælland;2022-04-02;0;5726;
1081;Nordjylland;2022-04-02;0;5726;
1082;Midtjylland;2022-04-02;4;5730;
1084;Hovedstaden;2022-04-02;6;5736;
1083;Syddanmark;2022-04-03;4;5740;
1085;Sjælland;2022-04-03;2;5742;
1081;Nordjylland;2022-04-03;1;5743;
1082;Midtjylland;2022-04-03;5;5748;
1084;Hovedstaden;2022-04-03;6;5754;
1083;Syddanmark;2022-04-04;9;5763;
1085;Sjælland;2022-04-04;5;5768;
1081;Nordjylland;2022-04-04;2;5770;
1082;Midtjylland;2022-04-04;5;5775;
1084;Hovedstaden;2022-04-04;2;5777;
1083;Syddanmark;2022-04-05;5;5782;
1085;Sjælland;2022-04-05;4;5786;
1081;Nordjylland;2022-04-05;3;5789;
1082;Midtjylland;2022-04-05;0;5789;
1084;Hovedstaden;2022-04-05;4;5793;
1083;Syddanmark;2022-04-06;7;5800;
1085;Sjælland;2022-04-06;2;5802;
1081;Nordjylland;2022-04-06;3;5805;
1082;Midtjylland;2022-04-06;6;5811;
1084;Hovedstaden;2022-04-06;3;5814;
1083;Syddanmark;2022-04-07;10;5824;
1085;Sjælland;2022-04-07;3;5827;
1081;Nordjylland;2022-04-07;0;5827;
1082;Midtjylland;2022-04-07;7;5834;
1084;Hovedstaden;2022-04-07;6;5840;
1083;Syddanmark;2022-04-08;3;5843;
1085;Sjælland;2022-04-08;5;5848;
1081;Nordjylland;2022-04-08;4;5852;
1082;Midtjylland;2022-04-08;1;5853;
1084;Hovedstaden;2022-04-08;6;5859;
1083;Syddanmark;2022-04-09;6;5865;
1085;Sjælland;2022-04-09;3;5868;
1081;Nordjylland;2022-04-09;4;5872;
1082;Midtjylland;2022-04-09;3;5875;
1084;Hovedstaden;2022-04-09;5;5880;
1083;Syddanmark;2022-04-10;3;5883;
1085;Sjælland;2022-04-10;4;5887;
1081;Nordjylland;2022-04-10;1;5888;
1082;Midtjylland;2022-04-10;2;5890;
1084;Hovedstaden;2022-04-10;7;5897;
1083;Syddanmark;2022-04-11;6;5903;
1085;Sjælland;2022-04-11;2;5905;
1081;Nordjylland;2022-04-11;1;5906;
1082;Midtjylland;2022-04-11;2;5908;
1084;Hovedstaden;2022-04-11;2;5910;
1083;Syddanmark;2022-04-12;5;5915;
1081;Nordjylland;2022-04-12;3;5918;
1082;Midtjylland;2022-04-12;2;5920;
1084;Hovedstaden;2022-04-12;3;5923;
1083;Syddanmark;2022-04-13;6;5929;
1085;Sjælland;2022-04-13;0;5929;
1081;Nordjylland;2022-04-13;3;5932;
1082;Midtjylland;2022-04-13;5;5937;
1084;Hovedstaden;2022-04-13;0;5937;
1083;Syddanmark;2022-04-14;3;5940;
1085;Sjælland;2022-04-14;1;5941;
1081;Nordjylland;2022-04-14;0;5941;
1082;Midtjylland;2022-04-14;2;5943;
1084;Hovedstaden;2022-04-14;4;5947;
1083;Syddanmark;2022-04-15;3;5950;
1085;Sjælland;2022-04-15;3;5953;
1081;Nordjylland;2022-04-15;2;5955;
1082;Midtjylland;2022-04-15;2;5957;
1084;Hovedstaden;2022-04-15;4;5961;
1083;Syddanmark;2022-04-16;4;5965;
1085;Sjælland;2022-04-16;0;5965;
1081;Nordjylland;2022-04-16;3;5968;
1082;Midtjylland;2022-04-16;3;5971;
1084;Hovedstaden;2022-04-16;3;5974;
1083;Syddanmark;2022-04-17;3;5977;
1085;Sjælland;2022-04-17;3;5980;
1081;Nordjylland;2022-04-17;0;5980;
1082;Midtjylland;2022-04-17;2;5982;
1084;Hovedstaden;2022-04-17;3;5985;
1083;Syddanmark;2022-04-18;7;5992;
1085;Sjælland;2022-04-18;5;5997;
1081;Nordjylland;2022-04-18;0;5997;
1082;Midtjylland;2022-04-18;1;5998;
1084;Hovedstaden;2022-04-18;2;6000;
1083;Syddanmark;2022-04-19;3;6003;
1085;Sjælland;2022-04-19;2;6005;
1081;Nordjylland;2022-04-19;2;6007;
1082;Midtjylland;2022-04-19;0;6007;
1084;Hovedstaden;2022-04-19;4;6011;
1083;Syddanmark;2022-04-20;3;6014;
1085;Sjælland;2022-04-20;0;6014;
1081;Nordjylland;2022-04-20;1;6015;
1082;Midtjylland;2022-04-20;2;6017;
1084;Hovedstaden;2022-04-20;3;6020;
1083;Syddanmark;2022-04-21;5;6025;
1085;Sjælland;2022-04-21;0;6025;
1081;Nordjylland;2022-04-21;0;6025;
1082;Midtjylland;2022-04-21;5;6030;
1084;Hovedstaden;2022-04-21;2;6032;
1083;Syddanmark;2022-04-22;4;6036;
1085;Sjælland;2022-04-22;3;6039;
1081;Nordjylland;2022-04-22;0;6039;
1082;Midtjylland;2022-04-22;2;6041;
1084;Hovedstaden;2022-04-22;1;6042;
1083;Syddanmark;2022-04-23;6;6048;
1085;Sjælland;2022-04-23;3;6051;
1081;Nordjylland;2022-04-23;3;6054;
1082;Midtjylland;2022-04-23;0;6054;
1084;Hovedstaden;2022-04-23;4;6058;
1083;Syddanmark;2022-04-24;7;6065;
1085;Sjælland;2022-04-24;2;6067;
1081;Nordjylland;2022-04-24;3;6070;
1082;Midtjylland;2022-04-24;2;6072;
1084;Hovedstaden;2022-04-24;3;6075;
1083;Syddanmark;2022-04-25;2;6077;
1085;Sjælland;2022-04-25;5;6082;
1081;Nordjylland;2022-04-25;1;6083;
1082;Midtjylland;2022-04-25;1;6084;
1084;Hovedstaden;2022-04-25;1;6085;
1083;Syddanmark;2022-04-26;3;6088;
1085;Sjælland;2022-04-26;3;6091;
1081;Nordjylland;2022-04-26;0;6091;
1082;Midtjylland;2022-04-26;1;6092;
1084;Hovedstaden;2022-04-26;3;6095;
1083;Syddanmark;2022-04-27;4;6099;
1085;Sjælland;2022-04-27;1;6100;
1081;Nordjylland;2022-04-27;3;6103;
1082;Midtjylland;2022-04-27;3;6106;
1084;Hovedstaden;2022-04-27;1;6107;
1083;Syddanmark;2022-04-28;1;6108;
1085;Sjælland;2022-04-28;2;6110;
1081;Nordjylland;2022-04-28;1;6111;
1082;Midtjylland;2022-04-28;1;6112;
1084;Hovedstaden;2022-04-28;3;6115;
1083;Syddanmark;2022-04-29;1;6116;
1085;Sjælland;2022-04-29;2;6118;
1081;Nordjylland;2022-04-29;0;6118;
1082;Midtjylland;2022-04-29;1;6119;
1084;Hovedstaden;2022-04-29;6;6125;
1083;Syddanmark;2022-04-30;5;6130;
1085;Sjælland;2022-04-30;5;6135;
1081;Nordjylland;2022-04-30;0;6135;
1082;Midtjylland;2022-04-30;1;6136;
1084;Hovedstaden;2022-04-30;4;6140;
1083;Syddanmark;2022-05-01;7;6147;
1085;Sjælland;2022-05-01;0;6147;
1081;Nordjylland;2022-05-01;2;6149;
1082;Midtjylland;2022-05-01;1;6150;
1084;Hovedstaden;2022-05-01;3;6153;
1083;Syddanmark;2022-05-02;4;6157;
1085;Sjælland;2022-05-02;3;6160;
1081;Nordjylland;2022-05-02;1;6161;
1082;Midtjylland;2022-05-02;1;6162;
1084;Hovedstaden;2022-05-02;2;6164;
1083;Syddanmark;2022-05-03;3;6167;
1085;Sjælland;2022-05-03;4;6171;
1081;Nordjylland;2022-05-03;1;6172;
1082;Midtjylland;2022-05-03;2;6174;
1084;Hovedstaden;2022-05-03;5;6179;
1081;Nordjylland;2022-05-04;2;6181;
1082;Midtjylland;2022-05-04;2;6183;
1084;Hovedstaden;2022-05-04;5;6188;
1083;Syddanmark;2022-05-04;1;6189;
1085;Sjælland;2022-05-04;1;6190;
1083;Syddanmark;2022-05-05;1;6191;
1085;Sjælland;2022-05-05;1;6192;
1081;Nordjylland;2022-05-05;0;6192;
1082;Midtjylland;2022-05-05;1;6193;
1084;Hovedstaden;2022-05-05;4;6197;
1083;Syddanmark;2022-05-06;0;6197;
1085;Sjælland;2022-05-06;1;6198;
1081;Nordjylland;2022-05-06;0;6198;
1082;Midtjylland;2022-05-06;1;6199;
1084;Hovedstaden;2022-05-06;2;6201;
1083;Syddanmark;2022-05-07;1;6202;
1085;Sjælland;2022-05-07;2;6204;
1081;Nordjylland;2022-05-07;1;6205;
1082;Midtjylland;2022-05-07;0;6205;
1084;Hovedstaden;2022-05-07;1;6206;
1083;Syddanmark;2022-05-08;0;6206;
1085;Sjælland;2022-05-08;1;6207;
1081;Nordjylland;2022-05-08;1;6208;
1082;Midtjylland;2022-05-08;0;6208;
1084;Hovedstaden;2022-05-08;4;6212;
1083;Syddanmark;2022-05-09;1;6213;
1085;Sjælland;2022-05-09;2;6215;
1081;Nordjylland;2022-05-09;3;6218;
1082;Midtjylland;2022-05-09;1;6219;
1084;Hovedstaden;2022-05-09;4;6223;
1083;Syddanmark;2022-05-10;2;6225;
1085;Sjælland;2022-05-10;0;6225;
1081;Nordjylland;2022-05-10;0;6225;
1082;Midtjylland;2022-05-10;1;6226;
1084;Hovedstaden;2022-05-10;4;6230;
1083;Syddanmark;2022-05-11;4;6234;
1082;Midtjylland;2022-05-11;1;6235;
1084;Hovedstaden;2022-05-11;4;6239;
1083;Syddanmark;2022-05-12;1;6240;
1085;Sjælland;2022-05-12;0;6240;
1081;Nordjylland;2022-05-12;2;6242;
1082;Midtjylland;2022-05-12;1;6243;
1084;Hovedstaden;2022-05-12;2;6245;
1083;Syddanmark;2022-05-13;0;6245;
1085;Sjælland;2022-05-13;1;6246;
1081;Nordjylland;2022-05-13;2;6248;
1082;Midtjylland;2022-05-13;1;6249;
1084;Hovedstaden;2022-05-13;2;6251;
1083;Syddanmark;2022-05-14;0;6251;
1085;Sjælland;2022-05-14;0;6251;
1081;Nordjylland;2022-05-14;2;6253;
1082;Midtjylland;2022-05-14;1;6254;
1084;Hovedstaden;2022-05-14;2;6256;
1083;Syddanmark;2022-05-15;1;6257;
1085;Sjælland;2022-05-15;1;6258;
1081;Nordjylland;2022-05-15;0;6258;
1084;Hovedstaden;2022-05-15;1;6259;
1083;Syddanmark;2022-05-16;2;6261;
1085;Sjælland;2022-05-16;1;6262;
1081;Nordjylland;2022-05-16;2;6264;
1084;Hovedstaden;2022-05-16;4;6268;
1083;Syddanmark;2022-05-17;1;6269;
1085;Sjælland;2022-05-17;1;6270;
1081;Nordjylland;2022-05-17;1;6271;
1082;Midtjylland;2022-05-17;0;6271;
1084;Hovedstaden;2022-05-17;1;6272;
1083;Syddanmark;2022-05-18;2;6274;
1085;Sjælland;2022-05-18;2;6276;
1081;Nordjylland;2022-05-18;2;6278;
1082;Midtjylland;2022-05-18;2;6280;
1084;Hovedstaden;2022-05-18;2;6282;
1083;Syddanmark;2022-05-19;1;6283;
1085;Sjælland;2022-05-19;1;6284;
1081;Nordjylland;2022-05-19;2;6286;
1082;Midtjylland;2022-05-19;0;6286;
1084;Hovedstaden;2022-05-19;0;6286;
1083;Syddanmark;2022-05-20;2;6288;
1085;Sjælland;2022-05-20;0;6288;
1081;Nordjylland;2022-05-20;1;6289;
1082;Midtjylland;2022-05-20;0;6289;
1084;Hovedstaden;2022-05-20;1;6290;
1083;Syddanmark;2022-05-21;0;6290;
1085;Sjælland;2022-05-21;0;6290;
1081;Nordjylland;2022-05-21;0;6290;
1082;Midtjylland;2022-05-21;2;6292;
1084;Hovedstaden;2022-05-21;0;6292;
1083;Syddanmark;2022-05-22;2;6294;
1085;Sjælland;2022-05-22;1;6295;
1081;Nordjylland;2022-05-22;1;6296;
1084;Hovedstaden;2022-05-22;1;6297;
1083;Syddanmark;2022-05-23;1;6298;
1085;Sjælland;2022-05-23;0;6298;
1081;Nordjylland;2022-05-23;1;6299;
1082;Midtjylland;2022-05-23;0;6299;
1084;Hovedstaden;2022-05-23;2;6301;
1083;Syddanmark;2022-05-24;1;6302;
1085;Sjælland;2022-05-24;0;6302;
1081;Nordjylland;2022-05-24;1;6303;
1082;Midtjylland;2022-05-24;0;6303;
1084;Hovedstaden;2022-05-24;1;6304;
1083;Syddanmark;2022-05-25;1;6305;
1085;Sjælland;2022-05-25;1;6306;
1082;Midtjylland;2022-05-25;2;6308;
1084;Hovedstaden;2022-05-25;1;6309;
1083;Syddanmark;2022-05-26;0;6309;
1085;Sjælland;2022-05-26;0;6309;
1081;Nordjylland;2022-05-26;0;6309;
1084;Hovedstaden;2022-05-26;0;6309;
1083;Syddanmark;2022-05-27;1;6310;
1085;Sjælland;2022-05-27;1;6311;
1081;Nordjylland;2022-05-27;3;6314;
1082;Midtjylland;2022-05-27;2;6316;
1084;Hovedstaden;2022-05-27;1;6317;
1083;Syddanmark;2022-05-28;1;6318;
1085;Sjælland;2022-05-28;1;6319;
1081;Nordjylland;2022-05-28;1;6320;
1084;Hovedstaden;2022-05-28;1;6321;
1083;Syddanmark;2022-05-29;0;6321;
1085;Sjælland;2022-05-29;1;6322;
1082;Midtjylland;2022-05-29;0;6322;
1084;Hovedstaden;2022-05-29;1;6323;
1083;Syddanmark;2022-05-30;2;6325;
1085;Sjælland;2022-05-30;2;6327;
1081;Nordjylland;2022-05-30;2;6329;
1084;Hovedstaden;2022-05-30;1;6330;
1083;Syddanmark;2022-05-31;1;6331;
1081;Nordjylland;2022-05-31;0;6331;
1082;Midtjylland;2022-05-31;0;6331;
1084;Hovedstaden;2022-05-31;0;6331;
1083;Syddanmark;2022-06-01;2;6333;
1082;Midtjylland;2022-06-01;0;6333;
1084;Hovedstaden;2022-06-01;4;6337;
1083;Syddanmark;2022-06-02;1;6338;
1085;Sjælland;2022-06-02;1;6339;
1082;Midtjylland;2022-06-02;1;6340;
1084;Hovedstaden;2022-06-02;0;6340;
1083;Syddanmark;2022-06-03;2;6342;
1085;Sjælland;2022-06-03;0;6342;
1081;Nordjylland;2022-06-03;0;6342;
1082;Midtjylland;2022-06-03;1;6343;
1084;Hovedstaden;2022-06-03;0;6343;
1083;Syddanmark;2022-06-04;0;6343;
1085;Sjælland;2022-06-04;0;6343;
1081;Nordjylland;2022-06-04;1;6344;
1082;Midtjylland;2022-06-04;1;6345;
1084;Hovedstaden;2022-06-04;0;6345;
1083;Syddanmark;2022-06-05;0;6345;
1085;Sjælland;2022-06-05;1;6346;
1082;Midtjylland;2022-06-05;1;6347;
1084;Hovedstaden;2022-06-05;3;6350;
1083;Syddanmark;2022-06-06;2;6352;
1084;Hovedstaden;2022-06-06;1;6353;
1083;Syddanmark;2022-06-07;0;6353;
1085;Sjælland;2022-06-07;0;6353;
1081;Nordjylland;2022-06-07;2;6355;
1082;Midtjylland;2022-06-07;0;6355;
1084;Hovedstaden;2022-06-07;1;6356;
1083;Syddanmark;2022-06-08;1;6357;
1085;Sjælland;2022-06-08;1;6358;
1081;Nordjylland;2022-06-08;1;6359;
1082;Midtjylland;2022-06-08;2;6361;
1083;Syddanmark;2022-06-09;0;6361;
1085;Sjælland;2022-06-09;2;6363;
1081;Nordjylland;2022-06-09;0;6363;
1082;Midtjylland;2022-06-09;2;6365;
1084;Hovedstaden;2022-06-09;1;6366;
1083;Syddanmark;2022-06-10;0;6366;
1081;Nordjylland;2022-06-10;0;6366;
1082;Midtjylland;2022-06-10;1;6367;
1084;Hovedstaden;2022-06-10;1;6368;
1083;Syddanmark;2022-06-11;1;6369;
1085;Sjælland;2022-06-11;1;6370;
1082;Midtjylland;2022-06-11;1;6371;
1084;Hovedstaden;2022-06-11;2;6373;
1083;Syddanmark;2022-06-12;0;6373;
1085;Sjælland;2022-06-12;1;6374;
1082;Midtjylland;2022-06-12;1;6375;
1084;Hovedstaden;2022-06-12;1;6376;
1083;Syddanmark;2022-06-13;0;6376;
1082;Midtjylland;2022-06-13;1;6377;
1084;Hovedstaden;2022-06-13;2;6379;
1083;Syddanmark;2022-06-14;2;6381;
1085;Sjælland;2022-06-14;0;6381;
1081;Nordjylland;2022-06-14;0;6381;
1084;Hovedstaden;2022-06-14;0;6381;
1083;Syddanmark;2022-06-15;0;6381;
1085;Sjælland;2022-06-15;1;6382;
1083;Syddanmark;2022-06-16;1;6383;
1085;Sjælland;2022-06-16;0;6383;
1083;Syddanmark;2022-06-17;2;6385;
1084;Hovedstaden;2022-06-17;1;6386;
1085;Sjælland;2022-06-18;1;6387;
1081;Nordjylland;2022-06-18;1;6388;
1084;Hovedstaden;2022-06-18;1;6389;
1083;Syddanmark;2022-06-19;1;6390;
1084;Hovedstaden;2022-06-19;1;6391;
1083;Syddanmark;2022-06-20;1;6392;
1084;Hovedstaden;2022-06-20;1;6393;
1083;Syddanmark;2022-06-21;1;6394;
1085;Sjælland;2022-06-21;2;6396;
1083;Syddanmark;2022-06-22;1;6397;
1085;Sjælland;2022-06-22;1;6398;
1082;Midtjylland;2022-06-22;1;6399;
1084;Hovedstaden;2022-06-22;1;6400;
1083;Syddanmark;2022-06-23;2;6402;
1085;Sjælland;2022-06-23;1;6403;
1082;Midtjylland;2022-06-23;1;6404;
1084;Hovedstaden;2022-06-23;3;6407;
1083;Syddanmark;2022-06-24;1;6408;
1084;Hovedstaden;2022-06-24;5;6413;
1083;Syddanmark;2022-06-25;2;6415;
1085;Sjælland;2022-06-25;1;6416;
1084;Hovedstaden;2022-06-25;4;6420;
1083;Syddanmark;2022-06-26;0;6420;
1085;Sjælland;2022-06-26;1;6421;
1081;Nordjylland;2022-06-26;0;6421;
1082;Midtjylland;2022-06-26;0;6421;
1084;Hovedstaden;2022-06-26;0;6421;
1083;Syddanmark;2022-06-27;0;6421;
1085;Sjælland;2022-06-27;2;6423;
1081;Nordjylland;2022-06-27;0;6423;
1082;Midtjylland;2022-06-27;1;6424;
1084;Hovedstaden;2022-06-27;2;6426;
1083;Syddanmark;2022-06-28;2;6428;
1082;Midtjylland;2022-06-28;1;6429;
1084;Hovedstaden;2022-06-28;2;6431;
1083;Syddanmark;2022-06-29;1;6432;
1085;Sjælland;2022-06-29;2;6434;
1082;Midtjylland;2022-06-29;1;6435;
1084;Hovedstaden;2022-06-29;1;6436;
1083;Syddanmark;2022-06-30;0;6436;
1085;Sjælland;2022-06-30;0;6436;
1082;Midtjylland;2022-06-30;1;6437;
1084;Hovedstaden;2022-06-30;0;6437;
1083;Syddanmark;2022-07-01;1;6438;
1081;Nordjylland;2022-07-01;1;6439;
1084;Hovedstaden;2022-07-01;2;6441;
1085;Sjælland;2022-07-02;2;6443;
1081;Nordjylland;2022-07-02;1;6444;
1084;Hovedstaden;2022-07-02;2;6446;
1083;Syddanmark;2022-07-03;3;6449;
1085;Sjælland;2022-07-03;0;6449;
1081;Nordjylland;2022-07-03;2;6451;
1084;Hovedstaden;2022-07-03;4;6455;
1083;Syddanmark;2022-07-04;0;6455;
1082;Midtjylland;2022-07-04;2;6457;
1084;Hovedstaden;2022-07-04;2;6459;
1083;Syddanmark;2022-07-05;2;6461;
1085;Sjælland;2022-07-05;1;6462;
1082;Midtjylland;2022-07-05;1;6463;
1084;Hovedstaden;2022-07-05;1;6464;
1083;Syddanmark;2022-07-06;1;6465;
1085;Sjælland;2022-07-06;3;6468;
1084;Hovedstaden;2022-07-06;2;6470;
1083;Syddanmark;2022-07-07;1;6471;
1081;Nordjylland;2022-07-07;1;6472;
1082;Midtjylland;2022-07-07;0;6472;
1084;Hovedstaden;2022-07-07;2;6474;
1083;Syddanmark;2022-07-08;3;6477;
1085;Sjælland;2022-07-08;1;6478;
1082;Midtjylland;2022-07-08;2;6480;
1084;Hovedstaden;2022-07-08;3;6483;
1083;Syddanmark;2022-07-09;2;6485;
1085;Sjælland;2022-07-09;1;6486;
1082;Midtjylland;2022-07-09;1;6487;
1084;Hovedstaden;2022-07-09;1;6488;
1083;Syddanmark;2022-07-10;1;6489;
1082;Midtjylland;2022-07-10;1;6490;
1084;Hovedstaden;2022-07-10;2;6492;
1083;Syddanmark;2022-07-11;2;6494;
1085;Sjælland;2022-07-11;1;6495;
1083;Syddanmark;2022-07-12;1;6496;
1081;Nordjylland;2022-07-12;2;6498;
1084;Hovedstaden;2022-07-12;1;6499;
1083;Syddanmark;2022-07-13;1;6500;
1085;Sjælland;2022-07-13;2;6502;
1081;Nordjylland;2022-07-13;0;6502;
1082;Midtjylland;2022-07-13;1;6503;
1084;Hovedstaden;2022-07-13;5;6508;
1083;Syddanmark;2022-07-14;3;6511;
1085;Sjælland;2022-07-14;1;6512;
1082;Midtjylland;2022-07-14;1;6513;
1084;Hovedstaden;2022-07-14;2;6515;
1083;Syddanmark;2022-07-15;2;6517;
1085;Sjælland;2022-07-15;1;6518;
1083;Syddanmark;2022-07-16;2;6520;
1084;Hovedstaden;2022-07-16;1;6521;
1083;Syddanmark;2022-07-17;0;6521;
1085;Sjælland;2022-07-17;1;6522;
1082;Midtjylland;2022-07-17;1;6523;
1084;Hovedstaden;2022-07-17;3;6526;
1083;Syddanmark;2022-07-18;1;6527;
1081;Nordjylland;2022-07-18;1;6528;
1084;Hovedstaden;2022-07-18;1;6529;
1083;Syddanmark;2022-07-19;4;6533;
1081;Nordjylland;2022-07-19;1;6534;
1082;Midtjylland;2022-07-19;1;6535;
1084;Hovedstaden;2022-07-19;4;6539;
1083;Syddanmark;2022-07-20;1;6540;
1085;Sjælland;2022-07-20;1;6541;
1082;Midtjylland;2022-07-20;1;6542;
1084;Hovedstaden;2022-07-20;4;6546;
1083;Syddanmark;2022-07-21;2;6548;
1085;Sjælland;2022-07-21;1;6549;
1082;Midtjylland;2022-07-21;1;6550;
1084;Hovedstaden;2022-07-21;3;6553;
1083;Syddanmark;2022-07-22;1;6554;
1085;Sjælland;2022-07-22;1;6555;
1081;Nordjylland;2022-07-22;1;6556;
1082;Midtjylland;2022-07-22;1;6557;
1084;Hovedstaden;2022-07-22;3;6560;
1083;Syddanmark;2022-07-23;3;6563;
1081;Nordjylland;2022-07-23;1;6564;
1082;Midtjylland;2022-07-23;2;6566;
1084;Hovedstaden;2022-07-23;3;6569;
1083;Syddanmark;2022-07-24;1;6570;
1085;Sjælland;2022-07-24;1;6571;
1081;Nordjylland;2022-07-24;1;6572;
1082;Midtjylland;2022-07-24;2;6574;
1084;Hovedstaden;2022-07-24;2;6576;
1083;Syddanmark;2022-07-25;2;6578;
1085;Sjælland;2022-07-25;3;6581;
1082;Midtjylland;2022-07-25;0;6581;
1084;Hovedstaden;2022-07-25;4;6585;
1083;Syddanmark;2022-07-26;1;6586;
1085;Sjælland;2022-07-26;1;6587;
1084;Hovedstaden;2022-07-26;1;6588;
1083;Syddanmark;2022-07-27;2;6590;
1085;Sjælland;2022-07-27;2;6592;
1081;Nordjylland;2022-07-27;2;6594;
1082;Midtjylland;2022-07-27;1;6595;
1084;Hovedstaden;2022-07-27;1;6596;
1083;Syddanmark;2022-07-28;5;6601;
1085;Sjælland;2022-07-28;1;6602;
1081;Nordjylland;2022-07-28;2;6604;
1082;Midtjylland;2022-07-28;1;6605;
1084;Hovedstaden;2022-07-28;1;6606;
1083;Syddanmark;2022-07-29;1;6607;
1081;Nordjylland;2022-07-29;1;6608;
1082;Midtjylland;2022-07-29;1;6609;
1084;Hovedstaden;2022-07-29;4;6613;
1083;Syddanmark;2022-07-30;3;6616;
1085;Sjælland;2022-07-30;0;6616;
1081;Nordjylland;2022-07-30;2;6618;
1082;Midtjylland;2022-07-30;1;6619;
1084;Hovedstaden;2022-07-30;6;6625;
1083;Syddanmark;2022-07-31;5;6630;
1085;Sjælland;2022-07-31;1;6631;
1081;Nordjylland;2022-07-31;1;6632;
1082;Midtjylland;2022-07-31;3;6635;
1084;Hovedstaden;2022-07-31;3;6638;
1083;Syddanmark;2022-08-01;1;6639;
1085;Sjælland;2022-08-01;1;6640;
1081;Nordjylland;2022-08-01;1;6641;
1084;Hovedstaden;2022-08-01;5;6646;
1083;Syddanmark;2022-08-02;3;6649;
1082;Midtjylland;2022-08-02;2;6651;
1084;Hovedstaden;2022-08-02;3;6654;
1083;Syddanmark;2022-08-03;1;6655;
1085;Sjælland;2022-08-03;0;6655;
1081;Nordjylland;2022-08-03;4;6659;
1082;Midtjylland;2022-08-03;2;6661;
1084;Hovedstaden;2022-08-03;8;6669;
1083;Syddanmark;2022-08-04;4;6673;
1085;Sjælland;2022-08-04;6;6679;
1081;Nordjylland;2022-08-04;2;6681;
1082;Midtjylland;2022-08-04;3;6684;
1084;Hovedstaden;2022-08-04;2;6686;
1083;Syddanmark;2022-08-05;4;6690;
1081;Nordjylland;2022-08-05;0;6690;
1084;Hovedstaden;2022-08-05;6;6696;
1083;Syddanmark;2022-08-06;2;6698;
1082;Midtjylland;2022-08-06;4;6702;
1084;Hovedstaden;2022-08-06;4;6706;
1083;Syddanmark;2022-08-07;3;6709;
1085;Sjælland;2022-08-07;3;6712;
1082;Midtjylland;2022-08-07;3;6715;
1084;Hovedstaden;2022-08-07;3;6718;
1083;Syddanmark;2022-08-08;3;6721;
1081;Nordjylland;2022-08-08;1;6722;
1084;Hovedstaden;2022-08-08;2;6724;
1083;Syddanmark;2022-08-09;2;6726;
1085;Sjælland;2022-08-09;3;6729;
1081;Nordjylland;2022-08-09;1;6730;
1082;Midtjylland;2022-08-09;2;6732;
1084;Hovedstaden;2022-08-09;6;6738;
1083;Syddanmark;2022-08-10;0;6738;
1085;Sjælland;2022-08-10;1;6739;
1081;Nordjylland;2022-08-10;3;6742;
1084;Hovedstaden;2022-08-10;4;6746;
1083;Syddanmark;2022-08-11;4;6750;
1081;Nordjylland;2022-08-11;1;6751;
1082;Midtjylland;2022-08-11;1;6752;
1084;Hovedstaden;2022-08-11;4;6756;
1083;Syddanmark;2022-08-12;1;6757;
1085;Sjælland;2022-08-12;1;6758;
1081;Nordjylland;2022-08-12;0;6758;
1082;Midtjylland;2022-08-12;3;6761;
1084;Hovedstaden;2022-08-12;2;6763;
1085;Sjælland;2022-08-13;3;6766;
1081;Nordjylland;2022-08-13;1;6767;
1082;Midtjylland;2022-08-13;2;6769;
1084;Hovedstaden;2022-08-13;1;6770;
1083;Syddanmark;2022-08-14;3;6773;
1085;Sjælland;2022-08-14;7;6780;
1081;Nordjylland;2022-08-14;1;6781;
1082;Midtjylland;2022-08-14;1;6782;
1084;Hovedstaden;2022-08-14;1;6783;
1083;Syddanmark;2022-08-15;2;6785;
1081;Nordjylland;2022-08-15;2;6787;
1082;Midtjylland;2022-08-15;3;6790;
1084;Hovedstaden;2022-08-15;2;6792;
1083;Syddanmark;2022-08-16;1;6793;
1085;Sjælland;2022-08-16;0;6793;
1081;Nordjylland;2022-08-16;0;6793;
1082;Midtjylland;2022-08-16;2;6795;
1084;Hovedstaden;2022-08-16;1;6796;
1083;Syddanmark;2022-08-17;0;6796;
1085;Sjælland;2022-08-17;0;6796;
1081;Nordjylland;2022-08-17;1;6797;
1084;Hovedstaden;2022-08-17;2;6799;
1083;Syddanmark;2022-08-18;3;6802;
1085;Sjælland;2022-08-18;1;6803;
1081;Nordjylland;2022-08-18;0;6803;
1082;Midtjylland;2022-08-18;1;6804;
1084;Hovedstaden;2022-08-18;4;6808;
1083;Syddanmark;2022-08-19;1;6809;
1085;Sjælland;2022-08-19;1;6810;
1082;Midtjylland;2022-08-19;1;6811;
1084;Hovedstaden;2022-08-19;4;6815;
1083;Syddanmark;2022-08-20;4;6819;
1082;Midtjylland;2022-08-20;2;6821;
1084;Hovedstaden;2022-08-20;3;6824;
1085;Sjælland;2022-08-21;2;6826;
1084;Hovedstaden;2022-08-21;3;6829;
1083;Syddanmark;2022-08-22;2;6831;
1085;Sjælland;2022-08-22;2;6833;
1081;Nordjylland;2022-08-22;2;6835;
1084;Hovedstaden;2022-08-22;1;6836;
1083;Syddanmark;2022-08-23;2;6838;
1085;Sjælland;2022-08-23;3;6841;
1081;Nordjylland;2022-08-23;1;6842;
1082;Midtjylland;2022-08-23;3;6845;
1083;Syddanmark;2022-08-24;1;6846;
1084;Hovedstaden;2022-08-24;3;6849;
1083;Syddanmark;2022-08-25;2;6851;
1085;Sjælland;2022-08-25;0;6851;
1082;Midtjylland;2022-08-25;1;6852;
1084;Hovedstaden;2022-08-25;3;6855;
1083;Syddanmark;2022-08-26;3;6858;
1085;Sjælland;2022-08-26;1;6859;
1081;Nordjylland;2022-08-26;1;6860;
1084;Hovedstaden;2022-08-26;4;6864;
1083;Syddanmark;2022-08-27;1;6865;
1081;Nordjylland;2022-08-27;0;6865;
1082;Midtjylland;2022-08-27;2;6867;
1084;Hovedstaden;2022-08-27;1;6868;
1083;Syddanmark;2022-08-28;0;6868;
1081;Nordjylland;2022-08-28;1;6869;
1082;Midtjylland;2022-08-28;3;6872;
1084;Hovedstaden;2022-08-28;2;6874;
1083;Syddanmark;2022-08-29;4;6878;
1082;Midtjylland;2022-08-29;2;6880;
1084;Hovedstaden;2022-08-29;3;6883;
1085;Sjælland;2022-08-30;1;6884;
1082;Midtjylland;2022-08-30;2;6886;
1084;Hovedstaden;2022-08-30;3;6889;
1083;Syddanmark;2022-08-31;4;6893;
1085;Sjælland;2022-08-31;1;6894;
1082;Midtjylland;2022-08-31;1;6895;
1084;Hovedstaden;2022-08-31;1;6896;
1083;Syddanmark;2022-09-01;1;6897;
1085;Sjælland;2022-09-01;1;6898;
1081;Nordjylland;2022-09-01;0;6898;
1082;Midtjylland;2022-09-01;0;6898;
1084;Hovedstaden;2022-09-01;0;6898;
1083;Syddanmark;2022-09-02;2;6900;
1085;Sjælland;2022-09-02;1;6901;
1081;Nordjylland;2022-09-02;0;6901;
1082;Midtjylland;2022-09-02;2;6903;
1084;Hovedstaden;2022-09-02;2;6905;
1083;Syddanmark;2022-09-03;1;6906;
1085;Sjælland;2022-09-03;1;6907;
1081;Nordjylland;2022-09-03;2;6909;
1082;Midtjylland;2022-09-03;1;6910;
1084;Hovedstaden;2022-09-03;1;6911;
1083;Syddanmark;2022-09-04;1;6912;
1085;Sjælland;2022-09-04;5;6917;
1081;Nordjylland;2022-09-04;0;6917;
1082;Midtjylland;2022-09-04;0;6917;
1084;Hovedstaden;2022-09-04;0;6917;
1083;Syddanmark;2022-09-05;2;6919;
1085;Sjælland;2022-09-05;0;6919;
1082;Midtjylland;2022-09-05;1;6920;
1084;Hovedstaden;2022-09-05;1;6921;
1081;Nordjylland;2022-09-06;2;6923;
1082;Midtjylland;2022-09-06;1;6924;
1084;Hovedstaden;2022-09-06;0;6924;
1085;Sjælland;2022-09-07;0;6924;
1082;Midtjylland;2022-09-07;1;6925;
1084;Hovedstaden;2022-09-07;0;6925;
1083;Syddanmark;2022-09-08;2;6927;
1085;Sjælland;2022-09-08;1;6928;
1081;Nordjylland;2022-09-08;1;6929;
1082;Midtjylland;2022-09-08;1;6930;
1084;Hovedstaden;2022-09-08;2;6932;
1083;Syddanmark;2022-09-09;0;6932;
1082;Midtjylland;2022-09-09;0;6932;
1084;Hovedstaden;2022-09-09;1;6933;
1083;Syddanmark;2022-09-10;2;6935;
1085;Sjælland;2022-09-10;1;6936;
1081;Nordjylland;2022-09-10;1;6937;
1082;Midtjylland;2022-09-10;0;6937;
1084;Hovedstaden;2022-09-10;2;6939;
1083;Syddanmark;2022-09-11;0;6939;
1085;Sjælland;2022-09-11;2;6941;
1081;Nordjylland;2022-09-11;0;6941;
1082;Midtjylland;2022-09-11;1;6942;
1084;Hovedstaden;2022-09-11;0;6942;
1084;Hovedstaden;2022-09-12;0;6942;
1083;Syddanmark;2022-09-13;2;6944;
1085;Sjælland;2022-09-13;1;6945;
1082;Midtjylland;2022-09-13;1;6946;
1084;Hovedstaden;2022-09-13;2;6948;
1083;Syddanmark;2022-09-14;1;6949;
1085;Sjælland;2022-09-14;1;6950;
1081;Nordjylland;2022-09-14;1;6951;
1082;Midtjylland;2022-09-14;0;6951;
1084;Hovedstaden;2022-09-14;1;6952;
1085;Sjælland;2022-09-15;0;6952;
1084;Hovedstaden;2022-09-15;1;6953;
1085;Sjælland;2022-09-16;0;6953;
1082;Midtjylland;2022-09-16;1;6954;
1084;Hovedstaden;2022-09-16;3;6957;
1081;Nordjylland;2022-09-17;1;6958;
1082;Midtjylland;2022-09-17;2;6960;
1084;Hovedstaden;2022-09-17;2;6962;
1083;Syddanmark;2022-09-18;1;6963;
1085;Sjælland;2022-09-18;0;6963;
1082;Midtjylland;2022-09-18;3;6966;
1084;Hovedstaden;2022-09-18;1;6967;
1083;Syddanmark;2022-09-19;1;6968;
1085;Sjælland;2022-09-19;1;6969;
1084;Hovedstaden;2022-09-19;1;6970;
1083;Syddanmark;2022-09-20;1;6971;
1085;Sjælland;2022-09-20;1;6972;
1081;Nordjylland;2022-09-20;3;6975;
1082;Midtjylland;2022-09-20;1;6976;
1084;Hovedstaden;2022-09-20;2;6978;
1083;Syddanmark;2022-09-21;3;6981;
1085;Sjælland;2022-09-21;2;6983;
1082;Midtjylland;2022-09-21;0;6983;
1084;Hovedstaden;2022-09-21;2;6985;
1083;Syddanmark;2022-09-22;0;6985;
1085;Sjælland;2022-09-22;1;6986;
1082;Midtjylland;2022-09-22;2;6988;
1084;Hovedstaden;2022-09-22;1;6989;
1081;Nordjylland;2022-09-23;0;6989;
1084;Hovedstaden;2022-09-23;3;6992;
1085;Sjælland;2022-09-24;3;6995;
1081;Nordjylland;2022-09-24;2;6997;
1082;Midtjylland;2022-09-24;1;6998;
1084;Hovedstaden;2022-09-24;1;6999;
1083;Syddanmark;2022-09-25;1;7000;
1085;Sjælland;2022-09-25;0;7000;
1082;Midtjylland;2022-09-25;3;7003;
1084;Hovedstaden;2022-09-25;1;7004;
1083;Syddanmark;2022-09-26;2;7006;
1085;Sjælland;2022-09-26;0;7006;
1081;Nordjylland;2022-09-26;1;7007;
1082;Midtjylland;2022-09-26;2;7009;
1084;Hovedstaden;2022-09-26;3;7012;
1083;Syddanmark;2022-09-27;1;7013;
1085;Sjælland;2022-09-27;2;7015;
1081;Nordjylland;2022-09-27;2;7017;
1082;Midtjylland;2022-09-27;0;7017;
1084;Hovedstaden;2022-09-27;4;7021;
1083;Syddanmark;2022-09-28;2;7023;
1085;Sjælland;2022-09-28;2;7025;
1081;Nordjylland;2022-09-28;2;7027;
1084;Hovedstaden;2022-09-28;4;7031;
1083;Syddanmark;2022-09-29;6;7037;
1085;Sjælland;2022-09-29;0;7037;
1084;Hovedstaden;2022-09-29;2;7039;
1085;Sjælland;2022-09-30;1;7040;
1081;Nordjylland;2022-09-30;0;7040;
1082;Midtjylland;2022-09-30;1;7041;
1084;Hovedstaden;2022-09-30;0;7041;
1083;Syddanmark;2022-10-01;1;7042;
1081;Nordjylland;2022-10-01;3;7045;
1082;Midtjylland;2022-10-01;1;7046;
1084;Hovedstaden;2022-10-01;2;7048;
1083;Syddanmark;2022-10-02;1;7049;
1085;Sjælland;2022-10-02;0;7049;
1081;Nordjylland;2022-10-02;1;7050;
1082;Midtjylland;2022-10-02;2;7052;
1083;Syddanmark;2022-10-03;2;7054;
1085;Sjælland;2022-10-03;1;7055;
1081;Nordjylland;2022-10-03;2;7057;
1082;Midtjylland;2022-10-03;1;7058;
1084;Hovedstaden;2022-10-03;1;7059;
1083;Syddanmark;2022-10-04;3;7062;
1082;Midtjylland;2022-10-04;1;7063;
1084;Hovedstaden;2022-10-04;2;7065;
1083;Syddanmark;2022-10-05;4;7069;
1085;Sjælland;2022-10-05;3;7072;
1081;Nordjylland;2022-10-05;3;7075;
1082;Midtjylland;2022-10-05;2;7077;
1084;Hovedstaden;2022-10-05;1;7078;
1085;Sjælland;2022-10-06;1;7079;
1081;Nordjylland;2022-10-06;1;7080;
1082;Midtjylland;2022-10-06;1;7081;
1084;Hovedstaden;2022-10-06;2;7083;
1083;Syddanmark;2022-10-07;2;7085;
1085;Sjælland;2022-10-07;1;7086;
1081;Nordjylland;2022-10-07;0;7086;
1084;Hovedstaden;2022-10-07;4;7090;
1083;Syddanmark;2022-10-08;4;7094;
1081;Nordjylland;2022-10-08;1;7095;
1082;Midtjylland;2022-10-08;1;7096;
1084;Hovedstaden;2022-10-08;2;7098;
1083;Syddanmark;2022-10-09;2;7100;
1085;Sjælland;2022-10-09;2;7102;
1081;Nordjylland;2022-10-09;3;7105;
1083;Syddanmark;2022-10-10;2;7107;
1085;Sjælland;2022-10-10;2;7109;
1081;Nordjylland;2022-10-10;2;7111;
1084;Hovedstaden;2022-10-10;0;7111;
1083;Syddanmark;2022-10-11;1;7112;
1085;Sjælland;2022-10-11;3;7115;
1081;Nordjylland;2022-10-11;1;7116;
1082;Midtjylland;2022-10-11;3;7119;
1084;Hovedstaden;2022-10-11;0;7119;
1083;Syddanmark;2022-10-12;1;7120;
1085;Sjælland;2022-10-12;2;7122;
1081;Nordjylland;2022-10-12;0;7122;
1082;Midtjylland;2022-10-12;1;7123;
1084;Hovedstaden;2022-10-12;2;7125;
1083;Syddanmark;2022-10-13;3;7128;
1085;Sjælland;2022-10-13;4;7132;
1081;Nordjylland;2022-10-13;2;7134;
1084;Hovedstaden;2022-10-13;2;7136;
1083;Syddanmark;2022-10-14;3;7139;
1085;Sjælland;2022-10-14;1;7140;
1082;Midtjylland;2022-10-14;3;7143;
1083;Syddanmark;2022-10-15;2;7145;
1085;Sjælland;2022-10-15;4;7149;
1082;Midtjylland;2022-10-15;1;7150;
1084;Hovedstaden;2022-10-15;1;7151;
1083;Syddanmark;2022-10-16;1;7152;
1085;Sjælland;2022-10-16;2;7154;
1081;Nordjylland;2022-10-16;2;7156;
1082;Midtjylland;2022-10-16;1;7157;
1084;Hovedstaden;2022-10-16;2;7159;
1083;Syddanmark;2022-10-17;5;7164;
1085;Sjælland;2022-10-17;3;7167;
1081;Nordjylland;2022-10-17;2;7169;
1082;Midtjylland;2022-10-17;2;7171;
1084;Hovedstaden;2022-10-17;4;7175;
1083;Syddanmark;2022-10-18;1;7176;
1085;Sjælland;2022-10-18;1;7177;
1081;Nordjylland;2022-10-18;3;7180;
1082;Midtjylland;2022-10-18;1;7181;
1084;Hovedstaden;2022-10-18;2;7183;
1083;Syddanmark;2022-10-19;1;7184;
1085;Sjælland;2022-10-19;3;7187;
1082;Midtjylland;2022-10-19;1;7188;
1084;Hovedstaden;2022-10-19;6;7194;
1083;Syddanmark;2022-10-20;8;7202;
1085;Sjælland;2022-10-20;1;7203;
1081;Nordjylland;2022-10-20;1;7204;
1082;Midtjylland;2022-10-20;1;7205;
1084;Hovedstaden;2022-10-20;3;7208;
1083;Syddanmark;2022-10-21;4;7212;
1085;Sjælland;2022-10-21;3;7215;
1081;Nordjylland;2022-10-21;6;7221;
1082;Midtjylland;2022-10-21;1;7222;
1084;Hovedstaden;2022-10-21;3;7225;
1083;Syddanmark;2022-10-22;4;7229;
1085;Sjælland;2022-10-22;3;7232;
1081;Nordjylland;2022-10-22;1;7233;
1082;Midtjylland;2022-10-22;1;7234;
1084;Hovedstaden;2022-10-22;3;7237;
1083;Syddanmark;2022-10-23;2;7239;
1085;Sjælland;2022-10-23;3;7242;
1081;Nordjylland;2022-10-23;1;7243;
1082;Midtjylland;2022-10-23;2;7245;
1084;Hovedstaden;2022-10-23;2;7247;
1083;Syddanmark;2022-10-24;0;7247;
1085;Sjælland;2022-10-24;2;7249;
1081;Nordjylland;2022-10-24;1;7250;
1084;Hovedstaden;2022-10-24;3;7253;
1083;Syddanmark;2022-10-25;4;7257;
1085;Sjælland;2022-10-25;1;7258;
1081;Nordjylland;2022-10-25;2;7260;
1082;Midtjylland;2022-10-25;1;7261;
1084;Hovedstaden;2022-10-25;2;7263;
1083;Syddanmark;2022-10-26;1;7264;
1085;Sjælland;2022-10-26;6;7270;
1081;Nordjylland;2022-10-26;2;7272;
1082;Midtjylland;2022-10-26;1;7273;
1084;Hovedstaden;2022-10-26;4;7277;
1083;Syddanmark;2022-10-27;2;7279;
1085;Sjælland;2022-10-27;1;7280;
1081;Nordjylland;2022-10-27;1;7281;
1082;Midtjylland;2022-10-27;1;7282;
1084;Hovedstaden;2022-10-27;4;7286;
1083;Syddanmark;2022-10-28;2;7288;
1085;Sjælland;2022-10-28;0;7288;
1081;Nordjylland;2022-10-28;1;7289;
1082;Midtjylland;2022-10-28;1;7290;
1084;Hovedstaden;2022-10-28;1;7291;
1083;Syddanmark;2022-10-29;1;7292;
1085;Sjælland;2022-10-29;1;7293;
1081;Nordjylland;2022-10-29;1;7294;
1082;Midtjylland;2022-10-29;2;7296;
1084;Hovedstaden;2022-10-29;2;7298;
1083;Syddanmark;2022-10-30;2;7300;
1085;Sjælland;2022-10-30;3;7303;
1081;Nordjylland;2022-10-30;1;7304;
1082;Midtjylland;2022-10-30;1;7305;
1084;Hovedstaden;2022-10-30;5;7310;
1083;Syddanmark;2022-10-31;2;7312;
1084;Hovedstaden;2022-10-31;1;7313;
1083;Syddanmark;2022-11-01;3;7316;
1085;Sjælland;2022-11-01;3;7319;
1081;Nordjylland;2022-11-01;1;7320;
1082;Midtjylland;2022-11-01;1;7321;
1084;Hovedstaden;2022-11-01;4;7325;
1083;Syddanmark;2022-11-02;3;7328;
1085;Sjælland;2022-11-02;1;7329;
1081;Nordjylland;2022-11-02;1;7330;
1082;Midtjylland;2022-11-02;1;7331;
1084;Hovedstaden;2022-11-02;3;7334;
1083;Syddanmark;2022-11-03;3;7337;
1085;Sjælland;2022-11-03;2;7339;
1081;Nordjylland;2022-11-03;0;7339;
1082;Midtjylland;2022-11-03;2;7341;
1084;Hovedstaden;2022-11-03;3;7344;
1083;Syddanmark;2022-11-04;4;7348;
1085;Sjælland;2022-11-04;3;7351;
1081;Nordjylland;2022-11-04;2;7353;
1082;Midtjylland;2022-11-04;1;7354;
1084;Hovedstaden;2022-11-04;3;7357;
1083;Syddanmark;2022-11-05;3;7360;
1085;Sjælland;2022-11-05;1;7361;
1081;Nordjylland;2022-11-05;1;7362;
1082;Midtjylland;2022-11-05;1;7363;
1084;Hovedstaden;2022-11-05;1;7364;
1083;Syddanmark;2022-11-06;2;7366;
1085;Sjælland;2022-11-06;2;7368;
1081;Nordjylland;2022-11-06;1;7369;
1084;Hovedstaden;2022-11-06;2;7371;
1083;Syddanmark;2022-11-07;1;7372;
1085;Sjælland;2022-11-07;3;7375;
1082;Midtjylland;2022-11-07;1;7376;
1084;Hovedstaden;2022-11-07;2;7378;
1085;Sjælland;2022-11-08;0;7378;
1081;Nordjylland;2022-11-08;2;7380;
1082;Midtjylland;2022-11-08;2;7382;
1084;Hovedstaden;2022-11-08;2;7384;
1085;Sjælland;2022-11-09;1;7385;
1081;Nordjylland;2022-11-09;0;7385;
1082;Midtjylland;2022-11-09;2;7387;
1084;Hovedstaden;2022-11-09;0;7387;
1083;Syddanmark;2022-11-10;3;7390;
1085;Sjælland;2022-11-10;1;7391;
1081;Nordjylland;2022-11-10;3;7394;
1082;Midtjylland;2022-11-10;1;7395;
1084;Hovedstaden;2022-11-10;3;7398;
1083;Syddanmark;2022-11-11;1;7399;
1081;Nordjylland;2022-11-11;1;7400;
1082;Midtjylland;2022-11-11;0;7400;
1084;Hovedstaden;2022-11-11;1;7401;
1083;Syddanmark;2022-11-12;1;7402;
1081;Nordjylland;2022-11-12;2;7404;
1082;Midtjylland;2022-11-12;1;7405;
1084;Hovedstaden;2022-11-12;3;7408;
1083;Syddanmark;2022-11-13;0;7408;
1081;Nordjylland;2022-11-13;1;7409;
1082;Midtjylland;2022-11-13;0;7409;
1084;Hovedstaden;2022-11-13;1;7410;
1085;Sjælland;2022-11-14;2;7412;
1081;Nordjylland;2022-11-14;3;7415;
1082;Midtjylland;2022-11-14;1;7416;
1084;Hovedstaden;2022-11-14;6;7422;
1083;Syddanmark;2022-11-15;0;7422;
1085;Sjælland;2022-11-15;1;7423;
1081;Nordjylland;2022-11-15;1;7424;
1083;Syddanmark;2022-11-16;1;7425;
1081;Nordjylland;2022-11-16;0;7425;
1082;Midtjylland;2022-11-16;0;7425;
1084;Hovedstaden;2022-11-16;2;7427;
1085;Sjælland;2022-11-17;1;7428;
1082;Midtjylland;2022-11-17;2;7430;
1084;Hovedstaden;2022-11-17;2;7432;
1083;Syddanmark;2022-11-18;1;7433;
1085;Sjælland;2022-11-18;2;7435;
1082;Midtjylland;2022-11-18;1;7436;
1084;Hovedstaden;2022-11-18;3;7439;
1083;Syddanmark;2022-11-19;2;7441;
1085;Sjælland;2022-11-19;2;7443;
1084;Hovedstaden;2022-11-19;2;7445;
1083;Syddanmark;2022-11-20;0;7445;
1085;Sjælland;2022-11-20;1;7446;
1081;Nordjylland;2022-11-20;1;7447;
1082;Midtjylland;2022-11-20;2;7449;
1084;Hovedstaden;2022-11-20;1;7450;
1083;Syddanmark;2022-11-21;1;7451;
1081;Nordjylland;2022-11-21;0;7451;
1082;Midtjylland;2022-11-21;1;7452;
1084;Hovedstaden;2022-11-21;1;7453;
1085;Sjælland;2022-11-22;2;7455;
1081;Nordjylland;2022-11-22;1;7456;
1082;Midtjylland;2022-11-22;0;7456;
1084;Hovedstaden;2022-11-22;1;7457;
1083;Syddanmark;2022-11-23;1;7458;
1085;Sjælland;2022-11-23;1;7459;
1081;Nordjylland;2022-11-23;0;7459;
1084;Hovedstaden;2022-11-23;3;7462;
1083;Syddanmark;2022-11-24;1;7463;
1085;Sjælland;2022-11-24;0;7463;
1082;Midtjylland;2022-11-24;2;7465;
1084;Hovedstaden;2022-11-24;1;7466;
1083;Syddanmark;2022-11-25;1;7467;
1085;Sjælland;2022-11-25;2;7469;
1081;Nordjylland;2022-11-25;0;7469;
1084;Hovedstaden;2022-11-25;2;7471;
1083;Syddanmark;2022-11-26;0;7471;
1084;Hovedstaden;2022-11-26;2;7473;
1083;Syddanmark;2022-11-27;0;7473;
1081;Nordjylland;2022-11-27;3;7476;
1082;Midtjylland;2022-11-27;2;7478;
1084;Hovedstaden;2022-11-27;2;7480;
1085;Sjælland;2022-11-28;0;7480;
1082;Midtjylland;2022-11-28;1;7481;
1084;Hovedstaden;2022-11-28;2;7483;
1083;Syddanmark;2022-11-29;0;7483;
1085;Sjælland;2022-11-29;0;7483;
1081;Nordjylland;2022-11-29;1;7484;
1084;Hovedstaden;2022-11-29;2;7486;
1083;Syddanmark;2022-11-30;0;7486;
1085;Sjælland;2022-11-30;1;7487;
1082;Midtjylland;2022-11-30;2;7489;
1084;Hovedstaden;2022-11-30;2;7491;
1083;Syddanmark;2022-12-01;0;7491;
1085;Sjælland;2022-12-01;1;7492;
1081;Nordjylland;2022-12-01;1;7493;
1082;Midtjylland;2022-12-01;0;7493;
1084;Hovedstaden;2022-12-01;2;7495;
1084;Hovedstaden;2022-12-02;1;7496;
1083;Syddanmark;2022-12-03;3;7499;
1085;Sjælland;2022-12-03;1;7500;
1081;Nordjylland;2022-12-03;1;7501;
1082;Midtjylland;2022-12-03;1;7502;
1084;Hovedstaden;2022-12-03;2;7504;
1083;Syddanmark;2022-12-04;1;7505;
1081;Nordjylland;2022-12-04;1;7506;
1084;Hovedstaden;2022-12-04;3;7509;
1083;Syddanmark;2022-12-05;4;7513;
1085;Sjælland;2022-12-05;1;7514;
1084;Hovedstaden;2022-12-05;1;7515;
1083;Syddanmark;2022-12-06;3;7518;
1085;Sjælland;2022-12-06;0;7518;
1081;Nordjylland;2022-12-06;1;7519;
1084;Hovedstaden;2022-12-06;6;7525;
1083;Syddanmark;2022-12-07;1;7526;
1085;Sjælland;2022-12-07;1;7527;
1082;Midtjylland;2022-12-07;2;7529;
1084;Hovedstaden;2022-12-07;1;7530;
1083;Syddanmark;2022-12-08;3;7533;
1085;Sjælland;2022-12-08;0;7533;
1081;Nordjylland;2022-12-08;1;7534;
1082;Midtjylland;2022-12-08;1;7535;
1084;Hovedstaden;2022-12-08;0;7535;
1083;Syddanmark;2022-12-09;6;7541;
1081;Nordjylland;2022-12-09;1;7542;
1082;Midtjylland;2022-12-09;2;7544;
1084;Hovedstaden;2022-12-09;3;7547;
1085;Sjælland;2022-12-10;0;7547;
1082;Midtjylland;2022-12-10;1;7548;
1084;Hovedstaden;2022-12-10;1;7549;
1081;Nordjylland;2022-12-11;1;7550;
1082;Midtjylland;2022-12-11;2;7552;
1084;Hovedstaden;2022-12-11;3;7555;
1083;Syddanmark;2022-12-12;4;7559;
1085;Sjælland;2022-12-12;0;7559;
1082;Midtjylland;2022-12-12;1;7560;
1084;Hovedstaden;2022-12-12;5;7565;
1083;Syddanmark;2022-12-13;1;7566;
1085;Sjælland;2022-12-13;1;7567;
1081;Nordjylland;2022-12-13;2;7569;
1082;Midtjylland;2022-12-13;2;7571;
1084;Hovedstaden;2022-12-13;2;7573;
1083;Syddanmark;2022-12-14;1;7574;
1085;Sjælland;2022-12-14;0;7574;
1082;Midtjylland;2022-12-14;2;7576;
1084;Hovedstaden;2022-12-14;5;7581;
1083;Syddanmark;2022-12-15;2;7583;
1085;Sjælland;2022-12-15;1;7584;
1081;Nordjylland;2022-12-15;1;7585;
1084;Hovedstaden;2022-12-15;5;7590;
1083;Syddanmark;2022-12-16;1;7591;
1085;Sjælland;2022-12-16;0;7591;
1081;Nordjylland;2022-12-16;0;7591;
1082;Midtjylland;2022-12-16;3;7594;
1084;Hovedstaden;2022-12-16;4;7598;
1083;Syddanmark;2022-12-17;1;7599;
1085;Sjælland;2022-12-17;1;7600;
1081;Nordjylland;2022-12-17;1;7601;
1084;Hovedstaden;2022-12-17;5;7606;
1083;Syddanmark;2022-12-18;2;7608;
1085;Sjælland;2022-12-18;1;7609;
1081;Nordjylland;2022-12-18;2;7611;
1082;Midtjylland;2022-12-18;4;7615;
1084;Hovedstaden;2022-12-18;5;7620;
1083;Syddanmark;2022-12-19;0;7620;
1085;Sjælland;2022-12-19;4;7624;
1081;Nordjylland;2022-12-19;1;7625;
1082;Midtjylland;2022-12-19;1;7626;
1084;Hovedstaden;2022-12-19;3;7629;
1083;Syddanmark;2022-12-20;1;7630;
1081;Nordjylland;2022-12-20;1;7631;
1082;Midtjylland;2022-12-20;1;7632;
1084;Hovedstaden;2022-12-20;7;7639;
1083;Syddanmark;2022-12-21;2;7641;
1085;Sjælland;2022-12-21;1;7642;
1081;Nordjylland;2022-12-21;1;7643;
1084;Hovedstaden;2022-12-21;7;7650;
1083;Syddanmark;2022-12-22;2;7652;
1085;Sjælland;2022-12-22;3;7655;
1081;Nordjylland;2022-12-22;2;7657;
1082;Midtjylland;2022-12-22;2;7659;
1084;Hovedstaden;2022-12-22;5;7664;
1083;Syddanmark;2022-12-23;3;7667;
1085;Sjælland;2022-12-23;1;7668;
1082;Midtjylland;2022-12-23;2;7670;
1084;Hovedstaden;2022-12-23;4;7674;
1083;Syddanmark;2022-12-24;1;7675;
1085;Sjælland;2022-12-24;0;7675;
1081;Nordjylland;2022-12-24;1;7676;
1082;Midtjylland;2022-12-24;4;7680;
1084;Hovedstaden;2022-12-24;3;7683;
1083;Syddanmark;2022-12-25;2;7685;
1085;Sjælland;2022-12-25;3;7688;
1082;Midtjylland;2022-12-25;5;7693;
1084;Hovedstaden;2022-12-25;3;7696;
1083;Syddanmark;2022-12-26;5;7701;
1081;Nordjylland;2022-12-26;2;7703;
1082;Midtjylland;2022-12-26;1;7704;
1084;Hovedstaden;2022-12-26;4;7708;
1083;Syddanmark;2022-12-27;2;7710;
1085;Sjælland;2022-12-27;0;7710;
1081;Nordjylland;2022-12-27;1;7711;
1082;Midtjylland;2022-12-27;1;7712;
1084;Hovedstaden;2022-12-27;1;7713;
1083;Syddanmark;2022-12-28;2;7715;
1085;Sjælland;2022-12-28;3;7718;
1081;Nordjylland;2022-12-28;5;7723;
1082;Midtjylland;2022-12-28;3;7726;
1084;Hovedstaden;2022-12-28;4;7730;
1083;Syddanmark;2022-12-29;1;7731;
1085;Sjælland;2022-12-29;1;7732;
1081;Nordjylland;2022-12-29;2;7734;
1082;Midtjylland;2022-12-29;1;7735;
1084;Hovedstaden;2022-12-29;5;7740;
1083;Syddanmark;2022-12-30;6;7746;
1085;Sjælland;2022-12-30;1;7747;
1081;Nordjylland;2022-12-30;1;7748;
1082;Midtjylland;2022-12-30;2;7750;
1084;Hovedstaden;2022-12-30;2;7752;
1083;Syddanmark;2022-12-31;5;7757;
1085;Sjælland;2022-12-31;5;7762;
1081;Nordjylland;2022-12-31;2;7764;
1082;Midtjylland;2022-12-31;3;7767;
1084;Hovedstaden;2022-12-31;9;7776;
1083;Syddanmark;2023-01-01;1;7777;
1085;Sjælland;2023-01-01;4;7781;
1081;Nordjylland;2023-01-01;2;7783;
1082;Midtjylland;2023-01-01;1;7784;
1084;Hovedstaden;2023-01-01;8;7792;
1083;Syddanmark;2023-01-02;3;7795;
1081;Nordjylland;2023-01-02;2;7797;
1082;Midtjylland;2023-01-02;4;7801;
1084;Hovedstaden;2023-01-02;6;7807;
1083;Syddanmark;2023-01-03;3;7810;
1085;Sjælland;2023-01-03;6;7816;
1081;Nordjylland;2023-01-03;1;7817;
1082;Midtjylland;2023-01-03;3;7820;
1084;Hovedstaden;2023-01-03;3;7823;
1083;Syddanmark;2023-01-04;4;7827;
1085;Sjælland;2023-01-04;1;7828;
1081;Nordjylland;2023-01-04;1;7829;
1082;Midtjylland;2023-01-04;6;7835;
1084;Hovedstaden;2023-01-04;2;7837;
1083;Syddanmark;2023-01-05;1;7838;
1085;Sjælland;2023-01-05;2;7840;
1082;Midtjylland;2023-01-05;3;7843;
1084;Hovedstaden;2023-01-05;5;7848;
1083;Syddanmark;2023-01-06;3;7851;
1085;Sjælland;2023-01-06;3;7854;
1081;Nordjylland;2023-01-06;1;7855;
1082;Midtjylland;2023-01-06;5;7860;
1084;Hovedstaden;2023-01-06;8;7868;
1083;Syddanmark;2023-01-07;4;7872;
1085;Sjælland;2023-01-07;1;7873;
1081;Nordjylland;2023-01-07;1;7874;
1082;Midtjylland;2023-01-07;3;7877;
1084;Hovedstaden;2023-01-07;4;7881;
1083;Syddanmark;2023-01-08;1;7882;
1085;Sjælland;2023-01-08;3;7885;
1081;Nordjylland;2023-01-08;1;7886;
1082;Midtjylland;2023-01-08;2;7888;
1084;Hovedstaden;2023-01-08;2;7890;
1083;Syddanmark;2023-01-09;4;7894;
1085;Sjælland;2023-01-09;5;7899;
1081;Nordjylland;2023-01-09;2;7901;
1082;Midtjylland;2023-01-09;5;7906;
1084;Hovedstaden;2023-01-09;4;7910;
1083;Syddanmark;2023-01-10;6;7916;
1085;Sjælland;2023-01-10;1;7917;
1081;Nordjylland;2023-01-10;2;7919;
1084;Hovedstaden;2023-01-10;4;7923;
1083;Syddanmark;2023-01-11;1;7924;
1081;Nordjylland;2023-01-11;1;7925;
1082;Midtjylland;2023-01-11;3;7928;
1084;Hovedstaden;2023-01-11;6;7934;
1083;Syddanmark;2023-01-12;3;7937;
1085;Sjælland;2023-01-12;3;7940;
1081;Nordjylland;2023-01-12;3;7943;
1082;Midtjylland;2023-01-12;1;7944;
1084;Hovedstaden;2023-01-12;3;7947;
1083;Syddanmark;2023-01-13;5;7952;
1085;Sjælland;2023-01-13;3;7955;
1081;Nordjylland;2023-01-13;1;7956;
1082;Midtjylland;2023-01-13;2;7958;
1084;Hovedstaden;2023-01-13;3;7961;
1085;Sjælland;2023-01-14;1;7962;
1081;Nordjylland;2023-01-14;2;7964;
1082;Midtjylland;2023-01-14;2;7966;
1084;Hovedstaden;2023-01-14;4;7970;
1083;Syddanmark;2023-01-15;2;7972;
1085;Sjælland;2023-01-15;1;7973;
1081;Nordjylland;2023-01-15;2;7975;
1082;Midtjylland;2023-01-15;1;7976;
1084;Hovedstaden;2023-01-15;5;7981;
1083;Syddanmark;2023-01-16;4;7985;
1085;Sjælland;2023-01-16;1;7986;
1081;Nordjylland;2023-01-16;1;7987;
1082;Midtjylland;2023-01-16;3;7990;
1084;Hovedstaden;2023-01-16;4;7994;
1083;Syddanmark;2023-01-17;1;7995;
1085;Sjælland;2023-01-17;0;7995;
1081;Nordjylland;2023-01-17;1;7996;
1082;Midtjylland;2023-01-17;3;7999;
1084;Hovedstaden;2023-01-17;4;8003;
1083;Syddanmark;2023-01-18;1;8004;
1085;Sjælland;2023-01-18;5;8009;
1082;Midtjylland;2023-01-18;4;8013;
1084;Hovedstaden;2023-01-18;5;8018;
1083;Syddanmark;2023-01-19;1;8019;
1085;Sjælland;2023-01-19;1;8020;
1081;Nordjylland;2023-01-19;2;8022;
1082;Midtjylland;2023-01-19;1;8023;
1084;Hovedstaden;2023-01-19;8;8031;
1083;Syddanmark;2023-01-20;2;8033;
1085;Sjælland;2023-01-20;2;8035;
1081;Nordjylland;2023-01-20;0;8035;
1082;Midtjylland;2023-01-20;0;8035;
1084;Hovedstaden;2023-01-20;4;8039;
1083;Syddanmark;2023-01-21;1;8040;
1085;Sjælland;2023-01-21;1;8041;
1082;Midtjylland;2023-01-21;3;8044;
1084;Hovedstaden;2023-01-21;2;8046;
1083;Syddanmark;2023-01-22;1;8047;
1085;Sjælland;2023-01-22;3;8050;
1081;Nordjylland;2023-01-22;2;8052;
1082;Midtjylland;2023-01-22;2;8054;
1084;Hovedstaden;2023-01-22;1;8055;
1083;Syddanmark;2023-01-23;2;8057;
1085;Sjælland;2023-01-23;0;8057;
1081;Nordjylland;2023-01-23;1;8058;
1082;Midtjylland;2023-01-23;0;8058;
1084;Hovedstaden;2023-01-23;1;8059;
1083;Syddanmark;2023-01-24;2;8061;
1085;Sjælland;2023-01-24;0;8061;
1081;Nordjylland;2023-01-24;2;8063;
1082;Midtjylland;2023-01-24;2;8065;
1084;Hovedstaden;2023-01-24;1;8066;
1083;Syddanmark;2023-01-25;0;8066;
1081;Nordjylland;2023-01-25;0;8066;
1082;Midtjylland;2023-01-25;0;8066;
1084;Hovedstaden;2023-01-25;5;8071;
1083;Syddanmark;2023-01-26;1;8072;
1085;Sjælland;2023-01-26;0;8072;
1081;Nordjylland;2023-01-26;0;8072;
1082;Midtjylland;2023-01-26;1;8073;
1084;Hovedstaden;2023-01-26;2;8075;
1083;Syddanmark;2023-01-27;0;8075;
1085;Sjælland;2023-01-27;3;8078;
1082;Midtjylland;2023-01-27;2;8080;
1084;Hovedstaden;2023-01-27;3;8083;
1083;Syddanmark;2023-01-28;4;8087;
1085;Sjælland;2023-01-28;1;8088;
1081;Nordjylland;2023-01-28;0;8088;
1082;Midtjylland;2023-01-28;1;8089;
1084;Hovedstaden;2023-01-28;2;8091;
1083;Syddanmark;2023-01-29;1;8092;
1085;Sjælland;2023-01-29;0;8092;
1081;Nordjylland;2023-01-29;1;8093;
1082;Midtjylland;2023-01-29;0;8093;
1084;Hovedstaden;2023-01-29;1;8094;
1083;Syddanmark;2023-01-30;3;8097;
1085;Sjælland;2023-01-30;3;8100;
1084;Hovedstaden;2023-01-30;1;8101;
1083;Syddanmark;2023-01-31;2;8103;
1085;Sjælland;2023-01-31;1;8104;
1081;Nordjylland;2023-01-31;2;8106;
1084;Hovedstaden;2023-01-31;1;8107;
1083;Syddanmark;2023-02-01;2;8109;
1081;Nordjylland;2023-02-01;2;8111;
1082;Midtjylland;2023-02-01;2;8113;
1084;Hovedstaden;2023-02-01;2;8115;
1083;Syddanmark;2023-02-02;1;8116;
1085;Sjælland;2023-02-02;0;8116;
1081;Nordjylland;2023-02-02;1;8117;
1084;Hovedstaden;2023-02-02;3;8120;
1083;Syddanmark;2023-02-03;2;8122;
1085;Sjælland;2023-02-03;2;8124;
1081;Nordjylland;2023-02-03;0;8124;
1082;Midtjylland;2023-02-03;1;8125;
1084;Hovedstaden;2023-02-03;2;8127;
1083;Syddanmark;2023-02-04;2;8129;
1085;Sjælland;2023-02-04;0;8129;
1081;Nordjylland;2023-02-04;1;8130;
1082;Midtjylland;2023-02-04;0;8130;
1084;Hovedstaden;2023-02-04;2;8132;
1083;Syddanmark;2023-02-05;0;8132;
1085;Sjælland;2023-02-05;1;8133;
1082;Midtjylland;2023-02-05;1;8134;
1084;Hovedstaden;2023-02-05;1;8135;
1083;Syddanmark;2023-02-06;1;8136;
1085;Sjælland;2023-02-06;0;8136;
1081;Nordjylland;2023-02-06;3;8139;
1082;Midtjylland;2023-02-06;1;8140;
1084;Hovedstaden;2023-02-06;0;8140;
1085;Sjælland;2023-02-07;0;8140;
1081;Nordjylland;2023-02-07;0;8140;
1082;Midtjylland;2023-02-07;1;8141;
1083;Syddanmark;2023-02-08;1;8142;
1081;Nordjylland;2023-02-08;1;8143;
1082;Midtjylland;2023-02-08;0;8143;
1084;Hovedstaden;2023-02-08;0;8143;
1083;Syddanmark;2023-02-09;2;8145;
1081;Nordjylland;2023-02-09;0;8145;
1082;Midtjylland;2023-02-09;0;8145;
1084;Hovedstaden;2023-02-09;1;8146;
1085;Sjælland;2023-02-10;1;8147;
1081;Nordjylland;2023-02-10;0;8147;
1082;Midtjylland;2023-02-10;1;8148;
1084;Hovedstaden;2023-02-10;0;8148;
1083;Syddanmark;2023-02-11;2;8150;
1085;Sjælland;2023-02-11;1;8151;
1081;Nordjylland;2023-02-11;1;8152;
1082;Midtjylland;2023-02-11;0;8152;
1084;Hovedstaden;2023-02-11;4;8156;
1083;Syddanmark;2023-02-12;2;8158;
1085;Sjælland;2023-02-12;1;8159;
1081;Nordjylland;2023-02-12;0;8159;
1084;Hovedstaden;2023-02-12;1;8160;
1083;Syddanmark;2023-02-13;1;8161;
1085;Sjælland;2023-02-13;1;8162;
1081;Nordjylland;2023-02-13;2;8164;
1082;Midtjylland;2023-02-13;0;8164;
1084;Hovedstaden;2023-02-13;2;8166;
1085;Sjælland;2023-02-14;1;8167;
1081;Nordjylland;2023-02-14;1;8168;
1082;Midtjylland;2023-02-14;1;8169;
1083;Syddanmark;2023-02-15;2;8171;
1085;Sjælland;2023-02-15;0;8171;
1081;Nordjylland;2023-02-15;2;8173;
1082;Midtjylland;2023-02-15;0;8173;
1084;Hovedstaden;2023-02-15;4;8177;
1083;Syddanmark;2023-02-16;2;8179;
1085;Sjælland;2023-02-16;0;8179;
1082;Midtjylland;2023-02-16;2;8181;
1084;Hovedstaden;2023-02-16;1;8182;
1083;Syddanmark;2023-02-17;0;8182;
1085;Sjælland;2023-02-17;1;8183;
1082;Midtjylland;2023-02-17;0;8183;
1084;Hovedstaden;2023-02-17;1;8184;
1083;Syddanmark;2023-02-18;2;8186;
1085;Sjælland;2023-02-18;0;8186;
1081;Nordjylland;2023-02-18;1;8187;
1082;Midtjylland;2023-02-18;0;8187;
1084;Hovedstaden;2023-02-18;0;8187;
1082;Midtjylland;2023-02-19;0;8187;
1084;Hovedstaden;2023-02-19;3;8190;
1082;Midtjylland;2023-02-20;1;8191;
1083;Syddanmark;2023-02-21;0;8191;
1084;Hovedstaden;2023-02-21;2;8193;
1083;Syddanmark;2023-02-22;1;8194;
1085;Sjælland;2023-02-22;0;8194;
1081;Nordjylland;2023-02-22;1;8195;
1084;Hovedstaden;2023-02-22;0;8195;
1083;Syddanmark;2023-02-23;2;8197;
1085;Sjælland;2023-02-23;0;8197;
1082;Midtjylland;2023-02-23;1;8198;
1084;Hovedstaden;2023-02-23;1;8199;
1083;Syddanmark;2023-02-24;0;8199;
1085;Sjælland;2023-02-24;1;8200;
1081;Nordjylland;2023-02-24;1;8201;
1082;Midtjylland;2023-02-24;2;8203;
1084;Hovedstaden;2023-02-24;1;8204;
1083;Syddanmark;2023-02-25;3;8207;
1085;Sjælland;2023-02-25;2;8209;
1081;Nordjylland;2023-02-25;1;8210;
1082;Midtjylland;2023-02-25;0;8210;
1084;Hovedstaden;2023-02-25;1;8211;
1083;Syddanmark;2023-02-26;0;8211;
1085;Sjælland;2023-02-26;0;8211;
1082;Midtjylland;2023-02-26;0;8211;
1084;Hovedstaden;2023-02-26;1;8212;
1083;Syddanmark;2023-02-27;0;8212;
1085;Sjælland;2023-02-27;4;8216;
1082;Midtjylland;2023-02-27;0;8216;
1084;Hovedstaden;2023-02-27;3;8219;
1085;Sjælland;2023-02-28;1;8220;
1081;Nordjylland;2023-02-28;1;8221;
1082;Midtjylland;2023-02-28;1;8222;
1084;Hovedstaden;2023-02-28;2;8224;
1085;Sjælland;2023-03-01;1;8225;
1082;Midtjylland;2023-03-01;1;8226;
1084;Hovedstaden;2023-03-01;0;8226;
1084;Hovedstaden;2023-03-02;1;8227;
1083;Syddanmark;2023-03-03;0;8227;
1085;Sjælland;2023-03-03;1;8228;
1084;Hovedstaden;2023-03-03;3;8231;
1083;Syddanmark;2023-03-04;1;8232;
1085;Sjælland;2023-03-04;1;8233;
1084;Hovedstaden;2023-03-04;3;8236;
1083;Syddanmark;2023-03-05;1;8237;
1084;Hovedstaden;2023-03-05;1;8238;
1083;Syddanmark;2023-03-06;1;8239;
1085;Sjælland;2023-03-06;0;8239;
1081;Nordjylland;2023-03-06;1;8240;
1082;Midtjylland;2023-03-06;1;8241;
1084;Hovedstaden;2023-03-06;1;8242;
1085;Sjælland;2023-03-07;1;8243;
1082;Midtjylland;2023-03-07;0;8243;
1084;Hovedstaden;2023-03-07;2;8245;
1083;Syddanmark;2023-03-08;1;8246;
1085;Sjælland;2023-03-08;1;8247;
1082;Midtjylland;2023-03-08;1;8248;
1084;Hovedstaden;2023-03-08;2;8250;
1085;Sjælland;2023-03-09;2;8252;
1081;Nordjylland;2023-03-09;1;8253;
1082;Midtjylland;2023-03-09;1;8254;
1084;Hovedstaden;2023-03-09;1;8255;
1083;Syddanmark;2023-03-10;1;8256;
1085;Sjælland;2023-03-10;1;8257;
1082;Midtjylland;2023-03-10;0;8257;
1084;Hovedstaden;2023-03-10;1;8258;
1083;Syddanmark;2023-03-11;2;8260;
1084;Hovedstaden;2023-03-11;3;8263;
1085;Sjælland;2023-03-12;2;8265;
1081;Nordjylland;2023-03-12;1;8266;
1084;Hovedstaden;2023-03-12;2;8268;
1083;Syddanmark;2023-03-13;1;8269;
1085;Sjælland;2023-03-14;2;8271;
1081;Nordjylland;2023-03-14;3;8274;
1082;Midtjylland;2023-03-14;0;8274;
1084;Hovedstaden;2023-03-14;1;8275;
1085;Sjælland;2023-03-15;1;8276;
1082;Midtjylland;2023-03-15;0;8276;
1084;Hovedstaden;2023-03-15;1;8277;
1083;Syddanmark;2023-03-16;2;8279;
1085;Sjælland;2023-03-16;2;8281;
1081;Nordjylland;2023-03-16;2;8283;
1084;Hovedstaden;2023-03-16;1;8284;
1085;Sjælland;2023-03-17;1;8285;
1081;Nordjylland;2023-03-17;0;8285;
1082;Midtjylland;2023-03-17;0;8285;
1084;Hovedstaden;2023-03-17;2;8287;
1085;Sjælland;2023-03-18;0;8287;
1081;Nordjylland;2023-03-18;1;8288;
1082;Midtjylland;2023-03-18;1;8289;
1084;Hovedstaden;2023-03-18;1;8290;
1084;Hovedstaden;2023-03-19;0;8290;
1083;Syddanmark;2023-03-20;1;8291;
1081;Nordjylland;2023-03-20;1;8292;
1082;Midtjylland;2023-03-20;1;8293;
1084;Hovedstaden;2023-03-20;2;8295;
1085;Sjælland;2023-03-21;0;8295;
1084;Hovedstaden;2023-03-21;1;8296;
1084;Hovedstaden;2023-03-22;2;8298;
1083;Syddanmark;2023-03-23;1;8299;
1085;Sjælland;2023-03-23;2;8301;
1081;Nordjylland;2023-03-23;0;8301;
1084;Hovedstaden;2023-03-23;1;8302;
1085;Sjælland;2023-03-24;1;8303;
1082;Midtjylland;2023-03-24;1;8304;
1084;Hovedstaden;2023-03-24;4;8308;
1083;Syddanmark;2023-03-25;1;8309;
1085;Sjælland;2023-03-25;1;8310;
1082;Midtjylland;2023-03-25;1;8311;
1084;Hovedstaden;2023-03-25;3;8314;
1083;Syddanmark;2023-03-26;0;8314;
1085;Sjælland;2023-03-26;1;8315;
1081;Nordjylland;2023-03-26;0;8315;
1084;Hovedstaden;2023-03-26;2;8317;
1083;Syddanmark;2023-03-27;2;8319;
1085;Sjælland;2023-03-27;2;8321;
1082;Midtjylland;2023-03-27;2;8323;
1084;Hovedstaden;2023-03-27;1;8324;
1083;Syddanmark;2023-03-28;0;8324;
1085;Sjælland;2023-03-28;1;8325;
1084;Hovedstaden;2023-03-28;3;8328;
1083;Syddanmark;2023-03-29;2;8330;
1082;Midtjylland;2023-03-29;3;8333;
1084;Hovedstaden;2023-03-29;1;8334;
1083;Syddanmark;2023-03-30;3;8337;
1085;Sjælland;2023-03-30;1;8338;
1082;Midtjylland;2023-03-30;1;8339;
1084;Hovedstaden;2023-03-30;1;8340;
1083;Syddanmark;2023-03-31;2;8342;
1085;Sjælland;2023-03-31;0;8342;
1084;Hovedstaden;2023-03-31;2;8344;
1083;Syddanmark;2023-04-01;1;8345;
1084;Hovedstaden;2023-04-01;1;8346;
1083;Syddanmark;2023-04-02;3;8349;
1085;Sjælland;2023-04-02;1;8350;
1081;Nordjylland;2023-04-02;1;8351;
1083;Syddanmark;2023-04-03;1;8352;
1085;Sjælland;2023-04-03;1;8353;
1081;Nordjylland;2023-04-03;1;8354;
1082;Midtjylland;2023-04-03;1;8355;
1084;Hovedstaden;2023-04-03;1;8356;
1082;Midtjylland;2023-04-04;1;8357;
1084;Hovedstaden;2023-04-04;2;8359;
1083;Syddanmark;2023-04-05;2;8361;
1085;Sjælland;2023-04-05;1;8362;
1084;Hovedstaden;2023-04-05;4;8366;
1081;Nordjylland;2023-04-06;1;8367;
1084;Hovedstaden;2023-04-06;2;8369;
1083;Syddanmark;2023-04-07;1;8370;
1085;Sjælland;2023-04-07;3;8373;
1084;Hovedstaden;2023-04-07;2;8375;
1085;Sjælland;2023-04-08;1;8376;
1082;Midtjylland;2023-04-08;1;8377;
1084;Hovedstaden;2023-04-08;3;8380;
1085;Sjælland;2023-04-09;2;8382;
1081;Nordjylland;2023-04-09;1;8383;
1082;Midtjylland;2023-04-09;1;8384;
1084;Hovedstaden;2023-04-09;2;8386;
1083;Syddanmark;2023-04-10;1;8387;
1085;Sjælland;2023-04-10;1;8388;
1082;Midtjylland;2023-04-10;1;8389;
1084;Hovedstaden;2023-04-10;2;8391;
1083;Syddanmark;2023-04-11;1;8392;
1081;Nordjylland;2023-04-11;1;8393;
1082;Midtjylland;2023-04-11;1;8394;
1084;Hovedstaden;2023-04-11;2;8396;
1083;Syddanmark;2023-04-12;3;8399;
1085;Sjælland;2023-04-12;2;8401;
1084;Hovedstaden;2023-04-12;3;8404;
1083;Syddanmark;2023-04-13;0;8404;
1085;Sjælland;2023-04-13;1;8405;
1081;Nordjylland;2023-04-13;3;8408;
1082;Midtjylland;2023-04-13;1;8409;
1084;Hovedstaden;2023-04-13;3;8412;
1085;Sjælland;2023-04-14;1;8413;
1081;Nordjylland;2023-04-14;1;8414;
1082;Midtjylland;2023-04-14;1;8415;
1084;Hovedstaden;2023-04-14;2;8417;
1083;Syddanmark;2023-04-15;3;8420;
1085;Sjælland;2023-04-15;2;8422;
1081;Nordjylland;2023-04-15;1;8423;
1084;Hovedstaden;2023-04-15;3;8426;
1083;Syddanmark;2023-04-16;4;8430;
1085;Sjælland;2023-04-16;0;8430;
1084;Hovedstaden;2023-04-16;2;8432;
1085;Sjælland;2023-04-17;2;8434;
1081;Nordjylland;2023-04-17;2;8436;
1084;Hovedstaden;2023-04-17;3;8439;
1083;Syddanmark;2023-04-18;1;8440;
1085;Sjælland;2023-04-18;1;8441;
1081;Nordjylland;2023-04-18;2;8443;
1084;Hovedstaden;2023-04-18;2;8445;
1083;Syddanmark;2023-04-19;1;8446;
1085;Sjælland;2023-04-19;2;8448;
1082;Midtjylland;2023-04-19;1;8449;
1084;Hovedstaden;2023-04-19;1;8450;
1085;Sjælland;2023-04-20;2;8452;
1084;Hovedstaden;2023-04-20;1;8453;
1083;Syddanmark;2023-04-21;3;8456;
1085;Sjælland;2023-04-21;1;8457;
1081;Nordjylland;2023-04-21;1;8458;
1082;Midtjylland;2023-04-21;1;8459;
1084;Hovedstaden;2023-04-21;3;8462;
1083;Syddanmark;2023-04-22;1;8463;
1085;Sjælland;2023-04-22;1;8464;
1082;Midtjylland;2023-04-22;1;8465;
1084;Hovedstaden;2023-04-22;2;8467;
1083;Syddanmark;2023-04-23;1;8468;
1081;Nordjylland;2023-04-23;0;8468;
1082;Midtjylland;2023-04-23;1;8469;
1084;Hovedstaden;2023-04-23;3;8472;
1083;Syddanmark;2023-04-24;1;8473;
1085;Sjælland;2023-04-24;2;8475;
1081;Nordjylland;2023-04-24;1;8476;
1082;Midtjylland;2023-04-24;1;8477;
1084;Hovedstaden;2023-04-24;1;8478;
1083;Syddanmark;2023-04-25;5;8483;
1085;Sjælland;2023-04-25;0;8483;
1081;Nordjylland;2023-04-25;1;8484;
1082;Midtjylland;2023-04-25;1;8485;
1084;Hovedstaden;2023-04-25;0;8485;
1085;Sjælland;2023-04-26;2;8487;
1081;Nordjylland;2023-04-26;1;8488;
1084;Hovedstaden;2023-04-26;0;8488;
1083;Syddanmark;2023-04-27;2;8490;
1081;Nordjylland;2023-04-27;1;8491;
1082;Midtjylland;2023-04-27;1;8492;
1084;Hovedstaden;2023-04-27;1;8493;
1083;Syddanmark;2023-04-28;1;8494;
1085;Sjælland;2023-04-28;1;8495;
1084;Hovedstaden;2023-04-28;4;8499;
1085;Sjælland;2023-04-29;1;8500;
1082;Midtjylland;2023-04-29;1;8501;
1084;Hovedstaden;2023-04-29;1;8502;
1083;Syddanmark;2023-04-30;1;8503;
1082;Midtjylland;2023-04-30;2;8505;
1084;Hovedstaden;2023-04-30;4;8509;
1083;Syddanmark;2023-05-01;2;8511;
1085;Sjælland;2023-05-01;2;8513;
1084;Hovedstaden;2023-05-01;0;8513;
1083;Syddanmark;2023-05-02;1;8514;
1085;Sjælland;2023-05-02;1;8515;
1081;Nordjylland;2023-05-02;1;8516;
1082;Midtjylland;2023-05-02;1;8517;
1083;Syddanmark;2023-05-03;1;8518;
1085;Sjælland;2023-05-03;1;8519;
1084;Hovedstaden;2023-05-03;6;8525;
1083;Syddanmark;2023-05-04;3;8528;
1085;Sjælland;2023-05-04;1;8529;
1081;Nordjylland;2023-05-04;1;8530;
1084;Hovedstaden;2023-05-04;1;8531;
1083;Syddanmark;2023-05-05;3;8534;
1085;Sjælland;2023-05-05;1;8535;
1081;Nordjylland;2023-05-05;1;8536;
1084;Hovedstaden;2023-05-05;2;8538;
1083;Syddanmark;2023-05-06;4;8542;
1085;Sjælland;2023-05-06;1;8543;
1081;Nordjylland;2023-05-06;2;8545;
1082;Midtjylland;2023-05-06;0;8545;
1084;Hovedstaden;2023-05-06;1;8546;
1083;Syddanmark;2023-05-07;1;8547;
1085;Sjælland;2023-05-07;1;8548;
1081;Nordjylland;2023-05-07;1;8549;
1082;Midtjylland;2023-05-07;1;8550;
1084;Hovedstaden;2023-05-07;1;8551;
1083;Syddanmark;2023-05-08;1;8552;
1085;Sjælland;2023-05-08;3;8555;
1081;Nordjylland;2023-05-08;1;8556;
1082;Midtjylland;2023-05-08;1;8557;
1084;Hovedstaden;2023-05-08;1;8558;
1085;Sjælland;2023-05-09;2;8560;
1082;Midtjylland;2023-05-09;2;8562;
1084;Hovedstaden;2023-05-09;2;8564;
1083;Syddanmark;2023-05-10;1;8565;
1081;Nordjylland;2023-05-10;1;8566;
1082;Midtjylland;2023-05-10;2;8568;
1084;Hovedstaden;2023-05-10;4;8572;
1085;Sjælland;2023-05-11;3;8575;
1084;Hovedstaden;2023-05-11;2;8577;
1083;Syddanmark;2023-05-12;2;8579;
1085;Sjælland;2023-05-12;1;8580;
1081;Nordjylland;2023-05-12;2;8582;
1084;Hovedstaden;2023-05-12;2;8584;
1083;Syddanmark;2023-05-13;1;8585;
1085;Sjælland;2023-05-13;3;8588;
1081;Nordjylland;2023-05-13;1;8589;
1082;Midtjylland;2023-05-13;0;8589;
1084;Hovedstaden;2023-05-13;0;8589;
1083;Syddanmark;2023-05-14;3;8592;
1085;Sjælland;2023-05-14;2;8594;
1084;Hovedstaden;2023-05-14;1;8595;
1083;Syddanmark;2023-05-15;2;8597;
1085;Sjælland;2023-05-15;1;8598;
1082;Midtjylland;2023-05-15;1;8599;
1084;Hovedstaden;2023-05-15;4;8603;
1083;Syddanmark;2023-05-16;2;8605;
1081;Nordjylland;2023-05-16;0;8605;
1083;Syddanmark;2023-05-17;1;8606;
1082;Midtjylland;2023-05-17;1;8607;
1084;Hovedstaden;2023-05-17;1;8608;
1081;Nordjylland;2023-05-18;1;8609;
1082;Midtjylland;2023-05-18;2;8611;
1084;Hovedstaden;2023-05-18;0;8611;
1085;Sjælland;2023-05-19;1;8612;
1081;Nordjylland;2023-05-19;2;8614;
1082;Midtjylland;2023-05-19;2;8616;
1084;Hovedstaden;2023-05-19;1;8617;
1083;Syddanmark;2023-05-20;2;8619;
1085;Sjælland;2023-05-20;1;8620;
1084;Hovedstaden;2023-05-20;1;8621;
1083;Syddanmark;2023-05-21;0;8621;
1085;Sjælland;2023-05-21;0;8621;
1081;Nordjylland;2023-05-21;0;8621;
1083;Syddanmark;2023-05-22;1;8622;
1085;Sjælland;2023-05-22;1;8623;
1084;Hovedstaden;2023-05-22;1;8624;
1083;Syddanmark;2023-05-23;2;8626;
1085;Sjælland;2023-05-23;0;8626;
1081;Nordjylland;2023-05-23;1;8627;
1084;Hovedstaden;2023-05-23;0;8627;
1083;Syddanmark;2023-05-24;1;8628;
1081;Nordjylland;2023-05-24;1;8629;
1082;Midtjylland;2023-05-24;1;8630;
1084;Hovedstaden;2023-05-24;3;8633;
1083;Syddanmark;2023-05-25;1;8634;
1082;Midtjylland;2023-05-25;1;8635;
1083;Syddanmark;2023-05-26;5;8640;
1084;Hovedstaden;2023-05-26;1;8641;
1083;Syddanmark;2023-05-27;1;8642;
1081;Nordjylland;2023-05-27;2;8644;
1084;Hovedstaden;2023-05-27;1;8645;
1083;Syddanmark;2023-05-28;2;8647;
1081;Nordjylland;2023-05-28;1;8648;
1084;Hovedstaden;2023-05-28;1;8649;
1083;Syddanmark;2023-05-29;1;8650;
1085;Sjælland;2023-05-29;1;8651;
1084;Hovedstaden;2023-05-29;1;8652;
1083;Syddanmark;2023-05-30;3;8655;
1081;Nordjylland;2023-05-30;2;8657;
1082;Midtjylland;2023-05-30;1;8658;
1083;Syddanmark;2023-05-31;0;8658;
1081;Nordjylland;2023-05-31;0;8658;
1084;Hovedstaden;2023-05-31;1;8659;
1083;Syddanmark;2023-06-01;1;8660;
1081;Nordjylland;2023-06-01;0;8660;
1084;Hovedstaden;2023-06-01;2;8662;
1083;Syddanmark;2023-06-02;0;8662;
1082;Midtjylland;2023-06-02;1;8663;
1084;Hovedstaden;2023-06-02;1;8664;
1083;Syddanmark;2023-06-03;0;8664;
1085;Sjælland;2023-06-03;0;8664;
1082;Midtjylland;2023-06-03;1;8665;
1084;Hovedstaden;2023-06-03;1;8666;
1083;Syddanmark;2023-06-04;1;8667;
1085;Sjælland;2023-06-04;1;8668;
1081;Nordjylland;2023-06-04;0;8668;
1084;Hovedstaden;2023-06-04;1;8669;
1083;Syddanmark;2023-06-05;1;8670;
1085;Sjælland;2023-06-05;2;8672;
1083;Syddanmark;2023-06-06;1;8673;
1085;Sjælland;2023-06-06;1;8674;
1081;Nordjylland;2023-06-06;0;8674;
1082;Midtjylland;2023-06-06;0;8674;
1084;Hovedstaden;2023-06-06;0;8674;
1085;Sjælland;2023-06-07;0;8674;
1084;Hovedstaden;2023-06-07;3;8677;
1083;Syddanmark;2023-06-08;1;8678;
1085;Sjælland;2023-06-08;0;8678;
1082;Midtjylland;2023-06-08;0;8678;
1083;Syddanmark;2023-06-09;0;8678;
1084;Hovedstaden;2023-06-10;3;8681;
1083;Syddanmark;2023-06-11;1;8682;
1081;Nordjylland;2023-06-11;1;8683;
1082;Midtjylland;2023-06-11;0;8683;
1084;Hovedstaden;2023-06-11;0;8683;
1083;Syddanmark;2023-06-12;1;8684;
1085;Sjælland;2023-06-12;0;8684;
1084;Hovedstaden;2023-06-12;1;8685;
;;2023-06-13;0;8685;
1082;Midtjylland;2023-06-14;0;8685;
1083;Syddanmark;2023-06-15;0;8685;
1085;Sjælland;2023-06-15;3;8688;
1081;Nordjylland;2023-06-15;0;8688;
1083;Syddanmark;2023-06-16;1;8689;
1085;Sjælland;2023-06-16;1;8690;
1083;Syddanmark;2023-06-17;1;8691;
1085;Sjælland;2023-06-17;0;8691;
1084;Hovedstaden;2023-06-17;0;8691;
1083;Syddanmark;2023-06-18;0;8691;
1082;Midtjylland;2023-06-18;1;8692;
1081;Nordjylland;2023-06-19;1;8693;
1084;Hovedstaden;2023-06-20;0;8693;
1085;Sjælland;2023-06-21;1;8694;
1084;Hovedstaden;2023-06-21;2;8696;
;;2023-06-22;0;8696;
1083;Syddanmark;2023-06-23;1;8697;
1085;Sjælland;2023-06-23;0;8697;
1084;Hovedstaden;2023-06-23;1;8698;
;;2023-06-24;0;8698;
1084;Hovedstaden;2023-06-25;0;8698;
1083;Syddanmark;2023-06-26;1;8699;
1084;Hovedstaden;2023-06-26;2;8701;
1084;Hovedstaden;2023-06-27;1;8702;
1083;Syddanmark;2023-06-28;1;8703;
1082;Midtjylland;2023-06-28;0;8703;
1084;Hovedstaden;2023-06-28;0;8703;
1083;Syddanmark;2023-06-29;0;8703;
1082;Midtjylland;2023-06-30;0;8703;
1081;Nordjylland;2023-07-01;0;8703;
;;2023-07-02;0;8703;
1083;Syddanmark;2023-07-03;1;8704;
1085;Sjælland;2023-07-03;0;8704;
1084;Hovedstaden;2023-07-03;0;8704;
;;2023-07-04;0;8704;
;;2023-07-05;0;8704;
1083;Syddanmark;2023-07-06;0;8704;
1085;Sjælland;2023-07-07;1;8705;
1084;Hovedstaden;2023-07-07;0;8705;
1081;Nordjylland;2023-07-08;0;8705;
1084;Hovedstaden;2023-07-08;0;8705;
1084;Hovedstaden;2023-07-09;0;8705;
1081;Nordjylland;2023-07-10;0;8705;
1084;Hovedstaden;2023-07-10;0;8705;
1085;Sjælland;2023-07-11;0;8705;
1081;Nordjylland;2023-07-11;2;8707;
1083;Syddanmark;2023-07-12;1;8708;
1081;Nordjylland;2023-07-12;0;8708;
1082;Midtjylland;2023-07-13;1;8709;
1084;Hovedstaden;2023-07-14;1;8710;
1083;Syddanmark;2023-07-15;2;8712;
1085;Sjælland;2023-07-15;0;8712;
1084;Hovedstaden;2023-07-16;1;8713;
1082;Midtjylland;2023-07-17;0;8713;
1083;Syddanmark;2023-07-18;0;8713;
1081;Nordjylland;2023-07-18;0;8713;
1082;Midtjylland;2023-07-19;0;8713;
1085;Sjælland;2023-07-20;0;8713;
1084;Hovedstaden;2023-07-20;0;8713;
1081;Nordjylland;2023-07-21;0;8713;
1084;Hovedstaden;2023-07-22;1;8714;
;;2023-07-23;0;8714;
1081;Nordjylland;2023-07-24;1;8715;
1084;Hovedstaden;2023-07-24;1;8716;
;;2023-07-25;0;8716;
1083;Syddanmark;2023-07-26;0;8716;
1085;Sjælland;2023-07-26;0;8716;
1085;Sjælland;2023-07-27;1;8717;
1081;Nordjylland;2023-07-27;1;8718;
1082;Midtjylland;2023-07-27;0;8718;
1084;Hovedstaden;2023-07-27;1;8719;
1084;Hovedstaden;2023-07-28;1;8720;
1083;Syddanmark;2023-07-29;0;8720;
1083;Syddanmark;2023-07-30;0;8720;
1082;Midtjylland;2023-07-31;1;8721;
;;2023-08-01;0;8721;
1083;Syddanmark;2023-08-02;0;8721;
1085;Sjælland;2023-08-03;0;8721;
1084;Hovedstaden;2023-08-03;0;8721;
;;2023-08-04;0;8721;
;;2023-08-05;0;8721;
1083;Syddanmark;2023-08-06;1;8722;
1084;Hovedstaden;2023-08-06;1;8723;
1085;Sjælland;2023-08-07;0;8723;
1084;Hovedstaden;2023-08-07;1;8724;
1081;Nordjylland;2023-08-08;0;8724;
1085;Sjælland;2023-08-09;0;8724;
1084;Hovedstaden;2023-08-09;0;8724;
1081;Nordjylland;2023-08-10;1;8725;
1084;Hovedstaden;2023-08-11;1;8726;
1081;Nordjylland;2023-08-12;1;8727;
1084;Hovedstaden;2023-08-12;0;8727;
1083;Syddanmark;2023-08-13;1;8728;
1084;Hovedstaden;2023-08-13;1;8729;
1084;Hovedstaden;2023-08-14;0;8729;
;;2023-08-15;0;8729;
;;2023-08-16;0;8729;
;;2023-08-17;0;8729;
1085;Sjælland;2023-08-18;0;8729;
1085;Sjælland;2023-08-19;1;8730;
1081;Nordjylland;2023-08-19;1;8731;
1084;Hovedstaden;2023-08-20;1;8732;
1082;Midtjylland;2023-08-21;1;8733;
1084;Hovedstaden;2023-08-22;1;8734;
1083;Syddanmark;2023-08-23;1;8735;
1085;Sjælland;2023-08-23;1;8736;
1084;Hovedstaden;2023-08-23;1;8737;
;;2023-08-24;0;8737;
1083;Syddanmark;2023-08-25;0;8737;
1081;Nordjylland;2023-08-25;1;8738;
1084;Hovedstaden;2023-08-25;2;8740;
;;2023-08-26;0;8740;
1082;Midtjylland;2023-08-27;1;8741;
;;2023-08-28;0;8741;
;;2023-08-29;0;8741;
1083;Syddanmark;2023-08-30;1;8742;
1081;Nordjylland;2023-08-30;1;8743;
1084;Hovedstaden;2023-08-30;1;8744;
;;2023-08-31;0;8744;
1083;Syddanmark;2023-09-01;2;8746;
1083;Syddanmark;2023-09-02;1;8747;
1084;Hovedstaden;2023-09-03;1;8748;
;;2023-09-04;0;8748;
1083;Syddanmark;2023-09-05;1;8749;
1084;Hovedstaden;2023-09-05;2;8751;
1083;Syddanmark;2023-09-06;1;8752;
1082;Midtjylland;2023-09-06;1;8753;
1084;Hovedstaden;2023-09-06;1;8754;
1082;Midtjylland;2023-09-07;1;8755;
1084;Hovedstaden;2023-09-07;2;8757;
;;2023-09-08;0;8757;
1084;Hovedstaden;2023-09-09;2;8759;
1083;Syddanmark;2023-09-10;1;8760;
1084;Hovedstaden;2023-09-10;1;8761;
1081;Nordjylland;2023-09-11;2;8763;
1084;Hovedstaden;2023-09-12;1;8764;
1085;Sjælland;2023-09-13;1;8765;
1082;Midtjylland;2023-09-13;1;8766;
;;2023-09-14;0;8766;
1083;Syddanmark;2023-09-15;1;8767;
1085;Sjælland;2023-09-15;1;8768;
1082;Midtjylland;2023-09-15;1;8769;
1081;Nordjylland;2023-09-16;2;8771;
1082;Midtjylland;2023-09-16;1;8772;
1083;Syddanmark;2023-09-17;2;8774;
1082;Midtjylland;2023-09-17;1;8775;
1085;Sjælland;2023-09-18;1;8776;
1084;Hovedstaden;2023-09-18;1;8777;
1083;Syddanmark;2023-09-19;1;8778;
1082;Midtjylland;2023-09-19;1;8779;
1084;Hovedstaden;2023-09-20;2;8781;
1083;Syddanmark;2023-09-21;2;8783;
1085;Sjælland;2023-09-21;1;8784;
;;2023-09-22;0;8784;
1084;Hovedstaden;2023-09-23;1;8785;
1083;Syddanmark;2023-09-24;1;8786;
1082;Midtjylland;2023-09-24;1;8787;
1084;Hovedstaden;2023-09-24;1;8788;
1083;Syddanmark;2023-09-25;1;8789;
1081;Nordjylland;2023-09-25;1;8790;
1081;Nordjylland;2023-09-26;1;8791;
1082;Midtjylland;2023-09-26;1;8792;
1085;Sjælland;2023-09-27;2;8794;
1083;Syddanmark;2023-09-28;1;8795;
1083;Syddanmark;2023-09-29;0;8795;
1085;Sjælland;2023-09-29;0;8795;
1083;Syddanmark;2023-09-30;1;8796;
1085;Sjælland;2023-09-30;1;8797;
1082;Midtjylland;2023-09-30;1;8798;
1084;Hovedstaden;2023-10-01;1;8799;
1082;Midtjylland;2023-10-02;1;8800;
1084;Hovedstaden;2023-10-02;1;8801;
1084;Hovedstaden;2023-10-03;1;8802;
;;2023-10-04;0;8802;
1083;Syddanmark;2023-10-05;1;8803;
1081;Nordjylland;2023-10-05;1;8804;
1083;Syddanmark;2023-10-06;1;8805;
1085;Sjælland;2023-10-06;1;8806;
1082;Midtjylland;2023-10-06;1;8807;
1084;Hovedstaden;2023-10-06;1;8808;
1083;Syddanmark;2023-10-07;0;8808;
1084;Hovedstaden;2023-10-07;1;8809;
1084;Hovedstaden;2023-10-08;1;8810;
1083;Syddanmark;2023-10-09;2;8812;
1085;Sjælland;2023-10-09;1;8813;
1081;Nordjylland;2023-10-09;1;8814;
1085;Sjælland;2023-10-10;1;8815;
1081;Nordjylland;2023-10-10;1;8816;
1082;Midtjylland;2023-10-10;1;8817;
1084;Hovedstaden;2023-10-10;0;8817;
1083;Syddanmark;2023-10-11;2;8819;
1081;Nordjylland;2023-10-11;1;8820;
1082;Midtjylland;2023-10-11;2;8822;
1084;Hovedstaden;2023-10-11;1;8823;
1083;Syddanmark;2023-10-12;1;8824;
1085;Sjælland;2023-10-12;1;8825;
1083;Syddanmark;2023-10-13;0;8825;
1081;Nordjylland;2023-10-13;1;8826;
1082;Midtjylland;2023-10-13;0;8826;
1083;Syddanmark;2023-10-14;2;8828;
1081;Nordjylland;2023-10-14;1;8829;
1082;Midtjylland;2023-10-14;1;8830;
1085;Sjælland;2023-10-15;0;8830;
1082;Midtjylland;2023-10-15;0;8830;
1083;Syddanmark;2023-10-16;0;8830;
1083;Syddanmark;2023-10-17;0;8830;
1085;Sjælland;2023-10-17;1;8831;
1081;Nordjylland;2023-10-17;1;8832;
1084;Hovedstaden;2023-10-17;2;8834;
1083;Syddanmark;2023-10-18;0;8834;
1081;Nordjylland;2023-10-18;1;8835;
1082;Midtjylland;2023-10-18;1;8836;
1084;Hovedstaden;2023-10-18;1;8837;
1083;Syddanmark;2023-10-19;1;8838;
1085;Sjælland;2023-10-19;1;8839;
1082;Midtjylland;2023-10-19;0;8839;
1084;Hovedstaden;2023-10-19;3;8842;
1084;Hovedstaden;2023-10-20;1;8843;
1083;Syddanmark;2023-10-21;3;8846;
1081;Nordjylland;2023-10-21;1;8847;
1084;Hovedstaden;2023-10-21;1;8848;
1085;Sjælland;2023-10-22;1;8849;
1081;Nordjylland;2023-10-22;2;8851;
1082;Midtjylland;2023-10-22;0;8851;
1084;Hovedstaden;2023-10-22;2;8853;
1084;Hovedstaden;2023-10-23;1;8854;
1083;Syddanmark;2023-10-24;1;8855;
1081;Nordjylland;2023-10-24;2;8857;
1083;Syddanmark;2023-10-25;2;8859;
1081;Nordjylland;2023-10-25;1;8860;
1084;Hovedstaden;2023-10-25;2;8862;
1083;Syddanmark;2023-10-26;2;8864;
1081;Nordjylland;2023-10-26;3;8867;
1082;Midtjylland;2023-10-26;2;8869;
1084;Hovedstaden;2023-10-26;1;8870;
1085;Sjælland;2023-10-27;3;8873;
1081;Nordjylland;2023-10-27;2;8875;
1085;Sjælland;2023-10-28;2;8877;
1081;Nordjylland;2023-10-28;2;8879;
1084;Hovedstaden;2023-10-28;2;8881;
1083;Syddanmark;2023-10-29;2;8883;
1083;Syddanmark;2023-10-30;1;8884;
1081;Nordjylland;2023-10-30;1;8885;
1084;Hovedstaden;2023-10-30;2;8887;
1083;Syddanmark;2023-10-31;0;8887;
1081;Nordjylland;2023-10-31;1;8888;
1082;Midtjylland;2023-10-31;1;8889;
1084;Hovedstaden;2023-10-31;2;8891;
1081;Nordjylland;2023-11-01;2;8893;
1084;Hovedstaden;2023-11-01;3;8896;
1081;Nordjylland;2023-11-02;1;8897;
1082;Midtjylland;2023-11-02;2;8899;
1084;Hovedstaden;2023-11-02;3;8902;
1085;Sjælland;2023-11-03;1;8903;
1084;Hovedstaden;2023-11-03;1;8904;
1083;Syddanmark;2023-11-04;1;8905;
1081;Nordjylland;2023-11-04;4;8909;
1082;Midtjylland;2023-11-04;2;8911;
1084;Hovedstaden;2023-11-04;2;8913;
1083;Syddanmark;2023-11-05;1;8914;
1085;Sjælland;2023-11-05;2;8916;
1082;Midtjylland;2023-11-05;1;8917;
1084;Hovedstaden;2023-11-05;2;8919;
1083;Syddanmark;2023-11-06;1;8920;
1085;Sjælland;2023-11-06;1;8921;
1081;Nordjylland;2023-11-06;1;8922;
1084;Hovedstaden;2023-11-06;1;8923;
1083;Syddanmark;2023-11-07;3;8926;
1082;Midtjylland;2023-11-07;1;8927;
1084;Hovedstaden;2023-11-07;3;8930;
1083;Syddanmark;2023-11-08;1;8931;
1085;Sjælland;2023-11-08;1;8932;
1082;Midtjylland;2023-11-08;2;8934;
1084;Hovedstaden;2023-11-08;1;8935;
1083;Syddanmark;2023-11-09;3;8938;
1085;Sjælland;2023-11-09;1;8939;
1082;Midtjylland;2023-11-09;3;8942;
1084;Hovedstaden;2023-11-09;1;8943;
1081;Nordjylland;2023-11-10;2;8945;
1082;Midtjylland;2023-11-10;1;8946;
1084;Hovedstaden;2023-11-10;2;8948;
1083;Syddanmark;2023-11-11;4;8952;
1081;Nordjylland;2023-11-11;1;8953;
1082;Midtjylland;2023-11-11;1;8954;
1083;Syddanmark;2023-11-12;1;8955;
1085;Sjælland;2023-11-12;1;8956;
1084;Hovedstaden;2023-11-12;3;8959;
1083;Syddanmark;2023-11-13;0;8959;
1085;Sjælland;2023-11-13;1;8960;
1082;Midtjylland;2023-11-13;4;8964;
1084;Hovedstaden;2023-11-13;6;8970;
1081;Nordjylland;2023-11-14;1;8971;
1082;Midtjylland;2023-11-14;2;8973;
1084;Hovedstaden;2023-11-14;1;8974;
1083;Syddanmark;2023-11-15;1;8975;
1085;Sjælland;2023-11-15;1;8976;
1082;Midtjylland;2023-11-15;1;8977;
1084;Hovedstaden;2023-11-15;1;8978;
1083;Syddanmark;2023-11-16;2;8980;
1085;Sjælland;2023-11-16;1;8981;
1081;Nordjylland;2023-11-16;2;8983;
1082;Midtjylland;2023-11-16;0;8983;
1084;Hovedstaden;2023-11-16;1;8984;
1083;Syddanmark;2023-11-17;0;8984;
1085;Sjælland;2023-11-17;1;8985;
1081;Nordjylland;2023-11-17;2;8987;
1082;Midtjylland;2023-11-17;2;8989;
1084;Hovedstaden;2023-11-17;2;8991;
1083;Syddanmark;2023-11-18;1;8992;
1085;Sjælland;2023-11-18;2;8994;
1084;Hovedstaden;2023-11-18;3;8997;
1083;Syddanmark;2023-11-19;1;8998;
1085;Sjælland;2023-11-19;1;8999;
1082;Midtjylland;2023-11-19;0;8999;
1084;Hovedstaden;2023-11-19;3;9002;
1083;Syddanmark;2023-11-20;3;9005;
1085;Sjælland;2023-11-20;1;9006;
1081;Nordjylland;2023-11-20;1;9007;
1082;Midtjylland;2023-11-20;2;9009;
1084;Hovedstaden;2023-11-20;2;9011;
1085;Sjælland;2023-11-21;1;9012;
1081;Nordjylland;2023-11-21;1;9013;
1082;Midtjylland;2023-11-21;1;9014;
1083;Syddanmark;2023-11-22;1;9015;
1085;Sjælland;2023-11-22;2;9017;
1081;Nordjylland;2023-11-22;1;9018;
1082;Midtjylland;2023-11-22;1;9019;
1084;Hovedstaden;2023-11-22;2;9021;
1083;Syddanmark;2023-11-23;1;9022;
1085;Sjælland;2023-11-23;3;9025;
1081;Nordjylland;2023-11-23;0;9025;
1084;Hovedstaden;2023-11-23;3;9028;
1083;Syddanmark;2023-11-24;1;9029;
1085;Sjælland;2023-11-24;3;9032;
1082;Midtjylland;2023-11-24;1;9033;
1084;Hovedstaden;2023-11-24;2;9035;
1083;Syddanmark;2023-11-25;3;9038;
1085;Sjælland;2023-11-25;1;9039;
1082;Midtjylland;2023-11-25;2;9041;
1084;Hovedstaden;2023-11-25;0;9041;
1085;Sjælland;2023-11-26;1;9042;
1081;Nordjylland;2023-11-26;1;9043;
1082;Midtjylland;2023-11-26;0;9043;
1084;Hovedstaden;2023-11-26;3;9046;
1083;Syddanmark;2023-11-27;5;9051;
1085;Sjælland;2023-11-27;1;9052;
1082;Midtjylland;2023-11-27;2;9054;
1084;Hovedstaden;2023-11-27;5;9059;
1083;Syddanmark;2023-11-28;2;9061;
1085;Sjælland;2023-11-28;2;9063;
1081;Nordjylland;2023-11-28;2;9065;
1084;Hovedstaden;2023-11-28;3;9068;
1083;Syddanmark;2023-11-29;1;9069;
1085;Sjælland;2023-11-29;2;9071;
1081;Nordjylland;2023-11-29;1;9072;
1082;Midtjylland;2023-11-29;3;9075;
1084;Hovedstaden;2023-11-29;5;9080;
1083;Syddanmark;2023-11-30;1;9081;
1085;Sjælland;2023-11-30;2;9083;
1081;Nordjylland;2023-11-30;1;9084;
1082;Midtjylland;2023-11-30;1;9085;
1084;Hovedstaden;2023-11-30;1;9086;
1083;Syddanmark;2023-12-01;1;9087;
1085;Sjælland;2023-12-01;2;9089;
1081;Nordjylland;2023-12-01;3;9092;
1084;Hovedstaden;2023-12-01;3;9095;
1083;Syddanmark;2023-12-02;1;9096;
1085;Sjælland;2023-12-02;3;9099;
1081;Nordjylland;2023-12-02;1;9100;
1084;Hovedstaden;2023-12-02;4;9104;
1083;Syddanmark;2023-12-03;1;9105;
1085;Sjælland;2023-12-03;4;9109;
1081;Nordjylland;2023-12-03;1;9110;
1084;Hovedstaden;2023-12-03;5;9115;
1083;Syddanmark;2023-12-04;1;9116;
1085;Sjælland;2023-12-04;1;9117;
1081;Nordjylland;2023-12-04;0;9117;
1082;Midtjylland;2023-12-04;2;9119;
1084;Hovedstaden;2023-12-04;3;9122;
1083;Syddanmark;2023-12-05;2;9124;
1085;Sjælland;2023-12-05;2;9126;
1081;Nordjylland;2023-12-05;1;9127;
1082;Midtjylland;2023-12-05;2;9129;
1084;Hovedstaden;2023-12-05;3;9132;
1083;Syddanmark;2023-12-06;4;9136;
1085;Sjælland;2023-12-06;1;9137;
1081;Nordjylland;2023-12-06;3;9140;
1082;Midtjylland;2023-12-06;1;9141;
1084;Hovedstaden;2023-12-06;4;9145;
1083;Syddanmark;2023-12-07;1;9146;
1085;Sjælland;2023-12-07;3;9149;
1082;Midtjylland;2023-12-07;4;9153;
1084;Hovedstaden;2023-12-07;6;9159;
1083;Syddanmark;2023-12-08;1;9160;
1085;Sjælland;2023-12-08;3;9163;
1082;Midtjylland;2023-12-08;2;9165;
1084;Hovedstaden;2023-12-08;1;9166;
1083;Syddanmark;2023-12-09;3;9169;
1085;Sjælland;2023-12-09;3;9172;
1081;Nordjylland;2023-12-09;0;9172;
1082;Midtjylland;2023-12-09;0;9172;
1084;Hovedstaden;2023-12-09;3;9175;
1083;Syddanmark;2023-12-10;1;9176;
1081;Nordjylland;2023-12-10;1;9177;
1082;Midtjylland;2023-12-10;0;9177;
1084;Hovedstaden;2023-12-10;4;9181;
1083;Syddanmark;2023-12-11;6;9187;
1082;Midtjylland;2023-12-11;1;9188;
1084;Hovedstaden;2023-12-11;3;9191;
1083;Syddanmark;2023-12-12;2;9193;
1085;Sjælland;2023-12-12;3;9196;
1081;Nordjylland;2023-12-12;2;9198;
1082;Midtjylland;2023-12-12;3;9201;
1084;Hovedstaden;2023-12-12;6;9207;
1083;Syddanmark;2023-12-13;2;9209;
1085;Sjælland;2023-12-13;4;9213;
1081;Nordjylland;2023-12-13;0;9213;
1082;Midtjylland;2023-12-13;5;9218;
1084;Hovedstaden;2023-12-13;5;9223;
1083;Syddanmark;2023-12-14;2;9225;
1085;Sjælland;2023-12-14;4;9229;
1081;Nordjylland;2023-12-14;1;9230;
1082;Midtjylland;2023-12-14;1;9231;
1084;Hovedstaden;2023-12-14;4;9235;
1083;Syddanmark;2023-12-15;1;9236;
1085;Sjælland;2023-12-15;2;9238;
1081;Nordjylland;2023-12-15;1;9239;
1082;Midtjylland;2023-12-15;5;9244;
1084;Hovedstaden;2023-12-15;9;9253;
1083;Syddanmark;2023-12-16;1;9254;
1085;Sjælland;2023-12-16;7;9261;
1081;Nordjylland;2023-12-16;2;9263;
1082;Midtjylland;2023-12-16;2;9265;
1084;Hovedstaden;2023-12-16;1;9266;
1083;Syddanmark;2023-12-17;2;9268;
1085;Sjælland;2023-12-17;1;9269;
1081;Nordjylland;2023-12-17;0;9269;
1082;Midtjylland;2023-12-17;3;9272;
1084;Hovedstaden;2023-12-17;8;9280;
1083;Syddanmark;2023-12-18;2;9282;
1085;Sjælland;2023-12-18;7;9289;
1081;Nordjylland;2023-12-18;1;9290;
1082;Midtjylland;2023-12-18;1;9291;
1084;Hovedstaden;2023-12-18;8;9299;
1083;Syddanmark;2023-12-19;3;9302;
1085;Sjælland;2023-12-19;3;9305;
1081;Nordjylland;2023-12-19;1;9306;
1082;Midtjylland;2023-12-19;1;9307;
1084;Hovedstaden;2023-12-19;4;9311;
1083;Syddanmark;2023-12-20;4;9315;
1085;Sjælland;2023-12-20;4;9319;
1081;Nordjylland;2023-12-20;1;9320;
1082;Midtjylland;2023-12-20;2;9322;
1084;Hovedstaden;2023-12-20;8;9330;
1083;Syddanmark;2023-12-21;4;9334;
1085;Sjælland;2023-12-21;2;9336;
1081;Nordjylland;2023-12-21;3;9339;
1082;Midtjylland;2023-12-21;1;9340;
1084;Hovedstaden;2023-12-21;4;9344;
1083;Syddanmark;2023-12-22;3;9347;
1085;Sjælland;2023-12-22;5;9352;
1081;Nordjylland;2023-12-22;2;9354;
1082;Midtjylland;2023-12-22;1;9355;
1084;Hovedstaden;2023-12-22;3;9358;
1083;Syddanmark;2023-12-23;3;9361;
1085;Sjælland;2023-12-23;6;9367;
1081;Nordjylland;2023-12-23;0;9367;
1084;Hovedstaden;2023-12-23;2;9369;
1083;Syddanmark;2023-12-24;2;9371;
1085;Sjælland;2023-12-24;3;9374;
1081;Nordjylland;2023-12-24;1;9375;
1082;Midtjylland;2023-12-24;3;9378;
1084;Hovedstaden;2023-12-24;4;9382;
1083;Syddanmark;2023-12-25;3;9385;
1085;Sjælland;2023-12-25;2;9387;
1081;Nordjylland;2023-12-25;4;9391;
1082;Midtjylland;2023-12-25;3;9394;
1084;Hovedstaden;2023-12-25;2;9396;
1083;Syddanmark;2023-12-26;2;9398;
1085;Sjælland;2023-12-26;3;9401;
1082;Midtjylland;2023-12-26;2;9403;
1084;Hovedstaden;2023-12-26;3;9406;
1083;Syddanmark;2023-12-27;4;9410;
1085;Sjælland;2023-12-27;2;9412;
1081;Nordjylland;2023-12-27;2;9414;
1082;Midtjylland;2023-12-27;1;9415;
1084;Hovedstaden;2023-12-27;4;9419;
1083;Syddanmark;2023-12-28;1;9420;
1085;Sjælland;2023-12-28;2;9422;
1081;Nordjylland;2023-12-28;2;9424;
1082;Midtjylland;2023-12-28;2;9426;
1084;Hovedstaden;2023-12-28;5;9431;
1083;Syddanmark;2023-12-29;4;9435;
1085;Sjælland;2023-12-29;1;9436;
1081;Nordjylland;2023-12-29;0;9436;
1082;Midtjylland;2023-12-29;1;9437;
1084;Hovedstaden;2023-12-29;4;9441;
1082;Midtjylland;2023-12-30;1;9442;
1084;Hovedstaden;2023-12-30;5;9447;
1083;Syddanmark;2023-12-30;4;9451;
1085;Sjælland;2023-12-30;3;9454;
1081;Nordjylland;2023-12-30;0;9454;
1083;Syddanmark;2023-12-31;2;9456;
1085;Sjælland;2023-12-31;3;9459;
1081;Nordjylland;2023-12-31;1;9460;
1082;Midtjylland;2023-12-31;2;9462;
1084;Hovedstaden;2023-12-31;7;9469;
1083;Syddanmark;2024-01-01;2;9471;
1085;Sjælland;2024-01-01;2;9473;
1082;Midtjylland;2024-01-01;2;9475;
1084;Hovedstaden;2024-01-01;3;9478;
1083;Syddanmark;2024-01-02;2;9480;
1085;Sjælland;2024-01-02;4;9484;
1081;Nordjylland;2024-01-02;1;9485;
1082;Midtjylland;2024-01-02;3;9488;
1084;Hovedstaden;2024-01-02;4;9492;
1083;Syddanmark;2024-01-03;3;9495;
1085;Sjælland;2024-01-03;3;9498;
1081;Nordjylland;2024-01-03;1;9499;
1082;Midtjylland;2024-01-03;1;9500;
1084;Hovedstaden;2024-01-03;6;9506;
1083;Syddanmark;2024-01-04;3;9509;
1085;Sjælland;2024-01-04;2;9511;
1081;Nordjylland;2024-01-04;1;9512;
1082;Midtjylland;2024-01-04;3;9515;
1084;Hovedstaden;2024-01-04;3;9518;
1083;Syddanmark;2024-01-05;3;9521;
1085;Sjælland;2024-01-05;3;9524;
1081;Nordjylland;2024-01-05;1;9525;
1082;Midtjylland;2024-01-05;3;9528;
1084;Hovedstaden;2024-01-05;4;9532;
1083;Syddanmark;2024-01-06;1;9533;
1085;Sjælland;2024-01-06;0;9533;
1081;Nordjylland;2024-01-06;1;9534;
1082;Midtjylland;2024-01-06;3;9537;
1084;Hovedstaden;2024-01-06;4;9541;
1083;Syddanmark;2024-01-07;3;9544;
1085;Sjælland;2024-01-07;2;9546;
1082;Midtjylland;2024-01-07;3;9549;
1084;Hovedstaden;2024-01-07;3;9552;
1083;Syddanmark;2024-01-08;5;9557;
1085;Sjælland;2024-01-08;1;9558;
1081;Nordjylland;2024-01-08;0;9558;
1082;Midtjylland;2024-01-08;2;9560;
1084;Hovedstaden;2024-01-08;5;9565;
1083;Syddanmark;2024-01-09;2;9567;
1085;Sjælland;2024-01-09;2;9569;
1081;Nordjylland;2024-01-09;1;9570;
1082;Midtjylland;2024-01-09;1;9571;
1084;Hovedstaden;2024-01-09;4;9575;
1083;Syddanmark;2024-01-10;4;9579;
1085;Sjælland;2024-01-10;2;9581;
1082;Midtjylland;2024-01-10;0;9581;
1084;Hovedstaden;2024-01-10;0;9581;
1083;Syddanmark;2024-01-11;1;9582;
1085;Sjælland;2024-01-11;1;9583;
1082;Midtjylland;2024-01-11;1;9584;
1084;Hovedstaden;2024-01-11;2;9586;
1083;Syddanmark;2024-01-12;1;9587;
1085;Sjælland;2024-01-12;2;9589;
1081;Nordjylland;2024-01-12;0;9589;
1082;Midtjylland;2024-01-12;3;9592;
1084;Hovedstaden;2024-01-12;3;9595;
1083;Syddanmark;2024-01-13;2;9597;
1085;Sjælland;2024-01-13;0;9597;
1082;Midtjylland;2024-01-13;4;9601;
1084;Hovedstaden;2024-01-13;2;9603;
1083;Syddanmark;2024-01-14;1;9604;
1085;Sjælland;2024-01-14;2;9606;
1081;Nordjylland;2024-01-14;2;9608;
1082;Midtjylland;2024-01-14;0;9608;
1084;Hovedstaden;2024-01-14;3;9611;
1083;Syddanmark;2024-01-15;4;9615;
1085;Sjælland;2024-01-15;3;9618;
1082;Midtjylland;2024-01-15;0;9618;
1084;Hovedstaden;2024-01-15;4;9622;
1083;Syddanmark;2024-01-16;0;9622;
1085;Sjælland;2024-01-16;0;9622;
1082;Midtjylland;2024-01-16;1;9623;
1084;Hovedstaden;2024-01-16;1;9624;
1083;Syddanmark;2024-01-17;0;9624;
1085;Sjælland;2024-01-17;1;9625;
1081;Nordjylland;2024-01-17;1;9626;
1082;Midtjylland;2024-01-17;0;9626;
1084;Hovedstaden;2024-01-17;1;9627;
1083;Syddanmark;2024-01-18;1;9628;
1085;Sjælland;2024-01-18;0;9628;
1081;Nordjylland;2024-01-18;1;9629;
1082;Midtjylland;2024-01-18;2;9631;
1084;Hovedstaden;2024-01-18;2;9633;
1083;Syddanmark;2024-01-19;2;9635;
1085;Sjælland;2024-01-19;1;9636;
1084;Hovedstaden;2024-01-19;5;9641;
1083;Syddanmark;2024-01-20;2;9643;
1085;Sjælland;2024-01-20;0;9643;
1081;Nordjylland;2024-01-20;1;9644;
1082;Midtjylland;2024-01-20;1;9645;
1084;Hovedstaden;2024-01-20;5;9650;
1083;Syddanmark;2024-01-21;0;9650;
1085;Sjælland;2024-01-21;0;9650;
1081;Nordjylland;2024-01-21;1;9651;
1082;Midtjylland;2024-01-21;0;9651;
1084;Hovedstaden;2024-01-21;3;9654;
1083;Syddanmark;2024-01-22;3;9657;
1085;Sjælland;2024-01-22;2;9659;
1082;Midtjylland;2024-01-22;1;9660;
1084;Hovedstaden;2024-01-22;1;9661;
1083;Syddanmark;2024-01-23;0;9661;
1085;Sjælland;2024-01-23;2;9663;
1082;Midtjylland;2024-01-23;0;9663;
1084;Hovedstaden;2024-01-23;1;9664;
1083;Syddanmark;2024-01-24;2;9666;
1084;Hovedstaden;2024-01-24;3;9669;
1083;Syddanmark;2024-01-25;0;9669;
1085;Sjælland;2024-01-25;2;9671;
1081;Nordjylland;2024-01-25;0;9671;
1084;Hovedstaden;2024-01-25;2;9673;
1083;Syddanmark;2024-01-26;1;9674;
1085;Sjælland;2024-01-26;1;9675;
1082;Midtjylland;2024-01-26;1;9676;
1084;Hovedstaden;2024-01-26;0;9676;
1085;Sjælland;2024-01-27;1;9677;
1082;Midtjylland;2024-01-27;1;9678;
1084;Hovedstaden;2024-01-27;1;9679;
1083;Syddanmark;2024-01-28;2;9681;
1085;Sjælland;2024-01-28;1;9682;
1081;Nordjylland;2024-01-28;2;9684;
1082;Midtjylland;2024-01-28;0;9684;
1084;Hovedstaden;2024-01-28;1;9685;
1083;Syddanmark;2024-01-29;0;9685;
1085;Sjælland;2024-01-29;2;9687;
1081;Nordjylland;2024-01-29;1;9688;
1082;Midtjylland;2024-01-29;1;9689;
1084;Hovedstaden;2024-01-29;1;9690;
1083;Syddanmark;2024-01-30;1;9691;
1085;Sjælland;2024-01-30;0;9691;
1081;Nordjylland;2024-01-30;0;9691;
1082;Midtjylland;2024-01-30;3;9694;
1084;Hovedstaden;2024-01-30;1;9695;
1083;Syddanmark;2024-01-31;1;9696;
1085;Sjælland;2024-01-31;0;9696;
1081;Nordjylland;2024-01-31;1;9697;
1082;Midtjylland;2024-01-31;0;9697;
1084;Hovedstaden;2024-01-31;0;9697;
1083;Syddanmark;2024-02-01;1;9698;
1081;Nordjylland;2024-02-01;1;9699;
1082;Midtjylland;2024-02-01;0;9699;
1084;Hovedstaden;2024-02-01;0;9699;
1083;Syddanmark;2024-02-02;0;9699;
1085;Sjælland;2024-02-02;0;9699;
1081;Nordjylland;2024-02-02;1;9700;
1082;Midtjylland;2024-02-02;0;9700;
1084;Hovedstaden;2024-02-02;3;9703;
1083;Syddanmark;2024-02-03;1;9704;
1085;Sjælland;2024-02-03;0;9704;
1084;Hovedstaden;2024-02-03;0;9704;
1083;Syddanmark;2024-02-04;1;9705;
1085;Sjælland;2024-02-04;1;9706;
1082;Midtjylland;2024-02-04;1;9707;
1084;Hovedstaden;2024-02-04;0;9707;
1083;Syddanmark;2024-02-05;0;9707;
1081;Nordjylland;2024-02-05;0;9707;
1082;Midtjylland;2024-02-05;0;9707;
1084;Hovedstaden;2024-02-05;1;9708;
1085;Sjælland;2024-02-06;0;9708;
1081;Nordjylland;2024-02-06;1;9709;
1082;Midtjylland;2024-02-06;1;9710;
1084;Hovedstaden;2024-02-06;1;9711;
1082;Midtjylland;2024-02-07;1;9712;
1083;Syddanmark;2024-02-08;1;9713;
1085;Sjælland;2024-02-08;1;9714;
1081;Nordjylland;2024-02-08;1;9715;
1082;Midtjylland;2024-02-08;0;9715;
1084;Hovedstaden;2024-02-08;0;9715;
1083;Syddanmark;2024-02-09;1;9716;
1084;Hovedstaden;2024-02-09;1;9717;
1082;Midtjylland;2024-02-10;0;9717;
1084;Hovedstaden;2024-02-10;1;9718;
1081;Nordjylland;2024-02-11;1;9719;
1082;Midtjylland;2024-02-11;0;9719;
1084;Hovedstaden;2024-02-11;0;9719;
1083;Syddanmark;2024-02-12;1;9720;
1082;Midtjylland;2024-02-12;0;9720;
1084;Hovedstaden;2024-02-12;0;9720;
1083;Syddanmark;2024-02-13;1;9721;
1085;Sjælland;2024-02-13;0;9721;
1082;Midtjylland;2024-02-13;1;9722;
1084;Hovedstaden;2024-02-13;0;9722;
1083;Syddanmark;2024-02-14;0;9722;
1085;Sjælland;2024-02-14;0;9722;
1083;Syddanmark;2024-02-15;1;9723;
1081;Nordjylland;2024-02-15;0;9723;
1084;Hovedstaden;2024-02-15;0;9723;
1083;Syddanmark;2024-02-16;1;9724;
1082;Midtjylland;2024-02-16;0;9724;
1084;Hovedstaden;2024-02-16;1;9725;
1083;Syddanmark;2024-02-17;0;9725;
1081;Nordjylland;2024-02-17;0;9725;
1083;Syddanmark;2024-02-18;1;9726;
1081;Nordjylland;2024-02-18;1;9727;
1084;Hovedstaden;2024-02-18;1;9728;
1085;Sjælland;2024-02-19;1;9729;
1081;Nordjylland;2024-02-19;1;9730;
1082;Midtjylland;2024-02-19;0;9730;
1084;Hovedstaden;2024-02-19;1;9731;
1083;Syddanmark;2024-02-20;0;9731;
1085;Sjælland;2024-02-20;0;9731;
1081;Nordjylland;2024-02-20;1;9732;
1082;Midtjylland;2024-02-20;0;9732;
1083;Syddanmark;2024-02-21;1;9733;
1085;Sjælland;2024-02-21;1;9734;
1082;Midtjylland;2024-02-21;1;9735;
1085;Sjælland;2024-02-22;0;9735;
1084;Hovedstaden;2024-02-22;0;9735;
1083;Syddanmark;2024-02-23;1;9736;
1084;Hovedstaden;2024-02-23;1;9737;
1083;Syddanmark;2024-02-24;0;9737;
1085;Sjælland;2024-02-24;0;9737;
1083;Syddanmark;2024-02-25;1;9738;
1085;Sjælland;2024-02-25;1;9739;
1084;Hovedstaden;2024-02-25;1;9740;
1084;Hovedstaden;2024-02-26;2;9742;
;;2024-02-27;0;9742;
1083;Syddanmark;2024-02-28;1;9743;
1082;Midtjylland;2024-02-28;0;9743;
1083;Syddanmark;2024-02-29;1;9744;
1084;Hovedstaden;2024-02-29;1;9745;
1083;Syddanmark;2024-03-01;1;9746;
1084;Hovedstaden;2024-03-01;1;9747;
;;2024-03-02;0;9747;
1083;Syddanmark;2024-03-03;0;9747;
1085;Sjælland;2024-03-03;0;9747;
1083;Syddanmark;2024-03-04;2;9749;
1083;Syddanmark;2024-03-05;1;9750;
1084;Hovedstaden;2024-03-05;1;9751;
1083;Syddanmark;2024-03-06;1;9752;
1085;Sjælland;2024-03-06;1;9753;
1084;Hovedstaden;2024-03-07;1;9754;
1084;Hovedstaden;2024-03-08;0;9754;
1084;Hovedstaden;2024-03-09;3;9757;
1083;Syddanmark;2024-03-10;1;9758;
1084;Hovedstaden;2024-03-11;1;9759;
1083;Syddanmark;2024-03-12;1;9760;
1082;Midtjylland;2024-03-12;2;9762;
1084;Hovedstaden;2024-03-13;1;9763;
1084;Hovedstaden;2024-03-14;1;9764;
;;2024-03-15;0;9764;
1084;Hovedstaden;2024-03-16;0;9764;
;;2024-03-17;0;9764;
;;2024-03-18;0;9764;
1083;Syddanmark;2024-03-19;0;9764;
1083;Syddanmark;2024-03-20;0;9764;
;;2024-03-21;0;9764;
;;2024-03-22;0;9764;
;;2024-03-23;0;9764;
1084;Hovedstaden;2024-03-24;0;9764;
;;2024-03-25;0;9764;
1083;Syddanmark;2024-03-26;1;9765;
1081;Nordjylland;2024-03-26;1;9766;
;;2024-03-27;0;9766;
1083;Syddanmark;2024-03-28;0;9766;
1082;Midtjylland;2024-03-28;1;9767;
;;2024-03-29;0;9767;
;;2024-03-30;0;9767;
;;2024-03-31;0;9767;
1084;Hovedstaden;2024-04-01;0;9767;
1084;Hovedstaden;2024-04-02;0;9767;
1083;Syddanmark;2024-04-03;1;9768;
1085;Sjælland;2024-04-03;0;9768;
1084;Hovedstaden;2024-04-03;1;9769;
1084;Hovedstaden;2024-04-04;2;9771;
;;2024-04-05;0;9771;
1084;Hovedstaden;2024-04-06;1;9772;
;;2024-04-07;0;9772;
1085;Sjælland;2024-04-08;1;9773;
;;2024-04-09;0;9773;
1085;Sjælland;2024-04-10;1;9774;
;;2024-04-11;0;9774;
1084;Hovedstaden;2024-04-12;1;9775;
;;2024-04-13;0;9775;
1084;Hovedstaden;2024-04-14;1;9776;
;;2024-04-15;0;9776;
1082;Midtjylland;2024-04-16;0;9776;
1085;Sjælland;2024-04-17;1;9777;
1082;Midtjylland;2024-04-17;1;9778;
1083;Syddanmark;2024-04-18;1;9779;
;;2024-04-19;0;9779;
;;2024-04-20;0;9779;
;;2024-04-21;0;9779;
1084;Hovedstaden;2024-04-22;0;9779;
;;2024-04-23;0;9779;
;;2024-04-24;0;9779;
1085;Sjælland;2024-04-25;1;9780;
1084;Hovedstaden;2024-04-25;0;9780;
;;2024-04-26;0;9780;
1085;Sjælland;2024-04-27;1;9781;
;;2024-04-28;0;9781;
1083;Syddanmark;2024-04-29;1;9782;
1081;Nordjylland;2024-04-29;1;9783;
;;2024-04-30;0;9783;
1083;Syddanmark;2024-05-01;0;9783;
1085;Sjælland;2024-05-01;1;9784;
1084;Hovedstaden;2024-05-02;0;9784;
;;2024-05-03;0;9784;
1081;Nordjylland;2024-05-04;1;9785;
;;2024-05-05;0;9785;
1085;Sjælland;2024-05-06;1;9786;
;;2024-05-07;0;9786;
1085;Sjælland;2024-05-08;1;9787;
;;2024-05-09;0;9787;
;;2024-05-10;0;9787;
1084;Hovedstaden;2024-05-11;0;9787;
;;2024-05-12;0;9787;
;;2024-05-13;0;9787;
1084;Hovedstaden;2024-05-14;1;9788;
1084;Hovedstaden;2024-05-15;1;9789;
;;2024-05-16;0;9789;
1084;Hovedstaden;2024-05-17;0;9789;
;;2024-05-18;0;9789;
;;2024-05-19;0;9789;
;;2024-05-20;0;9789;
;;2024-05-21;0;9789;
1085;Sjælland;2024-05-22;0;9789;
;;2024-05-23;0;9789;
1082;Midtjylland;2024-05-24;1;9790;
;;2024-05-25;0;9790;
1085;Sjælland;2024-05-26;1;9791;
;;2024-05-27;0;9791;
;;2024-05-28;0;9791;
1084;Hovedstaden;2024-05-29;1;9792;
1084;Hovedstaden;2024-05-30;1;9793;
;;2024-05-31;0;9793;
1084;Hovedstaden;2024-06-01;0;9793;
;;2024-06-02;0;9793;
;;2024-06-03;0;9793;
;;2024-06-04;0;9793;
;;2024-06-05;0;9793;
;;2024-06-06;0;9793;
1085;Sjælland;2024-06-07;0;9793;
;;2024-06-08;0;9793;
;;2024-06-09;0;9793;
;;2024-06-10;0;9793;
;;2024-06-11;0;9793;
1085;Sjælland;2024-06-12;1;9794;
1084;Hovedstaden;2024-06-12;1;9795;
1083;Syddanmark;2024-06-13;0;9795;
1084;Hovedstaden;2024-06-14;1;9796;
;;2024-06-15;0;9796;
;;2024-06-16;0;9796;
1081;Nordjylland;2024-06-17;1;9797;
1085;Sjælland;2024-06-18;1;9798;
1084;Hovedstaden;2024-06-18;0;9798;
1082;Midtjylland;2024-06-19;1;9799;
;;2024-06-20;0;9799;
;;2024-06-21;0;9799;
1081;Nordjylland;2024-06-22;1;9800;
1081;Nordjylland;2024-06-23;1;9801;
1085;Sjælland;2024-06-24;1;9802;
1084;Hovedstaden;2024-06-24;1;9803;
1083;Syddanmark;2024-06-25;1;9804;
1084;Hovedstaden;2024-06-25;1;9805;
1083;Syddanmark;2024-06-26;0;9805;
;;2024-06-27;0;9805;
1084;Hovedstaden;2024-06-28;1;9806;
1084;Hovedstaden;2024-06-29;1;9807;
1085;Sjælland;2024-06-30;0;9807;
;;2024-07-01;0;9807;
;;2024-07-02;0;9807;
;;2024-07-03;0;9807;
;;2024-07-04;0;9807;
;;2024-07-05;0;9807;
;;2024-07-06;0;9807;
;;2024-07-07;0;9807;
1083;Syddanmark;2024-07-08;2;9809;
1083;Syddanmark;2024-07-09;1;9810;
1084;Hovedstaden;2024-07-09;1;9811;
1083;Syddanmark;2024-07-10;1;9812;
1085;Sjælland;2024-07-10;1;9813;
1083;Syddanmark;2024-07-11;1;9814;
1084;Hovedstaden;2024-07-11;0;9814;
1084;Hovedstaden;2024-07-12;2;9816;
;;2024-07-13;0;9816;
1084;Hovedstaden;2024-07-14;1;9817;
1084;Hovedstaden;2024-07-15;1;9818;
1083;Syddanmark;2024-07-16;1;9819;
1082;Midtjylland;2024-07-16;2;9821;
1084;Hovedstaden;2024-07-16;1;9822;
;;2024-07-17;0;9822;
1083;Syddanmark;2024-07-18;1;9823;
;;2024-07-19;0;9823;
1084;Hovedstaden;2024-07-20;2;9825;
1081;Nordjylland;2024-07-21;1;9826;
1082;Midtjylland;2024-07-21;1;9827;
1084;Hovedstaden;2024-07-21;1;9828;
1083;Syddanmark;2024-07-22;1;9829;
1084;Hovedstaden;2024-07-22;1;9830;
1085;Sjælland;2024-07-23;3;9833;
1084;Hovedstaden;2024-07-23;3;9836;
1083;Syddanmark;2024-07-24;1;9837;
1085;Sjælland;2024-07-24;0;9837;
1083;Syddanmark;2024-07-25;1;9838;
1084;Hovedstaden;2024-07-25;1;9839;
1084;Hovedstaden;2024-07-26;1;9840;
;;2024-07-27;0;9840;
1082;Midtjylland;2024-07-28;2;9842;
1084;Hovedstaden;2024-07-28;1;9843;
1083;Syddanmark;2024-07-29;1;9844;
1082;Midtjylland;2024-07-29;2;9846;
1084;Hovedstaden;2024-07-29;0;9846;
;;2024-07-30;0;9846;
;;2024-07-31;0;9846;
;;2024-08-01;0;9846;
1082;Midtjylland;2024-08-02;1;9847;
1084;Hovedstaden;2024-08-02;1;9848;
1081;Nordjylland;2024-08-03;1;9849;
1082;Midtjylland;2024-08-03;1;9850;
;;2024-08-04;0;9850;
1081;Nordjylland;2024-08-05;1;9851;
1082;Midtjylland;2024-08-05;2;9853;
1084;Hovedstaden;2024-08-05;1;9854;
1081;Nordjylland;2024-08-06;1;9855;
1084;Hovedstaden;2024-08-07;2;9857;
1083;Syddanmark;2024-08-08;1;9858;
1084;Hovedstaden;2024-08-08;0;9858;
1081;Nordjylland;2024-08-09;1;9859;
1084;Hovedstaden;2024-08-09;1;9860;
1083;Syddanmark;2024-08-10;1;9861;
1081;Nordjylland;2024-08-10;1;9862;
1084;Hovedstaden;2024-08-10;2;9864;
1085;Sjælland;2024-08-11;1;9865;
1082;Midtjylland;2024-08-11;2;9867;
1084;Hovedstaden;2024-08-11;1;9868;
1083;Syddanmark;2024-08-12;1;9869;
1085;Sjælland;2024-08-12;1;9870;
1081;Nordjylland;2024-08-12;1;9871;
1084;Hovedstaden;2024-08-12;1;9872;
;;2024-08-13;0;9872;
1084;Hovedstaden;2024-08-14;1;9873;
1085;Sjælland;2024-08-15;1;9874;
1082;Midtjylland;2024-08-15;1;9875;
1084;Hovedstaden;2024-08-15;4;9879;
1085;Sjælland;2024-08-16;1;9880;
1082;Midtjylland;2024-08-16;2;9882;
1084;Hovedstaden;2024-08-16;3;9885;
1083;Syddanmark;2024-08-17;1;9886;
1085;Sjælland;2024-08-17;1;9887;
1084;Hovedstaden;2024-08-17;1;9888;
1085;Sjælland;2024-08-18;1;9889;
1084;Hovedstaden;2024-08-18;1;9890;
1084;Hovedstaden;2024-08-19;2;9892;
1083;Syddanmark;2024-08-20;0;9892;
1081;Nordjylland;2024-08-20;1;9893;
1084;Hovedstaden;2024-08-20;2;9895;
1081;Nordjylland;2024-08-21;1;9896;
1082;Midtjylland;2024-08-21;1;9897;
1084;Hovedstaden;2024-08-21;1;9898;
1083;Syddanmark;2024-08-22;1;9899;
1082;Midtjylland;2024-08-22;2;9901;
;;2024-08-23;0;9901;
1083;Syddanmark;2024-08-24;0;9901;
1085;Sjælland;2024-08-24;1;9902;
1081;Nordjylland;2024-08-24;1;9903;
1083;Syddanmark;2024-08-25;0;9903;
1082;Midtjylland;2024-08-25;0;9903;
1084;Hovedstaden;2024-08-25;1;9904;
1085;Sjælland;2024-08-26;1;9905;
1082;Midtjylland;2024-08-26;0;9905;
1081;Nordjylland;2024-08-27;1;9906;
1083;Syddanmark;2024-08-28;1;9907;
1081;Nordjylland;2024-08-28;0;9907;
1084;Hovedstaden;2024-08-28;1;9908;
1083;Syddanmark;2024-08-29;1;9909;
1085;Sjælland;2024-08-30;1;9910;
1082;Midtjylland;2024-08-30;1;9911;
1084;Hovedstaden;2024-08-30;3;9914;
1083;Syddanmark;2024-08-31;0;9914;
1085;Sjælland;2024-08-31;1;9915;
1082;Midtjylland;2024-08-31;1;9916;
1084;Hovedstaden;2024-08-31;2;9918;
1083;Syddanmark;2024-09-01;2;9920;
1085;Sjælland;2024-09-01;0;9920;
1082;Midtjylland;2024-09-01;1;9921;
1082;Midtjylland;2024-09-02;0;9921;
1083;Syddanmark;2024-09-03;1;9922;
1082;Midtjylland;2024-09-03;1;9923;
1084;Hovedstaden;2024-09-03;1;9924;
1085;Sjælland;2024-09-04;1;9925;
1081;Nordjylland;2024-09-04;1;9926;
1084;Hovedstaden;2024-09-04;1;9927;
1083;Syddanmark;2024-09-05;0;9927;
1082;Midtjylland;2024-09-05;1;9928;
1084;Hovedstaden;2024-09-05;1;9929;
1083;Syddanmark;2024-09-06;0;9929;
1082;Midtjylland;2024-09-06;0;9929;
1081;Nordjylland;2024-09-07;1;9930;
1082;Midtjylland;2024-09-07;0;9930;
1084;Hovedstaden;2024-09-07;2;9932;
1084;Hovedstaden;2024-09-08;0;9932;
1085;Sjælland;2024-09-09;2;9934;
1084;Hovedstaden;2024-09-09;2;9936;
1085;Sjælland;2024-09-10;1;9937;
;;2024-09-11;0;9937;
1083;Syddanmark;2024-09-12;1;9938;
1085;Sjælland;2024-09-13;1;9939;
1081;Nordjylland;2024-09-13;1;9940;
1083;Syddanmark;2024-09-14;1;9941;
1085;Sjælland;2024-09-14;1;9942;
1082;Midtjylland;2024-09-14;0;9942;
1084;Hovedstaden;2024-09-14;2;9944;
1083;Syddanmark;2024-09-15;1;9945;
1082;Midtjylland;2024-09-15;1;9946;
1084;Hovedstaden;2024-09-15;0;9946;
1081;Nordjylland;2024-09-16;1;9947;
1084;Hovedstaden;2024-09-16;1;9948;
1083;Syddanmark;2024-09-17;1;9949;
1085;Sjælland;2024-09-17;1;9950;
1084;Hovedstaden;2024-09-17;0;9950;
1083;Syddanmark;2024-09-18;1;9951;
1085;Sjælland;2024-09-19;1;9952;
1081;Nordjylland;2024-09-19;1;9953;
1084;Hovedstaden;2024-09-19;1;9954;
1082;Midtjylland;2024-09-20;1;9955;
1081;Nordjylland;2024-09-21;1;9956;
1082;Midtjylland;2024-09-21;2;9958;
1084;Hovedstaden;2024-09-21;1;9959;
1083;Syddanmark;2024-09-22;1;9960;
1081;Nordjylland;2024-09-22;1;9961;
;;2024-09-23;0;9961;
1082;Midtjylland;2024-09-24;0;9961;
1084;Hovedstaden;2024-09-24;1;9962;
1083;Syddanmark;2024-09-25;1;9963;
1085;Sjælland;2024-09-25;2;9965;
1081;Nordjylland;2024-09-25;1;9966;
1084;Hovedstaden;2024-09-25;1;9967;
1083;Syddanmark;2024-09-26;0;9967;
1085;Sjælland;2024-09-26;1;9968;
1081;Nordjylland;2024-09-26;2;9970;
1084;Hovedstaden;2024-09-26;1;9971;
1083;Syddanmark;2024-09-27;1;9972;
1085;Sjælland;2024-09-27;1;9973;
1084;Hovedstaden;2024-09-27;0;9973;
1083;Syddanmark;2024-09-28;1;9974;
1082;Midtjylland;2024-09-28;1;9975;
1083;Syddanmark;2024-09-29;0;9975;
1085;Sjælland;2024-09-29;1;9976;
1083;Syddanmark;2024-09-30;0;9976;
1084;Hovedstaden;2024-09-30;3;9979;
1084;Hovedstaden;2024-10-01;0;9979;
1084;Hovedstaden;2024-10-02;1;9980;
1083;Syddanmark;2024-10-03;0;9980;
1082;Midtjylland;2024-10-03;1;9981;
1085;Sjælland;2024-10-04;1;9982;
1082;Midtjylland;2024-10-04;1;9983;
1084;Hovedstaden;2024-10-04;2;9985;
1084;Hovedstaden;2024-10-05;1;9986;
1081;Nordjylland;2024-10-06;1;9987;
1082;Midtjylland;2024-10-06;1;9988;
1085;Sjælland;2024-10-07;2;9990;
1084;Hovedstaden;2024-10-07;1;9991;
1083;Syddanmark;2024-10-08;1;9992;
1085;Sjælland;2024-10-08;2;9994;
1084;Hovedstaden;2024-10-09;3;9997;
1083;Syddanmark;2024-10-10;0;9997;
1085;Sjælland;2024-10-10;1;9998;
1081;Nordjylland;2024-10-10;1;9999;
1082;Midtjylland;2024-10-10;1;10000;
1084;Hovedstaden;2024-10-10;0;10000;
1084;Hovedstaden;2024-10-11;3;10003;
1085;Sjælland;2024-10-12;0;10003;
1081;Nordjylland;2024-10-12;1;10004;
1084;Hovedstaden;2024-10-12;1;10005;
1084;Hovedstaden;2024-10-13;1;10006;
1085;Sjælland;2024-10-14;1;10007;
1081;Nordjylland;2024-10-14;1;10008;
1084;Hovedstaden;2024-10-14;1;10009;
1085;Sjælland;2024-10-15;3;10012;
1084;Hovedstaden;2024-10-15;1;10013;
1081;Nordjylland;2024-10-16;1;10014;
1085;Sjælland;2024-10-17;1;10015;
1084;Hovedstaden;2024-10-17;2;10017;
1083;Syddanmark;2024-10-18;0;10017;
1081;Nordjylland;2024-10-18;1;10018;
1082;Midtjylland;2024-10-18;2;10020;
1084;Hovedstaden;2024-10-18;0;10020;
1085;Sjælland;2024-10-19;1;10021;
1083;Syddanmark;2024-10-20;3;10024;
1081;Nordjylland;2024-10-20;0;10024;
1084;Hovedstaden;2024-10-20;0;10024;
1083;Syddanmark;2024-10-21;1;10025;
1084;Hovedstaden;2024-10-21;4;10029;
1085;Sjælland;2024-10-22;0;10029;
1082;Midtjylland;2024-10-22;1;10030;
1084;Hovedstaden;2024-10-22;0;10030;
1083;Syddanmark;2024-10-23;1;10031;
1085;Sjælland;2024-10-23;0;10031;
1084;Hovedstaden;2024-10-23;1;10032;
1083;Syddanmark;2024-10-24;1;10033;
1085;Sjælland;2024-10-24;4;10037;
1082;Midtjylland;2024-10-24;0;10037;
1083;Syddanmark;2024-10-25;0;10037;
1085;Sjælland;2024-10-25;2;10039;
1082;Midtjylland;2024-10-25;0;10039;
1084;Hovedstaden;2024-10-25;1;10040;
1083;Syddanmark;2024-10-26;3;10043;
1085;Sjælland;2024-10-26;1;10044;
1081;Nordjylland;2024-10-26;1;10045;
1084;Hovedstaden;2024-10-26;2;10047;
1083;Syddanmark;2024-10-27;1;10048;
1081;Nordjylland;2024-10-27;0;10048;
1082;Midtjylland;2024-10-27;0;10048;
1084;Hovedstaden;2024-10-27;1;10049;
1083;Syddanmark;2024-10-28;2;10051;
1081;Nordjylland;2024-10-28;1;10052;
1084;Hovedstaden;2024-10-28;1;10053;
1083;Syddanmark;2024-10-29;1;10054;
1085;Sjælland;2024-10-29;2;10056;
1084;Hovedstaden;2024-10-29;2;10058;
1084;Hovedstaden;2024-10-30;1;10059;
1085;Sjælland;2024-10-31;2;10061;
1083;Syddanmark;2024-11-01;0;10061;
1085;Sjælland;2024-11-01;2;10063;
1084;Hovedstaden;2024-11-01;3;10066;
1083;Syddanmark;2024-11-02;1;10067;
1085;Sjælland;2024-11-02;2;10069;
1081;Nordjylland;2024-11-02;0;10069;
1084;Hovedstaden;2024-11-02;3;10072;
1085;Sjælland;2024-11-03;1;10073;
1084;Hovedstaden;2024-11-03;2;10075;
1083;Syddanmark;2024-11-04;2;10077;
1085;Sjælland;2024-11-04;1;10078;
1084;Hovedstaden;2024-11-04;1;10079;
1083;Syddanmark;2024-11-05;1;10080;
1084;Hovedstaden;2024-11-05;0;10080;
1085;Sjælland;2024-11-06;1;10081;
1084;Hovedstaden;2024-11-06;2;10083;
1083;Syddanmark;2024-11-07;1;10084;
1085;Sjælland;2024-11-07;1;10085;
1084;Hovedstaden;2024-11-07;1;10086;
1083;Syddanmark;2024-11-08;1;10087;
1083;Syddanmark;2024-11-09;1;10088;
1083;Syddanmark;2024-11-10;1;10089;
1085;Sjælland;2024-11-10;2;10091;
1081;Nordjylland;2024-11-10;1;10092;
1083;Syddanmark;2024-11-11;1;10093;
1085;Sjælland;2024-11-11;0;10093;
1081;Nordjylland;2024-11-11;1;10094;
1084;Hovedstaden;2024-11-11;0;10094;
1085;Sjælland;2024-11-12;1;10095;
1084;Hovedstaden;2024-11-12;1;10096;
1083;Syddanmark;2024-11-13;1;10097;
1085;Sjælland;2024-11-13;1;10098;
1081;Nordjylland;2024-11-13;0;10098;
1084;Hovedstaden;2024-11-13;2;10100;
1084;Hovedstaden;2024-11-14;1;10101;
1085;Sjælland;2024-11-15;1;10102;
1081;Nordjylland;2024-11-15;1;10103;
1084;Hovedstaden;2024-11-15;0;10103;
1083;Syddanmark;2024-11-16;1;10104;
1084;Hovedstaden;2024-11-16;1;10105;
1085;Sjælland;2024-11-17;1;10106;
1081;Nordjylland;2024-11-17;1;10107;
1084;Hovedstaden;2024-11-17;1;10108;
1085;Sjælland;2024-11-18;1;10109;
1081;Nordjylland;2024-11-18;0;10109;
1084;Hovedstaden;2024-11-18;1;10110;
1083;Syddanmark;2024-11-19;0;10110;
1082;Midtjylland;2024-11-19;1;10111;
1084;Hovedstaden;2024-11-19;1;10112;
1085;Sjælland;2024-11-20;3;10115;
1081;Nordjylland;2024-11-20;1;10116;
1084;Hovedstaden;2024-11-20;0;10116;
1083;Syddanmark;2024-11-21;0;10116;
1084;Hovedstaden;2024-11-21;1;10117;
1083;Syddanmark;2024-11-22;1;10118;
1084;Hovedstaden;2024-11-22;1;10119;
1085;Sjælland;2024-11-23;2;10121;
1082;Midtjylland;2024-11-23;1;10122;
1083;Syddanmark;2024-11-24;1;10123;
1081;Nordjylland;2024-11-24;0;10123;
1084;Hovedstaden;2024-11-24;0;10123;
1085;Sjælland;2024-11-25;2;10125;
1081;Nordjylland;2024-11-25;1;10126;
1084;Hovedstaden;2024-11-25;0;10126;
1085;Sjælland;2024-11-26;1;10127;
1084;Hovedstaden;2024-11-26;2;10129;
1083;Syddanmark;2024-11-27;0;10129;
1085;Sjælland;2024-11-27;0;10129;
1082;Midtjylland;2024-11-27;0;10129;
1084;Hovedstaden;2024-11-27;2;10131;
1083;Syddanmark;2024-11-28;0;10131;
;;2024-11-29;0;10131;
;;2024-11-30;0;10131;
;;2024-12-01;0;10131;
1083;Syddanmark;2024-12-02;1;10132;
1085;Sjælland;2024-12-02;1;10133;
1081;Nordjylland;2024-12-02;0;10133;
1084;Hovedstaden;2024-12-02;1;10134;
1085;Sjælland;2024-12-03;1;10135;
1084;Hovedstaden;2024-12-03;2;10137;
1085;Sjælland;2024-12-04;1;10138;
1083;Syddanmark;2024-12-05;0;10138;
1085;Sjælland;2024-12-05;3;10141;
1081;Nordjylland;2024-12-05;1;10142;
;;2024-12-06;0;10142;
1083;Syddanmark;2024-12-07;0;10142;
1085;Sjælland;2024-12-07;2;10144;
1085;Sjælland;2024-12-08;0;10144;
1081;Nordjylland;2024-12-09;1;10145;
1084;Hovedstaden;2024-12-10;1;10146;
1084;Hovedstaden;2024-12-11;2;10148;
1083;Syddanmark;2024-12-12;0;10148;
1085;Sjælland;2024-12-12;1;10149;
1085;Sjælland;2024-12-13;1;10150;
1084;Hovedstaden;2024-12-13;1;10151;
1083;Syddanmark;2024-12-14;1;10152;
1084;Hovedstaden;2024-12-14;1;10153;
1083;Syddanmark;2024-12-15;1;10154;
1085;Sjælland;2024-12-15;1;10155;
1082;Midtjylland;2024-12-15;1;10156;
1084;Hovedstaden;2024-12-15;1;10157;
1083;Syddanmark;2024-12-16;0;10157;
1082;Midtjylland;2024-12-16;0;10157;
1085;Sjælland;2024-12-17;1;10158;
1084;Hovedstaden;2024-12-17;1;10159;
1084;Hovedstaden;2024-12-18;2;10161;
1085;Sjælland;2024-12-19;1;10162;
1084;Hovedstaden;2024-12-19;1;10163;
1083;Syddanmark;2024-12-20;1;10164;
1084;Hovedstaden;2024-12-20;1;10165;
1083;Syddanmark;2024-12-21;0;10165;
1082;Midtjylland;2024-12-21;1;10166;
1083;Syddanmark;2024-12-22;1;10167;
1085;Sjælland;2024-12-22;2;10169;
1084;Hovedstaden;2024-12-22;2;10171;
;;2024-12-23;0;10171;
1084;Hovedstaden;2024-12-24;1;10172;
1085;Sjælland;2024-12-25;1;10173;
1084;Hovedstaden;2024-12-25;1;10174;
1083;Syddanmark;2024-12-26;1;10175;
1085;Sjælland;2024-12-26;1;10176;
1081;Nordjylland;2024-12-26;1;10177;
1084;Hovedstaden;2024-12-26;3;10180;
1083;Syddanmark;2024-12-27;1;10181;
1085;Sjælland;2024-12-28;1;10182;
1084;Hovedstaden;2024-12-28;1;10183;
1084;Hovedstaden;2024-12-29;1;10184;
1083;Syddanmark;2024-12-30;1;10185;
1081;Nordjylland;2024-12-31;1;10186;
1084;Hovedstaden;2024-12-31;1;10187;
1085;Sjælland;2025-01-01;1;10188;
1084;Hovedstaden;2025-01-01;1;10189;
1083;Syddanmark;2025-01-02;1;10190;
1085;Sjælland;2025-01-02;0;10190;
1084;Hovedstaden;2025-01-02;3;10193;
;;2025-01-03;0;10193;
1085;Sjælland;2025-01-04;1;10194;
1084;Hovedstaden;2025-01-04;0;10194;
1083;Syddanmark;2025-01-05;1;10195;
1085;Sjælland;2025-01-05;2;10197;
1084;Hovedstaden;2025-01-05;2;10199;
1081;Nordjylland;2025-01-06;1;10200;
1084;Hovedstaden;2025-01-06;1;10201;
1083;Syddanmark;2025-01-07;1;10202;
1085;Sjælland;2025-01-07;1;10203;
1084;Hovedstaden;2025-01-07;1;10204;
1085;Sjælland;2025-01-08;1;10205;
1084;Hovedstaden;2025-01-08;1;10206;
1083;Syddanmark;2025-01-09;1;10207;
1085;Sjælland;2025-01-09;0;10207;
1084;Hovedstaden;2025-01-09;1;10208;
1085;Sjælland;2025-01-10;1;10209;
1082;Midtjylland;2025-01-10;1;10210;
1084;Hovedstaden;2025-01-10;1;10211;
1084;Hovedstaden;2025-01-11;1;10212;
1083;Syddanmark;2025-01-12;0;10212;
1085;Sjælland;2025-01-12;0;10212;
1081;Nordjylland;2025-01-12;1;10213;
1082;Midtjylland;2025-01-12;2;10215;
1085;Sjælland;2025-01-13;1;10216;
1084;Hovedstaden;2025-01-13;1;10217;
1083;Syddanmark;2025-01-14;1;10218;
1085;Sjælland;2025-01-14;0;10218;
1084;Hovedstaden;2025-01-14;2;10220;
1085;Sjælland;2025-01-15;0;10220;
1084;Hovedstaden;2025-01-15;2;10222;
1083;Syddanmark;2025-01-16;1;10223;
1085;Sjælland;2025-01-16;2;10225;
1084;Hovedstaden;2025-01-16;1;10226;
1084;Hovedstaden;2025-01-17;0;10226;
1083;Syddanmark;2025-01-18;1;10227;
1081;Nordjylland;2025-01-18;2;10229;
1084;Hovedstaden;2025-01-18;1;10230;
1085;Sjælland;2025-01-19;1;10231;
1083;Syddanmark;2025-01-20;2;10233;
1085;Sjælland;2025-01-20;0;10233;
1081;Nordjylland;2025-01-20;1;10234;
1085;Sjælland;2025-01-21;1;10235;
1082;Midtjylland;2025-01-21;1;10236;
1084;Hovedstaden;2025-01-21;0;10236;
1083;Syddanmark;2025-01-22;0;10236;
1084;Hovedstaden;2025-01-23;0;10236;
1084;Hovedstaden;2025-01-24;2;10238;
1084;Hovedstaden;2025-01-25;0;10238;
1083;Syddanmark;2025-01-26;2;10240;
1084;Hovedstaden;2025-01-26;0;10240;
1084;Hovedstaden;2025-01-27;2;10242;
1083;Syddanmark;2025-01-28;1;10243;
1084;Hovedstaden;2025-01-28;1;10244;
1084;Hovedstaden;2025-01-29;0;10244;
1083;Syddanmark;2025-01-30;1;10245;
1085;Sjælland;2025-01-30;0;10245;
1084;Hovedstaden;2025-01-30;0;10245;
1081;Nordjylland;2025-01-31;1;10246;
1084;Hovedstaden;2025-02-01;2;10248;
1083;Syddanmark;2025-02-02;0;10248;
1082;Midtjylland;2025-02-03;0;10248;
1084;Hovedstaden;2025-02-03;1;10249;
1085;Sjælland;2025-02-04;1;10250;
1084;Hovedstaden;2025-02-04;0;10250;
;;2025-02-05;0;10250;
;;2025-02-06;0;10250;
1084;Hovedstaden;2025-02-07;3;10253;
1083;Syddanmark;2025-02-08;1;10254;
1081;Nordjylland;2025-02-08;1;10255;
1084;Hovedstaden;2025-02-08;1;10256;
1085;Sjælland;2025-02-09;1;10257;
;;2025-02-10;0;10257;
1084;Hovedstaden;2025-02-11;0;10257;
1083;Syddanmark;2025-02-12;1;10258;
1085;Sjælland;2025-02-12;0;10258;
1084;Hovedstaden;2025-02-12;1;10259;
1085;Sjælland;2025-02-13;1;10260;
1081;Nordjylland;2025-02-13;1;10261;
1081;Nordjylland;2025-02-14;0;10261;
1084;Hovedstaden;2025-02-14;1;10262;
1085;Sjælland;2025-02-15;0;10262;
1081;Nordjylland;2025-02-15;1;10263;
1082;Midtjylland;2025-02-15;1;10264;
;;2025-02-16;0;10264;
1082;Midtjylland;2025-02-17;1;10265;
1084;Hovedstaden;2025-02-17;1;10266;
1083;Syddanmark;2025-02-18;1;10267;
1085;Sjælland;2025-02-18;0;10267;
1084;Hovedstaden;2025-02-18;1;10268;
1085;Sjælland;2025-02-19;2;10270;
1084;Hovedstaden;2025-02-19;1;10271;
1083;Syddanmark;2025-02-20;1;10272;
1085;Sjælland;2025-02-20;0;10272;
1082;Midtjylland;2025-02-20;1;10273;
1084;Hovedstaden;2025-02-20;1;10274;
1083;Syddanmark;2025-02-21;1;10275;
1081;Nordjylland;2025-02-21;1;10276;
1084;Hovedstaden;2025-02-21;1;10277;
1083;Syddanmark;2025-02-22;1;10278;
1085;Sjælland;2025-02-22;1;10279;
;;2025-02-23;0;10279;
1085;Sjælland;2025-02-24;1;10280;
1081;Nordjylland;2025-02-24;2;10282;
1081;Nordjylland;2025-02-25;1;10283;
1084;Hovedstaden;2025-02-25;1;10284;
1084;Hovedstaden;2025-02-26;0;10284;
1085;Sjælland;2025-02-27;0;10284;
1084;Hovedstaden;2025-02-27;0;10284;
1083;Syddanmark;2025-02-28;1;10285;
1085;Sjælland;2025-02-28;0;10285;
1083;Syddanmark;2025-03-01;1;10286;
1085;Sjælland;2025-03-01;0;10286;
1084;Hovedstaden;2025-03-01;0;10286;
1085;Sjælland;2025-03-02;1;10287;
1084;Hovedstaden;2025-03-02;0;10287;
;;2025-03-03;0;10287;
;;2025-03-04;0;10287;
1083;Syddanmark;2025-03-05;1;10288;
1081;Nordjylland;2025-03-05;1;10289;
1084;Hovedstaden;2025-03-05;1;10290;
1084;Hovedstaden;2025-03-06;1;10291;
1083;Syddanmark;2025-03-07;1;10292;
1081;Nordjylland;2025-03-07;1;10293;
1082;Midtjylland;2025-03-07;2;10295;
1084;Hovedstaden;2025-03-07;0;10295;
1084;Hovedstaden;2025-03-08;1;10296;
1085;Sjælland;2025-03-09;0;10296;
1083;Syddanmark;2025-03-10;1;10297;
1084;Hovedstaden;2025-03-10;1;10298;
1083;Syddanmark;2025-03-11;1;10299;
1084;Hovedstaden;2025-03-12;1;10300;
1083;Syddanmark;2025-03-13;2;10302;
1085;Sjælland;2025-03-13;0;10302;
1081;Nordjylland;2025-03-14;1;10303;
1084;Hovedstaden;2025-03-14;2;10305;
1083;Syddanmark;2025-03-15;1;10306;
1084;Hovedstaden;2025-03-16;4;10310;
1085;Sjælland;2025-03-17;0;10310;
1083;Syddanmark;2025-03-18;0;10310;
1084;Hovedstaden;2025-03-18;1;10311;
;;2025-03-19;0;10311;
;;2025-03-20;0;10311;
1083;Syddanmark;2025-03-21;0;10311;
1082;Midtjylland;2025-03-21;1;10312;
1085;Sjælland;2025-03-22;1;10313;
1085;Sjælland;2025-03-23;0;10313;
1083;Syddanmark;2025-03-24;1;10314;
1081;Nordjylland;2025-03-24;1;10315;
1084;Hovedstaden;2025-03-24;1;10316;
1081;Nordjylland;2025-03-25;0;10316;
1085;Sjælland;2025-03-26;1;10317;
1083;Syddanmark;2025-03-27;1;10318;
1083;Syddanmark;2025-03-28;0;10318;
1081;Nordjylland;2025-03-28;0;10318;
;;2025-03-29;0;10318;
;;2025-03-30;0;10318;
1083;Syddanmark;2025-03-31;0;10318;
1082;Midtjylland;2025-03-31;1;10319;
1085;Sjælland;2025-04-01;1;10320;
1084;Hovedstaden;2025-04-02;1;10321;
1085;Sjælland;2025-04-03;0;10321;
1081;Nordjylland;2025-04-03;1;10322;
1084;Hovedstaden;2025-04-03;0;10322;
1084;Hovedstaden;2025-04-04;1;10323;
;;2025-04-05;0;10323;
1084;Hovedstaden;2025-04-06;1;10324;
;;2025-04-07;0;10324;
1085;Sjælland;2025-04-08;0;10324;
1081;Nordjylland;2025-04-08;1;10325;
;;2025-04-09;0;10325;
;;2025-04-10;0;10325;
1084;Hovedstaden;2025-04-11;0;10325;
;;2025-04-12;0;10325;
;;2025-04-13;0;10325;
1084;Hovedstaden;2025-04-14;0;10325;
;;2025-04-15;0;10325;
1083;Syddanmark;2025-04-16;1;10326;
1084;Hovedstaden;2025-04-16;2;10328;
1083;Syddanmark;2025-04-17;1;10329;
1084;Hovedstaden;2025-04-17;1;10330;
1084;Hovedstaden;2025-04-18;1;10331;
;;2025-04-19;0;10331;
1084;Hovedstaden;2025-04-20;0;10331;
;;2025-04-21;0;10331;
;;2025-04-22;0;10331;
1084;Hovedstaden;2025-04-23;1;10332;
;;2025-04-24;0;10332;
;;2025-04-25;0;10332;
1085;Sjælland;2025-04-26;0;10332;
;;2025-04-27;0;10332;
;;2025-04-28;0;10332;
;;2025-04-29;0;10332;
1083;Syddanmark;2025-04-30;0;10332;
1084;Hovedstaden;2025-04-30;1;10333;
1084;Hovedstaden;2025-05-01;1;10334;
;;2025-05-02;0;10334;
;;2025-05-03;0;10334;
1084;Hovedstaden;2025-05-04;1;10335;
1081;Nordjylland;2025-05-05;0;10335;
1081;Nordjylland;2025-05-06;1;10336;
1084;Hovedstaden;2025-05-06;1;10337;
1083;Syddanmark;2025-05-07;1;10338;
;;2025-05-08;0;10338;
1084;Hovedstaden;2025-05-09;1;10339;
1081;Nordjylland;2025-05-10;0;10339;
1085;Sjælland;2025-05-11;1;10340;
;;2025-05-12;0;10340;
;;2025-05-13;0;10340;
;;2025-05-14;0;10340;
1084;Hovedstaden;2025-05-15;1;10341;
;;2025-05-16;0;10341;
1081;Nordjylland;2025-05-17;1;10342;
;;2025-05-18;0;10342;
1084;Hovedstaden;2025-05-19;1;10343;
;;2025-05-20;0;10343;
;;2025-05-21;0;10343;
;;2025-05-22;0;10343;
;;2025-05-23;0;10343;
;;2025-05-24;0;10343;
;;2025-05-25;0;10343;
1084;Hovedstaden;2025-05-26;1;10344;
1083;Syddanmark;2025-05-27;1;10345;
1084;Hovedstaden;2025-05-28;1;10346;
1083;Syddanmark;2025-05-29;1;10347;
1081;Nordjylland;2025-05-29;1;10348;
;;2025-05-30;0;10348;
;;2025-05-31;0;10348;
;;2025-06-01;0;10348;
;;2025-06-02;0;10348;
1083;Syddanmark;2025-06-03;1;10349;
;;2025-06-04;0;10349;
;;2025-06-05;0;10349;
;;2025-06-06;0;10349;
;;2025-06-07;0;10349;
;;2025-06-08;0;10349;
;;2025-06-09;0;10349;
1084;Hovedstaden;2025-06-10;1;10350;
;;2025-06-11;0;10350;
1084;Hovedstaden;2025-06-12;1;10351;
;;2025-06-13;0;10351;
1085;Sjælland;2025-06-14;1;10352;
;;2025-06-15;0;10352;
;;2025-06-16;0;10352;
;;2025-06-17;0;10352;
;;2025-06-18;0;10352;
1082;Midtjylland;2025-06-19;0;10352;
1084;Hovedstaden;2025-06-19;0;10352;
;;2025-06-20;0;10352;
;;2025-06-21;0;10352;
;;2025-06-22;0;10352;
;;2025-06-23;0;10352;
;;2025-06-24;0;10352;
;;2025-06-25;0;10352;
;;2025-06-26;0;10352;
;;2025-06-27;0;10352;
;;2025-06-28;0;10352;
1084;Hovedstaden;2025-06-29;0;10352;
;;2025-06-30;0;10352;
1081;Nordjylland;2025-07-01;1;10353;
1084;Hovedstaden;2025-07-01;1;10354;
1085;Sjælland;2025-07-02;1;10355;
;;2025-07-03;0;10355;
;;2025-07-04;0;10355;
1084;Hovedstaden;2025-07-05;1;10356;
1085;Sjælland;2025-07-06;0;10356;
;;2025-07-07;0;10356;
;;2025-07-08;0;10356;
1084;Hovedstaden;2025-07-09;1;10357;
;;2025-07-10;0;10357;
;;2025-07-11;0;10357;
1085;Sjælland;2025-07-12;1;10358;
;;2025-07-13;0;10358;
;;2025-07-14;0;10358;
;;2025-07-15;0;10358;
1084;Hovedstaden;2025-07-16;1;10359;
1084;Hovedstaden;2025-07-17;0;10359;
;;2025-07-18;0;10359;
;;2025-07-19;0;10359;
1085;Sjælland;2025-07-20;0;10359;
;;2025-07-21;0;10359;
;;2025-07-22;0;10359;
1084;Hovedstaden;2025-07-23;1;10360;
1083;Syddanmark;2025-07-24;1;10361;
1085;Sjælland;2025-07-25;0;10361;
1084;Hovedstaden;2025-07-26;1;10362;
;;2025-07-27;0;10362;
1085;Sjælland;2025-07-28;1;10363;
1085;Sjælland;2025-07-29;0;10363;
1084;Hovedstaden;2025-07-29;1;10364;
1084;Hovedstaden;2025-07-30;1;10365;
;;2025-07-31;0;10365;
1081;Nordjylland;2025-08-01;1;10366;
1084;Hovedstaden;2025-08-02;1;10367;
;;2025-08-04;0;10367;
;;2025-08-05;0;10367;
;;2025-08-06;0;10367;
;;2025-08-07;0;10367;
;;2025-08-08;0;10367;
;;2025-08-09;0;10367;
1084;Hovedstaden;2025-08-10;1;10368;
1083;Syddanmark;2025-08-11;1;10369;
1081;Nordjylland;2025-08-11;1;10370;
1085;Sjælland;2025-08-12;1;10371;
1084;Hovedstaden;2025-08-13;1;10372;
1081;Nordjylland;2025-08-14;1;10373;
1085;Sjælland;2025-08-15;1;10374;
;;2025-08-16;0;10374;
1083;Syddanmark;2025-08-17;1;10375;
;;2025-08-18;0;10375;
;;2025-08-19;0;10375;
;;2025-08-20;0;10375;
;;2025-08-21;0;10375;
;;2025-08-22;0;10375;
;;2025-08-23;0;10375;
1084;Hovedstaden;2025-08-24;1;10376;
;;2025-08-25;0;10376;
;;2025-08-26;0;10376;
;;2025-08-27;0;10376;
1081;Nordjylland;2025-08-28;0;10376;
1084;Hovedstaden;2025-08-29;1;10377;
;;2025-08-30;0;10377;
1085;Sjælland;2025-08-31;2;10379;
1085;Sjælland;2025-09-01;1;10380;
1084;Hovedstaden;2025-09-01;1;10381;
;;2025-09-02;0;10381;
;;2025-09-03;0;10381;
1085;Sjælland;2025-09-04;1;10382;
1081;Nordjylland;2025-09-05;1;10383;
1084;Hovedstaden;2025-09-05;1;10384;
;;2025-09-06;0;10384;
1085;Sjælland;2025-09-07;2;10386;
1084;Hovedstaden;2025-09-07;1;10387;
;;2025-09-08;0;10387;
;;2025-09-09;0;10387;
1084;Hovedstaden;2025-09-10;1;10388;
1084;Hovedstaden;2025-09-11;1;10389;
;;2025-09-12;0;10389;
1082;Midtjylland;2025-09-13;1;10390;
1084;Hovedstaden;2025-09-14;1;10391;
1083;Syddanmark;2025-09-15;1;10392;
;;2025-09-16;0;10392;
1084;Hovedstaden;2025-09-17;1;10393;
1082;Midtjylland;2025-09-18;1;10394;
1084;Hovedstaden;2025-09-19;1;10395;
1083;Syddanmark;2025-09-20;1;10396;
1081;Nordjylland;2025-09-20;1;10397;
1084;Hovedstaden;2025-09-20;0;10397;
1084;Hovedstaden;2025-09-21;1;10398;
1085;Sjælland;2025-09-22;1;10399;
1081;Nordjylland;2025-09-23;0;10399;
1081;Nordjylland;2025-09-24;1;10400;
1084;Hovedstaden;2025-09-24;1;10401;
1081;Nordjylland;2025-09-25;1;10402;
1084;Hovedstaden;2025-09-25;1;10403;
1083;Syddanmark;2025-09-26;0;10403;
;;2025-09-27;0;10403;
;;2025-09-28;0;10403;
1085;Sjælland;2025-09-29;1;10404;
;;2025-09-30;0;10404;
1084;Hovedstaden;2025-10-01;2;10406;
;;2025-10-02;0;10406;
1083;Syddanmark;2025-10-03;1;10407;
1082;Midtjylland;2025-10-03;1;10408;
1081;Nordjylland;2025-10-04;1;10409;
1082;Midtjylland;2025-10-04;1;10410;
1081;Nordjylland;2025-10-05;1;10411;
1084;Hovedstaden;2025-10-05;1;10412;
;;2025-10-06;0;10412;
1084;Hovedstaden;2025-10-07;1;10413;
1082;Midtjylland;2025-10-08;1;10414;
1081;Nordjylland;2025-10-09;1;10415;
1084;Hovedstaden;2025-10-09;1;10416;
;;2025-10-10;0;10416;
1085;Sjælland;2025-10-11;1;10417;
1084;Hovedstaden;2025-10-11;1;10418;
1081;Nordjylland;2025-10-12;1;10419;
;;2025-10-13;0;10419;
1082;Midtjylland;2025-10-14;0;10419;
1083;Syddanmark;2025-10-15;0;10419;
1084;Hovedstaden;2025-10-15;2;10421;
1085;Sjælland;2025-10-16;1;10422;
1083;Syddanmark;2025-10-17;1;10423;
;;2025-10-18;0;10423;
1081;Nordjylland;2025-10-19;2;10425;
1084;Hovedstaden;2025-10-19;1;10426;
1081;Nordjylland;2025-10-20;2;10428;
