"Uge";"Regionskode";"Region";"Antal tilfælde";"Antal borgere";"Type af tilfælde";"type_count";"timestamp_2025-10-21T10:00:08.562"
2020-U09;1084;Hovedstaden;0;1857623;Første reinfektion;2;
2020-U09;1084;Hovedstaden;0;1857623;To eller flere reinfektioner;3;
2020-U09;1084;Hovedstaden;2;1857623;Første infektion;1;
2020-U09;1082;Midtjylland;0;1336749;Første reinfektion;2;
2020-U09;1082;Midtjylland;0;1336749;To eller flere reinfektioner;3;
2020-U09;1082;Midtjylland;1;1336749;Første infektion;1;
2020-U09;1085;Sjælland;0;843578;Første reinfektion;2;
2020-U09;1085;Sjælland;0;843578;To eller flere reinfektioner;3;
2020-U09;1085;Sjælland;1;843578;Første infektion;1;
2020-U10;1084;Hovedstaden;0;1859789;Første reinfektion;2;
2020-U10;1084;Hovedstaden;0;1859789;To eller flere reinfektioner;3;
2020-U10;1084;Hovedstaden;38;1859789;Første infektion;1;
2020-U10;1082;Midtjylland;0;1338101;Første reinfektion;2;
2020-U10;1082;Midtjylland;0;1338101;To eller flere reinfektioner;3;
2020-U10;1082;Midtjylland;23;1338101;Første infektion;1;
2020-U10;1081;Nordjylland;0;595334;Første reinfektion;2;
2020-U10;1081;Nordjylland;0;595334;To eller flere reinfektioner;3;
2020-U10;1081;Nordjylland;2;595334;Første infektion;1;
2020-U10;1085;Sjælland;0;843505;Første reinfektion;2;
2020-U10;1085;Sjælland;0;843505;To eller flere reinfektioner;3;
2020-U10;1085;Sjælland;7;843505;Første infektion;1;
2020-U10;1083;Syddanmark;0;1233532;Første reinfektion;2;
2020-U10;1083;Syddanmark;0;1233532;To eller flere reinfektioner;3;
2020-U10;1083;Syddanmark;9;1233532;Første infektion;1;
2020-U11;1084;Hovedstaden;0;1859789;Første reinfektion;2;
2020-U11;1084;Hovedstaden;0;1859789;To eller flere reinfektioner;3;
2020-U11;1084;Hovedstaden;348;1859789;Første infektion;1;
2020-U11;1082;Midtjylland;0;1338101;Første reinfektion;2;
2020-U11;1082;Midtjylland;0;1338101;To eller flere reinfektioner;3;
2020-U11;1082;Midtjylland;165;1338101;Første infektion;1;
2020-U11;1081;Nordjylland;0;595334;Første reinfektion;2;
2020-U11;1081;Nordjylland;0;595334;To eller flere reinfektioner;3;
2020-U11;1081;Nordjylland;52;595334;Første infektion;1;
2020-U11;1085;Sjælland;0;843505;Første reinfektion;2;
2020-U11;1085;Sjælland;0;843505;To eller flere reinfektioner;3;
2020-U11;1085;Sjælland;115;843505;Første infektion;1;
2020-U11;1083;Syddanmark;0;1233532;Første reinfektion;2;
2020-U11;1083;Syddanmark;0;1233532;To eller flere reinfektioner;3;
2020-U11;1083;Syddanmark;135;1233532;Første infektion;1;
2020-U12;1084;Hovedstaden;0;1859789;Første reinfektion;2;
2020-U12;1084;Hovedstaden;0;1859789;To eller flere reinfektioner;3;
2020-U12;1084;Hovedstaden;319;1859789;Første infektion;1;
2020-U12;1082;Midtjylland;0;1338101;Første reinfektion;2;
2020-U12;1082;Midtjylland;0;1338101;To eller flere reinfektioner;3;
2020-U12;1082;Midtjylland;66;1338101;Første infektion;1;
2020-U12;1081;Nordjylland;0;595334;Første reinfektion;2;
2020-U12;1081;Nordjylland;0;595334;To eller flere reinfektioner;3;
2020-U12;1081;Nordjylland;24;595334;Første infektion;1;
2020-U12;1085;Sjælland;0;843505;Første reinfektion;2;
2020-U12;1085;Sjælland;0;843505;To eller flere reinfektioner;3;
2020-U12;1085;Sjælland;83;843505;Første infektion;1;
2020-U12;1083;Syddanmark;0;1233532;Første reinfektion;2;
2020-U12;1083;Syddanmark;0;1233532;To eller flere reinfektioner;3;
2020-U12;1083;Syddanmark;57;1233532;Første infektion;1;
2020-U13;1084;Hovedstaden;0;1859789;Første reinfektion;2;
2020-U13;1084;Hovedstaden;0;1859789;To eller flere reinfektioner;3;
2020-U13;1084;Hovedstaden;627;1859789;Første infektion;1;
2020-U13;1082;Midtjylland;0;1338101;Første reinfektion;2;
2020-U13;1082;Midtjylland;0;1338101;To eller flere reinfektioner;3;
2020-U13;1082;Midtjylland;139;1338101;Første infektion;1;
2020-U13;1081;Nordjylland;0;595334;Første reinfektion;2;
2020-U13;1081;Nordjylland;0;595334;To eller flere reinfektioner;3;
2020-U13;1081;Nordjylland;66;595334;Første infektion;1;
2020-U13;1085;Sjælland;0;843505;Første reinfektion;2;
2020-U13;1085;Sjælland;0;843505;To eller flere reinfektioner;3;
2020-U13;1085;Sjælland;147;843505;Første infektion;1;
2020-U13;1083;Syddanmark;0;1233532;Første reinfektion;2;
2020-U13;1083;Syddanmark;0;1233532;To eller flere reinfektioner;3;
2020-U13;1083;Syddanmark;142;1233532;Første infektion;1;
2020-U14;1084;Hovedstaden;0;1859789;Første reinfektion;2;
2020-U14;1084;Hovedstaden;0;1859789;To eller flere reinfektioner;3;
2020-U14;1084;Hovedstaden;1175;1859789;Første infektion;1;
2020-U14;1082;Midtjylland;0;1338101;Første reinfektion;2;
2020-U14;1082;Midtjylland;0;1338101;To eller flere reinfektioner;3;
2020-U14;1082;Midtjylland;311;1338101;Første infektion;1;
2020-U14;1081;Nordjylland;0;595334;Første reinfektion;2;
2020-U14;1081;Nordjylland;0;595334;To eller flere reinfektioner;3;
2020-U14;1081;Nordjylland;111;595334;Første infektion;1;
2020-U14;1085;Sjælland;0;843505;Første reinfektion;2;
2020-U14;1085;Sjælland;0;843505;To eller flere reinfektioner;3;
2020-U14;1085;Sjælland;287;843505;Første infektion;1;
2020-U14;1083;Syddanmark;0;1233532;Første reinfektion;2;
2020-U14;1083;Syddanmark;0;1233532;To eller flere reinfektioner;3;
2020-U14;1083;Syddanmark;238;1233532;Første infektion;1;
2020-U15;1084;Hovedstaden;0;1860038;Første reinfektion;2;
2020-U15;1084;Hovedstaden;0;1860038;To eller flere reinfektioner;3;
2020-U15;1084;Hovedstaden;893;1860038;Første infektion;1;
2020-U15;1082;Midtjylland;0;1338319;Første reinfektion;2;
2020-U15;1082;Midtjylland;0;1338319;To eller flere reinfektioner;3;
2020-U15;1082;Midtjylland;280;1338319;Første infektion;1;
2020-U15;1081;Nordjylland;0;594976;Første reinfektion;2;
2020-U15;1081;Nordjylland;0;594976;To eller flere reinfektioner;3;
2020-U15;1081;Nordjylland;62;594976;Første infektion;1;
2020-U15;1085;Sjælland;0;843819;Første reinfektion;2;
2020-U15;1085;Sjælland;0;843819;To eller flere reinfektioner;3;
2020-U15;1085;Sjælland;240;843819;Første infektion;1;
2020-U15;1083;Syddanmark;0;1234119;Første reinfektion;2;
2020-U15;1083;Syddanmark;0;1234119;To eller flere reinfektioner;3;
2020-U15;1083;Syddanmark;145;1234119;Første infektion;1;
2020-U16;1084;Hovedstaden;0;1860038;Første reinfektion;2;
2020-U16;1084;Hovedstaden;0;1860038;To eller flere reinfektioner;3;
2020-U16;1084;Hovedstaden;641;1860038;Første infektion;1;
2020-U16;1082;Midtjylland;0;1338319;Første reinfektion;2;
2020-U16;1082;Midtjylland;0;1338319;To eller flere reinfektioner;3;
2020-U16;1082;Midtjylland;199;1338319;Første infektion;1;
2020-U16;1081;Nordjylland;0;594976;Første reinfektion;2;
2020-U16;1081;Nordjylland;0;594976;To eller flere reinfektioner;3;
2020-U16;1081;Nordjylland;28;594976;Første infektion;1;
2020-U16;1085;Sjælland;0;843819;Første reinfektion;2;
2020-U16;1085;Sjælland;0;843819;To eller flere reinfektioner;3;
2020-U16;1085;Sjælland;216;843819;Første infektion;1;
2020-U16;1083;Syddanmark;0;1234119;Første reinfektion;2;
2020-U16;1083;Syddanmark;0;1234119;To eller flere reinfektioner;3;
2020-U16;1083;Syddanmark;79;1234119;Første infektion;1;
2020-U17;1084;Hovedstaden;0;1860038;Første reinfektion;2;
2020-U17;1084;Hovedstaden;0;1860038;To eller flere reinfektioner;3;
2020-U17;1084;Hovedstaden;781;1860038;Første infektion;1;
2020-U17;1082;Midtjylland;0;1338319;Første reinfektion;2;
2020-U17;1082;Midtjylland;0;1338319;To eller flere reinfektioner;3;
2020-U17;1082;Midtjylland;176;1338319;Første infektion;1;
2020-U17;1081;Nordjylland;0;594976;Første reinfektion;2;
2020-U17;1081;Nordjylland;0;594976;To eller flere reinfektioner;3;
2020-U17;1081;Nordjylland;30;594976;Første infektion;1;
2020-U17;1085;Sjælland;0;843819;Første reinfektion;2;
2020-U17;1085;Sjælland;0;843819;To eller flere reinfektioner;3;
2020-U17;1085;Sjælland;240;843819;Første infektion;1;
2020-U17;1083;Syddanmark;0;1234119;Første reinfektion;2;
2020-U17;1083;Syddanmark;0;1234119;To eller flere reinfektioner;3;
2020-U17;1083;Syddanmark;48;1234119;Første infektion;1;
2020-U18;1084;Hovedstaden;0;1860038;Første reinfektion;2;
2020-U18;1084;Hovedstaden;0;1860038;To eller flere reinfektioner;3;
2020-U18;1084;Hovedstaden;585;1860038;Første infektion;1;
2020-U18;1082;Midtjylland;0;1338319;Første reinfektion;2;
2020-U18;1082;Midtjylland;0;1338319;To eller flere reinfektioner;3;
2020-U18;1082;Midtjylland;115;1338319;Første infektion;1;
2020-U18;1081;Nordjylland;0;594976;Første reinfektion;2;
2020-U18;1081;Nordjylland;0;594976;To eller flere reinfektioner;3;
2020-U18;1081;Nordjylland;36;594976;Første infektion;1;
2020-U18;1085;Sjælland;0;843819;Første reinfektion;2;
2020-U18;1085;Sjælland;0;843819;To eller flere reinfektioner;3;
2020-U18;1085;Sjælland;207;843819;Første infektion;1;
2020-U18;1083;Syddanmark;0;1234119;Første reinfektion;2;
2020-U18;1083;Syddanmark;0;1234119;To eller flere reinfektioner;3;
2020-U18;1083;Syddanmark;28;1234119;Første infektion;1;
2020-U19;1084;Hovedstaden;0;1860250;Første reinfektion;2;
2020-U19;1084;Hovedstaden;0;1860250;To eller flere reinfektioner;3;
2020-U19;1084;Hovedstaden;441;1860250;Første infektion;1;
2020-U19;1082;Midtjylland;0;1338917;Første reinfektion;2;
2020-U19;1082;Midtjylland;0;1338917;To eller flere reinfektioner;3;
2020-U19;1082;Midtjylland;44;1338917;Første infektion;1;
2020-U19;1081;Nordjylland;0;595179;Første reinfektion;2;
2020-U19;1081;Nordjylland;0;595179;To eller flere reinfektioner;3;
2020-U19;1081;Nordjylland;8;595179;Første infektion;1;
2020-U19;1085;Sjælland;0;844140;Første reinfektion;2;
2020-U19;1085;Sjælland;0;844140;To eller flere reinfektioner;3;
2020-U19;1085;Sjælland;137;844140;Første infektion;1;
2020-U19;1083;Syddanmark;0;1234629;Første reinfektion;2;
2020-U19;1083;Syddanmark;0;1234629;To eller flere reinfektioner;3;
2020-U19;1083;Syddanmark;21;1234629;Første infektion;1;
2020-U20;1084;Hovedstaden;0;1860250;Første reinfektion;2;
2020-U20;1084;Hovedstaden;0;1860250;To eller flere reinfektioner;3;
2020-U20;1084;Hovedstaden;266;1860250;Første infektion;1;
2020-U20;1082;Midtjylland;0;1338917;Første reinfektion;2;
2020-U20;1082;Midtjylland;0;1338917;To eller flere reinfektioner;3;
2020-U20;1082;Midtjylland;28;1338917;Første infektion;1;
2020-U20;1081;Nordjylland;0;595179;Første reinfektion;2;
2020-U20;1081;Nordjylland;0;595179;To eller flere reinfektioner;3;
2020-U20;1081;Nordjylland;5;595179;Første infektion;1;
2020-U20;1085;Sjælland;0;844140;Første reinfektion;2;
2020-U20;1085;Sjælland;0;844140;To eller flere reinfektioner;3;
2020-U20;1085;Sjælland;77;844140;Første infektion;1;
2020-U20;1083;Syddanmark;0;1234629;Første reinfektion;2;
2020-U20;1083;Syddanmark;0;1234629;To eller flere reinfektioner;3;
2020-U20;1083;Syddanmark;52;1234629;Første infektion;1;
2020-U21;1084;Hovedstaden;0;1860250;To eller flere reinfektioner;3;
2020-U21;1084;Hovedstaden;2;1860250;Første reinfektion;2;
2020-U21;1084;Hovedstaden;274;1860250;Første infektion;1;
2020-U21;1082;Midtjylland;0;1338917;To eller flere reinfektioner;3;
2020-U21;1082;Midtjylland;1;1338917;Første reinfektion;2;
2020-U21;1082;Midtjylland;18;1338917;Første infektion;1;
2020-U21;1081;Nordjylland;0;595179;Første reinfektion;2;
2020-U21;1081;Nordjylland;0;595179;To eller flere reinfektioner;3;
2020-U21;1081;Nordjylland;6;595179;Første infektion;1;
2020-U21;1085;Sjælland;0;844140;Første reinfektion;2;
2020-U21;1085;Sjælland;0;844140;To eller flere reinfektioner;3;
2020-U21;1085;Sjælland;55;844140;Første infektion;1;
2020-U21;1083;Syddanmark;0;1234629;To eller flere reinfektioner;3;
2020-U21;1083;Syddanmark;1;1234629;Første reinfektion;2;
2020-U21;1083;Syddanmark;22;1234629;Første infektion;1;
2020-U22;1084;Hovedstaden;0;1860250;Første reinfektion;2;
2020-U22;1084;Hovedstaden;0;1860250;To eller flere reinfektioner;3;
2020-U22;1084;Hovedstaden;226;1860250;Første infektion;1;
2020-U22;1082;Midtjylland;0;1338917;Første reinfektion;2;
2020-U22;1082;Midtjylland;0;1338917;To eller flere reinfektioner;3;
2020-U22;1082;Midtjylland;5;1338917;Første infektion;1;
2020-U22;1081;Nordjylland;0;595179;Første reinfektion;2;
2020-U22;1081;Nordjylland;0;595179;To eller flere reinfektioner;3;
2020-U22;1081;Nordjylland;3;595179;Første infektion;1;
2020-U22;1085;Sjælland;0;844140;Første reinfektion;2;
2020-U22;1085;Sjælland;0;844140;To eller flere reinfektioner;3;
2020-U22;1085;Sjælland;53;844140;Første infektion;1;
2020-U22;1083;Syddanmark;0;1234629;Første reinfektion;2;
2020-U22;1083;Syddanmark;0;1234629;To eller flere reinfektioner;3;
2020-U22;1083;Syddanmark;13;1234629;Første infektion;1;
2020-U23;1084;Hovedstaden;0;1851451;To eller flere reinfektioner;3;
2020-U23;1084;Hovedstaden;1;1851451;Første reinfektion;2;
2020-U23;1084;Hovedstaden;165;1851451;Første infektion;1;
2020-U23;1082;Midtjylland;0;1332641;Første reinfektion;2;
2020-U23;1082;Midtjylland;0;1332641;To eller flere reinfektioner;3;
2020-U23;1082;Midtjylland;9;1332641;Første infektion;1;
2020-U23;1085;Sjælland;0;840424;Første reinfektion;2;
2020-U23;1085;Sjælland;0;840424;To eller flere reinfektioner;3;
2020-U23;1085;Sjælland;54;840424;Første infektion;1;
2020-U23;1083;Syddanmark;0;1228736;To eller flere reinfektioner;3;
2020-U23;1083;Syddanmark;1;1228736;Første reinfektion;2;
2020-U23;1083;Syddanmark;13;1228736;Første infektion;1;
2020-U24;1084;Hovedstaden;0;1851451;To eller flere reinfektioner;3;
2020-U24;1084;Hovedstaden;4;1851451;Første reinfektion;2;
2020-U24;1084;Hovedstaden;159;1851451;Første infektion;1;
2020-U24;1082;Midtjylland;0;1332641;To eller flere reinfektioner;3;
2020-U24;1082;Midtjylland;2;1332641;Første reinfektion;2;
2020-U24;1082;Midtjylland;13;1332641;Første infektion;1;
2020-U24;1081;Nordjylland;0;592285;Første reinfektion;2;
2020-U24;1081;Nordjylland;0;592285;To eller flere reinfektioner;3;
2020-U24;1081;Nordjylland;45;592285;Første infektion;1;
2020-U24;1085;Sjælland;0;840424;Første reinfektion;2;
2020-U24;1085;Sjælland;0;840424;To eller flere reinfektioner;3;
2020-U24;1085;Sjælland;34;840424;Første infektion;1;
2020-U24;1083;Syddanmark;0;1228736;To eller flere reinfektioner;3;
2020-U24;1083;Syddanmark;1;1228736;Første reinfektion;2;
2020-U24;1083;Syddanmark;12;1228736;Første infektion;1;
2020-U25;1084;Hovedstaden;0;1851451;To eller flere reinfektioner;3;
2020-U25;1084;Hovedstaden;5;1851451;Første reinfektion;2;
2020-U25;1084;Hovedstaden;211;1851451;Første infektion;1;
2020-U25;1082;Midtjylland;0;1332641;To eller flere reinfektioner;3;
2020-U25;1082;Midtjylland;1;1332641;Første reinfektion;2;
2020-U25;1082;Midtjylland;15;1332641;Første infektion;1;
2020-U25;1081;Nordjylland;0;592285;Første reinfektion;2;
2020-U25;1081;Nordjylland;0;592285;To eller flere reinfektioner;3;
2020-U25;1081;Nordjylland;34;592285;Første infektion;1;
2020-U25;1085;Sjælland;0;840424;To eller flere reinfektioner;3;
2020-U25;1085;Sjælland;1;840424;Første reinfektion;2;
2020-U25;1085;Sjælland;49;840424;Første infektion;1;
2020-U25;1083;Syddanmark;0;1228736;To eller flere reinfektioner;3;
2020-U25;1083;Syddanmark;1;1228736;Første reinfektion;2;
2020-U25;1083;Syddanmark;5;1228736;Første infektion;1;
2020-U26;1084;Hovedstaden;0;1851451;To eller flere reinfektioner;3;
2020-U26;1084;Hovedstaden;3;1851451;Første reinfektion;2;
2020-U26;1084;Hovedstaden;102;1851451;Første infektion;1;
2020-U26;1082;Midtjylland;0;1332641;Første reinfektion;2;
2020-U26;1082;Midtjylland;0;1332641;To eller flere reinfektioner;3;
2020-U26;1082;Midtjylland;22;1332641;Første infektion;1;
2020-U26;1081;Nordjylland;0;592285;Første reinfektion;2;
2020-U26;1081;Nordjylland;0;592285;To eller flere reinfektioner;3;
2020-U26;1081;Nordjylland;41;592285;Første infektion;1;
2020-U26;1085;Sjælland;0;840424;To eller flere reinfektioner;3;
2020-U26;1085;Sjælland;1;840424;Første reinfektion;2;
2020-U26;1085;Sjælland;11;840424;Første infektion;1;
2020-U26;1083;Syddanmark;0;1228736;Første reinfektion;2;
2020-U26;1083;Syddanmark;0;1228736;To eller flere reinfektioner;3;
2020-U26;1083;Syddanmark;10;1228736;Første infektion;1;
2020-U27;1084;Hovedstaden;0;1851451;To eller flere reinfektioner;3;
2020-U27;1084;Hovedstaden;4;1851451;Første reinfektion;2;
2020-U27;1084;Hovedstaden;78;1851451;Første infektion;1;
2020-U27;1082;Midtjylland;0;1332641;To eller flere reinfektioner;3;
2020-U27;1082;Midtjylland;1;1332641;Første reinfektion;2;
2020-U27;1082;Midtjylland;8;1332641;Første infektion;1;
2020-U27;1081;Nordjylland;0;592285;Første reinfektion;2;
2020-U27;1081;Nordjylland;0;592285;To eller flere reinfektioner;3;
2020-U27;1081;Nordjylland;17;592285;Første infektion;1;
2020-U27;1085;Sjælland;0;840424;To eller flere reinfektioner;3;
2020-U27;1085;Sjælland;2;840424;Første reinfektion;2;
2020-U27;1085;Sjælland;6;840424;Første infektion;1;
2020-U27;1083;Syddanmark;0;1228736;Første reinfektion;2;
2020-U27;1083;Syddanmark;0;1228736;To eller flere reinfektioner;3;
2020-U27;1083;Syddanmark;6;1228736;Første infektion;1;
2020-U28;1084;Hovedstaden;0;1851037;To eller flere reinfektioner;3;
2020-U28;1084;Hovedstaden;2;1851037;Første reinfektion;2;
2020-U28;1084;Hovedstaden;112;1851037;Første infektion;1;
2020-U28;1082;Midtjylland;0;1332322;Første reinfektion;2;
2020-U28;1082;Midtjylland;0;1332322;To eller flere reinfektioner;3;
2020-U28;1082;Midtjylland;7;1332322;Første infektion;1;
2020-U28;1081;Nordjylland;0;592317;Første reinfektion;2;
2020-U28;1081;Nordjylland;0;592317;To eller flere reinfektioner;3;
2020-U28;1081;Nordjylland;18;592317;Første infektion;1;
2020-U28;1085;Sjælland;0;840610;To eller flere reinfektioner;3;
2020-U28;1085;Sjælland;2;840610;Første reinfektion;2;
2020-U28;1085;Sjælland;23;840610;Første infektion;1;
2020-U28;1083;Syddanmark;0;1228287;Første reinfektion;2;
2020-U28;1083;Syddanmark;0;1228287;To eller flere reinfektioner;3;
2020-U28;1083;Syddanmark;8;1228287;Første infektion;1;
2020-U29;1084;Hovedstaden;0;1851037;To eller flere reinfektioner;3;
2020-U29;1084;Hovedstaden;4;1851037;Første reinfektion;2;
2020-U29;1084;Hovedstaden;165;1851037;Første infektion;1;
2020-U29;1082;Midtjylland;0;1332322;Første reinfektion;2;
2020-U29;1082;Midtjylland;0;1332322;To eller flere reinfektioner;3;
2020-U29;1082;Midtjylland;20;1332322;Første infektion;1;
2020-U29;1081;Nordjylland;0;592317;To eller flere reinfektioner;3;
2020-U29;1081;Nordjylland;1;592317;Første reinfektion;2;
2020-U29;1081;Nordjylland;7;592317;Første infektion;1;
2020-U29;1085;Sjælland;0;840610;To eller flere reinfektioner;3;
2020-U29;1085;Sjælland;1;840610;Første reinfektion;2;
2020-U29;1085;Sjælland;56;840610;Første infektion;1;
2020-U29;1083;Syddanmark;0;1228287;Første reinfektion;2;
2020-U29;1083;Syddanmark;0;1228287;To eller flere reinfektioner;3;
2020-U29;1083;Syddanmark;13;1228287;Første infektion;1;
2020-U30;1084;Hovedstaden;0;1851037;To eller flere reinfektioner;3;
2020-U30;1084;Hovedstaden;3;1851037;Første reinfektion;2;
2020-U30;1084;Hovedstaden;148;1851037;Første infektion;1;
2020-U30;1082;Midtjylland;0;1332322;Første reinfektion;2;
2020-U30;1082;Midtjylland;0;1332322;To eller flere reinfektioner;3;
2020-U30;1082;Midtjylland;24;1332322;Første infektion;1;
2020-U30;1081;Nordjylland;0;592317;Første reinfektion;2;
2020-U30;1081;Nordjylland;0;592317;To eller flere reinfektioner;3;
2020-U30;1081;Nordjylland;13;592317;Første infektion;1;
2020-U30;1085;Sjælland;0;840610;To eller flere reinfektioner;3;
2020-U30;1085;Sjælland;1;840610;Første reinfektion;2;
2020-U30;1085;Sjælland;35;840610;Første infektion;1;
2020-U30;1083;Syddanmark;0;1228287;Første reinfektion;2;
2020-U30;1083;Syddanmark;0;1228287;To eller flere reinfektioner;3;
2020-U30;1083;Syddanmark;19;1228287;Første infektion;1;
2020-U31;1084;Hovedstaden;0;1851037;To eller flere reinfektioner;3;
2020-U31;1084;Hovedstaden;2;1851037;Første reinfektion;2;
2020-U31;1084;Hovedstaden;144;1851037;Første infektion;1;
2020-U31;1082;Midtjylland;0;1332322;Første reinfektion;2;
2020-U31;1082;Midtjylland;0;1332322;To eller flere reinfektioner;3;
2020-U31;1082;Midtjylland;136;1332322;Første infektion;1;
2020-U31;1081;Nordjylland;0;592317;Første reinfektion;2;
2020-U31;1081;Nordjylland;0;592317;To eller flere reinfektioner;3;
2020-U31;1081;Nordjylland;28;592317;Første infektion;1;
2020-U31;1085;Sjælland;0;840610;Første reinfektion;2;
2020-U31;1085;Sjælland;0;840610;To eller flere reinfektioner;3;
2020-U31;1085;Sjælland;123;840610;Første infektion;1;
2020-U31;1083;Syddanmark;0;1228287;Første reinfektion;2;
2020-U31;1083;Syddanmark;0;1228287;To eller flere reinfektioner;3;
2020-U31;1083;Syddanmark;50;1228287;Første infektion;1;
2020-U32;1084;Hovedstaden;0;1852050;To eller flere reinfektioner;3;
2020-U32;1084;Hovedstaden;1;1852050;Første reinfektion;2;
2020-U32;1084;Hovedstaden;190;1852050;Første infektion;1;
2020-U32;1082;Midtjylland;0;1333249;To eller flere reinfektioner;3;
2020-U32;1082;Midtjylland;1;1333249;Første reinfektion;2;
2020-U32;1082;Midtjylland;491;1333249;Første infektion;1;
2020-U32;1081;Nordjylland;0;592437;Første reinfektion;2;
2020-U32;1081;Nordjylland;0;592437;To eller flere reinfektioner;3;
2020-U32;1081;Nordjylland;32;592437;Første infektion;1;
2020-U32;1085;Sjælland;0;841006;Første reinfektion;2;
2020-U32;1085;Sjælland;0;841006;To eller flere reinfektioner;3;
2020-U32;1085;Sjælland;109;841006;Første infektion;1;
2020-U32;1083;Syddanmark;0;1228665;Første reinfektion;2;
2020-U32;1083;Syddanmark;0;1228665;To eller flere reinfektioner;3;
2020-U32;1083;Syddanmark;61;1228665;Første infektion;1;
2020-U33;1084;Hovedstaden;0;1852050;To eller flere reinfektioner;3;
2020-U33;1084;Hovedstaden;6;1852050;Første reinfektion;2;
2020-U33;1084;Hovedstaden;268;1852050;Første infektion;1;
2020-U33;1082;Midtjylland;0;1333249;To eller flere reinfektioner;3;
2020-U33;1082;Midtjylland;1;1333249;Første reinfektion;2;
2020-U33;1082;Midtjylland;426;1333249;Første infektion;1;
2020-U33;1081;Nordjylland;0;592437;Første reinfektion;2;
2020-U33;1081;Nordjylland;0;592437;To eller flere reinfektioner;3;
2020-U33;1081;Nordjylland;58;592437;Første infektion;1;
2020-U33;1085;Sjælland;0;841006;Første reinfektion;2;
2020-U33;1085;Sjælland;0;841006;To eller flere reinfektioner;3;
2020-U33;1085;Sjælland;62;841006;Første infektion;1;
2020-U33;1083;Syddanmark;0;1228665;To eller flere reinfektioner;3;
2020-U33;1083;Syddanmark;1;1228665;Første reinfektion;2;
2020-U33;1083;Syddanmark;72;1228665;Første infektion;1;
2020-U34;1084;Hovedstaden;0;1852050;To eller flere reinfektioner;3;
2020-U34;1084;Hovedstaden;2;1852050;Første reinfektion;2;
2020-U34;1084;Hovedstaden;208;1852050;Første infektion;1;
2020-U34;1082;Midtjylland;0;1333249;Første reinfektion;2;
2020-U34;1082;Midtjylland;0;1333249;To eller flere reinfektioner;3;
2020-U34;1082;Midtjylland;220;1333249;Første infektion;1;
2020-U34;1081;Nordjylland;0;592437;Første reinfektion;2;
2020-U34;1081;Nordjylland;0;592437;To eller flere reinfektioner;3;
2020-U34;1081;Nordjylland;48;592437;Første infektion;1;
2020-U34;1085;Sjælland;0;841006;Første reinfektion;2;
2020-U34;1085;Sjælland;0;841006;To eller flere reinfektioner;3;
2020-U34;1085;Sjælland;49;841006;Første infektion;1;
2020-U34;1083;Syddanmark;0;1228665;Første reinfektion;2;
2020-U34;1083;Syddanmark;0;1228665;To eller flere reinfektioner;3;
2020-U34;1083;Syddanmark;93;1228665;Første infektion;1;
2020-U35;1084;Hovedstaden;1;1852050;To eller flere reinfektioner;3;
2020-U35;1084;Hovedstaden;3;1852050;Første reinfektion;2;
2020-U35;1084;Hovedstaden;249;1852050;Første infektion;1;
2020-U35;1082;Midtjylland;0;1333249;Første reinfektion;2;
2020-U35;1082;Midtjylland;0;1333249;To eller flere reinfektioner;3;
2020-U35;1082;Midtjylland;156;1333249;Første infektion;1;
2020-U35;1081;Nordjylland;0;592437;Første reinfektion;2;
2020-U35;1081;Nordjylland;0;592437;To eller flere reinfektioner;3;
2020-U35;1081;Nordjylland;49;592437;Første infektion;1;
2020-U35;1085;Sjælland;0;841006;To eller flere reinfektioner;3;
2020-U35;1085;Sjælland;1;841006;Første reinfektion;2;
2020-U35;1085;Sjælland;42;841006;Første infektion;1;
2020-U35;1083;Syddanmark;0;1228665;Første reinfektion;2;
2020-U35;1083;Syddanmark;0;1228665;To eller flere reinfektioner;3;
2020-U35;1083;Syddanmark;96;1228665;Første infektion;1;
2020-U36;1084;Hovedstaden;0;1852050;To eller flere reinfektioner;3;
2020-U36;1084;Hovedstaden;2;1852050;Første reinfektion;2;
2020-U36;1084;Hovedstaden;725;1852050;Første infektion;1;
2020-U36;1082;Midtjylland;0;1333249;To eller flere reinfektioner;3;
2020-U36;1082;Midtjylland;1;1333249;Første reinfektion;2;
2020-U36;1082;Midtjylland;134;1333249;Første infektion;1;
2020-U36;1081;Nordjylland;0;592437;To eller flere reinfektioner;3;
2020-U36;1081;Nordjylland;1;592437;Første reinfektion;2;
2020-U36;1081;Nordjylland;67;592437;Første infektion;1;
2020-U36;1085;Sjælland;0;841006;Første reinfektion;2;
2020-U36;1085;Sjælland;0;841006;To eller flere reinfektioner;3;
2020-U36;1085;Sjælland;112;841006;Første infektion;1;
2020-U36;1083;Syddanmark;0;1228665;To eller flere reinfektioner;3;
2020-U36;1083;Syddanmark;1;1228665;Første reinfektion;2;
2020-U36;1083;Syddanmark;240;1228665;Første infektion;1;
2020-U37;1084;Hovedstaden;0;1852254;To eller flere reinfektioner;3;
2020-U37;1084;Hovedstaden;2;1852254;Første reinfektion;2;
2020-U37;1084;Hovedstaden;1181;1852254;Første infektion;1;
2020-U37;1082;Midtjylland;0;1333158;Første reinfektion;2;
2020-U37;1082;Midtjylland;0;1333158;To eller flere reinfektioner;3;
2020-U37;1082;Midtjylland;233;1333158;Første infektion;1;
2020-U37;1081;Nordjylland;0;592376;Første reinfektion;2;
2020-U37;1081;Nordjylland;0;592376;To eller flere reinfektioner;3;
2020-U37;1081;Nordjylland;233;592376;Første infektion;1;
2020-U37;1085;Sjælland;0;841352;Første reinfektion;2;
2020-U37;1085;Sjælland;0;841352;To eller flere reinfektioner;3;
2020-U37;1085;Sjælland;251;841352;Første infektion;1;
2020-U37;1083;Syddanmark;0;1228078;Første reinfektion;2;
2020-U37;1083;Syddanmark;0;1228078;To eller flere reinfektioner;3;
2020-U37;1083;Syddanmark;327;1228078;Første infektion;1;
2020-U38;1084;Hovedstaden;1;1852254;To eller flere reinfektioner;3;
2020-U38;1084;Hovedstaden;3;1852254;Første reinfektion;2;
2020-U38;1084;Hovedstaden;1795;1852254;Første infektion;1;
2020-U38;1082;Midtjylland;0;1333158;Første reinfektion;2;
2020-U38;1082;Midtjylland;0;1333158;To eller flere reinfektioner;3;
2020-U38;1082;Midtjylland;376;1333158;Første infektion;1;
2020-U38;1081;Nordjylland;0;592376;Første reinfektion;2;
2020-U38;1081;Nordjylland;0;592376;To eller flere reinfektioner;3;
2020-U38;1081;Nordjylland;331;592376;Første infektion;1;
2020-U38;1085;Sjælland;0;841352;Første reinfektion;2;
2020-U38;1085;Sjælland;0;841352;To eller flere reinfektioner;3;
2020-U38;1085;Sjælland;301;841352;Første infektion;1;
2020-U38;1083;Syddanmark;0;1228078;Første reinfektion;2;
2020-U38;1083;Syddanmark;0;1228078;To eller flere reinfektioner;3;
2020-U38;1083;Syddanmark;377;1228078;Første infektion;1;
2020-U39;1084;Hovedstaden;0;1852254;To eller flere reinfektioner;3;
2020-U39;1084;Hovedstaden;5;1852254;Første reinfektion;2;
2020-U39;1084;Hovedstaden;1751;1852254;Første infektion;1;
2020-U39;1082;Midtjylland;0;1333158;Første reinfektion;2;
2020-U39;1082;Midtjylland;0;1333158;To eller flere reinfektioner;3;
2020-U39;1082;Midtjylland;670;1333158;Første infektion;1;
2020-U39;1081;Nordjylland;0;592376;Første reinfektion;2;
2020-U39;1081;Nordjylland;0;592376;To eller flere reinfektioner;3;
2020-U39;1081;Nordjylland;292;592376;Første infektion;1;
2020-U39;1085;Sjælland;0;841352;To eller flere reinfektioner;3;
2020-U39;1085;Sjælland;2;841352;Første reinfektion;2;
2020-U39;1085;Sjælland;456;841352;Første infektion;1;
2020-U39;1083;Syddanmark;0;1228078;Første reinfektion;2;
2020-U39;1083;Syddanmark;0;1228078;To eller flere reinfektioner;3;
2020-U39;1083;Syddanmark;438;1228078;Første infektion;1;
2020-U40;1084;Hovedstaden;0;1852254;To eller flere reinfektioner;3;
2020-U40;1084;Hovedstaden;1;1852254;Første reinfektion;2;
2020-U40;1084;Hovedstaden;1174;1852254;Første infektion;1;
2020-U40;1082;Midtjylland;0;1333158;Første reinfektion;2;
2020-U40;1082;Midtjylland;0;1333158;To eller flere reinfektioner;3;
2020-U40;1082;Midtjylland;647;1333158;Første infektion;1;
2020-U40;1081;Nordjylland;0;592376;Første reinfektion;2;
2020-U40;1081;Nordjylland;0;592376;To eller flere reinfektioner;3;
2020-U40;1081;Nordjylland;261;592376;Første infektion;1;
2020-U40;1085;Sjælland;0;841352;To eller flere reinfektioner;3;
2020-U40;1085;Sjælland;1;841352;Første reinfektion;2;
2020-U40;1085;Sjælland;332;841352;Første infektion;1;
2020-U40;1083;Syddanmark;0;1228078;Første reinfektion;2;
2020-U40;1083;Syddanmark;0;1228078;To eller flere reinfektioner;3;
2020-U40;1083;Syddanmark;387;1228078;Første infektion;1;
2020-U41;1084;Hovedstaden;0;1862558;To eller flere reinfektioner;3;
2020-U41;1084;Hovedstaden;2;1862558;Første reinfektion;2;
2020-U41;1084;Hovedstaden;1022;1862558;Første infektion;1;
2020-U41;1082;Midtjylland;0;1340473;Første reinfektion;2;
2020-U41;1082;Midtjylland;1;1340473;To eller flere reinfektioner;3;
2020-U41;1082;Midtjylland;770;1340473;Første infektion;1;
2020-U41;1081;Nordjylland;0;595556;Første reinfektion;2;
2020-U41;1081;Nordjylland;0;595556;To eller flere reinfektioner;3;
2020-U41;1081;Nordjylland;295;595556;Første infektion;1;
2020-U41;1085;Sjælland;0;843884;To eller flere reinfektioner;3;
2020-U41;1085;Sjælland;1;843884;Første reinfektion;2;
2020-U41;1085;Sjælland;229;843884;Første infektion;1;
2020-U41;1083;Syddanmark;0;1232190;Første reinfektion;2;
2020-U41;1083;Syddanmark;0;1232190;To eller flere reinfektioner;3;
2020-U41;1083;Syddanmark;358;1232190;Første infektion;1;
2020-U42;1084;Hovedstaden;0;1862558;To eller flere reinfektioner;3;
2020-U42;1084;Hovedstaden;1;1862558;Første reinfektion;2;
2020-U42;1084;Hovedstaden;1311;1862558;Første infektion;1;
2020-U42;1082;Midtjylland;0;1340473;To eller flere reinfektioner;3;
2020-U42;1082;Midtjylland;1;1340473;Første reinfektion;2;
2020-U42;1082;Midtjylland;681;1340473;Første infektion;1;
2020-U42;1081;Nordjylland;0;595556;Første reinfektion;2;
2020-U42;1081;Nordjylland;0;595556;To eller flere reinfektioner;3;
2020-U42;1081;Nordjylland;329;595556;Første infektion;1;
2020-U42;1085;Sjælland;0;843884;Første reinfektion;2;
2020-U42;1085;Sjælland;0;843884;To eller flere reinfektioner;3;
2020-U42;1085;Sjælland;279;843884;Første infektion;1;
2020-U42;1083;Syddanmark;0;1232190;Første reinfektion;2;
2020-U42;1083;Syddanmark;0;1232190;To eller flere reinfektioner;3;
2020-U42;1083;Syddanmark;548;1232190;Første infektion;1;
2020-U43;1084;Hovedstaden;0;1862558;To eller flere reinfektioner;3;
2020-U43;1084;Hovedstaden;1;1862558;Første reinfektion;2;
2020-U43;1084;Hovedstaden;2541;1862558;Første infektion;1;
2020-U43;1082;Midtjylland;0;1340473;To eller flere reinfektioner;3;
2020-U43;1082;Midtjylland;2;1340473;Første reinfektion;2;
2020-U43;1082;Midtjylland;1187;1340473;Første infektion;1;
2020-U43;1081;Nordjylland;0;595556;To eller flere reinfektioner;3;
2020-U43;1081;Nordjylland;1;595556;Første reinfektion;2;
2020-U43;1081;Nordjylland;679;595556;Første infektion;1;
2020-U43;1085;Sjælland;0;843884;Første reinfektion;2;
2020-U43;1085;Sjælland;0;843884;To eller flere reinfektioner;3;
2020-U43;1085;Sjælland;536;843884;Første infektion;1;
2020-U43;1083;Syddanmark;0;1232190;Første reinfektion;2;
2020-U43;1083;Syddanmark;0;1232190;To eller flere reinfektioner;3;
2020-U43;1083;Syddanmark;830;1232190;Første infektion;1;
2020-U44;1084;Hovedstaden;0;1862558;To eller flere reinfektioner;3;
2020-U44;1084;Hovedstaden;2;1862558;Første reinfektion;2;
2020-U44;1084;Hovedstaden;3469;1862558;Første infektion;1;
2020-U44;1082;Midtjylland;0;1340473;To eller flere reinfektioner;3;
2020-U44;1082;Midtjylland;3;1340473;Første reinfektion;2;
2020-U44;1082;Midtjylland;1309;1340473;Første infektion;1;
2020-U44;1081;Nordjylland;0;595556;To eller flere reinfektioner;3;
2020-U44;1081;Nordjylland;2;595556;Første reinfektion;2;
2020-U44;1081;Nordjylland;818;595556;Første infektion;1;
2020-U44;1085;Sjælland;0;843884;Første reinfektion;2;
2020-U44;1085;Sjælland;0;843884;To eller flere reinfektioner;3;
2020-U44;1085;Sjælland;839;843884;Første infektion;1;
2020-U44;1083;Syddanmark;0;1232190;To eller flere reinfektioner;3;
2020-U44;1083;Syddanmark;1;1232190;Første reinfektion;2;
2020-U44;1083;Syddanmark;1035;1232190;Første infektion;1;
2020-U45;1084;Hovedstaden;1;1857863;To eller flere reinfektioner;3;
2020-U45;1084;Hovedstaden;4;1857863;Første reinfektion;2;
2020-U45;1084;Hovedstaden;3435;1857863;Første infektion;1;
2020-U45;1082;Midtjylland;0;1336000;Første reinfektion;2;
2020-U45;1082;Midtjylland;0;1336000;To eller flere reinfektioner;3;
2020-U45;1082;Midtjylland;1325;1336000;Første infektion;1;
2020-U45;1081;Nordjylland;0;593350;Første reinfektion;2;
2020-U45;1081;Nordjylland;0;593350;To eller flere reinfektioner;3;
2020-U45;1081;Nordjylland;588;593350;Første infektion;1;
2020-U45;1085;Sjælland;0;841184;Første reinfektion;2;
2020-U45;1085;Sjælland;0;841184;To eller flere reinfektioner;3;
2020-U45;1085;Sjælland;990;841184;Første infektion;1;
2020-U45;1083;Syddanmark;0;1228464;To eller flere reinfektioner;3;
2020-U45;1083;Syddanmark;1;1228464;Første reinfektion;2;
2020-U45;1083;Syddanmark;997;1228464;Første infektion;1;
2020-U46;1084;Hovedstaden;0;1857863;To eller flere reinfektioner;3;
2020-U46;1084;Hovedstaden;2;1857863;Første reinfektion;2;
2020-U46;1084;Hovedstaden;3333;1857863;Første infektion;1;
2020-U46;1082;Midtjylland;0;1336000;To eller flere reinfektioner;3;
2020-U46;1082;Midtjylland;3;1336000;Første reinfektion;2;
2020-U46;1082;Midtjylland;1600;1336000;Første infektion;1;
2020-U46;1081;Nordjylland;0;593350;Første reinfektion;2;
2020-U46;1081;Nordjylland;0;593350;To eller flere reinfektioner;3;
2020-U46;1081;Nordjylland;484;593350;Første infektion;1;
2020-U46;1085;Sjælland;0;841184;Første reinfektion;2;
2020-U46;1085;Sjælland;0;841184;To eller flere reinfektioner;3;
2020-U46;1085;Sjælland;899;841184;Første infektion;1;
2020-U46;1083;Syddanmark;0;1228464;Første reinfektion;2;
2020-U46;1083;Syddanmark;0;1228464;To eller flere reinfektioner;3;
2020-U46;1083;Syddanmark;1098;1228464;Første infektion;1;
2020-U47;1084;Hovedstaden;0;1857863;To eller flere reinfektioner;3;
2020-U47;1084;Hovedstaden;6;1857863;Første reinfektion;2;
2020-U47;1084;Hovedstaden;3881;1857863;Første infektion;1;
2020-U47;1082;Midtjylland;0;1336000;Første reinfektion;2;
2020-U47;1082;Midtjylland;0;1336000;To eller flere reinfektioner;3;
2020-U47;1082;Midtjylland;1726;1336000;Første infektion;1;
2020-U47;1081;Nordjylland;0;593350;Første reinfektion;2;
2020-U47;1081;Nordjylland;0;593350;To eller flere reinfektioner;3;
2020-U47;1081;Nordjylland;358;593350;Første infektion;1;
2020-U47;1085;Sjælland;0;841184;To eller flere reinfektioner;3;
2020-U47;1085;Sjælland;2;841184;Første reinfektion;2;
2020-U47;1085;Sjælland;929;841184;Første infektion;1;
2020-U47;1083;Syddanmark;0;1228464;To eller flere reinfektioner;3;
2020-U47;1083;Syddanmark;1;1228464;Første reinfektion;2;
2020-U47;1083;Syddanmark;1466;1228464;Første infektion;1;
2020-U48;1084;Hovedstaden;0;1857863;To eller flere reinfektioner;3;
2020-U48;1084;Hovedstaden;5;1857863;Første reinfektion;2;
2020-U48;1084;Hovedstaden;4545;1857863;Første infektion;1;
2020-U48;1082;Midtjylland;0;1336000;To eller flere reinfektioner;3;
2020-U48;1082;Midtjylland;4;1336000;Første reinfektion;2;
2020-U48;1082;Midtjylland;1535;1336000;Første infektion;1;
2020-U48;1081;Nordjylland;0;593350;Første reinfektion;2;
2020-U48;1081;Nordjylland;0;593350;To eller flere reinfektioner;3;
2020-U48;1081;Nordjylland;269;593350;Første infektion;1;
2020-U48;1085;Sjælland;0;841184;To eller flere reinfektioner;3;
2020-U48;1085;Sjælland;3;841184;Første reinfektion;2;
2020-U48;1085;Sjælland;1050;841184;Første infektion;1;
2020-U48;1083;Syddanmark;0;1228464;Første reinfektion;2;
2020-U48;1083;Syddanmark;0;1228464;To eller flere reinfektioner;3;
2020-U48;1083;Syddanmark;1314;1228464;Første infektion;1;
2020-U49;1084;Hovedstaden;1;1857863;To eller flere reinfektioner;3;
2020-U49;1084;Hovedstaden;9;1857863;Første reinfektion;2;
2020-U49;1084;Hovedstaden;6912;1857863;Første infektion;1;
2020-U49;1082;Midtjylland;0;1336000;To eller flere reinfektioner;3;
2020-U49;1082;Midtjylland;1;1336000;Første reinfektion;2;
2020-U49;1082;Midtjylland;2249;1336000;Første infektion;1;
2020-U49;1081;Nordjylland;0;593350;Første reinfektion;2;
2020-U49;1081;Nordjylland;0;593350;To eller flere reinfektioner;3;
2020-U49;1081;Nordjylland;387;593350;Første infektion;1;
2020-U49;1085;Sjælland;0;841184;Første reinfektion;2;
2020-U49;1085;Sjælland;0;841184;To eller flere reinfektioner;3;
2020-U49;1085;Sjælland;1735;841184;Første infektion;1;
2020-U49;1083;Syddanmark;0;1228464;Første reinfektion;2;
2020-U49;1083;Syddanmark;0;1228464;To eller flere reinfektioner;3;
2020-U49;1083;Syddanmark;1448;1228464;Første infektion;1;
2020-U50;1084;Hovedstaden;0;1857988;To eller flere reinfektioner;3;
2020-U50;1084;Hovedstaden;11;1857988;Første reinfektion;2;
2020-U50;1084;Hovedstaden;11994;1857988;Første infektion;1;
2020-U50;1082;Midtjylland;0;1336065;To eller flere reinfektioner;3;
2020-U50;1082;Midtjylland;2;1336065;Første reinfektion;2;
2020-U50;1082;Midtjylland;3741;1336065;Første infektion;1;
2020-U50;1081;Nordjylland;0;593125;Første reinfektion;2;
2020-U50;1081;Nordjylland;0;593125;To eller flere reinfektioner;3;
2020-U50;1081;Nordjylland;963;593125;Første infektion;1;
2020-U50;1085;Sjælland;0;841158;To eller flere reinfektioner;3;
2020-U50;1085;Sjælland;4;841158;Første reinfektion;2;
2020-U50;1085;Sjælland;3005;841158;Første infektion;1;
2020-U50;1083;Syddanmark;0;1228194;To eller flere reinfektioner;3;
2020-U50;1083;Syddanmark;2;1228194;Første reinfektion;2;
2020-U50;1083;Syddanmark;2180;1228194;Første infektion;1;
2020-U51;1084;Hovedstaden;0;1857988;To eller flere reinfektioner;3;
2020-U51;1084;Hovedstaden;22;1857988;Første reinfektion;2;
2020-U51;1084;Hovedstaden;12044;1857988;Første infektion;1;
2020-U51;1082;Midtjylland;0;1336065;To eller flere reinfektioner;3;
2020-U51;1082;Midtjylland;3;1336065;Første reinfektion;2;
2020-U51;1082;Midtjylland;4376;1336065;Første infektion;1;
2020-U51;1081;Nordjylland;0;593125;To eller flere reinfektioner;3;
2020-U51;1081;Nordjylland;1;593125;Første reinfektion;2;
2020-U51;1081;Nordjylland;1424;593125;Første infektion;1;
2020-U51;1085;Sjælland;0;841158;To eller flere reinfektioner;3;
2020-U51;1085;Sjælland;2;841158;Første reinfektion;2;
2020-U51;1085;Sjælland;3717;841158;Første infektion;1;
2020-U51;1083;Syddanmark;0;1228194;To eller flere reinfektioner;3;
2020-U51;1083;Syddanmark;3;1228194;Første reinfektion;2;
2020-U51;1083;Syddanmark;3040;1228194;Første infektion;1;
2020-U52;1084;Hovedstaden;0;1857988;To eller flere reinfektioner;3;
2020-U52;1084;Hovedstaden;16;1857988;Første reinfektion;2;
2020-U52;1084;Hovedstaden;8035;1857988;Første infektion;1;
2020-U52;1082;Midtjylland;1;1336065;To eller flere reinfektioner;3;
2020-U52;1082;Midtjylland;4;1336065;Første reinfektion;2;
2020-U52;1082;Midtjylland;2833;1336065;Første infektion;1;
2020-U52;1081;Nordjylland;0;593125;Første reinfektion;2;
2020-U52;1081;Nordjylland;0;593125;To eller flere reinfektioner;3;
2020-U52;1081;Nordjylland;1307;593125;Første infektion;1;
2020-U52;1085;Sjælland;0;841158;To eller flere reinfektioner;3;
2020-U52;1085;Sjælland;2;841158;Første reinfektion;2;
2020-U52;1085;Sjælland;2523;841158;Første infektion;1;
2020-U52;1083;Syddanmark;0;1228194;To eller flere reinfektioner;3;
2020-U52;1083;Syddanmark;4;1228194;Første reinfektion;2;
2020-U52;1083;Syddanmark;2265;1228194;Første infektion;1;
2020-U53;1084;Hovedstaden;0;1857988;To eller flere reinfektioner;3;
2020-U53;1084;Hovedstaden;16;1857988;Første reinfektion;2;
2020-U53;1084;Hovedstaden;6140;1857988;Første infektion;1;
2020-U53;1082;Midtjylland;0;1336065;To eller flere reinfektioner;3;
2020-U53;1082;Midtjylland;6;1336065;Første reinfektion;2;
2020-U53;1082;Midtjylland;2804;1336065;Første infektion;1;
2020-U53;1081;Nordjylland;0;593125;To eller flere reinfektioner;3;
2020-U53;1081;Nordjylland;1;593125;Første reinfektion;2;
2020-U53;1081;Nordjylland;1222;593125;Første infektion;1;
2020-U53;1085;Sjælland;0;841158;To eller flere reinfektioner;3;
2020-U53;1085;Sjælland;1;841158;Første reinfektion;2;
2020-U53;1085;Sjælland;2340;841158;Første infektion;1;
2020-U53;1083;Syddanmark;0;1228194;To eller flere reinfektioner;3;
2020-U53;1083;Syddanmark;4;1228194;Første reinfektion;2;
2020-U53;1083;Syddanmark;1933;1228194;Første infektion;1;
2021-U01;1084;Hovedstaden;0;1849689;To eller flere reinfektioner;3;
2021-U01;1084;Hovedstaden;12;1849689;Første reinfektion;2;
2021-U01;1084;Hovedstaden;4681;1849689;Første infektion;1;
2021-U01;1082;Midtjylland;0;1329540;To eller flere reinfektioner;3;
2021-U01;1082;Midtjylland;4;1329540;Første reinfektion;2;
2021-U01;1082;Midtjylland;2048;1329540;Første infektion;1;
2021-U01;1081;Nordjylland;0;589994;To eller flere reinfektioner;3;
2021-U01;1081;Nordjylland;4;589994;Første reinfektion;2;
2021-U01;1081;Nordjylland;982;589994;Første infektion;1;
2021-U01;1085;Sjælland;0;837221;To eller flere reinfektioner;3;
2021-U01;1085;Sjælland;2;837221;Første reinfektion;2;
2021-U01;1085;Sjælland;1869;837221;Første infektion;1;
2021-U01;1083;Syddanmark;0;1222145;To eller flere reinfektioner;3;
2021-U01;1083;Syddanmark;2;1222145;Første reinfektion;2;
2021-U01;1083;Syddanmark;1663;1222145;Første infektion;1;
2021-U02;1084;Hovedstaden;0;1849689;To eller flere reinfektioner;3;
2021-U02;1084;Hovedstaden;16;1849689;Første reinfektion;2;
2021-U02;1084;Hovedstaden;3182;1849689;Første infektion;1;
2021-U02;1082;Midtjylland;0;1329540;To eller flere reinfektioner;3;
2021-U02;1082;Midtjylland;3;1329540;Første reinfektion;2;
2021-U02;1082;Midtjylland;999;1329540;Første infektion;1;
2021-U02;1081;Nordjylland;0;589994;To eller flere reinfektioner;3;
2021-U02;1081;Nordjylland;6;589994;Første reinfektion;2;
2021-U02;1081;Nordjylland;649;589994;Første infektion;1;
2021-U02;1085;Sjælland;0;837221;To eller flere reinfektioner;3;
2021-U02;1085;Sjælland;6;837221;Første reinfektion;2;
2021-U02;1085;Sjælland;1112;837221;Første infektion;1;
2021-U02;1083;Syddanmark;0;1222145;To eller flere reinfektioner;3;
2021-U02;1083;Syddanmark;3;1222145;Første reinfektion;2;
2021-U02;1083;Syddanmark;1011;1222145;Første infektion;1;
2021-U03;1084;Hovedstaden;0;1849689;To eller flere reinfektioner;3;
2021-U03;1084;Hovedstaden;12;1849689;Første reinfektion;2;
2021-U03;1084;Hovedstaden;2283;1849689;Første infektion;1;
2021-U03;1082;Midtjylland;0;1329540;To eller flere reinfektioner;3;
2021-U03;1082;Midtjylland;2;1329540;Første reinfektion;2;
2021-U03;1082;Midtjylland;695;1329540;Første infektion;1;
2021-U03;1081;Nordjylland;0;589994;To eller flere reinfektioner;3;
2021-U03;1081;Nordjylland;4;589994;Første reinfektion;2;
2021-U03;1081;Nordjylland;504;589994;Første infektion;1;
2021-U03;1085;Sjælland;0;837221;To eller flere reinfektioner;3;
2021-U03;1085;Sjælland;1;837221;Første reinfektion;2;
2021-U03;1085;Sjælland;912;837221;Første infektion;1;
2021-U03;1083;Syddanmark;0;1222145;To eller flere reinfektioner;3;
2021-U03;1083;Syddanmark;9;1222145;Første reinfektion;2;
2021-U03;1083;Syddanmark;877;1222145;Første infektion;1;
2021-U04;1084;Hovedstaden;0;1849689;To eller flere reinfektioner;3;
2021-U04;1084;Hovedstaden;17;1849689;Første reinfektion;2;
2021-U04;1084;Hovedstaden;1616;1849689;Første infektion;1;
2021-U04;1082;Midtjylland;0;1329540;To eller flere reinfektioner;3;
2021-U04;1082;Midtjylland;7;1329540;Første reinfektion;2;
2021-U04;1082;Midtjylland;439;1329540;Første infektion;1;
2021-U04;1081;Nordjylland;0;589994;To eller flere reinfektioner;3;
2021-U04;1081;Nordjylland;2;589994;Første reinfektion;2;
2021-U04;1081;Nordjylland;284;589994;Første infektion;1;
2021-U04;1085;Sjælland;0;837221;To eller flere reinfektioner;3;
2021-U04;1085;Sjælland;3;837221;Første reinfektion;2;
2021-U04;1085;Sjælland;630;837221;Første infektion;1;
2021-U04;1083;Syddanmark;0;1222145;To eller flere reinfektioner;3;
2021-U04;1083;Syddanmark;3;1222145;Første reinfektion;2;
2021-U04;1083;Syddanmark;595;1222145;Første infektion;1;
2021-U05;1084;Hovedstaden;1;1848664;To eller flere reinfektioner;3;
2021-U05;1084;Hovedstaden;21;1848664;Første reinfektion;2;
2021-U05;1084;Hovedstaden;1270;1848664;Første infektion;1;
2021-U05;1082;Midtjylland;0;1329739;To eller flere reinfektioner;3;
2021-U05;1082;Midtjylland;5;1329739;Første reinfektion;2;
2021-U05;1082;Midtjylland;460;1329739;Første infektion;1;
2021-U05;1081;Nordjylland;0;589671;Første reinfektion;2;
2021-U05;1081;Nordjylland;0;589671;To eller flere reinfektioner;3;
2021-U05;1081;Nordjylland;259;589671;Første infektion;1;
2021-U05;1085;Sjælland;0;837231;To eller flere reinfektioner;3;
2021-U05;1085;Sjælland;2;837231;Første reinfektion;2;
2021-U05;1085;Sjælland;484;837231;Første infektion;1;
2021-U05;1083;Syddanmark;0;1222076;To eller flere reinfektioner;3;
2021-U05;1083;Syddanmark;3;1222076;Første reinfektion;2;
2021-U05;1083;Syddanmark;585;1222076;Første infektion;1;
2021-U06;1084;Hovedstaden;0;1848664;To eller flere reinfektioner;3;
2021-U06;1084;Hovedstaden;12;1848664;Første reinfektion;2;
2021-U06;1084;Hovedstaden;1056;1848664;Første infektion;1;
2021-U06;1082;Midtjylland;0;1329739;To eller flere reinfektioner;3;
2021-U06;1082;Midtjylland;4;1329739;Første reinfektion;2;
2021-U06;1082;Midtjylland;421;1329739;Første infektion;1;
2021-U06;1081;Nordjylland;0;589671;To eller flere reinfektioner;3;
2021-U06;1081;Nordjylland;3;589671;Første reinfektion;2;
2021-U06;1081;Nordjylland;236;589671;Første infektion;1;
2021-U06;1085;Sjælland;0;837231;To eller flere reinfektioner;3;
2021-U06;1085;Sjælland;2;837231;Første reinfektion;2;
2021-U06;1085;Sjælland;447;837231;Første infektion;1;
2021-U06;1083;Syddanmark;0;1222076;To eller flere reinfektioner;3;
2021-U06;1083;Syddanmark;7;1222076;Første reinfektion;2;
2021-U06;1083;Syddanmark;524;1222076;Første infektion;1;
2021-U07;1084;Hovedstaden;0;1848664;To eller flere reinfektioner;3;
2021-U07;1084;Hovedstaden;22;1848664;Første reinfektion;2;
2021-U07;1084;Hovedstaden;1150;1848664;Første infektion;1;
2021-U07;1082;Midtjylland;0;1329739;To eller flere reinfektioner;3;
2021-U07;1082;Midtjylland;8;1329739;Første reinfektion;2;
2021-U07;1082;Midtjylland;504;1329739;Første infektion;1;
2021-U07;1081;Nordjylland;0;589671;Første reinfektion;2;
2021-U07;1081;Nordjylland;0;589671;To eller flere reinfektioner;3;
2021-U07;1081;Nordjylland;231;589671;Første infektion;1;
2021-U07;1085;Sjælland;0;837231;To eller flere reinfektioner;3;
2021-U07;1085;Sjælland;7;837231;Første reinfektion;2;
2021-U07;1085;Sjælland;422;837231;Første infektion;1;
2021-U07;1083;Syddanmark;0;1222076;To eller flere reinfektioner;3;
2021-U07;1083;Syddanmark;6;1222076;Første reinfektion;2;
2021-U07;1083;Syddanmark;1012;1222076;Første infektion;1;
2021-U08;1084;Hovedstaden;0;1848664;To eller flere reinfektioner;3;
2021-U08;1084;Hovedstaden;29;1848664;Første reinfektion;2;
2021-U08;1084;Hovedstaden;1575;1848664;Første infektion;1;
2021-U08;1082;Midtjylland;1;1329739;To eller flere reinfektioner;3;
2021-U08;1082;Midtjylland;9;1329739;Første reinfektion;2;
2021-U08;1082;Midtjylland;406;1329739;Første infektion;1;
2021-U08;1081;Nordjylland;1;589671;To eller flere reinfektioner;3;
2021-U08;1081;Nordjylland;2;589671;Første reinfektion;2;
2021-U08;1081;Nordjylland;199;589671;Første infektion;1;
2021-U08;1085;Sjælland;0;837231;To eller flere reinfektioner;3;
2021-U08;1085;Sjælland;2;837231;Første reinfektion;2;
2021-U08;1085;Sjælland;562;837231;Første infektion;1;
2021-U08;1083;Syddanmark;0;1222076;To eller flere reinfektioner;3;
2021-U08;1083;Syddanmark;7;1222076;Første reinfektion;2;
2021-U08;1083;Syddanmark;899;1222076;Første infektion;1;
2021-U09;1084;Hovedstaden;0;1848504;To eller flere reinfektioner;3;
2021-U09;1084;Hovedstaden;34;1848504;Første reinfektion;2;
2021-U09;1084;Hovedstaden;1550;1848504;Første infektion;1;
2021-U09;1082;Midtjylland;0;1329865;To eller flere reinfektioner;3;
2021-U09;1082;Midtjylland;5;1329865;Første reinfektion;2;
2021-U09;1082;Midtjylland;444;1329865;Første infektion;1;
2021-U09;1081;Nordjylland;0;589667;To eller flere reinfektioner;3;
2021-U09;1081;Nordjylland;3;589667;Første reinfektion;2;
2021-U09;1081;Nordjylland;154;589667;Første infektion;1;
2021-U09;1085;Sjælland;0;837036;To eller flere reinfektioner;3;
2021-U09;1085;Sjælland;5;837036;Første reinfektion;2;
2021-U09;1085;Sjælland;563;837036;Første infektion;1;
2021-U09;1083;Syddanmark;0;1221797;To eller flere reinfektioner;3;
2021-U09;1083;Syddanmark;10;1221797;Første reinfektion;2;
2021-U09;1083;Syddanmark;854;1221797;Første infektion;1;
2021-U10;1084;Hovedstaden;0;1848504;To eller flere reinfektioner;3;
2021-U10;1084;Hovedstaden;21;1848504;Første reinfektion;2;
2021-U10;1084;Hovedstaden;1602;1848504;Første infektion;1;
2021-U10;1082;Midtjylland;0;1329865;To eller flere reinfektioner;3;
2021-U10;1082;Midtjylland;7;1329865;Første reinfektion;2;
2021-U10;1082;Midtjylland;519;1329865;Første infektion;1;
2021-U10;1081;Nordjylland;0;589667;To eller flere reinfektioner;3;
2021-U10;1081;Nordjylland;1;589667;Første reinfektion;2;
2021-U10;1081;Nordjylland;163;589667;Første infektion;1;
2021-U10;1085;Sjælland;1;837036;To eller flere reinfektioner;3;
2021-U10;1085;Sjælland;8;837036;Første reinfektion;2;
2021-U10;1085;Sjælland;454;837036;Første infektion;1;
2021-U10;1083;Syddanmark;1;1221797;To eller flere reinfektioner;3;
2021-U10;1083;Syddanmark;6;1221797;Første reinfektion;2;
2021-U10;1083;Syddanmark;1038;1221797;Første infektion;1;
2021-U11;1084;Hovedstaden;0;1848504;To eller flere reinfektioner;3;
2021-U11;1084;Hovedstaden;34;1848504;Første reinfektion;2;
2021-U11;1084;Hovedstaden;1955;1848504;Første infektion;1;
2021-U11;1082;Midtjylland;0;1329865;To eller flere reinfektioner;3;
2021-U11;1082;Midtjylland;11;1329865;Første reinfektion;2;
2021-U11;1082;Midtjylland;589;1329865;Første infektion;1;
2021-U11;1081;Nordjylland;0;589667;To eller flere reinfektioner;3;
2021-U11;1081;Nordjylland;3;589667;Første reinfektion;2;
2021-U11;1081;Nordjylland;237;589667;Første infektion;1;
2021-U11;1085;Sjælland;0;837036;To eller flere reinfektioner;3;
2021-U11;1085;Sjælland;15;837036;Første reinfektion;2;
2021-U11;1085;Sjælland;526;837036;Første infektion;1;
2021-U11;1083;Syddanmark;0;1221797;To eller flere reinfektioner;3;
2021-U11;1083;Syddanmark;6;1221797;Første reinfektion;2;
2021-U11;1083;Syddanmark;1146;1221797;Første infektion;1;
2021-U12;1084;Hovedstaden;0;1848504;To eller flere reinfektioner;3;
2021-U12;1084;Hovedstaden;34;1848504;Første reinfektion;2;
2021-U12;1084;Hovedstaden;2519;1848504;Første infektion;1;
2021-U12;1082;Midtjylland;0;1329865;To eller flere reinfektioner;3;
2021-U12;1082;Midtjylland;8;1329865;Første reinfektion;2;
2021-U12;1082;Midtjylland;670;1329865;Første infektion;1;
2021-U12;1081;Nordjylland;0;589667;To eller flere reinfektioner;3;
2021-U12;1081;Nordjylland;5;589667;Første reinfektion;2;
2021-U12;1081;Nordjylland;234;589667;Første infektion;1;
2021-U12;1085;Sjælland;0;837036;To eller flere reinfektioner;3;
2021-U12;1085;Sjælland;13;837036;Første reinfektion;2;
2021-U12;1085;Sjælland;531;837036;Første infektion;1;
2021-U12;1083;Syddanmark;0;1221797;To eller flere reinfektioner;3;
2021-U12;1083;Syddanmark;6;1221797;Første reinfektion;2;
2021-U12;1083;Syddanmark;1007;1221797;Første infektion;1;
2021-U13;1084;Hovedstaden;0;1848504;To eller flere reinfektioner;3;
2021-U13;1084;Hovedstaden;25;1848504;Første reinfektion;2;
2021-U13;1084;Hovedstaden;2249;1848504;Første infektion;1;
2021-U13;1082;Midtjylland;0;1329865;To eller flere reinfektioner;3;
2021-U13;1082;Midtjylland;6;1329865;Første reinfektion;2;
2021-U13;1082;Midtjylland;671;1329865;Første infektion;1;
2021-U13;1081;Nordjylland;0;589667;To eller flere reinfektioner;3;
2021-U13;1081;Nordjylland;2;589667;Første reinfektion;2;
2021-U13;1081;Nordjylland;294;589667;Første infektion;1;
2021-U13;1085;Sjælland;1;837036;To eller flere reinfektioner;3;
2021-U13;1085;Sjælland;2;837036;Første reinfektion;2;
2021-U13;1085;Sjælland;459;837036;Første infektion;1;
2021-U13;1083;Syddanmark;0;1221797;To eller flere reinfektioner;3;
2021-U13;1083;Syddanmark;7;1221797;Første reinfektion;2;
2021-U13;1083;Syddanmark;671;1221797;Første infektion;1;
2021-U14;1084;Hovedstaden;0;1849125;To eller flere reinfektioner;3;
2021-U14;1084;Hovedstaden;27;1849125;Første reinfektion;2;
2021-U14;1084;Hovedstaden;2188;1849125;Første infektion;1;
2021-U14;1082;Midtjylland;0;1330322;To eller flere reinfektioner;3;
2021-U14;1082;Midtjylland;7;1330322;Første reinfektion;2;
2021-U14;1082;Midtjylland;684;1330322;Første infektion;1;
2021-U14;1081;Nordjylland;0;589681;To eller flere reinfektioner;3;
2021-U14;1081;Nordjylland;4;589681;Første reinfektion;2;
2021-U14;1081;Nordjylland;363;589681;Første infektion;1;
2021-U14;1085;Sjælland;0;837482;To eller flere reinfektioner;3;
2021-U14;1085;Sjælland;8;837482;Første reinfektion;2;
2021-U14;1085;Sjælland;531;837482;Første infektion;1;
2021-U14;1083;Syddanmark;0;1222127;To eller flere reinfektioner;3;
2021-U14;1083;Syddanmark;4;1222127;Første reinfektion;2;
2021-U14;1083;Syddanmark;676;1222127;Første infektion;1;
2021-U15;1084;Hovedstaden;0;1849125;To eller flere reinfektioner;3;
2021-U15;1084;Hovedstaden;29;1849125;Første reinfektion;2;
2021-U15;1084;Hovedstaden;2336;1849125;Første infektion;1;
2021-U15;1082;Midtjylland;0;1330322;To eller flere reinfektioner;3;
2021-U15;1082;Midtjylland;9;1330322;Første reinfektion;2;
2021-U15;1082;Midtjylland;979;1330322;Første infektion;1;
2021-U15;1081;Nordjylland;0;589681;Første reinfektion;2;
2021-U15;1081;Nordjylland;0;589681;To eller flere reinfektioner;3;
2021-U15;1081;Nordjylland;374;589681;Første infektion;1;
2021-U15;1085;Sjælland;0;837482;To eller flere reinfektioner;3;
2021-U15;1085;Sjælland;4;837482;Første reinfektion;2;
2021-U15;1085;Sjælland;604;837482;Første infektion;1;
2021-U15;1083;Syddanmark;0;1222127;To eller flere reinfektioner;3;
2021-U15;1083;Syddanmark;6;1222127;Første reinfektion;2;
2021-U15;1083;Syddanmark;655;1222127;Første infektion;1;
2021-U16;1084;Hovedstaden;0;1849125;To eller flere reinfektioner;3;
2021-U16;1084;Hovedstaden;23;1849125;Første reinfektion;2;
2021-U16;1084;Hovedstaden;2099;1849125;Første infektion;1;
2021-U16;1082;Midtjylland;0;1330322;To eller flere reinfektioner;3;
2021-U16;1082;Midtjylland;3;1330322;Første reinfektion;2;
2021-U16;1082;Midtjylland;993;1330322;Første infektion;1;
2021-U16;1081;Nordjylland;0;589681;To eller flere reinfektioner;3;
2021-U16;1081;Nordjylland;5;589681;Første reinfektion;2;
2021-U16;1081;Nordjylland;465;589681;Første infektion;1;
2021-U16;1085;Sjælland;0;837482;To eller flere reinfektioner;3;
2021-U16;1085;Sjælland;6;837482;Første reinfektion;2;
2021-U16;1085;Sjælland;566;837482;Første infektion;1;
2021-U16;1083;Syddanmark;0;1222127;To eller flere reinfektioner;3;
2021-U16;1083;Syddanmark;6;1222127;Første reinfektion;2;
2021-U16;1083;Syddanmark;613;1222127;Første infektion;1;
2021-U17;1084;Hovedstaden;0;1849125;To eller flere reinfektioner;3;
2021-U17;1084;Hovedstaden;23;1849125;Første reinfektion;2;
2021-U17;1084;Hovedstaden;2567;1849125;Første infektion;1;
2021-U17;1082;Midtjylland;0;1330322;To eller flere reinfektioner;3;
2021-U17;1082;Midtjylland;3;1330322;Første reinfektion;2;
2021-U17;1082;Midtjylland;994;1330322;Første infektion;1;
2021-U17;1081;Nordjylland;1;589681;Første reinfektion;2;
2021-U17;1081;Nordjylland;1;589681;To eller flere reinfektioner;3;
2021-U17;1081;Nordjylland;459;589681;Første infektion;1;
2021-U17;1085;Sjælland;0;837482;To eller flere reinfektioner;3;
2021-U17;1085;Sjælland;5;837482;Første reinfektion;2;
2021-U17;1085;Sjælland;579;837482;Første infektion;1;
2021-U17;1083;Syddanmark;0;1222127;To eller flere reinfektioner;3;
2021-U17;1083;Syddanmark;5;1222127;Første reinfektion;2;
2021-U17;1083;Syddanmark;793;1222127;Første infektion;1;
2021-U18;1084;Hovedstaden;1;1849498;To eller flere reinfektioner;3;
2021-U18;1084;Hovedstaden;28;1849498;Første reinfektion;2;
2021-U18;1084;Hovedstaden;3141;1849498;Første infektion;1;
2021-U18;1082;Midtjylland;0;1331015;To eller flere reinfektioner;3;
2021-U18;1082;Midtjylland;4;1331015;Første reinfektion;2;
2021-U18;1082;Midtjylland;1240;1331015;Første infektion;1;
2021-U18;1081;Nordjylland;0;589680;To eller flere reinfektioner;3;
2021-U18;1081;Nordjylland;1;589680;Første reinfektion;2;
2021-U18;1081;Nordjylland;471;589680;Første infektion;1;
2021-U18;1085;Sjælland;0;838001;To eller flere reinfektioner;3;
2021-U18;1085;Sjælland;6;838001;Første reinfektion;2;
2021-U18;1085;Sjælland;814;838001;Første infektion;1;
2021-U18;1083;Syddanmark;1;1222563;To eller flere reinfektioner;3;
2021-U18;1083;Syddanmark;4;1222563;Første reinfektion;2;
2021-U18;1083;Syddanmark;773;1222563;Første infektion;1;
2021-U19;1084;Hovedstaden;0;1849498;To eller flere reinfektioner;3;
2021-U19;1084;Hovedstaden;29;1849498;Første reinfektion;2;
2021-U19;1084;Hovedstaden;3326;1849498;Første infektion;1;
2021-U19;1082;Midtjylland;0;1331015;To eller flere reinfektioner;3;
2021-U19;1082;Midtjylland;9;1331015;Første reinfektion;2;
2021-U19;1082;Midtjylland;1401;1331015;Første infektion;1;
2021-U19;1081;Nordjylland;0;589680;To eller flere reinfektioner;3;
2021-U19;1081;Nordjylland;3;589680;Første reinfektion;2;
2021-U19;1081;Nordjylland;672;589680;Første infektion;1;
2021-U19;1085;Sjælland;0;838001;To eller flere reinfektioner;3;
2021-U19;1085;Sjælland;2;838001;Første reinfektion;2;
2021-U19;1085;Sjælland;1047;838001;Første infektion;1;
2021-U19;1083;Syddanmark;0;1222563;To eller flere reinfektioner;3;
2021-U19;1083;Syddanmark;2;1222563;Første reinfektion;2;
2021-U19;1083;Syddanmark;732;1222563;Første infektion;1;
2021-U20;1084;Hovedstaden;1;1849498;To eller flere reinfektioner;3;
2021-U20;1084;Hovedstaden;31;1849498;Første reinfektion;2;
2021-U20;1084;Hovedstaden;2983;1849498;Første infektion;1;
2021-U20;1082;Midtjylland;0;1331015;To eller flere reinfektioner;3;
2021-U20;1082;Midtjylland;6;1331015;Første reinfektion;2;
2021-U20;1082;Midtjylland;1189;1331015;Første infektion;1;
2021-U20;1081;Nordjylland;0;589680;To eller flere reinfektioner;3;
2021-U20;1081;Nordjylland;9;589680;Første reinfektion;2;
2021-U20;1081;Nordjylland;794;589680;Første infektion;1;
2021-U20;1085;Sjælland;0;838001;To eller flere reinfektioner;3;
2021-U20;1085;Sjælland;6;838001;Første reinfektion;2;
2021-U20;1085;Sjælland;983;838001;Første infektion;1;
2021-U20;1083;Syddanmark;0;1222563;To eller flere reinfektioner;3;
2021-U20;1083;Syddanmark;7;1222563;Første reinfektion;2;
2021-U20;1083;Syddanmark;863;1222563;Første infektion;1;
2021-U21;1084;Hovedstaden;1;1849498;To eller flere reinfektioner;3;
2021-U21;1084;Hovedstaden;21;1849498;Første reinfektion;2;
2021-U21;1084;Hovedstaden;2810;1849498;Første infektion;1;
2021-U21;1082;Midtjylland;0;1331015;To eller flere reinfektioner;3;
2021-U21;1082;Midtjylland;9;1331015;Første reinfektion;2;
2021-U21;1082;Midtjylland;1263;1331015;Første infektion;1;
2021-U21;1081;Nordjylland;0;589680;To eller flere reinfektioner;3;
2021-U21;1081;Nordjylland;6;589680;Første reinfektion;2;
2021-U21;1081;Nordjylland;891;589680;Første infektion;1;
2021-U21;1085;Sjælland;0;838001;To eller flere reinfektioner;3;
2021-U21;1085;Sjælland;5;838001;Første reinfektion;2;
2021-U21;1085;Sjælland;778;838001;Første infektion;1;
2021-U21;1083;Syddanmark;0;1222563;To eller flere reinfektioner;3;
2021-U21;1083;Syddanmark;6;1222563;Første reinfektion;2;
2021-U21;1083;Syddanmark;926;1222563;Første infektion;1;
2021-U22;1084;Hovedstaden;0;1849498;To eller flere reinfektioner;3;
2021-U22;1084;Hovedstaden;23;1849498;Første reinfektion;2;
2021-U22;1084;Hovedstaden;2459;1849498;Første infektion;1;
2021-U22;1082;Midtjylland;0;1331015;To eller flere reinfektioner;3;
2021-U22;1082;Midtjylland;8;1331015;Første reinfektion;2;
2021-U22;1082;Midtjylland;1137;1331015;Første infektion;1;
2021-U22;1081;Nordjylland;0;589680;To eller flere reinfektioner;3;
2021-U22;1081;Nordjylland;5;589680;Første reinfektion;2;
2021-U22;1081;Nordjylland;809;589680;Første infektion;1;
2021-U22;1085;Sjælland;1;838001;Første reinfektion;2;
2021-U22;1085;Sjælland;1;838001;To eller flere reinfektioner;3;
2021-U22;1085;Sjælland;656;838001;Første infektion;1;
2021-U22;1083;Syddanmark;1;1222563;To eller flere reinfektioner;3;
2021-U22;1083;Syddanmark;3;1222563;Første reinfektion;2;
2021-U22;1083;Syddanmark;570;1222563;Første infektion;1;
2021-U23;1084;Hovedstaden;0;1850180;To eller flere reinfektioner;3;
2021-U23;1084;Hovedstaden;21;1850180;Første reinfektion;2;
2021-U23;1084;Hovedstaden;1165;1850180;Første infektion;1;
2021-U23;1082;Midtjylland;0;1331695;To eller flere reinfektioner;3;
2021-U23;1082;Midtjylland;6;1331695;Første reinfektion;2;
2021-U23;1082;Midtjylland;568;1331695;Første infektion;1;
2021-U23;1081;Nordjylland;0;589581;To eller flere reinfektioner;3;
2021-U23;1081;Nordjylland;4;589581;Første reinfektion;2;
2021-U23;1081;Nordjylland;399;589581;Første infektion;1;
2021-U23;1085;Sjælland;0;838691;To eller flere reinfektioner;3;
2021-U23;1085;Sjælland;4;838691;Første reinfektion;2;
2021-U23;1085;Sjælland;340;838691;Første infektion;1;
2021-U23;1083;Syddanmark;0;1222852;To eller flere reinfektioner;3;
2021-U23;1083;Syddanmark;4;1222852;Første reinfektion;2;
2021-U23;1083;Syddanmark;317;1222852;Første infektion;1;
2021-U24;1084;Hovedstaden;0;1850180;To eller flere reinfektioner;3;
2021-U24;1084;Hovedstaden;16;1850180;Første reinfektion;2;
2021-U24;1084;Hovedstaden;746;1850180;Første infektion;1;
2021-U24;1082;Midtjylland;0;1331695;To eller flere reinfektioner;3;
2021-U24;1082;Midtjylland;1;1331695;Første reinfektion;2;
2021-U24;1082;Midtjylland;321;1331695;Første infektion;1;
2021-U24;1081;Nordjylland;0;589581;To eller flere reinfektioner;3;
2021-U24;1081;Nordjylland;1;589581;Første reinfektion;2;
2021-U24;1081;Nordjylland;224;589581;Første infektion;1;
2021-U24;1085;Sjælland;0;838691;To eller flere reinfektioner;3;
2021-U24;1085;Sjælland;3;838691;Første reinfektion;2;
2021-U24;1085;Sjælland;203;838691;Første infektion;1;
2021-U24;1083;Syddanmark;0;1222852;To eller flere reinfektioner;3;
2021-U24;1083;Syddanmark;2;1222852;Første reinfektion;2;
2021-U24;1083;Syddanmark;139;1222852;Første infektion;1;
2021-U25;1084;Hovedstaden;0;1850180;To eller flere reinfektioner;3;
2021-U25;1084;Hovedstaden;9;1850180;Første reinfektion;2;
2021-U25;1084;Hovedstaden;716;1850180;Første infektion;1;
2021-U25;1082;Midtjylland;1;1331695;Første reinfektion;2;
2021-U25;1082;Midtjylland;1;1331695;To eller flere reinfektioner;3;
2021-U25;1082;Midtjylland;198;1331695;Første infektion;1;
2021-U25;1081;Nordjylland;0;589581;Første reinfektion;2;
2021-U25;1081;Nordjylland;0;589581;To eller flere reinfektioner;3;
2021-U25;1081;Nordjylland;140;589581;Første infektion;1;
2021-U25;1085;Sjælland;0;838691;Første reinfektion;2;
2021-U25;1085;Sjælland;1;838691;To eller flere reinfektioner;3;
2021-U25;1085;Sjælland;93;838691;Første infektion;1;
2021-U25;1083;Syddanmark;0;1222852;To eller flere reinfektioner;3;
2021-U25;1083;Syddanmark;1;1222852;Første reinfektion;2;
2021-U25;1083;Syddanmark;144;1222852;Første infektion;1;
2021-U26;1084;Hovedstaden;0;1850180;To eller flere reinfektioner;3;
2021-U26;1084;Hovedstaden;24;1850180;Første reinfektion;2;
2021-U26;1084;Hovedstaden;1558;1850180;Første infektion;1;
2021-U26;1082;Midtjylland;0;1331695;To eller flere reinfektioner;3;
2021-U26;1082;Midtjylland;2;1331695;Første reinfektion;2;
2021-U26;1082;Midtjylland;350;1331695;Første infektion;1;
2021-U26;1081;Nordjylland;0;589581;To eller flere reinfektioner;3;
2021-U26;1081;Nordjylland;1;589581;Første reinfektion;2;
2021-U26;1081;Nordjylland;230;589581;Første infektion;1;
2021-U26;1085;Sjælland;0;838691;To eller flere reinfektioner;3;
2021-U26;1085;Sjælland;4;838691;Første reinfektion;2;
2021-U26;1085;Sjælland;298;838691;Første infektion;1;
2021-U26;1083;Syddanmark;0;1222852;To eller flere reinfektioner;3;
2021-U26;1083;Syddanmark;1;1222852;Første reinfektion;2;
2021-U26;1083;Syddanmark;219;1222852;Første infektion;1;
2021-U27;1084;Hovedstaden;0;1850799;To eller flere reinfektioner;3;
2021-U27;1084;Hovedstaden;46;1850799;Første reinfektion;2;
2021-U27;1084;Hovedstaden;2333;1850799;Første infektion;1;
2021-U27;1082;Midtjylland;0;1332546;To eller flere reinfektioner;3;
2021-U27;1082;Midtjylland;11;1332546;Første reinfektion;2;
2021-U27;1082;Midtjylland;986;1332546;Første infektion;1;
2021-U27;1081;Nordjylland;0;589573;Første reinfektion;2;
2021-U27;1081;Nordjylland;0;589573;To eller flere reinfektioner;3;
2021-U27;1081;Nordjylland;252;589573;Første infektion;1;
2021-U27;1085;Sjælland;0;839284;To eller flere reinfektioner;3;
2021-U27;1085;Sjælland;5;839284;Første reinfektion;2;
2021-U27;1085;Sjælland;387;839284;Første infektion;1;
2021-U27;1083;Syddanmark;0;1223088;To eller flere reinfektioner;3;
2021-U27;1083;Syddanmark;3;1223088;Første reinfektion;2;
2021-U27;1083;Syddanmark;620;1223088;Første infektion;1;
2021-U28;1084;Hovedstaden;0;1850799;To eller flere reinfektioner;3;
2021-U28;1084;Hovedstaden;55;1850799;Første reinfektion;2;
2021-U28;1084;Hovedstaden;3448;1850799;Første infektion;1;
2021-U28;1082;Midtjylland;0;1332546;To eller flere reinfektioner;3;
2021-U28;1082;Midtjylland;15;1332546;Første reinfektion;2;
2021-U28;1082;Midtjylland;1587;1332546;Første infektion;1;
2021-U28;1081;Nordjylland;0;589573;Første reinfektion;2;
2021-U28;1081;Nordjylland;0;589573;To eller flere reinfektioner;3;
2021-U28;1081;Nordjylland;303;589573;Første infektion;1;
2021-U28;1085;Sjælland;0;839284;To eller flere reinfektioner;3;
2021-U28;1085;Sjælland;9;839284;Første reinfektion;2;
2021-U28;1085;Sjælland;597;839284;Første infektion;1;
2021-U28;1083;Syddanmark;0;1223088;To eller flere reinfektioner;3;
2021-U28;1083;Syddanmark;10;1223088;Første reinfektion;2;
2021-U28;1083;Syddanmark;837;1223088;Første infektion;1;
2021-U29;1084;Hovedstaden;1;1850799;To eller flere reinfektioner;3;
2021-U29;1084;Hovedstaden;33;1850799;Første reinfektion;2;
2021-U29;1084;Hovedstaden;2336;1850799;Første infektion;1;
2021-U29;1082;Midtjylland;0;1332546;To eller flere reinfektioner;3;
2021-U29;1082;Midtjylland;12;1332546;Første reinfektion;2;
2021-U29;1082;Midtjylland;1384;1332546;Første infektion;1;
2021-U29;1081;Nordjylland;0;589573;To eller flere reinfektioner;3;
2021-U29;1081;Nordjylland;1;589573;Første reinfektion;2;
2021-U29;1081;Nordjylland;363;589573;Første infektion;1;
2021-U29;1085;Sjælland;0;839284;To eller flere reinfektioner;3;
2021-U29;1085;Sjælland;5;839284;Første reinfektion;2;
2021-U29;1085;Sjælland;431;839284;Første infektion;1;
2021-U29;1083;Syddanmark;0;1223088;To eller flere reinfektioner;3;
2021-U29;1083;Syddanmark;5;1223088;Første reinfektion;2;
2021-U29;1083;Syddanmark;729;1223088;Første infektion;1;
2021-U30;1084;Hovedstaden;0;1850799;To eller flere reinfektioner;3;
2021-U30;1084;Hovedstaden;65;1850799;Første reinfektion;2;
2021-U30;1084;Hovedstaden;2407;1850799;Første infektion;1;
2021-U30;1082;Midtjylland;0;1332546;To eller flere reinfektioner;3;
2021-U30;1082;Midtjylland;19;1332546;Første reinfektion;2;
2021-U30;1082;Midtjylland;1524;1332546;Første infektion;1;
2021-U30;1081;Nordjylland;0;589573;To eller flere reinfektioner;3;
2021-U30;1081;Nordjylland;3;589573;Første reinfektion;2;
2021-U30;1081;Nordjylland;837;589573;Første infektion;1;
2021-U30;1085;Sjælland;1;839284;To eller flere reinfektioner;3;
2021-U30;1085;Sjælland;5;839284;Første reinfektion;2;
2021-U30;1085;Sjælland;495;839284;Første infektion;1;
2021-U30;1083;Syddanmark;0;1223088;To eller flere reinfektioner;3;
2021-U30;1083;Syddanmark;6;1223088;Første reinfektion;2;
2021-U30;1083;Syddanmark;934;1223088;Første infektion;1;
2021-U31;1084;Hovedstaden;1;1851315;To eller flere reinfektioner;3;
2021-U31;1084;Hovedstaden;50;1851315;Første reinfektion;2;
2021-U31;1084;Hovedstaden;2451;1851315;Første infektion;1;
2021-U31;1082;Midtjylland;0;1333208;To eller flere reinfektioner;3;
2021-U31;1082;Midtjylland;21;1333208;Første reinfektion;2;
2021-U31;1082;Midtjylland;1494;1333208;Første infektion;1;
2021-U31;1081;Nordjylland;0;589786;To eller flere reinfektioner;3;
2021-U31;1081;Nordjylland;11;589786;Første reinfektion;2;
2021-U31;1081;Nordjylland;744;589786;Første infektion;1;
2021-U31;1085;Sjælland;0;840125;To eller flere reinfektioner;3;
2021-U31;1085;Sjælland;4;840125;Første reinfektion;2;
2021-U31;1085;Sjælland;543;840125;Første infektion;1;
2021-U31;1083;Syddanmark;0;1223372;To eller flere reinfektioner;3;
2021-U31;1083;Syddanmark;11;1223372;Første reinfektion;2;
2021-U31;1083;Syddanmark;1057;1223372;Første infektion;1;
2021-U32;1084;Hovedstaden;0;1851315;To eller flere reinfektioner;3;
2021-U32;1084;Hovedstaden;61;1851315;Første reinfektion;2;
2021-U32;1084;Hovedstaden;2733;1851315;Første infektion;1;
2021-U32;1082;Midtjylland;0;1333208;To eller flere reinfektioner;3;
2021-U32;1082;Midtjylland;26;1333208;Første reinfektion;2;
2021-U32;1082;Midtjylland;1574;1333208;Første infektion;1;
2021-U32;1081;Nordjylland;0;589786;To eller flere reinfektioner;3;
2021-U32;1081;Nordjylland;8;589786;Første reinfektion;2;
2021-U32;1081;Nordjylland;690;589786;Første infektion;1;
2021-U32;1085;Sjælland;0;840125;To eller flere reinfektioner;3;
2021-U32;1085;Sjælland;10;840125;Første reinfektion;2;
2021-U32;1085;Sjælland;734;840125;Første infektion;1;
2021-U32;1083;Syddanmark;0;1223372;To eller flere reinfektioner;3;
2021-U32;1083;Syddanmark;14;1223372;Første reinfektion;2;
2021-U32;1083;Syddanmark;1064;1223372;Første infektion;1;
2021-U33;1084;Hovedstaden;0;1851315;To eller flere reinfektioner;3;
2021-U33;1084;Hovedstaden;77;1851315;Første reinfektion;2;
2021-U33;1084;Hovedstaden;3049;1851315;Første infektion;1;
2021-U33;1082;Midtjylland;0;1333208;To eller flere reinfektioner;3;
2021-U33;1082;Midtjylland;16;1333208;Første reinfektion;2;
2021-U33;1082;Midtjylland;1396;1333208;Første infektion;1;
2021-U33;1081;Nordjylland;0;589786;To eller flere reinfektioner;3;
2021-U33;1081;Nordjylland;3;589786;Første reinfektion;2;
2021-U33;1081;Nordjylland;584;589786;Første infektion;1;
2021-U33;1085;Sjælland;0;840125;To eller flere reinfektioner;3;
2021-U33;1085;Sjælland;5;840125;Første reinfektion;2;
2021-U33;1085;Sjælland;594;840125;Første infektion;1;
2021-U33;1083;Syddanmark;1;1223372;To eller flere reinfektioner;3;
2021-U33;1083;Syddanmark;12;1223372;Første reinfektion;2;
2021-U33;1083;Syddanmark;1162;1223372;Første infektion;1;
2021-U34;1084;Hovedstaden;1;1851315;To eller flere reinfektioner;3;
2021-U34;1084;Hovedstaden;66;1851315;Første reinfektion;2;
2021-U34;1084;Hovedstaden;3185;1851315;Første infektion;1;
2021-U34;1082;Midtjylland;0;1333208;To eller flere reinfektioner;3;
2021-U34;1082;Midtjylland;14;1333208;Første reinfektion;2;
2021-U34;1082;Midtjylland;1079;1333208;Første infektion;1;
2021-U34;1081;Nordjylland;0;589786;To eller flere reinfektioner;3;
2021-U34;1081;Nordjylland;4;589786;Første reinfektion;2;
2021-U34;1081;Nordjylland;366;589786;Første infektion;1;
2021-U34;1085;Sjælland;0;840125;To eller flere reinfektioner;3;
2021-U34;1085;Sjælland;4;840125;Første reinfektion;2;
2021-U34;1085;Sjælland;563;840125;Første infektion;1;
2021-U34;1083;Syddanmark;0;1223372;To eller flere reinfektioner;3;
2021-U34;1083;Syddanmark;11;1223372;Første reinfektion;2;
2021-U34;1083;Syddanmark;971;1223372;Første infektion;1;
2021-U35;1084;Hovedstaden;0;1851315;To eller flere reinfektioner;3;
2021-U35;1084;Hovedstaden;46;1851315;Første reinfektion;2;
2021-U35;1084;Hovedstaden;2331;1851315;Første infektion;1;
2021-U35;1082;Midtjylland;0;1333208;To eller flere reinfektioner;3;
2021-U35;1082;Midtjylland;15;1333208;Første reinfektion;2;
2021-U35;1082;Midtjylland;739;1333208;Første infektion;1;
2021-U35;1081;Nordjylland;0;589786;Første reinfektion;2;
2021-U35;1081;Nordjylland;0;589786;To eller flere reinfektioner;3;
2021-U35;1081;Nordjylland;247;589786;Første infektion;1;
2021-U35;1085;Sjælland;0;840125;To eller flere reinfektioner;3;
2021-U35;1085;Sjælland;7;840125;Første reinfektion;2;
2021-U35;1085;Sjælland;457;840125;Første infektion;1;
2021-U35;1083;Syddanmark;0;1223372;To eller flere reinfektioner;3;
2021-U35;1083;Syddanmark;9;1223372;Første reinfektion;2;
2021-U35;1083;Syddanmark;625;1223372;Første infektion;1;
2021-U36;1084;Hovedstaden;0;1852142;To eller flere reinfektioner;3;
2021-U36;1084;Hovedstaden;38;1852142;Første reinfektion;2;
2021-U36;1084;Hovedstaden;1641;1852142;Første infektion;1;
2021-U36;1082;Midtjylland;0;1334300;To eller flere reinfektioner;3;
2021-U36;1082;Midtjylland;4;1334300;Første reinfektion;2;
2021-U36;1082;Midtjylland;494;1334300;Første infektion;1;
2021-U36;1081;Nordjylland;0;590116;Første reinfektion;2;
2021-U36;1081;Nordjylland;0;590116;To eller flere reinfektioner;3;
2021-U36;1081;Nordjylland;143;590116;Første infektion;1;
2021-U36;1085;Sjælland;0;840669;To eller flere reinfektioner;3;
2021-U36;1085;Sjælland;4;840669;Første reinfektion;2;
2021-U36;1085;Sjælland;501;840669;Første infektion;1;
2021-U36;1083;Syddanmark;0;1223824;To eller flere reinfektioner;3;
2021-U36;1083;Syddanmark;4;1223824;Første reinfektion;2;
2021-U36;1083;Syddanmark;402;1223824;Første infektion;1;
2021-U37;1084;Hovedstaden;1;1852142;To eller flere reinfektioner;3;
2021-U37;1084;Hovedstaden;16;1852142;Første reinfektion;2;
2021-U37;1084;Hovedstaden;1025;1852142;Første infektion;1;
2021-U37;1082;Midtjylland;1;1334300;To eller flere reinfektioner;3;
2021-U37;1082;Midtjylland;2;1334300;Første reinfektion;2;
2021-U37;1082;Midtjylland;349;1334300;Første infektion;1;
2021-U37;1081;Nordjylland;0;590116;To eller flere reinfektioner;3;
2021-U37;1081;Nordjylland;1;590116;Første reinfektion;2;
2021-U37;1081;Nordjylland;153;590116;Første infektion;1;
2021-U37;1085;Sjælland;0;840669;To eller flere reinfektioner;3;
2021-U37;1085;Sjælland;4;840669;Første reinfektion;2;
2021-U37;1085;Sjælland;274;840669;Første infektion;1;
2021-U37;1083;Syddanmark;0;1223824;To eller flere reinfektioner;3;
2021-U37;1083;Syddanmark;3;1223824;Første reinfektion;2;
2021-U37;1083;Syddanmark;348;1223824;Første infektion;1;
2021-U38;1084;Hovedstaden;0;1852142;To eller flere reinfektioner;3;
2021-U38;1084;Hovedstaden;11;1852142;Første reinfektion;2;
2021-U38;1084;Hovedstaden;1031;1852142;Første infektion;1;
2021-U38;1082;Midtjylland;1;1334300;To eller flere reinfektioner;3;
2021-U38;1082;Midtjylland;4;1334300;Første reinfektion;2;
2021-U38;1082;Midtjylland;343;1334300;Første infektion;1;
2021-U38;1081;Nordjylland;0;590116;To eller flere reinfektioner;3;
2021-U38;1081;Nordjylland;2;590116;Første reinfektion;2;
2021-U38;1081;Nordjylland;287;590116;Første infektion;1;
2021-U38;1085;Sjælland;0;840669;To eller flere reinfektioner;3;
2021-U38;1085;Sjælland;1;840669;Første reinfektion;2;
2021-U38;1085;Sjælland;400;840669;Første infektion;1;
2021-U38;1083;Syddanmark;0;1223824;To eller flere reinfektioner;3;
2021-U38;1083;Syddanmark;3;1223824;Første reinfektion;2;
2021-U38;1083;Syddanmark;412;1223824;Første infektion;1;
2021-U39;1084;Hovedstaden;0;1852142;To eller flere reinfektioner;3;
2021-U39;1084;Hovedstaden;20;1852142;Første reinfektion;2;
2021-U39;1084;Hovedstaden;1581;1852142;Første infektion;1;
2021-U39;1082;Midtjylland;0;1334300;To eller flere reinfektioner;3;
2021-U39;1082;Midtjylland;5;1334300;Første reinfektion;2;
2021-U39;1082;Midtjylland;356;1334300;Første infektion;1;
2021-U39;1081;Nordjylland;0;590116;To eller flere reinfektioner;3;
2021-U39;1081;Nordjylland;1;590116;Første reinfektion;2;
2021-U39;1081;Nordjylland;196;590116;Første infektion;1;
2021-U39;1085;Sjælland;0;840669;To eller flere reinfektioner;3;
2021-U39;1085;Sjælland;5;840669;Første reinfektion;2;
2021-U39;1085;Sjælland;409;840669;Første infektion;1;
2021-U39;1083;Syddanmark;0;1223824;To eller flere reinfektioner;3;
2021-U39;1083;Syddanmark;4;1223824;Første reinfektion;2;
2021-U39;1083;Syddanmark;437;1223824;Første infektion;1;
2021-U40;1084;Hovedstaden;2;1855361;To eller flere reinfektioner;3;
2021-U40;1084;Hovedstaden;29;1855361;Første reinfektion;2;
2021-U40;1084;Hovedstaden;2048;1855361;Første infektion;1;
2021-U40;1082;Midtjylland;0;1336319;To eller flere reinfektioner;3;
2021-U40;1082;Midtjylland;8;1336319;Første reinfektion;2;
2021-U40;1082;Midtjylland;564;1336319;Første infektion;1;
2021-U40;1081;Nordjylland;0;590721;To eller flere reinfektioner;3;
2021-U40;1081;Nordjylland;1;590721;Første reinfektion;2;
2021-U40;1081;Nordjylland;223;590721;Første infektion;1;
2021-U40;1085;Sjælland;0;840653;To eller flere reinfektioner;3;
2021-U40;1085;Sjælland;4;840653;Første reinfektion;2;
2021-U40;1085;Sjælland;532;840653;Første infektion;1;
2021-U40;1083;Syddanmark;0;1224620;To eller flere reinfektioner;3;
2021-U40;1083;Syddanmark;6;1224620;Første reinfektion;2;
2021-U40;1083;Syddanmark;628;1224620;Første infektion;1;
2021-U41;1084;Hovedstaden;0;1855361;To eller flere reinfektioner;3;
2021-U41;1084;Hovedstaden;37;1855361;Første reinfektion;2;
2021-U41;1084;Hovedstaden;2661;1855361;Første infektion;1;
2021-U41;1082;Midtjylland;0;1336319;To eller flere reinfektioner;3;
2021-U41;1082;Midtjylland;4;1336319;Første reinfektion;2;
2021-U41;1082;Midtjylland;569;1336319;Første infektion;1;
2021-U41;1081;Nordjylland;0;590721;To eller flere reinfektioner;3;
2021-U41;1081;Nordjylland;1;590721;Første reinfektion;2;
2021-U41;1081;Nordjylland;332;590721;Første infektion;1;
2021-U41;1085;Sjælland;0;840653;To eller flere reinfektioner;3;
2021-U41;1085;Sjælland;4;840653;Første reinfektion;2;
2021-U41;1085;Sjælland;754;840653;Første infektion;1;
2021-U41;1083;Syddanmark;0;1224620;To eller flere reinfektioner;3;
2021-U41;1083;Syddanmark;9;1224620;Første reinfektion;2;
2021-U41;1083;Syddanmark;662;1224620;Første infektion;1;
2021-U42;1084;Hovedstaden;2;1855361;To eller flere reinfektioner;3;
2021-U42;1084;Hovedstaden;81;1855361;Første reinfektion;2;
2021-U42;1084;Hovedstaden;4762;1855361;Første infektion;1;
2021-U42;1082;Midtjylland;0;1336319;To eller flere reinfektioner;3;
2021-U42;1082;Midtjylland;5;1336319;Første reinfektion;2;
2021-U42;1082;Midtjylland;1017;1336319;Første infektion;1;
2021-U42;1081;Nordjylland;0;590721;To eller flere reinfektioner;3;
2021-U42;1081;Nordjylland;7;590721;Første reinfektion;2;
2021-U42;1081;Nordjylland;613;590721;Første infektion;1;
2021-U42;1085;Sjælland;0;840653;To eller flere reinfektioner;3;
2021-U42;1085;Sjælland;11;840653;Første reinfektion;2;
2021-U42;1085;Sjælland;1183;840653;Første infektion;1;
2021-U42;1083;Syddanmark;0;1224620;To eller flere reinfektioner;3;
2021-U42;1083;Syddanmark;8;1224620;Første reinfektion;2;
2021-U42;1083;Syddanmark;1030;1224620;Første infektion;1;
2021-U43;1084;Hovedstaden;0;1855361;To eller flere reinfektioner;3;
2021-U43;1084;Hovedstaden;102;1855361;Første reinfektion;2;
2021-U43;1084;Hovedstaden;6274;1855361;Første infektion;1;
2021-U43;1082;Midtjylland;0;1336319;To eller flere reinfektioner;3;
2021-U43;1082;Midtjylland;18;1336319;Første reinfektion;2;
2021-U43;1082;Midtjylland;1430;1336319;Første infektion;1;
2021-U43;1081;Nordjylland;0;590721;To eller flere reinfektioner;3;
2021-U43;1081;Nordjylland;4;590721;Første reinfektion;2;
2021-U43;1081;Nordjylland;656;590721;Første infektion;1;
2021-U43;1085;Sjælland;0;840653;To eller flere reinfektioner;3;
2021-U43;1085;Sjælland;18;840653;Første reinfektion;2;
2021-U43;1085;Sjælland;1825;840653;Første infektion;1;
2021-U43;1083;Syddanmark;0;1224620;To eller flere reinfektioner;3;
2021-U43;1083;Syddanmark;8;1224620;Første reinfektion;2;
2021-U43;1083;Syddanmark;1614;1224620;Første infektion;1;
2021-U44;1084;Hovedstaden;0;1857872;To eller flere reinfektioner;3;
2021-U44;1084;Hovedstaden;122;1857872;Første reinfektion;2;
2021-U44;1084;Hovedstaden;7720;1857872;Første infektion;1;
2021-U44;1082;Midtjylland;0;1337376;To eller flere reinfektioner;3;
2021-U44;1082;Midtjylland;17;1337376;Første reinfektion;2;
2021-U44;1082;Midtjylland;2306;1337376;Første infektion;1;
2021-U44;1081;Nordjylland;0;591001;To eller flere reinfektioner;3;
2021-U44;1081;Nordjylland;5;591001;Første reinfektion;2;
2021-U44;1081;Nordjylland;1101;591001;Første infektion;1;
2021-U44;1085;Sjælland;0;840920;To eller flere reinfektioner;3;
2021-U44;1085;Sjælland;17;840920;Første reinfektion;2;
2021-U44;1085;Sjælland;2466;840920;Første infektion;1;
2021-U44;1083;Syddanmark;0;1225098;To eller flere reinfektioner;3;
2021-U44;1083;Syddanmark;15;1225098;Første reinfektion;2;
2021-U44;1083;Syddanmark;2272;1225098;Første infektion;1;
2021-U45;1084;Hovedstaden;0;1857872;To eller flere reinfektioner;3;
2021-U45;1084;Hovedstaden;152;1857872;Første reinfektion;2;
2021-U45;1084;Hovedstaden;10597;1857872;Første infektion;1;
2021-U45;1082;Midtjylland;1;1337376;To eller flere reinfektioner;3;
2021-U45;1082;Midtjylland;24;1337376;Første reinfektion;2;
2021-U45;1082;Midtjylland;3551;1337376;Første infektion;1;
2021-U45;1081;Nordjylland;0;591001;To eller flere reinfektioner;3;
2021-U45;1081;Nordjylland;5;591001;Første reinfektion;2;
2021-U45;1081;Nordjylland;1735;591001;Første infektion;1;
2021-U45;1085;Sjælland;0;840920;To eller flere reinfektioner;3;
2021-U45;1085;Sjælland;42;840920;Første reinfektion;2;
2021-U45;1085;Sjælland;3299;840920;Første infektion;1;
2021-U45;1083;Syddanmark;0;1225098;To eller flere reinfektioner;3;
2021-U45;1083;Syddanmark;20;1225098;Første reinfektion;2;
2021-U45;1083;Syddanmark;3418;1225098;Første infektion;1;
2021-U46;1084;Hovedstaden;4;1857872;To eller flere reinfektioner;3;
2021-U46;1084;Hovedstaden;198;1857872;Første reinfektion;2;
2021-U46;1084;Hovedstaden;12893;1857872;Første infektion;1;
2021-U46;1082;Midtjylland;0;1337376;To eller flere reinfektioner;3;
2021-U46;1082;Midtjylland;27;1337376;Første reinfektion;2;
2021-U46;1082;Midtjylland;4076;1337376;Første infektion;1;
2021-U46;1081;Nordjylland;0;591001;To eller flere reinfektioner;3;
2021-U46;1081;Nordjylland;9;591001;Første reinfektion;2;
2021-U46;1081;Nordjylland;2146;591001;Første infektion;1;
2021-U46;1085;Sjælland;1;840920;To eller flere reinfektioner;3;
2021-U46;1085;Sjælland;31;840920;Første reinfektion;2;
2021-U46;1085;Sjælland;4108;840920;Første infektion;1;
2021-U46;1083;Syddanmark;1;1225098;To eller flere reinfektioner;3;
2021-U46;1083;Syddanmark;20;1225098;Første reinfektion;2;
2021-U46;1083;Syddanmark;4722;1225098;Første infektion;1;
2021-U47;1084;Hovedstaden;2;1857872;To eller flere reinfektioner;3;
2021-U47;1084;Hovedstaden;206;1857872;Første reinfektion;2;
2021-U47;1084;Hovedstaden;13348;1857872;Første infektion;1;
2021-U47;1082;Midtjylland;0;1337376;To eller flere reinfektioner;3;
2021-U47;1082;Midtjylland;33;1337376;Første reinfektion;2;
2021-U47;1082;Midtjylland;4467;1337376;Første infektion;1;
2021-U47;1081;Nordjylland;1;591001;To eller flere reinfektioner;3;
2021-U47;1081;Nordjylland;15;591001;Første reinfektion;2;
2021-U47;1081;Nordjylland;2018;591001;Første infektion;1;
2021-U47;1085;Sjælland;0;840920;To eller flere reinfektioner;3;
2021-U47;1085;Sjælland;34;840920;Første reinfektion;2;
2021-U47;1085;Sjælland;4278;840920;Første infektion;1;
2021-U47;1083;Syddanmark;1;1225098;To eller flere reinfektioner;3;
2021-U47;1083;Syddanmark;29;1225098;Første reinfektion;2;
2021-U47;1083;Syddanmark;4709;1225098;Første infektion;1;
2021-U48;1084;Hovedstaden;1;1857872;To eller flere reinfektioner;3;
2021-U48;1084;Hovedstaden;244;1857872;Første reinfektion;2;
2021-U48;1084;Hovedstaden;15341;1857872;Første infektion;1;
2021-U48;1082;Midtjylland;0;1337376;To eller flere reinfektioner;3;
2021-U48;1082;Midtjylland;44;1337376;Første reinfektion;2;
2021-U48;1082;Midtjylland;5736;1337376;Første infektion;1;
2021-U48;1081;Nordjylland;0;591001;To eller flere reinfektioner;3;
2021-U48;1081;Nordjylland;12;591001;Første reinfektion;2;
2021-U48;1081;Nordjylland;2371;591001;Første infektion;1;
2021-U48;1085;Sjælland;0;840920;To eller flere reinfektioner;3;
2021-U48;1085;Sjælland;42;840920;Første reinfektion;2;
2021-U48;1085;Sjælland;5119;840920;Første infektion;1;
2021-U48;1083;Syddanmark;0;1225098;To eller flere reinfektioner;3;
2021-U48;1083;Syddanmark;35;1225098;Første reinfektion;2;
2021-U48;1083;Syddanmark;5655;1225098;Første infektion;1;
2021-U49;1084;Hovedstaden;4;1860952;To eller flere reinfektioner;3;
2021-U49;1084;Hovedstaden;577;1860952;Første reinfektion;2;
2021-U49;1084;Hovedstaden;21515;1860952;Første infektion;1;
2021-U49;1082;Midtjylland;2;1338673;To eller flere reinfektioner;3;
2021-U49;1082;Midtjylland;83;1338673;Første reinfektion;2;
2021-U49;1082;Midtjylland;8717;1338673;Første infektion;1;
2021-U49;1081;Nordjylland;0;591302;To eller flere reinfektioner;3;
2021-U49;1081;Nordjylland;31;591302;Første reinfektion;2;
2021-U49;1081;Nordjylland;3317;591302;Første infektion;1;
2021-U49;1085;Sjælland;0;841390;To eller flere reinfektioner;3;
2021-U49;1085;Sjælland;73;841390;Første reinfektion;2;
2021-U49;1085;Sjælland;6890;841390;Første infektion;1;
2021-U49;1083;Syddanmark;0;1226082;To eller flere reinfektioner;3;
2021-U49;1083;Syddanmark;49;1226082;Første reinfektion;2;
2021-U49;1083;Syddanmark;7187;1226082;Første infektion;1;
2021-U50;1084;Hovedstaden;12;1860952;To eller flere reinfektioner;3;
2021-U50;1084;Hovedstaden;1895;1860952;Første reinfektion;2;
2021-U50;1084;Hovedstaden;36181;1860952;Første infektion;1;
2021-U50;1082;Midtjylland;2;1338673;To eller flere reinfektioner;3;
2021-U50;1082;Midtjylland;245;1338673;Første reinfektion;2;
2021-U50;1082;Midtjylland;12626;1338673;Første infektion;1;
2021-U50;1081;Nordjylland;1;591302;To eller flere reinfektioner;3;
2021-U50;1081;Nordjylland;85;591302;Første reinfektion;2;
2021-U50;1081;Nordjylland;4543;591302;Første infektion;1;
2021-U50;1085;Sjælland;1;841390;To eller flere reinfektioner;3;
2021-U50;1085;Sjælland;233;841390;Første reinfektion;2;
2021-U50;1085;Sjælland;9887;841390;Første infektion;1;
2021-U50;1083;Syddanmark;0;1226082;To eller flere reinfektioner;3;
2021-U50;1083;Syddanmark;144;1226082;Første reinfektion;2;
2021-U50;1083;Syddanmark;9947;1226082;Første infektion;1;
2021-U51;1084;Hovedstaden;19;1860952;To eller flere reinfektioner;3;
2021-U51;1084;Hovedstaden;2412;1860952;Første reinfektion;2;
2021-U51;1084;Hovedstaden;35916;1860952;Første infektion;1;
2021-U51;1082;Midtjylland;1;1338673;To eller flere reinfektioner;3;
2021-U51;1082;Midtjylland;380;1338673;Første reinfektion;2;
2021-U51;1082;Midtjylland;14159;1338673;Første infektion;1;
2021-U51;1081;Nordjylland;1;591302;To eller flere reinfektioner;3;
2021-U51;1081;Nordjylland;143;591302;Første reinfektion;2;
2021-U51;1081;Nordjylland;5119;591302;Første infektion;1;
2021-U51;1085;Sjælland;0;841390;To eller flere reinfektioner;3;
2021-U51;1085;Sjælland;344;841390;Første reinfektion;2;
2021-U51;1085;Sjælland;10261;841390;Første infektion;1;
2021-U51;1083;Syddanmark;4;1226082;To eller flere reinfektioner;3;
2021-U51;1083;Syddanmark;245;1226082;Første reinfektion;2;
2021-U51;1083;Syddanmark;10890;1226082;Første infektion;1;
2021-U52;1084;Hovedstaden;32;1860952;To eller flere reinfektioner;3;
2021-U52;1084;Hovedstaden;4295;1860952;Første reinfektion;2;
2021-U52;1084;Hovedstaden;49585;1860952;Første infektion;1;
2021-U52;1082;Midtjylland;4;1338673;To eller flere reinfektioner;3;
2021-U52;1082;Midtjylland;933;1338673;Første reinfektion;2;
2021-U52;1082;Midtjylland;23112;1338673;Første infektion;1;
2021-U52;1081;Nordjylland;2;591302;To eller flere reinfektioner;3;
2021-U52;1081;Nordjylland;416;591302;Første reinfektion;2;
2021-U52;1081;Nordjylland;10987;591302;Første infektion;1;
2021-U52;1085;Sjælland;5;841390;To eller flere reinfektioner;3;
2021-U52;1085;Sjælland;720;841390;Første reinfektion;2;
2021-U52;1085;Sjælland;16269;841390;Første infektion;1;
2021-U52;1083;Syddanmark;3;1226082;To eller flere reinfektioner;3;
2021-U52;1083;Syddanmark;657;1226082;Første reinfektion;2;
2021-U52;1083;Syddanmark;19329;1226082;Første infektion;1;
2022-U01;1084;Hovedstaden;42;1862046;To eller flere reinfektioner;3;
2022-U01;1084;Hovedstaden;5602;1862046;Første reinfektion;2;
2022-U01;1084;Hovedstaden;49240;1862046;Første infektion;1;
2022-U01;1082;Midtjylland;12;1339467;To eller flere reinfektioner;3;
2022-U01;1082;Midtjylland;1641;1339467;Første reinfektion;2;
2022-U01;1082;Midtjylland;26569;1339467;Første infektion;1;
2022-U01;1081;Nordjylland;1;591192;To eller flere reinfektioner;3;
2022-U01;1081;Nordjylland;650;591192;Første reinfektion;2;
2022-U01;1081;Nordjylland;11243;591192;Første infektion;1;
2022-U01;1085;Sjælland;5;841723;To eller flere reinfektioner;3;
2022-U01;1085;Sjælland;998;841723;Første reinfektion;2;
2022-U01;1085;Sjælland;16851;841723;Første infektion;1;
2022-U01;1083;Syddanmark;3;1226727;To eller flere reinfektioner;3;
2022-U01;1083;Syddanmark;1060;1226727;Første reinfektion;2;
2022-U01;1083;Syddanmark;22719;1226727;Første infektion;1;
2022-U02;1084;Hovedstaden;49;1862046;To eller flere reinfektioner;3;
2022-U02;1084;Hovedstaden;6677;1862046;Første reinfektion;2;
2022-U02;1084;Hovedstaden;65168;1862046;Første infektion;1;
2022-U02;1082;Midtjylland;10;1339467;To eller flere reinfektioner;3;
2022-U02;1082;Midtjylland;1775;1339467;Første reinfektion;2;
2022-U02;1082;Midtjylland;37724;1339467;Første infektion;1;
2022-U02;1081;Nordjylland;1;591192;To eller flere reinfektioner;3;
2022-U02;1081;Nordjylland;664;591192;Første reinfektion;2;
2022-U02;1081;Nordjylland;14373;591192;Første infektion;1;
2022-U02;1085;Sjælland;11;841723;To eller flere reinfektioner;3;
2022-U02;1085;Sjælland;1188;841723;Første reinfektion;2;
2022-U02;1085;Sjælland;22024;841723;Første infektion;1;
2022-U02;1083;Syddanmark;9;1226727;To eller flere reinfektioner;3;
2022-U02;1083;Syddanmark;1457;1226727;Første reinfektion;2;
2022-U02;1083;Syddanmark;32215;1226727;Første infektion;1;
2022-U03;1084;Hovedstaden;82;1862046;To eller flere reinfektioner;3;
2022-U03;1084;Hovedstaden;9822;1862046;Første reinfektion;2;
2022-U03;1084;Hovedstaden;93243;1862046;Første infektion;1;
2022-U03;1082;Midtjylland;18;1339467;To eller flere reinfektioner;3;
2022-U03;1082;Midtjylland;2642;1339467;Første reinfektion;2;
2022-U03;1082;Midtjylland;58635;1339467;Første infektion;1;
2022-U03;1081;Nordjylland;4;591192;To eller flere reinfektioner;3;
2022-U03;1081;Nordjylland;1003;591192;Første reinfektion;2;
2022-U03;1081;Nordjylland;22603;591192;Første infektion;1;
2022-U03;1085;Sjælland;2;841723;To eller flere reinfektioner;3;
2022-U03;1085;Sjælland;2256;841723;Første reinfektion;2;
2022-U03;1085;Sjælland;37442;841723;Første infektion;1;
2022-U03;1083;Syddanmark;11;1226727;To eller flere reinfektioner;3;
2022-U03;1083;Syddanmark;2283;1226727;Første reinfektion;2;
2022-U03;1083;Syddanmark;55022;1226727;Første infektion;1;
2022-U04;1084;Hovedstaden;49;1862046;To eller flere reinfektioner;3;
2022-U04;1084;Hovedstaden;8370;1862046;Første reinfektion;2;
2022-U04;1084;Hovedstaden;81500;1862046;Første infektion;1;
2022-U04;1082;Midtjylland;8;1339467;To eller flere reinfektioner;3;
2022-U04;1082;Midtjylland;2898;1339467;Første reinfektion;2;
2022-U04;1082;Midtjylland;65117;1339467;Første infektion;1;
2022-U04;1081;Nordjylland;2;591192;To eller flere reinfektioner;3;
2022-U04;1081;Nordjylland;1191;591192;Første reinfektion;2;
2022-U04;1081;Nordjylland;29758;591192;Første infektion;1;
2022-U04;1085;Sjælland;6;841723;To eller flere reinfektioner;3;
2022-U04;1085;Sjælland;2474;841723;Første reinfektion;2;
2022-U04;1085;Sjælland;40194;841723;Første infektion;1;
2022-U04;1083;Syddanmark;9;1226727;To eller flere reinfektioner;3;
2022-U04;1083;Syddanmark;2617;1226727;Første reinfektion;2;
2022-U04;1083;Syddanmark;63988;1226727;Første infektion;1;
2022-U05;1084;Hovedstaden;46;1862046;To eller flere reinfektioner;3;
2022-U05;1084;Hovedstaden;6783;1862046;Første reinfektion;2;
2022-U05;1084;Hovedstaden;68951;1862046;Første infektion;1;
2022-U05;1082;Midtjylland;12;1339467;To eller flere reinfektioner;3;
2022-U05;1082;Midtjylland;3282;1339467;Første reinfektion;2;
2022-U05;1082;Midtjylland;77806;1339467;Første infektion;1;
2022-U05;1081;Nordjylland;5;591192;To eller flere reinfektioner;3;
2022-U05;1081;Nordjylland;1276;591192;Første reinfektion;2;
2022-U05;1081;Nordjylland;32381;591192;Første infektion;1;
2022-U05;1085;Sjælland;5;841723;To eller flere reinfektioner;3;
2022-U05;1085;Sjælland;2022;841723;Første reinfektion;2;
2022-U05;1085;Sjælland;35766;841723;Første infektion;1;
2022-U05;1083;Syddanmark;16;1226727;To eller flere reinfektioner;3;
2022-U05;1083;Syddanmark;2522;1226727;Første reinfektion;2;
2022-U05;1083;Syddanmark;64855;1226727;Første infektion;1;
2022-U06;1084;Hovedstaden;57;1861671;To eller flere reinfektioner;3;
2022-U06;1084;Hovedstaden;6486;1861671;Første reinfektion;2;
2022-U06;1084;Hovedstaden;64120;1861671;Første infektion;1;
2022-U06;1082;Midtjylland;17;1339456;To eller flere reinfektioner;3;
2022-U06;1082;Midtjylland;3970;1339456;Første reinfektion;2;
2022-U06;1082;Midtjylland;83962;1339456;Første infektion;1;
2022-U06;1081;Nordjylland;2;591073;To eller flere reinfektioner;3;
2022-U06;1081;Nordjylland;2094;591073;Første reinfektion;2;
2022-U06;1081;Nordjylland;40815;591073;Første infektion;1;
2022-U06;1085;Sjælland;13;841750;To eller flere reinfektioner;3;
2022-U06;1085;Sjælland;2247;841750;Første reinfektion;2;
2022-U06;1085;Sjælland;37045;841750;Første infektion;1;
2022-U06;1083;Syddanmark;15;1226640;To eller flere reinfektioner;3;
2022-U06;1083;Syddanmark;3113;1226640;Første reinfektion;2;
2022-U06;1083;Syddanmark;71399;1226640;Første infektion;1;
2022-U07;1084;Hovedstaden;47;1861671;To eller flere reinfektioner;3;
2022-U07;1084;Hovedstaden;4731;1861671;Første reinfektion;2;
2022-U07;1084;Hovedstaden;49041;1861671;Første infektion;1;
2022-U07;1082;Midtjylland;10;1339456;To eller flere reinfektioner;3;
2022-U07;1082;Midtjylland;2717;1339456;Første reinfektion;2;
2022-U07;1082;Midtjylland;62657;1339456;Første infektion;1;
2022-U07;1081;Nordjylland;9;591073;To eller flere reinfektioner;3;
2022-U07;1081;Nordjylland;1521;591073;Første reinfektion;2;
2022-U07;1081;Nordjylland;32254;591073;Første infektion;1;
2022-U07;1085;Sjælland;10;841750;To eller flere reinfektioner;3;
2022-U07;1085;Sjælland;1677;841750;Første reinfektion;2;
2022-U07;1085;Sjælland;27795;841750;Første infektion;1;
2022-U07;1083;Syddanmark;8;1226640;To eller flere reinfektioner;3;
2022-U07;1083;Syddanmark;2130;1226640;Første reinfektion;2;
2022-U07;1083;Syddanmark;54061;1226640;Første infektion;1;
2022-U08;1084;Hovedstaden;33;1861671;To eller flere reinfektioner;3;
2022-U08;1084;Hovedstaden;3291;1861671;Første reinfektion;2;
2022-U08;1084;Hovedstaden;32266;1861671;Første infektion;1;
2022-U08;1082;Midtjylland;11;1339456;To eller flere reinfektioner;3;
2022-U08;1082;Midtjylland;1741;1339456;Første reinfektion;2;
2022-U08;1082;Midtjylland;38636;1339456;Første infektion;1;
2022-U08;1081;Nordjylland;2;591073;To eller flere reinfektioner;3;
2022-U08;1081;Nordjylland;855;591073;Første reinfektion;2;
2022-U08;1081;Nordjylland;20820;591073;Første infektion;1;
2022-U08;1085;Sjælland;4;841750;To eller flere reinfektioner;3;
2022-U08;1085;Sjælland;1054;841750;Første reinfektion;2;
2022-U08;1085;Sjælland;18203;841750;Første infektion;1;
2022-U08;1083;Syddanmark;8;1226640;To eller flere reinfektioner;3;
2022-U08;1083;Syddanmark;1321;1226640;Første reinfektion;2;
2022-U08;1083;Syddanmark;33542;1226640;Første infektion;1;
2022-U09;1084;Hovedstaden;35;1861671;To eller flere reinfektioner;3;
2022-U09;1084;Hovedstaden;2345;1861671;Første reinfektion;2;
2022-U09;1084;Hovedstaden;23617;1861671;Første infektion;1;
2022-U09;1082;Midtjylland;6;1339456;To eller flere reinfektioner;3;
2022-U09;1082;Midtjylland;1215;1339456;Første reinfektion;2;
2022-U09;1082;Midtjylland;28917;1339456;Første infektion;1;
2022-U09;1081;Nordjylland;5;591073;To eller flere reinfektioner;3;
2022-U09;1081;Nordjylland;566;591073;Første reinfektion;2;
2022-U09;1081;Nordjylland;13528;591073;Første infektion;1;
2022-U09;1085;Sjælland;9;841750;To eller flere reinfektioner;3;
2022-U09;1085;Sjælland;713;841750;Første reinfektion;2;
2022-U09;1085;Sjælland;12884;841750;Første infektion;1;
2022-U09;1083;Syddanmark;4;1226640;To eller flere reinfektioner;3;
2022-U09;1083;Syddanmark;965;1226640;Første reinfektion;2;
2022-U09;1083;Syddanmark;25647;1226640;Første infektion;1;
2022-U10;1084;Hovedstaden;22;1862815;To eller flere reinfektioner;3;
2022-U10;1084;Hovedstaden;1816;1862815;Første reinfektion;2;
2022-U10;1084;Hovedstaden;17604;1862815;Første infektion;1;
2022-U10;1082;Midtjylland;6;1340447;To eller flere reinfektioner;3;
2022-U10;1082;Midtjylland;829;1340447;Første reinfektion;2;
2022-U10;1082;Midtjylland;19934;1340447;Første infektion;1;
2022-U10;1081;Nordjylland;3;591075;To eller flere reinfektioner;3;
2022-U10;1081;Nordjylland;400;591075;Første reinfektion;2;
2022-U10;1081;Nordjylland;9067;591075;Første infektion;1;
2022-U10;1085;Sjælland;3;842084;To eller flere reinfektioner;3;
2022-U10;1085;Sjælland;576;842084;Første reinfektion;2;
2022-U10;1085;Sjælland;10019;842084;Første infektion;1;
2022-U10;1083;Syddanmark;7;1226910;To eller flere reinfektioner;3;
2022-U10;1083;Syddanmark;739;1226910;Første reinfektion;2;
2022-U10;1083;Syddanmark;19333;1226910;Første infektion;1;
2022-U11;1084;Hovedstaden;26;1862815;To eller flere reinfektioner;3;
2022-U11;1084;Hovedstaden;1038;1862815;Første reinfektion;2;
2022-U11;1084;Hovedstaden;11308;1862815;Første infektion;1;
2022-U11;1082;Midtjylland;4;1340447;To eller flere reinfektioner;3;
2022-U11;1082;Midtjylland;505;1340447;Første reinfektion;2;
2022-U11;1082;Midtjylland;12044;1340447;Første infektion;1;
2022-U11;1081;Nordjylland;2;591075;To eller flere reinfektioner;3;
2022-U11;1081;Nordjylland;241;591075;Første reinfektion;2;
2022-U11;1081;Nordjylland;5691;591075;Første infektion;1;
2022-U11;1085;Sjælland;7;842084;To eller flere reinfektioner;3;
2022-U11;1085;Sjælland;408;842084;Første reinfektion;2;
2022-U11;1085;Sjælland;7016;842084;Første infektion;1;
2022-U11;1083;Syddanmark;4;1226910;To eller flere reinfektioner;3;
2022-U11;1083;Syddanmark;471;1226910;Første reinfektion;2;
2022-U11;1083;Syddanmark;12030;1226910;Første infektion;1;
2022-U12;1084;Hovedstaden;18;1862815;To eller flere reinfektioner;3;
2022-U12;1084;Hovedstaden;778;1862815;Første reinfektion;2;
2022-U12;1084;Hovedstaden;8307;1862815;Første infektion;1;
2022-U12;1082;Midtjylland;1;1340447;To eller flere reinfektioner;3;
2022-U12;1082;Midtjylland;290;1340447;Første reinfektion;2;
2022-U12;1082;Midtjylland;7897;1340447;Første infektion;1;
2022-U12;1081;Nordjylland;2;591075;To eller flere reinfektioner;3;
2022-U12;1081;Nordjylland;140;591075;Første reinfektion;2;
2022-U12;1081;Nordjylland;3646;591075;Første infektion;1;
2022-U12;1085;Sjælland;9;842084;To eller flere reinfektioner;3;
2022-U12;1085;Sjælland;282;842084;Første reinfektion;2;
2022-U12;1085;Sjælland;5036;842084;Første infektion;1;
2022-U12;1083;Syddanmark;3;1226910;To eller flere reinfektioner;3;
2022-U12;1083;Syddanmark;340;1226910;Første reinfektion;2;
2022-U12;1083;Syddanmark;8462;1226910;Første infektion;1;
2022-U13;1084;Hovedstaden;22;1862815;To eller flere reinfektioner;3;
2022-U13;1084;Hovedstaden;566;1862815;Første reinfektion;2;
2022-U13;1084;Hovedstaden;5659;1862815;Første infektion;1;
2022-U13;1082;Midtjylland;2;1340447;To eller flere reinfektioner;3;
2022-U13;1082;Midtjylland;162;1340447;Første reinfektion;2;
2022-U13;1082;Midtjylland;4696;1340447;Første infektion;1;
2022-U13;1081;Nordjylland;0;591075;To eller flere reinfektioner;3;
2022-U13;1081;Nordjylland;93;591075;Første reinfektion;2;
2022-U13;1081;Nordjylland;2259;591075;Første infektion;1;
2022-U13;1085;Sjælland;3;842084;To eller flere reinfektioner;3;
2022-U13;1085;Sjælland;196;842084;Første reinfektion;2;
2022-U13;1085;Sjælland;3450;842084;Første infektion;1;
2022-U13;1083;Syddanmark;3;1226910;To eller flere reinfektioner;3;
2022-U13;1083;Syddanmark;189;1226910;Første reinfektion;2;
2022-U13;1083;Syddanmark;5445;1226910;Første infektion;1;
2022-U14;1084;Hovedstaden;16;1865834;To eller flere reinfektioner;3;
2022-U14;1084;Hovedstaden;485;1865834;Første reinfektion;2;
2022-U14;1084;Hovedstaden;4580;1865834;Første infektion;1;
2022-U14;1082;Midtjylland;2;1341707;To eller flere reinfektioner;3;
2022-U14;1082;Midtjylland;146;1341707;Første reinfektion;2;
2022-U14;1082;Midtjylland;3573;1341707;Første infektion;1;
2022-U14;1081;Nordjylland;0;591093;To eller flere reinfektioner;3;
2022-U14;1081;Nordjylland;84;591093;Første reinfektion;2;
2022-U14;1081;Nordjylland;1695;591093;Første infektion;1;
2022-U14;1085;Sjælland;4;842658;To eller flere reinfektioner;3;
2022-U14;1085;Sjælland;168;842658;Første reinfektion;2;
2022-U14;1085;Sjælland;2846;842658;Første infektion;1;
2022-U14;1083;Syddanmark;3;1227966;To eller flere reinfektioner;3;
2022-U14;1083;Syddanmark;168;1227966;Første reinfektion;2;
2022-U14;1083;Syddanmark;3978;1227966;Første infektion;1;
2022-U15;1084;Hovedstaden;8;1865834;To eller flere reinfektioner;3;
2022-U15;1084;Hovedstaden;353;1865834;Første reinfektion;2;
2022-U15;1084;Hovedstaden;3294;1865834;Første infektion;1;
2022-U15;1082;Midtjylland;1;1341707;To eller flere reinfektioner;3;
2022-U15;1082;Midtjylland;106;1341707;Første reinfektion;2;
2022-U15;1082;Midtjylland;2583;1341707;Første infektion;1;
2022-U15;1081;Nordjylland;0;591093;To eller flere reinfektioner;3;
2022-U15;1081;Nordjylland;58;591093;Første reinfektion;2;
2022-U15;1081;Nordjylland;1236;591093;Første infektion;1;
2022-U15;1085;Sjælland;2;842658;To eller flere reinfektioner;3;
2022-U15;1085;Sjælland;136;842658;Første reinfektion;2;
2022-U15;1085;Sjælland;2004;842658;Første infektion;1;
2022-U15;1083;Syddanmark;2;1227966;To eller flere reinfektioner;3;
2022-U15;1083;Syddanmark;135;1227966;Første reinfektion;2;
2022-U15;1083;Syddanmark;2768;1227966;Første infektion;1;
2022-U16;1084;Hovedstaden;9;1865834;To eller flere reinfektioner;3;
2022-U16;1084;Hovedstaden;330;1865834;Første reinfektion;2;
2022-U16;1084;Hovedstaden;2959;1865834;Første infektion;1;
2022-U16;1082;Midtjylland;3;1341707;To eller flere reinfektioner;3;
2022-U16;1082;Midtjylland;136;1341707;Første reinfektion;2;
2022-U16;1082;Midtjylland;2165;1341707;Første infektion;1;
2022-U16;1081;Nordjylland;4;591093;To eller flere reinfektioner;3;
2022-U16;1081;Nordjylland;84;591093;Første reinfektion;2;
2022-U16;1081;Nordjylland;1280;591093;Første infektion;1;
2022-U16;1085;Sjælland;2;842658;To eller flere reinfektioner;3;
2022-U16;1085;Sjælland;126;842658;Første reinfektion;2;
2022-U16;1085;Sjælland;1687;842658;Første infektion;1;
2022-U16;1083;Syddanmark;1;1227966;To eller flere reinfektioner;3;
2022-U16;1083;Syddanmark;132;1227966;Første reinfektion;2;
2022-U16;1083;Syddanmark;2113;1227966;Første infektion;1;
2022-U17;1084;Hovedstaden;9;1865834;To eller flere reinfektioner;3;
2022-U17;1084;Hovedstaden;260;1865834;Første reinfektion;2;
2022-U17;1084;Hovedstaden;2112;1865834;Første infektion;1;
2022-U17;1082;Midtjylland;4;1341707;To eller flere reinfektioner;3;
2022-U17;1082;Midtjylland;94;1341707;Første reinfektion;2;
2022-U17;1082;Midtjylland;1300;1341707;Første infektion;1;
2022-U17;1081;Nordjylland;1;591093;To eller flere reinfektioner;3;
2022-U17;1081;Nordjylland;49;591093;Første reinfektion;2;
2022-U17;1081;Nordjylland;638;591093;Første infektion;1;
2022-U17;1085;Sjælland;3;842658;To eller flere reinfektioner;3;
2022-U17;1085;Sjælland;81;842658;Første reinfektion;2;
2022-U17;1085;Sjælland;1053;842658;Første infektion;1;
2022-U17;1083;Syddanmark;2;1227966;To eller flere reinfektioner;3;
2022-U17;1083;Syddanmark;92;1227966;Første reinfektion;2;
2022-U17;1083;Syddanmark;1321;1227966;Første infektion;1;
2022-U18;1084;Hovedstaden;12;1866816;To eller flere reinfektioner;3;
2022-U18;1084;Hovedstaden;201;1866816;Første reinfektion;2;
2022-U18;1084;Hovedstaden;1790;1866816;Første infektion;1;
2022-U18;1082;Midtjylland;1;1342670;To eller flere reinfektioner;3;
2022-U18;1082;Midtjylland;61;1342670;Første reinfektion;2;
2022-U18;1082;Midtjylland;1111;1342670;Første infektion;1;
2022-U18;1081;Nordjylland;0;591299;To eller flere reinfektioner;3;
2022-U18;1081;Nordjylland;31;591299;Første reinfektion;2;
2022-U18;1081;Nordjylland;488;591299;Første infektion;1;
2022-U18;1085;Sjælland;4;843069;To eller flere reinfektioner;3;
2022-U18;1085;Sjælland;65;843069;Første reinfektion;2;
2022-U18;1085;Sjælland;834;843069;Første infektion;1;
2022-U18;1083;Syddanmark;1;1228489;To eller flere reinfektioner;3;
2022-U18;1083;Syddanmark;75;1228489;Første reinfektion;2;
2022-U18;1083;Syddanmark;1114;1228489;Første infektion;1;
2022-U19;1084;Hovedstaden;9;1866816;To eller flere reinfektioner;3;
2022-U19;1084;Hovedstaden;160;1866816;Første reinfektion;2;
2022-U19;1084;Hovedstaden;1525;1866816;Første infektion;1;
2022-U19;1082;Midtjylland;0;1342670;To eller flere reinfektioner;3;
2022-U19;1082;Midtjylland;49;1342670;Første reinfektion;2;
2022-U19;1082;Midtjylland;903;1342670;Første infektion;1;
2022-U19;1081;Nordjylland;0;591299;To eller flere reinfektioner;3;
2022-U19;1081;Nordjylland;28;591299;Første reinfektion;2;
2022-U19;1081;Nordjylland;404;591299;Første infektion;1;
2022-U19;1085;Sjælland;1;843069;To eller flere reinfektioner;3;
2022-U19;1085;Sjælland;49;843069;Første reinfektion;2;
2022-U19;1085;Sjælland;606;843069;Første infektion;1;
2022-U19;1083;Syddanmark;2;1228489;To eller flere reinfektioner;3;
2022-U19;1083;Syddanmark;61;1228489;Første reinfektion;2;
2022-U19;1083;Syddanmark;937;1228489;Første infektion;1;
2022-U20;1084;Hovedstaden;3;1866816;To eller flere reinfektioner;3;
2022-U20;1084;Hovedstaden;160;1866816;Første reinfektion;2;
2022-U20;1084;Hovedstaden;1202;1866816;Første infektion;1;
2022-U20;1082;Midtjylland;1;1342670;To eller flere reinfektioner;3;
2022-U20;1082;Midtjylland;58;1342670;Første reinfektion;2;
2022-U20;1082;Midtjylland;819;1342670;Første infektion;1;
2022-U20;1081;Nordjylland;0;591299;To eller flere reinfektioner;3;
2022-U20;1081;Nordjylland;25;591299;Første reinfektion;2;
2022-U20;1081;Nordjylland;281;591299;Første infektion;1;
2022-U20;1085;Sjælland;2;843069;To eller flere reinfektioner;3;
2022-U20;1085;Sjælland;36;843069;Første reinfektion;2;
2022-U20;1085;Sjælland;621;843069;Første infektion;1;
2022-U20;1083;Syddanmark;1;1228489;To eller flere reinfektioner;3;
2022-U20;1083;Syddanmark;56;1228489;Første reinfektion;2;
2022-U20;1083;Syddanmark;786;1228489;Første infektion;1;
2022-U21;1084;Hovedstaden;4;1866816;To eller flere reinfektioner;3;
2022-U21;1084;Hovedstaden;119;1866816;Første reinfektion;2;
2022-U21;1084;Hovedstaden;1076;1866816;Første infektion;1;
2022-U21;1082;Midtjylland;1;1342670;To eller flere reinfektioner;3;
2022-U21;1082;Midtjylland;34;1342670;Første reinfektion;2;
2022-U21;1082;Midtjylland;641;1342670;Første infektion;1;
2022-U21;1081;Nordjylland;0;591299;To eller flere reinfektioner;3;
2022-U21;1081;Nordjylland;22;591299;Første reinfektion;2;
2022-U21;1081;Nordjylland;243;591299;Første infektion;1;
2022-U21;1085;Sjælland;2;843069;To eller flere reinfektioner;3;
2022-U21;1085;Sjælland;44;843069;Første reinfektion;2;
2022-U21;1085;Sjælland;478;843069;Første infektion;1;
2022-U21;1083;Syddanmark;2;1228489;To eller flere reinfektioner;3;
2022-U21;1083;Syddanmark;35;1228489;Første reinfektion;2;
2022-U21;1083;Syddanmark;523;1228489;Første infektion;1;
2022-U22;1084;Hovedstaden;9;1866816;To eller flere reinfektioner;3;
2022-U22;1084;Hovedstaden;158;1866816;Første reinfektion;2;
2022-U22;1084;Hovedstaden;1162;1866816;Første infektion;1;
2022-U22;1082;Midtjylland;3;1342670;To eller flere reinfektioner;3;
2022-U22;1082;Midtjylland;58;1342670;Første reinfektion;2;
2022-U22;1082;Midtjylland;760;1342670;Første infektion;1;
2022-U22;1081;Nordjylland;0;591299;To eller flere reinfektioner;3;
2022-U22;1081;Nordjylland;25;591299;Første reinfektion;2;
2022-U22;1081;Nordjylland;250;591299;Første infektion;1;
2022-U22;1085;Sjælland;2;843069;To eller flere reinfektioner;3;
2022-U22;1085;Sjælland;48;843069;Første reinfektion;2;
2022-U22;1085;Sjælland;512;843069;Første infektion;1;
2022-U22;1083;Syddanmark;2;1228489;To eller flere reinfektioner;3;
2022-U22;1083;Syddanmark;56;1228489;Første reinfektion;2;
2022-U22;1083;Syddanmark;686;1228489;Første infektion;1;
2022-U23;1084;Hovedstaden;13;1869213;To eller flere reinfektioner;3;
2022-U23;1084;Hovedstaden;359;1869213;Første reinfektion;2;
2022-U23;1084;Hovedstaden;1889;1869213;Første infektion;1;
2022-U23;1082;Midtjylland;2;1345549;To eller flere reinfektioner;3;
2022-U23;1082;Midtjylland;114;1345549;Første reinfektion;2;
2022-U23;1082;Midtjylland;985;1345549;Første infektion;1;
2022-U23;1081;Nordjylland;0;592134;To eller flere reinfektioner;3;
2022-U23;1081;Nordjylland;46;592134;Første reinfektion;2;
2022-U23;1081;Nordjylland;371;592134;Første infektion;1;
2022-U23;1085;Sjælland;2;844429;To eller flere reinfektioner;3;
2022-U23;1085;Sjælland;92;844429;Første reinfektion;2;
2022-U23;1085;Sjælland;758;844429;Første infektion;1;
2022-U23;1083;Syddanmark;3;1230726;To eller flere reinfektioner;3;
2022-U23;1083;Syddanmark;86;1230726;Første reinfektion;2;
2022-U23;1083;Syddanmark;989;1230726;Første infektion;1;
2022-U24;1084;Hovedstaden;20;1869213;To eller flere reinfektioner;3;
2022-U24;1084;Hovedstaden;524;1869213;Første reinfektion;2;
2022-U24;1084;Hovedstaden;2646;1869213;Første infektion;1;
2022-U24;1082;Midtjylland;4;1345549;To eller flere reinfektioner;3;
2022-U24;1082;Midtjylland;190;1345549;Første reinfektion;2;
2022-U24;1082;Midtjylland;1553;1345549;Første infektion;1;
2022-U24;1081;Nordjylland;4;592134;To eller flere reinfektioner;3;
2022-U24;1081;Nordjylland;64;592134;Første reinfektion;2;
2022-U24;1081;Nordjylland;541;592134;Første infektion;1;
2022-U24;1085;Sjælland;6;844429;To eller flere reinfektioner;3;
2022-U24;1085;Sjælland;149;844429;Første reinfektion;2;
2022-U24;1085;Sjælland;977;844429;Første infektion;1;
2022-U24;1083;Syddanmark;3;1230726;To eller flere reinfektioner;3;
2022-U24;1083;Syddanmark;148;1230726;Første reinfektion;2;
2022-U24;1083;Syddanmark;1310;1230726;Første infektion;1;
2022-U25;1084;Hovedstaden;29;1869213;To eller flere reinfektioner;3;
2022-U25;1084;Hovedstaden;815;1869213;Første reinfektion;2;
2022-U25;1084;Hovedstaden;3331;1869213;Første infektion;1;
2022-U25;1082;Midtjylland;6;1345549;To eller flere reinfektioner;3;
2022-U25;1082;Midtjylland;240;1345549;Første reinfektion;2;
2022-U25;1082;Midtjylland;1834;1345549;Første infektion;1;
2022-U25;1081;Nordjylland;0;592134;To eller flere reinfektioner;3;
2022-U25;1081;Nordjylland;125;592134;Første reinfektion;2;
2022-U25;1081;Nordjylland;749;592134;Første infektion;1;
2022-U25;1085;Sjælland;5;844429;To eller flere reinfektioner;3;
2022-U25;1085;Sjælland;210;844429;Første reinfektion;2;
2022-U25;1085;Sjælland;1366;844429;Første infektion;1;
2022-U25;1083;Syddanmark;4;1230726;To eller flere reinfektioner;3;
2022-U25;1083;Syddanmark;185;1230726;Første reinfektion;2;
2022-U25;1083;Syddanmark;1420;1230726;Første infektion;1;
2022-U26;1084;Hovedstaden;47;1869213;To eller flere reinfektioner;3;
2022-U26;1084;Hovedstaden;935;1869213;Første reinfektion;2;
2022-U26;1084;Hovedstaden;3386;1869213;Første infektion;1;
2022-U26;1082;Midtjylland;11;1345549;To eller flere reinfektioner;3;
2022-U26;1082;Midtjylland;412;1345549;Første reinfektion;2;
2022-U26;1082;Midtjylland;2167;1345549;Første infektion;1;
2022-U26;1081;Nordjylland;2;592134;To eller flere reinfektioner;3;
2022-U26;1081;Nordjylland;152;592134;Første reinfektion;2;
2022-U26;1081;Nordjylland;949;592134;Første infektion;1;
2022-U26;1085;Sjælland;11;844429;To eller flere reinfektioner;3;
2022-U26;1085;Sjælland;268;844429;Første reinfektion;2;
2022-U26;1085;Sjælland;1604;844429;Første infektion;1;
2022-U26;1083;Syddanmark;12;1230726;To eller flere reinfektioner;3;
2022-U26;1083;Syddanmark;456;1230726;Første reinfektion;2;
2022-U26;1083;Syddanmark;2669;1230726;Første infektion;1;
2022-U27;1084;Hovedstaden;94;1871250;To eller flere reinfektioner;3;
2022-U27;1084;Hovedstaden;1616;1871250;Første reinfektion;2;
2022-U27;1084;Hovedstaden;4183;1871250;Første infektion;1;
2022-U27;1082;Midtjylland;20;1348847;To eller flere reinfektioner;3;
2022-U27;1082;Midtjylland;474;1348847;Første reinfektion;2;
2022-U27;1082;Midtjylland;2248;1348847;Første infektion;1;
2022-U27;1081;Nordjylland;8;593189;To eller flere reinfektioner;3;
2022-U27;1081;Nordjylland;302;593189;Første reinfektion;2;
2022-U27;1081;Nordjylland;1313;593189;Første infektion;1;
2022-U27;1085;Sjælland;20;845608;To eller flere reinfektioner;3;
2022-U27;1085;Sjælland;545;845608;Første reinfektion;2;
2022-U27;1085;Sjælland;2058;845608;Første infektion;1;
2022-U27;1083;Syddanmark;20;1232955;To eller flere reinfektioner;3;
2022-U27;1083;Syddanmark;491;1232955;Første reinfektion;2;
2022-U27;1083;Syddanmark;2530;1232955;Første infektion;1;
2022-U28;1084;Hovedstaden;71;1871250;To eller flere reinfektioner;3;
2022-U28;1084;Hovedstaden;1275;1871250;Første reinfektion;2;
2022-U28;1084;Hovedstaden;3798;1871250;Første infektion;1;
2022-U28;1082;Midtjylland;16;1348847;To eller flere reinfektioner;3;
2022-U28;1082;Midtjylland;551;1348847;Første reinfektion;2;
2022-U28;1082;Midtjylland;2373;1348847;Første infektion;1;
2022-U28;1081;Nordjylland;9;593189;To eller flere reinfektioner;3;
2022-U28;1081;Nordjylland;269;593189;Første reinfektion;2;
2022-U28;1081;Nordjylland;1242;593189;Første infektion;1;
2022-U28;1085;Sjælland;15;845608;To eller flere reinfektioner;3;
2022-U28;1085;Sjælland;539;845608;Første reinfektion;2;
2022-U28;1085;Sjælland;2260;845608;Første infektion;1;
2022-U28;1083;Syddanmark;9;1232955;To eller flere reinfektioner;3;
2022-U28;1083;Syddanmark;534;1232955;Første reinfektion;2;
2022-U28;1083;Syddanmark;2481;1232955;Første infektion;1;
2022-U29;1084;Hovedstaden;71;1871250;To eller flere reinfektioner;3;
2022-U29;1084;Hovedstaden;1060;1871250;Første reinfektion;2;
2022-U29;1084;Hovedstaden;3060;1871250;Første infektion;1;
2022-U29;1082;Midtjylland;20;1348847;To eller flere reinfektioner;3;
2022-U29;1082;Midtjylland;537;1348847;Første reinfektion;2;
2022-U29;1082;Midtjylland;2192;1348847;Første infektion;1;
2022-U29;1081;Nordjylland;6;593189;To eller flere reinfektioner;3;
2022-U29;1081;Nordjylland;248;593189;Første reinfektion;2;
2022-U29;1081;Nordjylland;1056;593189;Første infektion;1;
2022-U29;1085;Sjælland;13;845608;To eller flere reinfektioner;3;
2022-U29;1085;Sjælland;431;845608;Første reinfektion;2;
2022-U29;1085;Sjælland;1857;845608;Første infektion;1;
2022-U29;1083;Syddanmark;12;1232955;To eller flere reinfektioner;3;
2022-U29;1083;Syddanmark;498;1232955;Første reinfektion;2;
2022-U29;1083;Syddanmark;2169;1232955;Første infektion;1;
2022-U30;1084;Hovedstaden;45;1871250;To eller flere reinfektioner;3;
2022-U30;1084;Hovedstaden;854;1871250;Første reinfektion;2;
2022-U30;1084;Hovedstaden;2278;1871250;Første infektion;1;
2022-U30;1082;Midtjylland;20;1348847;To eller flere reinfektioner;3;
2022-U30;1082;Midtjylland;547;1348847;Første reinfektion;2;
2022-U30;1082;Midtjylland;1881;1348847;Første infektion;1;
2022-U30;1081;Nordjylland;10;593189;To eller flere reinfektioner;3;
2022-U30;1081;Nordjylland;198;593189;Første reinfektion;2;
2022-U30;1081;Nordjylland;754;593189;Første infektion;1;
2022-U30;1085;Sjælland;12;845608;To eller flere reinfektioner;3;
2022-U30;1085;Sjælland;372;845608;Første reinfektion;2;
2022-U30;1085;Sjælland;1356;845608;Første infektion;1;
2022-U30;1083;Syddanmark;13;1232955;To eller flere reinfektioner;3;
2022-U30;1083;Syddanmark;488;1232955;Første reinfektion;2;
2022-U30;1083;Syddanmark;1834;1232955;Første infektion;1;
2022-U31;1084;Hovedstaden;55;1872398;To eller flere reinfektioner;3;
2022-U31;1084;Hovedstaden;826;1872398;Første reinfektion;2;
2022-U31;1084;Hovedstaden;2077;1872398;Første infektion;1;
2022-U31;1082;Midtjylland;18;1350552;To eller flere reinfektioner;3;
2022-U31;1082;Midtjylland;506;1350552;Første reinfektion;2;
2022-U31;1082;Midtjylland;1708;1350552;Første infektion;1;
2022-U31;1081;Nordjylland;10;593450;To eller flere reinfektioner;3;
2022-U31;1081;Nordjylland;234;593450;Første reinfektion;2;
2022-U31;1081;Nordjylland;736;593450;Første infektion;1;
2022-U31;1085;Sjælland;6;847102;To eller flere reinfektioner;3;
2022-U31;1085;Sjælland;387;847102;Første reinfektion;2;
2022-U31;1085;Sjælland;1429;847102;Første infektion;1;
2022-U31;1083;Syddanmark;11;1233636;To eller flere reinfektioner;3;
2022-U31;1083;Syddanmark;485;1233636;Første reinfektion;2;
2022-U31;1083;Syddanmark;1791;1233636;Første infektion;1;
2022-U32;1084;Hovedstaden;59;1872398;To eller flere reinfektioner;3;
2022-U32;1084;Hovedstaden;937;1872398;Første reinfektion;2;
2022-U32;1084;Hovedstaden;2064;1872398;Første infektion;1;
2022-U32;1082;Midtjylland;22;1350552;To eller flere reinfektioner;3;
2022-U32;1082;Midtjylland;966;1350552;Første reinfektion;2;
2022-U32;1082;Midtjylland;2553;1350552;Første infektion;1;
2022-U32;1081;Nordjylland;12;593450;To eller flere reinfektioner;3;
2022-U32;1081;Nordjylland;292;593450;Første reinfektion;2;
2022-U32;1081;Nordjylland;890;593450;Første infektion;1;
2022-U32;1085;Sjælland;20;847102;To eller flere reinfektioner;3;
2022-U32;1085;Sjælland;437;847102;Første reinfektion;2;
2022-U32;1085;Sjælland;1370;847102;Første infektion;1;
2022-U32;1083;Syddanmark;13;1233636;To eller flere reinfektioner;3;
2022-U32;1083;Syddanmark;622;1233636;Første reinfektion;2;
2022-U32;1083;Syddanmark;1829;1233636;Første infektion;1;
2022-U33;1084;Hovedstaden;45;1872398;To eller flere reinfektioner;3;
2022-U33;1084;Hovedstaden;657;1872398;Første reinfektion;2;
2022-U33;1084;Hovedstaden;1488;1872398;Første infektion;1;
2022-U33;1082;Midtjylland;20;1350552;To eller flere reinfektioner;3;
2022-U33;1082;Midtjylland;636;1350552;Første reinfektion;2;
2022-U33;1082;Midtjylland;1754;1350552;Første infektion;1;
2022-U33;1081;Nordjylland;9;593450;To eller flere reinfektioner;3;
2022-U33;1081;Nordjylland;236;593450;Første reinfektion;2;
2022-U33;1081;Nordjylland;618;593450;Første infektion;1;
2022-U33;1085;Sjælland;9;847102;To eller flere reinfektioner;3;
2022-U33;1085;Sjælland;369;847102;Første reinfektion;2;
2022-U33;1085;Sjælland;1054;847102;Første infektion;1;
2022-U33;1083;Syddanmark;7;1233636;To eller flere reinfektioner;3;
2022-U33;1083;Syddanmark;486;1233636;Første reinfektion;2;
2022-U33;1083;Syddanmark;1399;1233636;Første infektion;1;
2022-U34;1084;Hovedstaden;28;1872398;To eller flere reinfektioner;3;
2022-U34;1084;Hovedstaden;420;1872398;Første reinfektion;2;
2022-U34;1084;Hovedstaden;1103;1872398;Første infektion;1;
2022-U34;1082;Midtjylland;8;1350552;To eller flere reinfektioner;3;
2022-U34;1082;Midtjylland;515;1350552;Første reinfektion;2;
2022-U34;1082;Midtjylland;1256;1350552;Første infektion;1;
2022-U34;1081;Nordjylland;8;593450;To eller flere reinfektioner;3;
2022-U34;1081;Nordjylland;229;593450;Første reinfektion;2;
2022-U34;1081;Nordjylland;584;593450;Første infektion;1;
2022-U34;1085;Sjælland;4;847102;To eller flere reinfektioner;3;
2022-U34;1085;Sjælland;222;847102;Første reinfektion;2;
2022-U34;1085;Sjælland;715;847102;Første infektion;1;
2022-U34;1083;Syddanmark;7;1233636;To eller flere reinfektioner;3;
2022-U34;1083;Syddanmark;300;1233636;Første reinfektion;2;
2022-U34;1083;Syddanmark;957;1233636;Første infektion;1;
2022-U35;1084;Hovedstaden;19;1872398;To eller flere reinfektioner;3;
2022-U35;1084;Hovedstaden;356;1872398;Første reinfektion;2;
2022-U35;1084;Hovedstaden;977;1872398;Første infektion;1;
2022-U35;1082;Midtjylland;11;1350552;To eller flere reinfektioner;3;
2022-U35;1082;Midtjylland;316;1350552;Første reinfektion;2;
2022-U35;1082;Midtjylland;1002;1350552;Første infektion;1;
2022-U35;1081;Nordjylland;3;593450;To eller flere reinfektioner;3;
2022-U35;1081;Nordjylland;137;593450;Første reinfektion;2;
2022-U35;1081;Nordjylland;364;593450;Første infektion;1;
2022-U35;1085;Sjælland;5;847102;To eller flere reinfektioner;3;
2022-U35;1085;Sjælland;169;847102;Første reinfektion;2;
2022-U35;1085;Sjælland;581;847102;Første infektion;1;
2022-U35;1083;Syddanmark;5;1233636;To eller flere reinfektioner;3;
2022-U35;1083;Syddanmark;219;1233636;Første reinfektion;2;
2022-U35;1083;Syddanmark;734;1233636;Første infektion;1;
2022-U36;1084;Hovedstaden;18;1874031;To eller flere reinfektioner;3;
2022-U36;1084;Hovedstaden;412;1874031;Første reinfektion;2;
2022-U36;1084;Hovedstaden;1122;1874031;Første infektion;1;
2022-U36;1082;Midtjylland;8;1351723;To eller flere reinfektioner;3;
2022-U36;1082;Midtjylland;301;1351723;Første reinfektion;2;
2022-U36;1082;Midtjylland;979;1351723;Første infektion;1;
2022-U36;1081;Nordjylland;4;593499;To eller flere reinfektioner;3;
2022-U36;1081;Nordjylland;148;593499;Første reinfektion;2;
2022-U36;1081;Nordjylland;406;593499;Første infektion;1;
2022-U36;1085;Sjælland;8;847443;To eller flere reinfektioner;3;
2022-U36;1085;Sjælland;219;847443;Første reinfektion;2;
2022-U36;1085;Sjælland;648;847443;Første infektion;1;
2022-U36;1083;Syddanmark;10;1233874;To eller flere reinfektioner;3;
2022-U36;1083;Syddanmark;240;1233874;Første reinfektion;2;
2022-U36;1083;Syddanmark;870;1233874;Første infektion;1;
2022-U37;1084;Hovedstaden;35;1874031;To eller flere reinfektioner;3;
2022-U37;1084;Hovedstaden;421;1874031;Første reinfektion;2;
2022-U37;1084;Hovedstaden;1032;1874031;Første infektion;1;
2022-U37;1082;Midtjylland;2;1351723;To eller flere reinfektioner;3;
2022-U37;1082;Midtjylland;229;1351723;Første reinfektion;2;
2022-U37;1082;Midtjylland;836;1351723;Første infektion;1;
2022-U37;1081;Nordjylland;7;593499;To eller flere reinfektioner;3;
2022-U37;1081;Nordjylland;130;593499;Første reinfektion;2;
2022-U37;1081;Nordjylland;485;593499;Første infektion;1;
2022-U37;1085;Sjælland;10;847443;To eller flere reinfektioner;3;
2022-U37;1085;Sjælland;200;847443;Første reinfektion;2;
2022-U37;1085;Sjælland;723;847443;Første infektion;1;
2022-U37;1083;Syddanmark;6;1233874;To eller flere reinfektioner;3;
2022-U37;1083;Syddanmark;231;1233874;Første reinfektion;2;
2022-U37;1083;Syddanmark;871;1233874;Første infektion;1;
2022-U38;1084;Hovedstaden;23;1874031;To eller flere reinfektioner;3;
2022-U38;1084;Hovedstaden;552;1874031;Første reinfektion;2;
2022-U38;1084;Hovedstaden;1342;1874031;Første infektion;1;
2022-U38;1082;Midtjylland;10;1351723;To eller flere reinfektioner;3;
2022-U38;1082;Midtjylland;324;1351723;Første reinfektion;2;
2022-U38;1082;Midtjylland;1238;1351723;Første infektion;1;
2022-U38;1081;Nordjylland;6;593499;To eller flere reinfektioner;3;
2022-U38;1081;Nordjylland;153;593499;Første reinfektion;2;
2022-U38;1081;Nordjylland;517;593499;Første infektion;1;
2022-U38;1085;Sjælland;7;847443;To eller flere reinfektioner;3;
2022-U38;1085;Sjælland;297;847443;Første reinfektion;2;
2022-U38;1085;Sjælland;944;847443;Første infektion;1;
2022-U38;1083;Syddanmark;12;1233874;To eller flere reinfektioner;3;
2022-U38;1083;Syddanmark;310;1233874;Første reinfektion;2;
2022-U38;1083;Syddanmark;1194;1233874;Første infektion;1;
2022-U39;1084;Hovedstaden;39;1874031;To eller flere reinfektioner;3;
2022-U39;1084;Hovedstaden;628;1874031;Første reinfektion;2;
2022-U39;1084;Hovedstaden;1572;1874031;Første infektion;1;
2022-U39;1082;Midtjylland;13;1351723;To eller flere reinfektioner;3;
2022-U39;1082;Midtjylland;433;1351723;Første reinfektion;2;
2022-U39;1082;Midtjylland;1465;1351723;Første infektion;1;
2022-U39;1081;Nordjylland;6;593499;To eller flere reinfektioner;3;
2022-U39;1081;Nordjylland;184;593499;Første reinfektion;2;
2022-U39;1081;Nordjylland;593;593499;Første infektion;1;
2022-U39;1085;Sjælland;14;847443;To eller flere reinfektioner;3;
2022-U39;1085;Sjælland;337;847443;Første reinfektion;2;
2022-U39;1085;Sjælland;1107;847443;Første infektion;1;
2022-U39;1083;Syddanmark;15;1233874;To eller flere reinfektioner;3;
2022-U39;1083;Syddanmark;469;1233874;Første reinfektion;2;
2022-U39;1083;Syddanmark;1599;1233874;Første infektion;1;
2022-U40;1084;Hovedstaden;30;1877556;To eller flere reinfektioner;3;
2022-U40;1084;Hovedstaden;677;1877556;Første reinfektion;2;
2022-U40;1084;Hovedstaden;1581;1877556;Første infektion;1;
2022-U40;1082;Midtjylland;9;1354433;To eller flere reinfektioner;3;
2022-U40;1082;Midtjylland;551;1354433;Første reinfektion;2;
2022-U40;1082;Midtjylland;1639;1354433;Første infektion;1;
2022-U40;1081;Nordjylland;6;593901;To eller flere reinfektioner;3;
2022-U40;1081;Nordjylland;205;593901;Første reinfektion;2;
2022-U40;1081;Nordjylland;653;593901;Første infektion;1;
2022-U40;1085;Sjælland;11;847487;To eller flere reinfektioner;3;
2022-U40;1085;Sjælland;410;847487;Første reinfektion;2;
2022-U40;1085;Sjælland;1238;847487;Første infektion;1;
2022-U40;1083;Syddanmark;16;1234647;To eller flere reinfektioner;3;
2022-U40;1083;Syddanmark;567;1234647;Første reinfektion;2;
2022-U40;1083;Syddanmark;1886;1234647;Første infektion;1;
2022-U41;1084;Hovedstaden;37;1877556;To eller flere reinfektioner;3;
2022-U41;1084;Hovedstaden;702;1877556;Første reinfektion;2;
2022-U41;1084;Hovedstaden;1429;1877556;Første infektion;1;
2022-U41;1082;Midtjylland;13;1354433;To eller flere reinfektioner;3;
2022-U41;1082;Midtjylland;540;1354433;Første reinfektion;2;
2022-U41;1082;Midtjylland;1560;1354433;Første infektion;1;
2022-U41;1081;Nordjylland;11;593901;To eller flere reinfektioner;3;
2022-U41;1081;Nordjylland;246;593901;Første reinfektion;2;
2022-U41;1081;Nordjylland;706;593901;Første infektion;1;
2022-U41;1085;Sjælland;13;847487;To eller flere reinfektioner;3;
2022-U41;1085;Sjælland;347;847487;Første reinfektion;2;
2022-U41;1085;Sjælland;1258;847487;Første infektion;1;
2022-U41;1083;Syddanmark;14;1234647;To eller flere reinfektioner;3;
2022-U41;1083;Syddanmark;494;1234647;Første reinfektion;2;
2022-U41;1083;Syddanmark;1611;1234647;Første infektion;1;
2022-U42;1084;Hovedstaden;39;1877556;To eller flere reinfektioner;3;
2022-U42;1084;Hovedstaden;630;1877556;Første reinfektion;2;
2022-U42;1084;Hovedstaden;1264;1877556;Første infektion;1;
2022-U42;1082;Midtjylland;17;1354433;To eller flere reinfektioner;3;
2022-U42;1082;Midtjylland;477;1354433;Første reinfektion;2;
2022-U42;1082;Midtjylland;1244;1354433;Første infektion;1;
2022-U42;1081;Nordjylland;7;593901;To eller flere reinfektioner;3;
2022-U42;1081;Nordjylland;192;593901;Første reinfektion;2;
2022-U42;1081;Nordjylland;471;593901;Første infektion;1;
2022-U42;1085;Sjælland;9;847487;To eller flere reinfektioner;3;
2022-U42;1085;Sjælland;343;847487;Første reinfektion;2;
2022-U42;1085;Sjælland;1046;847487;Første infektion;1;
2022-U42;1083;Syddanmark;12;1234647;To eller flere reinfektioner;3;
2022-U42;1083;Syddanmark;470;1234647;Første reinfektion;2;
2022-U42;1083;Syddanmark;1369;1234647;Første infektion;1;
2022-U43;1084;Hovedstaden;64;1877556;To eller flere reinfektioner;3;
2022-U43;1084;Hovedstaden;558;1877556;Første reinfektion;2;
2022-U43;1084;Hovedstaden;954;1877556;Første infektion;1;
2022-U43;1082;Midtjylland;11;1354433;To eller flere reinfektioner;3;
2022-U43;1082;Midtjylland;483;1354433;Første reinfektion;2;
2022-U43;1082;Midtjylland;851;1354433;Første infektion;1;
2022-U43;1081;Nordjylland;8;593901;To eller flere reinfektioner;3;
2022-U43;1081;Nordjylland;159;593901;Første reinfektion;2;
2022-U43;1081;Nordjylland;395;593901;Første infektion;1;
2022-U43;1085;Sjælland;7;847487;To eller flere reinfektioner;3;
2022-U43;1085;Sjælland;367;847487;Første reinfektion;2;
2022-U43;1085;Sjælland;769;847487;Første infektion;1;
2022-U43;1083;Syddanmark;14;1234647;To eller flere reinfektioner;3;
2022-U43;1083;Syddanmark;392;1234647;Første reinfektion;2;
2022-U43;1083;Syddanmark;956;1234647;Første infektion;1;
2022-U44;1084;Hovedstaden;42;1877556;To eller flere reinfektioner;3;
2022-U44;1084;Hovedstaden;468;1877556;Første reinfektion;2;
2022-U44;1084;Hovedstaden;635;1877556;Første infektion;1;
2022-U44;1082;Midtjylland;17;1354433;To eller flere reinfektioner;3;
2022-U44;1082;Midtjylland;354;1354433;Første reinfektion;2;
2022-U44;1082;Midtjylland;605;1354433;Første infektion;1;
2022-U44;1081;Nordjylland;2;593901;To eller flere reinfektioner;3;
2022-U44;1081;Nordjylland;135;593901;Første reinfektion;2;
2022-U44;1081;Nordjylland;234;593901;Første infektion;1;
2022-U44;1085;Sjælland;10;847487;To eller flere reinfektioner;3;
2022-U44;1085;Sjælland;280;847487;Første reinfektion;2;
2022-U44;1085;Sjælland;486;847487;Første infektion;1;
2022-U44;1083;Syddanmark;11;1234647;To eller flere reinfektioner;3;
2022-U44;1083;Syddanmark;317;1234647;Første reinfektion;2;
2022-U44;1083;Syddanmark;582;1234647;Første infektion;1;
2022-U45;1084;Hovedstaden;46;1881662;To eller flere reinfektioner;3;
2022-U45;1084;Hovedstaden;581;1881662;Første reinfektion;2;
2022-U45;1084;Hovedstaden;651;1881662;Første infektion;1;
2022-U45;1082;Midtjylland;17;1355287;To eller flere reinfektioner;3;
2022-U45;1082;Midtjylland;380;1355287;Første reinfektion;2;
2022-U45;1082;Midtjylland;471;1355287;Første infektion;1;
2022-U45;1081;Nordjylland;5;594171;To eller flere reinfektioner;3;
2022-U45;1081;Nordjylland;166;594171;Første reinfektion;2;
2022-U45;1081;Nordjylland;218;594171;Første infektion;1;
2022-U45;1085;Sjælland;21;847885;To eller flere reinfektioner;3;
2022-U45;1085;Sjælland;330;847885;Første reinfektion;2;
2022-U45;1085;Sjælland;477;847885;Første infektion;1;
2022-U45;1083;Syddanmark;6;1235188;To eller flere reinfektioner;3;
2022-U45;1083;Syddanmark;351;1235188;Første reinfektion;2;
2022-U45;1083;Syddanmark;516;1235188;Første infektion;1;
2022-U46;1084;Hovedstaden;59;1881662;To eller flere reinfektioner;3;
2022-U46;1084;Hovedstaden;536;1881662;Første reinfektion;2;
2022-U46;1084;Hovedstaden;596;1881662;Første infektion;1;
2022-U46;1082;Midtjylland;13;1355287;To eller flere reinfektioner;3;
2022-U46;1082;Midtjylland;331;1355287;Første reinfektion;2;
2022-U46;1082;Midtjylland;452;1355287;Første infektion;1;
2022-U46;1081;Nordjylland;6;594171;To eller flere reinfektioner;3;
2022-U46;1081;Nordjylland;122;594171;Første reinfektion;2;
2022-U46;1081;Nordjylland;174;594171;Første infektion;1;
2022-U46;1085;Sjælland;11;847885;To eller flere reinfektioner;3;
2022-U46;1085;Sjælland;284;847885;Første reinfektion;2;
2022-U46;1085;Sjælland;409;847885;Første infektion;1;
2022-U46;1083;Syddanmark;19;1235188;To eller flere reinfektioner;3;
2022-U46;1083;Syddanmark;325;1235188;Første reinfektion;2;
2022-U46;1083;Syddanmark;433;1235188;Første infektion;1;
2022-U47;1084;Hovedstaden;69;1881662;To eller flere reinfektioner;3;
2022-U47;1084;Hovedstaden;637;1881662;Første reinfektion;2;
2022-U47;1084;Hovedstaden;704;1881662;Første infektion;1;
2022-U47;1082;Midtjylland;22;1355287;To eller flere reinfektioner;3;
2022-U47;1082;Midtjylland;466;1355287;Første reinfektion;2;
2022-U47;1082;Midtjylland;494;1355287;Første infektion;1;
2022-U47;1081;Nordjylland;9;594171;To eller flere reinfektioner;3;
2022-U47;1081;Nordjylland;164;594171;Første reinfektion;2;
2022-U47;1081;Nordjylland;217;594171;Første infektion;1;
2022-U47;1085;Sjælland;15;847885;To eller flere reinfektioner;3;
2022-U47;1085;Sjælland;331;847885;Første reinfektion;2;
2022-U47;1085;Sjælland;438;847885;Første infektion;1;
2022-U47;1083;Syddanmark;26;1235188;To eller flere reinfektioner;3;
2022-U47;1083;Syddanmark;363;1235188;Første reinfektion;2;
2022-U47;1083;Syddanmark;567;1235188;Første infektion;1;
2022-U48;1084;Hovedstaden;95;1881662;To eller flere reinfektioner;3;
2022-U48;1084;Hovedstaden;1043;1881662;Første reinfektion;2;
2022-U48;1084;Hovedstaden;1112;1881662;Første infektion;1;
2022-U48;1082;Midtjylland;29;1355287;To eller flere reinfektioner;3;
2022-U48;1082;Midtjylland;726;1355287;Første reinfektion;2;
2022-U48;1082;Midtjylland;767;1355287;Første infektion;1;
2022-U48;1081;Nordjylland;18;594171;To eller flere reinfektioner;3;
2022-U48;1081;Nordjylland;333;594171;Første reinfektion;2;
2022-U48;1081;Nordjylland;346;594171;Første infektion;1;
2022-U48;1085;Sjælland;22;847885;To eller flere reinfektioner;3;
2022-U48;1085;Sjælland;491;847885;Første reinfektion;2;
2022-U48;1085;Sjælland;631;847885;Første infektion;1;
2022-U48;1083;Syddanmark;22;1235188;To eller flere reinfektioner;3;
2022-U48;1083;Syddanmark;739;1235188;Første reinfektion;2;
2022-U48;1083;Syddanmark;882;1235188;Første infektion;1;
2022-U49;1084;Hovedstaden;101;1884681;To eller flere reinfektioner;3;
2022-U49;1084;Hovedstaden;1260;1884681;Første reinfektion;2;
2022-U49;1084;Hovedstaden;1346;1884681;Første infektion;1;
2022-U49;1082;Midtjylland;46;1355910;To eller flere reinfektioner;3;
2022-U49;1082;Midtjylland;845;1355910;Første reinfektion;2;
2022-U49;1082;Midtjylland;931;1355910;Første infektion;1;
2022-U49;1081;Nordjylland;23;594147;To eller flere reinfektioner;3;
2022-U49;1081;Nordjylland;359;594147;Første reinfektion;2;
2022-U49;1081;Nordjylland;416;594147;Første infektion;1;
2022-U49;1085;Sjælland;41;847963;To eller flere reinfektioner;3;
2022-U49;1085;Sjælland;594;847963;Første reinfektion;2;
2022-U49;1085;Sjælland;835;847963;Første infektion;1;
2022-U49;1083;Syddanmark;39;1235556;To eller flere reinfektioner;3;
2022-U49;1083;Syddanmark;767;1235556;Første reinfektion;2;
2022-U49;1083;Syddanmark;955;1235556;Første infektion;1;
2022-U50;1084;Hovedstaden;86;1884681;To eller flere reinfektioner;3;
2022-U50;1084;Hovedstaden;989;1884681;Første reinfektion;2;
2022-U50;1084;Hovedstaden;1180;1884681;Første infektion;1;
2022-U50;1082;Midtjylland;25;1355910;To eller flere reinfektioner;3;
2022-U50;1082;Midtjylland;585;1355910;Første reinfektion;2;
2022-U50;1082;Midtjylland;786;1355910;Første infektion;1;
2022-U50;1081;Nordjylland;9;594147;To eller flere reinfektioner;3;
2022-U50;1081;Nordjylland;297;594147;Første reinfektion;2;
2022-U50;1081;Nordjylland;347;594147;Første infektion;1;
2022-U50;1085;Sjælland;30;847963;To eller flere reinfektioner;3;
2022-U50;1085;Sjælland;516;847963;Første reinfektion;2;
2022-U50;1085;Sjælland;743;847963;Første infektion;1;
2022-U50;1083;Syddanmark;21;1235556;To eller flere reinfektioner;3;
2022-U50;1083;Syddanmark;587;1235556;Første reinfektion;2;
2022-U50;1083;Syddanmark;815;1235556;Første infektion;1;
2022-U51;1084;Hovedstaden;111;1884681;To eller flere reinfektioner;3;
2022-U51;1084;Hovedstaden;1216;1884681;Første reinfektion;2;
2022-U51;1084;Hovedstaden;1501;1884681;Første infektion;1;
2022-U51;1082;Midtjylland;43;1355910;To eller flere reinfektioner;3;
2022-U51;1082;Midtjylland;743;1355910;Første reinfektion;2;
2022-U51;1082;Midtjylland;1106;1355910;Første infektion;1;
2022-U51;1081;Nordjylland;16;594147;To eller flere reinfektioner;3;
2022-U51;1081;Nordjylland;426;594147;Første reinfektion;2;
2022-U51;1081;Nordjylland;496;594147;Første infektion;1;
2022-U51;1085;Sjælland;41;847963;To eller flere reinfektioner;3;
2022-U51;1085;Sjælland;675;847963;Første reinfektion;2;
2022-U51;1085;Sjælland;882;847963;Første infektion;1;
2022-U51;1083;Syddanmark;37;1235556;To eller flere reinfektioner;3;
2022-U51;1083;Syddanmark;816;1235556;Første reinfektion;2;
2022-U51;1083;Syddanmark;1161;1235556;Første infektion;1;
2022-U52;1084;Hovedstaden;72;1884681;To eller flere reinfektioner;3;
2022-U52;1084;Hovedstaden;722;1884681;Første reinfektion;2;
2022-U52;1084;Hovedstaden;1074;1884681;Første infektion;1;
2022-U52;1082;Midtjylland;26;1355910;To eller flere reinfektioner;3;
2022-U52;1082;Midtjylland;546;1355910;Første reinfektion;2;
2022-U52;1082;Midtjylland;884;1355910;Første infektion;1;
2022-U52;1081;Nordjylland;8;594147;To eller flere reinfektioner;3;
2022-U52;1081;Nordjylland;233;594147;Første reinfektion;2;
2022-U52;1081;Nordjylland;372;594147;Første infektion;1;
2022-U52;1085;Sjælland;22;847963;To eller flere reinfektioner;3;
2022-U52;1085;Sjælland;460;847963;Første reinfektion;2;
2022-U52;1085;Sjælland;806;847963;Første infektion;1;
2022-U52;1083;Syddanmark;26;1235556;To eller flere reinfektioner;3;
2022-U52;1083;Syddanmark;568;1235556;Første reinfektion;2;
2022-U52;1083;Syddanmark;940;1235556;Første infektion;1;
2023-U01;1084;Hovedstaden;50;1886283;To eller flere reinfektioner;3;
2023-U01;1084;Hovedstaden;463;1886283;Første reinfektion;2;
2023-U01;1084;Hovedstaden;632;1886283;Første infektion;1;
2023-U01;1082;Midtjylland;20;1356450;To eller flere reinfektioner;3;
2023-U01;1082;Midtjylland;409;1356450;Første reinfektion;2;
2023-U01;1082;Midtjylland;611;1356450;Første infektion;1;
2023-U01;1081;Nordjylland;9;594013;To eller flere reinfektioner;3;
2023-U01;1081;Nordjylland;176;594013;Første reinfektion;2;
2023-U01;1081;Nordjylland;288;594013;Første infektion;1;
2023-U01;1085;Sjælland;24;848239;To eller flere reinfektioner;3;
2023-U01;1085;Sjælland;320;848239;Første reinfektion;2;
2023-U01;1085;Sjælland;534;848239;Første infektion;1;
2023-U01;1083;Syddanmark;21;1235662;To eller flere reinfektioner;3;
2023-U01;1083;Syddanmark;395;1235662;Første reinfektion;2;
2023-U01;1083;Syddanmark;597;1235662;Første infektion;1;
2023-U02;1084;Hovedstaden;18;1886283;To eller flere reinfektioner;3;
2023-U02;1084;Hovedstaden;185;1886283;Første reinfektion;2;
2023-U02;1084;Hovedstaden;282;1886283;Første infektion;1;
2023-U02;1082;Midtjylland;12;1356450;To eller flere reinfektioner;3;
2023-U02;1082;Midtjylland;180;1356450;Første reinfektion;2;
2023-U02;1082;Midtjylland;272;1356450;Første infektion;1;
2023-U02;1081;Nordjylland;6;594013;To eller flere reinfektioner;3;
2023-U02;1081;Nordjylland;82;594013;Første reinfektion;2;
2023-U02;1081;Nordjylland;114;594013;Første infektion;1;
2023-U02;1085;Sjælland;15;848239;To eller flere reinfektioner;3;
2023-U02;1085;Sjælland;180;848239;Første reinfektion;2;
2023-U02;1085;Sjælland;262;848239;Første infektion;1;
2023-U02;1083;Syddanmark;11;1235662;To eller flere reinfektioner;3;
2023-U02;1083;Syddanmark;167;1235662;Første reinfektion;2;
2023-U02;1083;Syddanmark;302;1235662;Første infektion;1;
2023-U03;1084;Hovedstaden;12;1886283;To eller flere reinfektioner;3;
2023-U03;1084;Hovedstaden;151;1886283;Første reinfektion;2;
2023-U03;1084;Hovedstaden;184;1886283;Første infektion;1;
2023-U03;1082;Midtjylland;6;1356450;To eller flere reinfektioner;3;
2023-U03;1082;Midtjylland;117;1356450;Første reinfektion;2;
2023-U03;1082;Midtjylland;127;1356450;Første infektion;1;
2023-U03;1081;Nordjylland;0;594013;To eller flere reinfektioner;3;
2023-U03;1081;Nordjylland;50;594013;Første reinfektion;2;
2023-U03;1081;Nordjylland;59;594013;Første infektion;1;
2023-U03;1085;Sjælland;4;848239;To eller flere reinfektioner;3;
2023-U03;1085;Sjælland;103;848239;Første reinfektion;2;
2023-U03;1085;Sjælland;135;848239;Første infektion;1;
2023-U03;1083;Syddanmark;8;1235662;To eller flere reinfektioner;3;
2023-U03;1083;Syddanmark;122;1235662;Første reinfektion;2;
2023-U03;1083;Syddanmark;201;1235662;Første infektion;1;
2023-U04;1084;Hovedstaden;13;1886283;To eller flere reinfektioner;3;
2023-U04;1084;Hovedstaden;106;1886283;Første reinfektion;2;
2023-U04;1084;Hovedstaden;122;1886283;Første infektion;1;
2023-U04;1082;Midtjylland;2;1356450;To eller flere reinfektioner;3;
2023-U04;1082;Midtjylland;107;1356450;Første reinfektion;2;
2023-U04;1082;Midtjylland;138;1356450;Første infektion;1;
2023-U04;1081;Nordjylland;3;594013;To eller flere reinfektioner;3;
2023-U04;1081;Nordjylland;31;594013;Første reinfektion;2;
2023-U04;1081;Nordjylland;40;594013;Første infektion;1;
2023-U04;1085;Sjælland;5;848239;To eller flere reinfektioner;3;
2023-U04;1085;Sjælland;98;848239;Første infektion;1;
2023-U04;1085;Sjælland;111;848239;Første reinfektion;2;
2023-U04;1083;Syddanmark;7;1235662;To eller flere reinfektioner;3;
2023-U04;1083;Syddanmark;127;1235662;Første reinfektion;2;
2023-U04;1083;Syddanmark;171;1235662;Første infektion;1;
2023-U05;1084;Hovedstaden;16;1886283;To eller flere reinfektioner;3;
2023-U05;1084;Hovedstaden;112;1886283;Første reinfektion;2;
2023-U05;1084;Hovedstaden;117;1886283;Første infektion;1;
2023-U05;1082;Midtjylland;4;1356450;To eller flere reinfektioner;3;
2023-U05;1082;Midtjylland;105;1356450;Første reinfektion;2;
2023-U05;1082;Midtjylland;131;1356450;Første infektion;1;
2023-U05;1081;Nordjylland;1;594013;To eller flere reinfektioner;3;
2023-U05;1081;Nordjylland;34;594013;Første reinfektion;2;
2023-U05;1081;Nordjylland;50;594013;Første infektion;1;
2023-U05;1085;Sjælland;8;848239;To eller flere reinfektioner;3;
2023-U05;1085;Sjælland;81;848239;Første reinfektion;2;
2023-U05;1085;Sjælland;98;848239;Første infektion;1;
2023-U05;1083;Syddanmark;4;1235662;To eller flere reinfektioner;3;
2023-U05;1083;Syddanmark;99;1235662;Første reinfektion;2;
2023-U05;1083;Syddanmark;135;1235662;Første infektion;1;
2023-U06;1084;Hovedstaden;8;1885061;To eller flere reinfektioner;3;
2023-U06;1084;Hovedstaden;115;1885061;Første reinfektion;2;
2023-U06;1084;Hovedstaden;119;1885061;Første infektion;1;
2023-U06;1082;Midtjylland;5;1356075;To eller flere reinfektioner;3;
2023-U06;1082;Midtjylland;105;1356075;Første reinfektion;2;
2023-U06;1082;Midtjylland;110;1356075;Første infektion;1;
2023-U06;1081;Nordjylland;3;593928;To eller flere reinfektioner;3;
2023-U06;1081;Nordjylland;24;593928;Første reinfektion;2;
2023-U06;1081;Nordjylland;46;593928;Første infektion;1;
2023-U06;1085;Sjælland;8;847957;To eller flere reinfektioner;3;
2023-U06;1085;Sjælland;88;847957;Første reinfektion;2;
2023-U06;1085;Sjælland;90;847957;Første infektion;1;
2023-U06;1083;Syddanmark;8;1235552;To eller flere reinfektioner;3;
2023-U06;1083;Syddanmark;116;1235552;Første reinfektion;2;
2023-U06;1083;Syddanmark;131;1235552;Første infektion;1;
2023-U07;1084;Hovedstaden;13;1885061;To eller flere reinfektioner;3;
2023-U07;1084;Hovedstaden;90;1885061;Første reinfektion;2;
2023-U07;1084;Hovedstaden;170;1885061;Første infektion;1;
2023-U07;1082;Midtjylland;4;1356075;To eller flere reinfektioner;3;
2023-U07;1082;Midtjylland;61;1356075;Første reinfektion;2;
2023-U07;1082;Midtjylland;77;1356075;Første infektion;1;
2023-U07;1081;Nordjylland;4;593928;To eller flere reinfektioner;3;
2023-U07;1081;Nordjylland;22;593928;Første reinfektion;2;
2023-U07;1081;Nordjylland;48;593928;Første infektion;1;
2023-U07;1085;Sjælland;1;847957;To eller flere reinfektioner;3;
2023-U07;1085;Sjælland;74;847957;Første reinfektion;2;
2023-U07;1085;Sjælland;102;847957;Første infektion;1;
2023-U07;1083;Syddanmark;4;1235552;To eller flere reinfektioner;3;
2023-U07;1083;Syddanmark;84;1235552;Første reinfektion;2;
2023-U07;1083;Syddanmark;102;1235552;Første infektion;1;
2023-U08;1084;Hovedstaden;16;1885061;To eller flere reinfektioner;3;
2023-U08;1084;Hovedstaden;131;1885061;Første reinfektion;2;
2023-U08;1084;Hovedstaden;147;1885061;Første infektion;1;
2023-U08;1082;Midtjylland;1;1356075;To eller flere reinfektioner;3;
2023-U08;1082;Midtjylland;55;1356075;Første reinfektion;2;
2023-U08;1082;Midtjylland;72;1356075;Første infektion;1;
2023-U08;1081;Nordjylland;0;593928;To eller flere reinfektioner;3;
2023-U08;1081;Nordjylland;20;593928;Første reinfektion;2;
2023-U08;1081;Nordjylland;39;593928;Første infektion;1;
2023-U08;1085;Sjælland;3;847957;To eller flere reinfektioner;3;
2023-U08;1085;Sjælland;67;847957;Første reinfektion;2;
2023-U08;1085;Sjælland;75;847957;Første infektion;1;
2023-U08;1083;Syddanmark;2;1235552;To eller flere reinfektioner;3;
2023-U08;1083;Syddanmark;55;1235552;Første reinfektion;2;
2023-U08;1083;Syddanmark;116;1235552;Første infektion;1;
2023-U09;1084;Hovedstaden;9;1885061;To eller flere reinfektioner;3;
2023-U09;1084;Hovedstaden;91;1885061;Første reinfektion;2;
2023-U09;1084;Hovedstaden;136;1885061;Første infektion;1;
2023-U09;1082;Midtjylland;3;1356075;To eller flere reinfektioner;3;
2023-U09;1082;Midtjylland;57;1356075;Første reinfektion;2;
2023-U09;1082;Midtjylland;85;1356075;Første infektion;1;
2023-U09;1081;Nordjylland;1;593928;To eller flere reinfektioner;3;
2023-U09;1081;Nordjylland;32;593928;Første reinfektion;2;
2023-U09;1081;Nordjylland;37;593928;Første infektion;1;
2023-U09;1085;Sjælland;8;847957;To eller flere reinfektioner;3;
2023-U09;1085;Sjælland;57;847957;Første reinfektion;2;
2023-U09;1085;Sjælland;92;847957;Første infektion;1;
2023-U09;1083;Syddanmark;2;1235552;To eller flere reinfektioner;3;
2023-U09;1083;Syddanmark;54;1235552;Første reinfektion;2;
2023-U09;1083;Syddanmark;97;1235552;Første infektion;1;
2023-U10;1084;Hovedstaden;12;1886433;To eller flere reinfektioner;3;
2023-U10;1084;Hovedstaden;111;1886433;Første reinfektion;2;
2023-U10;1084;Hovedstaden;176;1886433;Første infektion;1;
2023-U10;1082;Midtjylland;3;1356210;To eller flere reinfektioner;3;
2023-U10;1082;Midtjylland;82;1356210;Første reinfektion;2;
2023-U10;1082;Midtjylland;91;1356210;Første infektion;1;
2023-U10;1081;Nordjylland;4;593804;To eller flere reinfektioner;3;
2023-U10;1081;Nordjylland;28;593804;Første reinfektion;2;
2023-U10;1081;Nordjylland;35;593804;Første infektion;1;
2023-U10;1085;Sjælland;6;847903;To eller flere reinfektioner;3;
2023-U10;1085;Sjælland;60;847903;Første reinfektion;2;
2023-U10;1085;Sjælland;101;847903;Første infektion;1;
2023-U10;1083;Syddanmark;3;1235560;To eller flere reinfektioner;3;
2023-U10;1083;Syddanmark;62;1235560;Første reinfektion;2;
2023-U10;1083;Syddanmark;110;1235560;Første infektion;1;
2023-U11;1084;Hovedstaden;25;1886433;To eller flere reinfektioner;3;
2023-U11;1084;Hovedstaden;177;1886433;Første reinfektion;2;
2023-U11;1084;Hovedstaden;256;1886433;Første infektion;1;
2023-U11;1082;Midtjylland;6;1356210;To eller flere reinfektioner;3;
2023-U11;1082;Midtjylland;82;1356210;Første reinfektion;2;
2023-U11;1082;Midtjylland;167;1356210;Første infektion;1;
2023-U11;1081;Nordjylland;1;593804;To eller flere reinfektioner;3;
2023-U11;1081;Nordjylland;43;593804;Første reinfektion;2;
2023-U11;1081;Nordjylland;59;593804;Første infektion;1;
2023-U11;1085;Sjælland;10;847903;To eller flere reinfektioner;3;
2023-U11;1085;Sjælland;100;847903;Første reinfektion;2;
2023-U11;1085;Sjælland;158;847903;Første infektion;1;
2023-U11;1083;Syddanmark;8;1235560;To eller flere reinfektioner;3;
2023-U11;1083;Syddanmark;93;1235560;Første reinfektion;2;
2023-U11;1083;Syddanmark;154;1235560;Første infektion;1;
2023-U12;1084;Hovedstaden;26;1886433;To eller flere reinfektioner;3;
2023-U12;1084;Hovedstaden;202;1886433;Første reinfektion;2;
2023-U12;1084;Hovedstaden;299;1886433;Første infektion;1;
2023-U12;1082;Midtjylland;8;1356210;To eller flere reinfektioner;3;
2023-U12;1082;Midtjylland;121;1356210;Første reinfektion;2;
2023-U12;1082;Midtjylland;200;1356210;Første infektion;1;
2023-U12;1081;Nordjylland;5;593804;To eller flere reinfektioner;3;
2023-U12;1081;Nordjylland;53;593804;Første reinfektion;2;
2023-U12;1081;Nordjylland;61;593804;Første infektion;1;
2023-U12;1085;Sjælland;6;847903;To eller flere reinfektioner;3;
2023-U12;1085;Sjælland;113;847903;Første reinfektion;2;
2023-U12;1085;Sjælland;185;847903;Første infektion;1;
2023-U12;1083;Syddanmark;6;1235560;To eller flere reinfektioner;3;
2023-U12;1083;Syddanmark;110;1235560;Første reinfektion;2;
2023-U12;1083;Syddanmark;194;1235560;Første infektion;1;
2023-U13;1084;Hovedstaden;18;1886433;To eller flere reinfektioner;3;
2023-U13;1084;Hovedstaden;165;1886433;Første reinfektion;2;
2023-U13;1084;Hovedstaden;231;1886433;Første infektion;1;
2023-U13;1082;Midtjylland;2;1356210;To eller flere reinfektioner;3;
2023-U13;1082;Midtjylland;75;1356210;Første reinfektion;2;
2023-U13;1082;Midtjylland;113;1356210;Første infektion;1;
2023-U13;1081;Nordjylland;3;593804;To eller flere reinfektioner;3;
2023-U13;1081;Nordjylland;53;593804;Første reinfektion;2;
2023-U13;1081;Nordjylland;64;593804;Første infektion;1;
2023-U13;1085;Sjælland;9;847903;To eller flere reinfektioner;3;
2023-U13;1085;Sjælland;97;847903;Første reinfektion;2;
2023-U13;1085;Sjælland;145;847903;Første infektion;1;
2023-U13;1083;Syddanmark;6;1235560;To eller flere reinfektioner;3;
2023-U13;1083;Syddanmark;81;1235560;Første reinfektion;2;
2023-U13;1083;Syddanmark;173;1235560;Første infektion;1;
2023-U14;1084;Hovedstaden;7;1889590;To eller flere reinfektioner;3;
2023-U14;1084;Hovedstaden;80;1889590;Første reinfektion;2;
2023-U14;1084;Hovedstaden;204;1889590;Første infektion;1;
2023-U14;1082;Midtjylland;1;1357054;To eller flere reinfektioner;3;
2023-U14;1082;Midtjylland;23;1357054;Første reinfektion;2;
2023-U14;1082;Midtjylland;90;1357054;Første infektion;1;
2023-U14;1081;Nordjylland;5;593729;To eller flere reinfektioner;3;
2023-U14;1081;Nordjylland;22;593729;Første reinfektion;2;
2023-U14;1081;Nordjylland;47;593729;Første infektion;1;
2023-U14;1085;Sjælland;0;848096;To eller flere reinfektioner;3;
2023-U14;1085;Sjælland;29;848096;Første reinfektion;2;
2023-U14;1085;Sjælland;83;848096;Første infektion;1;
2023-U14;1083;Syddanmark;6;1235995;To eller flere reinfektioner;3;
2023-U14;1083;Syddanmark;39;1235995;Første reinfektion;2;
2023-U14;1083;Syddanmark;108;1235995;Første infektion;1;
2023-U15;1084;Hovedstaden;9;1889590;To eller flere reinfektioner;3;
2023-U15;1084;Hovedstaden;93;1889590;Første reinfektion;2;
2023-U15;1084;Hovedstaden;203;1889590;Første infektion;1;
2023-U15;1082;Midtjylland;4;1357054;To eller flere reinfektioner;3;
2023-U15;1082;Midtjylland;22;1357054;Første reinfektion;2;
2023-U15;1082;Midtjylland;93;1357054;Første infektion;1;
2023-U15;1081;Nordjylland;2;593729;To eller flere reinfektioner;3;
2023-U15;1081;Nordjylland;16;593729;Første reinfektion;2;
2023-U15;1081;Nordjylland;46;593729;Første infektion;1;
2023-U15;1085;Sjælland;3;848096;To eller flere reinfektioner;3;
2023-U15;1085;Sjælland;42;848096;Første reinfektion;2;
2023-U15;1085;Sjælland;83;848096;Første infektion;1;
2023-U15;1083;Syddanmark;3;1235995;To eller flere reinfektioner;3;
2023-U15;1083;Syddanmark;47;1235995;Første reinfektion;2;
2023-U15;1083;Syddanmark;147;1235995;Første infektion;1;
2023-U16;1084;Hovedstaden;5;1889590;To eller flere reinfektioner;3;
2023-U16;1084;Hovedstaden;86;1889590;Første reinfektion;2;
2023-U16;1084;Hovedstaden;178;1889590;Første infektion;1;
2023-U16;1082;Midtjylland;1;1357054;To eller flere reinfektioner;3;
2023-U16;1082;Midtjylland;28;1357054;Første reinfektion;2;
2023-U16;1082;Midtjylland;68;1357054;Første infektion;1;
2023-U16;1081;Nordjylland;2;593729;To eller flere reinfektioner;3;
2023-U16;1081;Nordjylland;19;593729;Første reinfektion;2;
2023-U16;1081;Nordjylland;47;593729;Første infektion;1;
2023-U16;1085;Sjælland;1;848096;To eller flere reinfektioner;3;
2023-U16;1085;Sjælland;37;848096;Første reinfektion;2;
2023-U16;1085;Sjælland;83;848096;Første infektion;1;
2023-U16;1083;Syddanmark;2;1235995;To eller flere reinfektioner;3;
2023-U16;1083;Syddanmark;27;1235995;Første reinfektion;2;
2023-U16;1083;Syddanmark;92;1235995;Første infektion;1;
2023-U17;1084;Hovedstaden;5;1889590;To eller flere reinfektioner;3;
2023-U17;1084;Hovedstaden;64;1889590;Første reinfektion;2;
2023-U17;1084;Hovedstaden;145;1889590;Første infektion;1;
2023-U17;1082;Midtjylland;2;1357054;To eller flere reinfektioner;3;
2023-U17;1082;Midtjylland;19;1357054;Første reinfektion;2;
2023-U17;1082;Midtjylland;53;1357054;Første infektion;1;
2023-U17;1081;Nordjylland;5;593729;To eller flere reinfektioner;3;
2023-U17;1081;Nordjylland;17;593729;Første reinfektion;2;
2023-U17;1081;Nordjylland;41;593729;Første infektion;1;
2023-U17;1085;Sjælland;1;848096;To eller flere reinfektioner;3;
2023-U17;1085;Sjælland;21;848096;Første reinfektion;2;
2023-U17;1085;Sjælland;76;848096;Første infektion;1;
2023-U17;1083;Syddanmark;2;1235995;To eller flere reinfektioner;3;
2023-U17;1083;Syddanmark;26;1235995;Første reinfektion;2;
2023-U17;1083;Syddanmark;67;1235995;Første infektion;1;
2023-U18;1084;Hovedstaden;3;1891523;To eller flere reinfektioner;3;
2023-U18;1084;Hovedstaden;65;1891523;Første reinfektion;2;
2023-U18;1084;Hovedstaden;138;1891523;Første infektion;1;
2023-U18;1082;Midtjylland;1;1357274;To eller flere reinfektioner;3;
2023-U18;1082;Midtjylland;14;1357274;Første reinfektion;2;
2023-U18;1082;Midtjylland;63;1357274;Første infektion;1;
2023-U18;1081;Nordjylland;0;593696;To eller flere reinfektioner;3;
2023-U18;1081;Nordjylland;14;593696;Første reinfektion;2;
2023-U18;1081;Nordjylland;32;593696;Første infektion;1;
2023-U18;1085;Sjælland;2;848329;To eller flere reinfektioner;3;
2023-U18;1085;Sjælland;21;848329;Første reinfektion;2;
2023-U18;1085;Sjælland;60;848329;Første infektion;1;
2023-U18;1083;Syddanmark;4;1236157;To eller flere reinfektioner;3;
2023-U18;1083;Syddanmark;25;1236157;Første reinfektion;2;
2023-U18;1083;Syddanmark;91;1236157;Første infektion;1;
2023-U19;1084;Hovedstaden;12;1891523;To eller flere reinfektioner;3;
2023-U19;1084;Hovedstaden;77;1891523;Første reinfektion;2;
2023-U19;1084;Hovedstaden;139;1891523;Første infektion;1;
2023-U19;1082;Midtjylland;3;1357274;To eller flere reinfektioner;3;
2023-U19;1082;Midtjylland;20;1357274;Første reinfektion;2;
2023-U19;1082;Midtjylland;48;1357274;Første infektion;1;
2023-U19;1081;Nordjylland;1;593696;To eller flere reinfektioner;3;
2023-U19;1081;Nordjylland;7;593696;Første reinfektion;2;
2023-U19;1081;Nordjylland;37;593696;Første infektion;1;
2023-U19;1085;Sjælland;0;848329;To eller flere reinfektioner;3;
2023-U19;1085;Sjælland;26;848329;Første reinfektion;2;
2023-U19;1085;Sjælland;68;848329;Første infektion;1;
2023-U19;1083;Syddanmark;4;1236157;To eller flere reinfektioner;3;
2023-U19;1083;Syddanmark;22;1236157;Første reinfektion;2;
2023-U19;1083;Syddanmark;99;1236157;Første infektion;1;
2023-U20;1084;Hovedstaden;5;1891523;To eller flere reinfektioner;3;
2023-U20;1084;Hovedstaden;37;1891523;Første reinfektion;2;
2023-U20;1084;Hovedstaden;98;1891523;Første infektion;1;
2023-U20;1082;Midtjylland;1;1357274;To eller flere reinfektioner;3;
2023-U20;1082;Midtjylland;9;1357274;Første reinfektion;2;
2023-U20;1082;Midtjylland;44;1357274;Første infektion;1;
2023-U20;1081;Nordjylland;2;593696;To eller flere reinfektioner;3;
2023-U20;1081;Nordjylland;9;593696;Første reinfektion;2;
2023-U20;1081;Nordjylland;17;593696;Første infektion;1;
2023-U20;1085;Sjælland;1;848329;To eller flere reinfektioner;3;
2023-U20;1085;Sjælland;20;848329;Første reinfektion;2;
2023-U20;1085;Sjælland;42;848329;Første infektion;1;
2023-U20;1083;Syddanmark;0;1236157;To eller flere reinfektioner;3;
2023-U20;1083;Syddanmark;19;1236157;Første reinfektion;2;
2023-U20;1083;Syddanmark;62;1236157;Første infektion;1;
2023-U21;1084;Hovedstaden;2;1891523;To eller flere reinfektioner;3;
2023-U21;1084;Hovedstaden;31;1891523;Første reinfektion;2;
2023-U21;1084;Hovedstaden;82;1891523;Første infektion;1;
2023-U21;1082;Midtjylland;1;1357274;To eller flere reinfektioner;3;
2023-U21;1082;Midtjylland;14;1357274;Første reinfektion;2;
2023-U21;1082;Midtjylland;29;1357274;Første infektion;1;
2023-U21;1081;Nordjylland;0;593696;To eller flere reinfektioner;3;
2023-U21;1081;Nordjylland;5;593696;Første reinfektion;2;
2023-U21;1081;Nordjylland;25;593696;Første infektion;1;
2023-U21;1085;Sjælland;0;848329;To eller flere reinfektioner;3;
2023-U21;1085;Sjælland;21;848329;Første reinfektion;2;
2023-U21;1085;Sjælland;33;848329;Første infektion;1;
2023-U21;1083;Syddanmark;2;1236157;To eller flere reinfektioner;3;
2023-U21;1083;Syddanmark;19;1236157;Første reinfektion;2;
2023-U21;1083;Syddanmark;37;1236157;Første infektion;1;
2023-U22;1084;Hovedstaden;2;1891523;To eller flere reinfektioner;3;
2023-U22;1084;Hovedstaden;14;1891523;Første reinfektion;2;
2023-U22;1084;Hovedstaden;44;1891523;Første infektion;1;
2023-U22;1082;Midtjylland;1;1357274;To eller flere reinfektioner;3;
2023-U22;1082;Midtjylland;7;1357274;Første reinfektion;2;
2023-U22;1082;Midtjylland;20;1357274;Første infektion;1;
2023-U22;1081;Nordjylland;0;593696;To eller flere reinfektioner;3;
2023-U22;1081;Nordjylland;9;593696;Første reinfektion;2;
2023-U22;1081;Nordjylland;10;593696;Første infektion;1;
2023-U22;1085;Sjælland;2;848329;To eller flere reinfektioner;3;
2023-U22;1085;Sjælland;6;848329;Første reinfektion;2;
2023-U22;1085;Sjælland;23;848329;Første infektion;1;
2023-U22;1083;Syddanmark;0;1236157;To eller flere reinfektioner;3;
2023-U22;1083;Syddanmark;13;1236157;Første reinfektion;2;
2023-U22;1083;Syddanmark;28;1236157;Første infektion;1;
2023-U23;1084;Hovedstaden;3;1892399;To eller flere reinfektioner;3;
2023-U23;1084;Hovedstaden;23;1892399;Første reinfektion;2;
2023-U23;1084;Hovedstaden;38;1892399;Første infektion;1;
2023-U23;1082;Midtjylland;0;1357589;To eller flere reinfektioner;3;
2023-U23;1082;Midtjylland;6;1357589;Første reinfektion;2;
2023-U23;1082;Midtjylland;12;1357589;Første infektion;1;
2023-U23;1081;Nordjylland;0;593662;To eller flere reinfektioner;3;
2023-U23;1081;Nordjylland;5;593662;Første reinfektion;2;
2023-U23;1081;Nordjylland;8;593662;Første infektion;1;
2023-U23;1085;Sjælland;0;848584;To eller flere reinfektioner;3;
2023-U23;1085;Sjælland;7;848584;Første reinfektion;2;
2023-U23;1085;Sjælland;21;848584;Første infektion;1;
2023-U23;1083;Syddanmark;1;1236316;To eller flere reinfektioner;3;
2023-U23;1083;Syddanmark;10;1236316;Første reinfektion;2;
2023-U23;1083;Syddanmark;28;1236316;Første infektion;1;
2023-U24;1084;Hovedstaden;3;1892399;To eller flere reinfektioner;3;
2023-U24;1084;Hovedstaden;18;1892399;Første reinfektion;2;
2023-U24;1084;Hovedstaden;36;1892399;Første infektion;1;
2023-U24;1082;Midtjylland;1;1357589;To eller flere reinfektioner;3;
2023-U24;1082;Midtjylland;3;1357589;Første reinfektion;2;
2023-U24;1082;Midtjylland;6;1357589;Første infektion;1;
2023-U24;1081;Nordjylland;0;593662;Første reinfektion;2;
2023-U24;1081;Nordjylland;1;593662;To eller flere reinfektioner;3;
2023-U24;1081;Nordjylland;5;593662;Første infektion;1;
2023-U24;1085;Sjælland;1;848584;To eller flere reinfektioner;3;
2023-U24;1085;Sjælland;5;848584;Første reinfektion;2;
2023-U24;1085;Sjælland;14;848584;Første infektion;1;
2023-U24;1083;Syddanmark;1;1236316;To eller flere reinfektioner;3;
2023-U24;1083;Syddanmark;12;1236316;Første reinfektion;2;
2023-U24;1083;Syddanmark;18;1236316;Første infektion;1;
2023-U25;1084;Hovedstaden;3;1892399;To eller flere reinfektioner;3;
2023-U25;1084;Hovedstaden;7;1892399;Første reinfektion;2;
2023-U25;1084;Hovedstaden;23;1892399;Første infektion;1;
2023-U25;1082;Midtjylland;0;1357589;To eller flere reinfektioner;3;
2023-U25;1082;Midtjylland;8;1357589;Første infektion;1;
2023-U25;1082;Midtjylland;8;1357589;Første reinfektion;2;
2023-U25;1081;Nordjylland;1;593662;Første reinfektion;2;
2023-U25;1081;Nordjylland;2;593662;To eller flere reinfektioner;3;
2023-U25;1081;Nordjylland;6;593662;Første infektion;1;
2023-U25;1085;Sjælland;0;848584;To eller flere reinfektioner;3;
2023-U25;1085;Sjælland;5;848584;Første reinfektion;2;
2023-U25;1085;Sjælland;16;848584;Første infektion;1;
2023-U25;1083;Syddanmark;0;1236316;To eller flere reinfektioner;3;
2023-U25;1083;Syddanmark;5;1236316;Første reinfektion;2;
2023-U25;1083;Syddanmark;13;1236316;Første infektion;1;
2023-U26;1084;Hovedstaden;3;1892399;To eller flere reinfektioner;3;
2023-U26;1084;Hovedstaden;10;1892399;Første infektion;1;
2023-U26;1084;Hovedstaden;11;1892399;Første reinfektion;2;
2023-U26;1082;Midtjylland;0;1357589;To eller flere reinfektioner;3;
2023-U26;1082;Midtjylland;1;1357589;Første reinfektion;2;
2023-U26;1082;Midtjylland;6;1357589;Første infektion;1;
2023-U26;1081;Nordjylland;0;593662;To eller flere reinfektioner;3;
2023-U26;1081;Nordjylland;3;593662;Første infektion;1;
2023-U26;1081;Nordjylland;3;593662;Første reinfektion;2;
2023-U26;1085;Sjælland;0;848584;To eller flere reinfektioner;3;
2023-U26;1085;Sjælland;5;848584;Første reinfektion;2;
2023-U26;1085;Sjælland;7;848584;Første infektion;1;
2023-U26;1083;Syddanmark;0;1236316;To eller flere reinfektioner;3;
2023-U26;1083;Syddanmark;4;1236316;Første infektion;1;
2023-U26;1083;Syddanmark;5;1236316;Første reinfektion;2;
2023-U27;1084;Hovedstaden;1;1892427;To eller flere reinfektioner;3;
2023-U27;1084;Hovedstaden;13;1892427;Første reinfektion;2;
2023-U27;1084;Hovedstaden;20;1892427;Første infektion;1;
2023-U27;1082;Midtjylland;0;1357977;To eller flere reinfektioner;3;
2023-U27;1082;Midtjylland;4;1357977;Første infektion;1;
2023-U27;1082;Midtjylland;5;1357977;Første reinfektion;2;
2023-U27;1081;Nordjylland;0;593547;To eller flere reinfektioner;3;
2023-U27;1081;Nordjylland;1;593547;Første reinfektion;2;
2023-U27;1081;Nordjylland;6;593547;Første infektion;1;
2023-U27;1085;Sjælland;2;848907;To eller flere reinfektioner;3;
2023-U27;1085;Sjælland;6;848907;Første reinfektion;2;
2023-U27;1085;Sjælland;10;848907;Første infektion;1;
2023-U27;1083;Syddanmark;0;1236175;To eller flere reinfektioner;3;
2023-U27;1083;Syddanmark;8;1236175;Første reinfektion;2;
2023-U27;1083;Syddanmark;9;1236175;Første infektion;1;
2023-U28;1084;Hovedstaden;2;1892427;To eller flere reinfektioner;3;
2023-U28;1084;Hovedstaden;12;1892427;Første reinfektion;2;
2023-U28;1084;Hovedstaden;27;1892427;Første infektion;1;
2023-U28;1082;Midtjylland;1;1357977;To eller flere reinfektioner;3;
2023-U28;1082;Midtjylland;4;1357977;Første infektion;1;
2023-U28;1082;Midtjylland;4;1357977;Første reinfektion;2;
2023-U28;1081;Nordjylland;1;593547;To eller flere reinfektioner;3;
2023-U28;1081;Nordjylland;2;593547;Første reinfektion;2;
2023-U28;1081;Nordjylland;9;593547;Første infektion;1;
2023-U28;1085;Sjælland;0;848907;To eller flere reinfektioner;3;
2023-U28;1085;Sjælland;3;848907;Første reinfektion;2;
2023-U28;1085;Sjælland;8;848907;Første infektion;1;
2023-U28;1083;Syddanmark;0;1236175;To eller flere reinfektioner;3;
2023-U28;1083;Syddanmark;7;1236175;Første reinfektion;2;
2023-U28;1083;Syddanmark;11;1236175;Første infektion;1;
2023-U29;1084;Hovedstaden;2;1892427;To eller flere reinfektioner;3;
2023-U29;1084;Hovedstaden;11;1892427;Første reinfektion;2;
2023-U29;1084;Hovedstaden;17;1892427;Første infektion;1;
2023-U29;1082;Midtjylland;0;1357977;To eller flere reinfektioner;3;
2023-U29;1082;Midtjylland;2;1357977;Første infektion;1;
2023-U29;1082;Midtjylland;2;1357977;Første reinfektion;2;
2023-U29;1081;Nordjylland;0;593547;To eller flere reinfektioner;3;
2023-U29;1081;Nordjylland;5;593547;Første reinfektion;2;
2023-U29;1081;Nordjylland;6;593547;Første infektion;1;
2023-U29;1085;Sjælland;0;848907;To eller flere reinfektioner;3;
2023-U29;1085;Sjælland;2;848907;Første reinfektion;2;
2023-U29;1085;Sjælland;4;848907;Første infektion;1;
2023-U29;1083;Syddanmark;0;1236175;To eller flere reinfektioner;3;
2023-U29;1083;Syddanmark;2;1236175;Første reinfektion;2;
2023-U29;1083;Syddanmark;6;1236175;Første infektion;1;
2023-U30;1084;Hovedstaden;2;1892427;To eller flere reinfektioner;3;
2023-U30;1084;Hovedstaden;19;1892427;Første reinfektion;2;
2023-U30;1084;Hovedstaden;27;1892427;Første infektion;1;
2023-U30;1082;Midtjylland;0;1357977;To eller flere reinfektioner;3;
2023-U30;1082;Midtjylland;2;1357977;Første reinfektion;2;
2023-U30;1082;Midtjylland;7;1357977;Første infektion;1;
2023-U30;1081;Nordjylland;1;593547;To eller flere reinfektioner;3;
2023-U30;1081;Nordjylland;6;593547;Første reinfektion;2;
2023-U30;1081;Nordjylland;11;593547;Første infektion;1;
2023-U30;1085;Sjælland;2;848907;To eller flere reinfektioner;3;
2023-U30;1085;Sjælland;4;848907;Første reinfektion;2;
2023-U30;1085;Sjælland;10;848907;Første infektion;1;
2023-U30;1083;Syddanmark;2;1236175;To eller flere reinfektioner;3;
2023-U30;1083;Syddanmark;6;1236175;Første infektion;1;
2023-U30;1083;Syddanmark;6;1236175;Første reinfektion;2;
2023-U31;1084;Hovedstaden;0;1892427;To eller flere reinfektioner;3;
2023-U31;1084;Hovedstaden;26;1892427;Første reinfektion;2;
2023-U31;1084;Hovedstaden;39;1892427;Første infektion;1;
2023-U31;1082;Midtjylland;0;1357977;To eller flere reinfektioner;3;
2023-U31;1082;Midtjylland;3;1357977;Første reinfektion;2;
2023-U31;1082;Midtjylland;13;1357977;Første infektion;1;
2023-U31;1081;Nordjylland;1;593547;To eller flere reinfektioner;3;
2023-U31;1081;Nordjylland;4;593547;Første reinfektion;2;
2023-U31;1081;Nordjylland;10;593547;Første infektion;1;
2023-U31;1085;Sjælland;1;848907;To eller flere reinfektioner;3;
2023-U31;1085;Sjælland;5;848907;Første reinfektion;2;
2023-U31;1085;Sjælland;11;848907;Første infektion;1;
2023-U31;1083;Syddanmark;0;1236175;To eller flere reinfektioner;3;
2023-U31;1083;Syddanmark;6;1236175;Første reinfektion;2;
2023-U31;1083;Syddanmark;17;1236175;Første infektion;1;
2023-U32;1084;Hovedstaden;2;1893131;To eller flere reinfektioner;3;
2023-U32;1084;Hovedstaden;32;1893131;Første reinfektion;2;
2023-U32;1084;Hovedstaden;64;1893131;Første infektion;1;
2023-U32;1082;Midtjylland;0;1358512;To eller flere reinfektioner;3;
2023-U32;1082;Midtjylland;12;1358512;Første reinfektion;2;
2023-U32;1082;Midtjylland;19;1358512;Første infektion;1;
2023-U32;1081;Nordjylland;0;593439;To eller flere reinfektioner;3;
2023-U32;1081;Nordjylland;6;593439;Første reinfektion;2;
2023-U32;1081;Nordjylland;12;593439;Første infektion;1;
2023-U32;1085;Sjælland;3;849419;To eller flere reinfektioner;3;
2023-U32;1085;Sjælland;7;849419;Første reinfektion;2;
2023-U32;1085;Sjælland;15;849419;Første infektion;1;
2023-U32;1083;Syddanmark;1;1236083;To eller flere reinfektioner;3;
2023-U32;1083;Syddanmark;16;1236083;Første reinfektion;2;
2023-U32;1083;Syddanmark;25;1236083;Første infektion;1;
2023-U33;1084;Hovedstaden;7;1893131;To eller flere reinfektioner;3;
2023-U33;1084;Hovedstaden;56;1893131;Første reinfektion;2;
2023-U33;1084;Hovedstaden;90;1893131;Første infektion;1;
2023-U33;1082;Midtjylland;1;1358512;To eller flere reinfektioner;3;
2023-U33;1082;Midtjylland;16;1358512;Første reinfektion;2;
2023-U33;1082;Midtjylland;39;1358512;Første infektion;1;
2023-U33;1081;Nordjylland;0;593439;To eller flere reinfektioner;3;
2023-U33;1081;Nordjylland;5;593439;Første reinfektion;2;
2023-U33;1081;Nordjylland;7;593439;Første infektion;1;
2023-U33;1085;Sjælland;1;849419;To eller flere reinfektioner;3;
2023-U33;1085;Sjælland;14;849419;Første reinfektion;2;
2023-U33;1085;Sjælland;44;849419;Første infektion;1;
2023-U33;1083;Syddanmark;1;1236083;To eller flere reinfektioner;3;
2023-U33;1083;Syddanmark;21;1236083;Første reinfektion;2;
2023-U33;1083;Syddanmark;36;1236083;Første infektion;1;
2023-U34;1084;Hovedstaden;9;1893131;To eller flere reinfektioner;3;
2023-U34;1084;Hovedstaden;61;1893131;Første reinfektion;2;
2023-U34;1084;Hovedstaden;100;1893131;Første infektion;1;
2023-U34;1082;Midtjylland;1;1358512;To eller flere reinfektioner;3;
2023-U34;1082;Midtjylland;18;1358512;Første reinfektion;2;
2023-U34;1082;Midtjylland;34;1358512;Første infektion;1;
2023-U34;1081;Nordjylland;2;593439;To eller flere reinfektioner;3;
2023-U34;1081;Nordjylland;9;593439;Første reinfektion;2;
2023-U34;1081;Nordjylland;15;593439;Første infektion;1;
2023-U34;1085;Sjælland;3;849419;To eller flere reinfektioner;3;
2023-U34;1085;Sjælland;23;849419;Første reinfektion;2;
2023-U34;1085;Sjælland;32;849419;Første infektion;1;
2023-U34;1083;Syddanmark;7;1236083;To eller flere reinfektioner;3;
2023-U34;1083;Syddanmark;15;1236083;Første reinfektion;2;
2023-U34;1083;Syddanmark;43;1236083;Første infektion;1;
2023-U35;1084;Hovedstaden;6;1893131;To eller flere reinfektioner;3;
2023-U35;1084;Hovedstaden;55;1893131;Første reinfektion;2;
2023-U35;1084;Hovedstaden;89;1893131;Første infektion;1;
2023-U35;1082;Midtjylland;1;1358512;To eller flere reinfektioner;3;
2023-U35;1082;Midtjylland;22;1358512;Første reinfektion;2;
2023-U35;1082;Midtjylland;26;1358512;Første infektion;1;
2023-U35;1081;Nordjylland;1;593439;To eller flere reinfektioner;3;
2023-U35;1081;Nordjylland;6;593439;Første reinfektion;2;
2023-U35;1081;Nordjylland;20;593439;Første infektion;1;
2023-U35;1085;Sjælland;0;849419;To eller flere reinfektioner;3;
2023-U35;1085;Sjælland;27;849419;Første reinfektion;2;
2023-U35;1085;Sjælland;39;849419;Første infektion;1;
2023-U35;1083;Syddanmark;1;1236083;To eller flere reinfektioner;3;
2023-U35;1083;Syddanmark;25;1236083;Første reinfektion;2;
2023-U35;1083;Syddanmark;33;1236083;Første infektion;1;
2023-U36;1084;Hovedstaden;8;1893594;To eller flere reinfektioner;3;
2023-U36;1084;Hovedstaden;61;1893594;Første reinfektion;2;
2023-U36;1084;Hovedstaden;116;1893594;Første infektion;1;
2023-U36;1082;Midtjylland;2;1358724;To eller flere reinfektioner;3;
2023-U36;1082;Midtjylland;18;1358724;Første reinfektion;2;
2023-U36;1082;Midtjylland;53;1358724;Første infektion;1;
2023-U36;1081;Nordjylland;0;592970;To eller flere reinfektioner;3;
2023-U36;1081;Nordjylland;10;592970;Første reinfektion;2;
2023-U36;1081;Nordjylland;23;592970;Første infektion;1;
2023-U36;1085;Sjælland;0;849934;To eller flere reinfektioner;3;
2023-U36;1085;Sjælland;22;849934;Første reinfektion;2;
2023-U36;1085;Sjælland;34;849934;Første infektion;1;
2023-U36;1083;Syddanmark;4;1236030;To eller flere reinfektioner;3;
2023-U36;1083;Syddanmark;33;1236030;Første reinfektion;2;
2023-U36;1083;Syddanmark;51;1236030;Første infektion;1;
2023-U37;1084;Hovedstaden;6;1893594;To eller flere reinfektioner;3;
2023-U37;1084;Hovedstaden;49;1893594;Første reinfektion;2;
2023-U37;1084;Hovedstaden;87;1893594;Første infektion;1;
2023-U37;1082;Midtjylland;1;1358724;To eller flere reinfektioner;3;
2023-U37;1082;Midtjylland;10;1358724;Første reinfektion;2;
2023-U37;1082;Midtjylland;44;1358724;Første infektion;1;
2023-U37;1081;Nordjylland;1;592970;To eller flere reinfektioner;3;
2023-U37;1081;Nordjylland;16;592970;Første reinfektion;2;
2023-U37;1081;Nordjylland;34;592970;Første infektion;1;
2023-U37;1085;Sjælland;1;849934;To eller flere reinfektioner;3;
2023-U37;1085;Sjælland;23;849934;Første reinfektion;2;
2023-U37;1085;Sjælland;28;849934;Første infektion;1;
2023-U37;1083;Syddanmark;1;1236030;To eller flere reinfektioner;3;
2023-U37;1083;Syddanmark;29;1236030;Første reinfektion;2;
2023-U37;1083;Syddanmark;64;1236030;Første infektion;1;
2023-U38;1084;Hovedstaden;4;1893594;To eller flere reinfektioner;3;
2023-U38;1084;Hovedstaden;46;1893594;Første reinfektion;2;
2023-U38;1084;Hovedstaden;72;1893594;Første infektion;1;
2023-U38;1082;Midtjylland;2;1358724;To eller flere reinfektioner;3;
2023-U38;1082;Midtjylland;9;1358724;Første reinfektion;2;
2023-U38;1082;Midtjylland;28;1358724;Første infektion;1;
2023-U38;1081;Nordjylland;3;592970;To eller flere reinfektioner;3;
2023-U38;1081;Nordjylland;19;592970;Første reinfektion;2;
2023-U38;1081;Nordjylland;27;592970;Første infektion;1;
2023-U38;1085;Sjælland;2;849934;To eller flere reinfektioner;3;
2023-U38;1085;Sjælland;25;849934;Første reinfektion;2;
2023-U38;1085;Sjælland;32;849934;Første infektion;1;
2023-U38;1083;Syddanmark;1;1236030;To eller flere reinfektioner;3;
2023-U38;1083;Syddanmark;17;1236030;Første reinfektion;2;
2023-U38;1083;Syddanmark;42;1236030;Første infektion;1;
2023-U39;1084;Hovedstaden;11;1893594;To eller flere reinfektioner;3;
2023-U39;1084;Hovedstaden;76;1893594;Første reinfektion;2;
2023-U39;1084;Hovedstaden;108;1893594;Første infektion;1;
2023-U39;1082;Midtjylland;4;1358724;To eller flere reinfektioner;3;
2023-U39;1082;Midtjylland;16;1358724;Første reinfektion;2;
2023-U39;1082;Midtjylland;28;1358724;Første infektion;1;
2023-U39;1081;Nordjylland;2;592970;To eller flere reinfektioner;3;
2023-U39;1081;Nordjylland;10;592970;Første reinfektion;2;
2023-U39;1081;Nordjylland;19;592970;Første infektion;1;
2023-U39;1085;Sjælland;4;849934;To eller flere reinfektioner;3;
2023-U39;1085;Sjælland;19;849934;Første reinfektion;2;
2023-U39;1085;Sjælland;34;849934;Første infektion;1;
2023-U39;1083;Syddanmark;1;1236030;To eller flere reinfektioner;3;
2023-U39;1083;Syddanmark;20;1236030;Første reinfektion;2;
2023-U39;1083;Syddanmark;41;1236030;Første infektion;1;
2023-U40;1084;Hovedstaden;6;1896637;To eller flere reinfektioner;3;
2023-U40;1084;Hovedstaden;68;1896637;Første reinfektion;2;
2023-U40;1084;Hovedstaden;127;1896637;Første infektion;1;
2023-U40;1082;Midtjylland;2;1360857;To eller flere reinfektioner;3;
2023-U40;1082;Midtjylland;28;1360857;Første reinfektion;2;
2023-U40;1082;Midtjylland;44;1360857;Første infektion;1;
2023-U40;1081;Nordjylland;0;593200;To eller flere reinfektioner;3;
2023-U40;1081;Nordjylland;12;593200;Første reinfektion;2;
2023-U40;1081;Nordjylland;37;593200;Første infektion;1;
2023-U40;1085;Sjælland;2;849810;To eller flere reinfektioner;3;
2023-U40;1085;Sjælland;25;849810;Første reinfektion;2;
2023-U40;1085;Sjælland;44;849810;Første infektion;1;
2023-U40;1083;Syddanmark;2;1235621;To eller flere reinfektioner;3;
2023-U40;1083;Syddanmark;34;1235621;Første reinfektion;2;
2023-U40;1083;Syddanmark;51;1235621;Første infektion;1;
2023-U41;1084;Hovedstaden;7;1896637;To eller flere reinfektioner;3;
2023-U41;1084;Hovedstaden;78;1896637;Første reinfektion;2;
2023-U41;1084;Hovedstaden;117;1896637;Første infektion;1;
2023-U41;1082;Midtjylland;1;1360857;To eller flere reinfektioner;3;
2023-U41;1082;Midtjylland;17;1360857;Første reinfektion;2;
2023-U41;1082;Midtjylland;40;1360857;Første infektion;1;
2023-U41;1081;Nordjylland;0;593200;To eller flere reinfektioner;3;
2023-U41;1081;Nordjylland;15;593200;Første reinfektion;2;
2023-U41;1081;Nordjylland;52;593200;Første infektion;1;
2023-U41;1085;Sjælland;1;849810;To eller flere reinfektioner;3;
2023-U41;1085;Sjælland;35;849810;Første reinfektion;2;
2023-U41;1085;Sjælland;49;849810;Første infektion;1;
2023-U41;1083;Syddanmark;5;1235621;To eller flere reinfektioner;3;
2023-U41;1083;Syddanmark;31;1235621;Første reinfektion;2;
2023-U41;1083;Syddanmark;73;1235621;Første infektion;1;
2023-U42;1084;Hovedstaden;2;1896637;To eller flere reinfektioner;3;
2023-U42;1084;Hovedstaden;78;1896637;Første reinfektion;2;
2023-U42;1084;Hovedstaden;117;1896637;Første infektion;1;
2023-U42;1082;Midtjylland;1;1360857;To eller flere reinfektioner;3;
2023-U42;1082;Midtjylland;33;1360857;Første reinfektion;2;
2023-U42;1082;Midtjylland;62;1360857;Første infektion;1;
2023-U42;1081;Nordjylland;2;593200;To eller flere reinfektioner;3;
2023-U42;1081;Nordjylland;27;593200;Første reinfektion;2;
2023-U42;1081;Nordjylland;50;593200;Første infektion;1;
2023-U42;1085;Sjælland;3;849810;To eller flere reinfektioner;3;
2023-U42;1085;Sjælland;31;849810;Første reinfektion;2;
2023-U42;1085;Sjælland;80;849810;Første infektion;1;
2023-U42;1083;Syddanmark;3;1235621;To eller flere reinfektioner;3;
2023-U42;1083;Syddanmark;29;1235621;Første reinfektion;2;
2023-U42;1083;Syddanmark;84;1235621;Første infektion;1;
2023-U43;1084;Hovedstaden;15;1896637;To eller flere reinfektioner;3;
2023-U43;1084;Hovedstaden;110;1896637;Første reinfektion;2;
2023-U43;1084;Hovedstaden;190;1896637;Første infektion;1;
2023-U43;1082;Midtjylland;4;1360857;To eller flere reinfektioner;3;
2023-U43;1082;Midtjylland;33;1360857;Første reinfektion;2;
2023-U43;1082;Midtjylland;86;1360857;Første infektion;1;
2023-U43;1081;Nordjylland;0;593200;To eller flere reinfektioner;3;
2023-U43;1081;Nordjylland;30;593200;Første reinfektion;2;
2023-U43;1081;Nordjylland;71;593200;Første infektion;1;
2023-U43;1085;Sjælland;3;849810;To eller flere reinfektioner;3;
2023-U43;1085;Sjælland;50;849810;Første reinfektion;2;
2023-U43;1085;Sjælland;77;849810;Første infektion;1;
2023-U43;1083;Syddanmark;3;1235621;To eller flere reinfektioner;3;
2023-U43;1083;Syddanmark;48;1235621;Første reinfektion;2;
2023-U43;1083;Syddanmark;99;1235621;Første infektion;1;
2023-U44;1084;Hovedstaden;18;1896637;To eller flere reinfektioner;3;
2023-U44;1084;Hovedstaden;130;1896637;Første reinfektion;2;
2023-U44;1084;Hovedstaden;225;1896637;Første infektion;1;
2023-U44;1082;Midtjylland;3;1360857;To eller flere reinfektioner;3;
2023-U44;1082;Midtjylland;45;1360857;Første reinfektion;2;
2023-U44;1082;Midtjylland;87;1360857;Første infektion;1;
2023-U44;1081;Nordjylland;1;593200;To eller flere reinfektioner;3;
2023-U44;1081;Nordjylland;33;593200;Første reinfektion;2;
2023-U44;1081;Nordjylland;49;593200;Første infektion;1;
2023-U44;1085;Sjælland;3;849810;To eller flere reinfektioner;3;
2023-U44;1085;Sjælland;52;849810;Første reinfektion;2;
2023-U44;1085;Sjælland;100;849810;Første infektion;1;
2023-U44;1083;Syddanmark;9;1235621;To eller flere reinfektioner;3;
2023-U44;1083;Syddanmark;69;1235621;Første reinfektion;2;
2023-U44;1083;Syddanmark;108;1235621;Første infektion;1;
2023-U45;1084;Hovedstaden;29;1901056;To eller flere reinfektioner;3;
2023-U45;1084;Hovedstaden;188;1901056;Første reinfektion;2;
2023-U45;1084;Hovedstaden;218;1901056;Første infektion;1;
2023-U45;1082;Midtjylland;3;1362220;To eller flere reinfektioner;3;
2023-U45;1082;Midtjylland;50;1362220;Første reinfektion;2;
2023-U45;1082;Midtjylland;89;1362220;Første infektion;1;
2023-U45;1081;Nordjylland;3;593216;To eller flere reinfektioner;3;
2023-U45;1081;Nordjylland;27;593216;Første reinfektion;2;
2023-U45;1081;Nordjylland;60;593216;Første infektion;1;
2023-U45;1085;Sjælland;6;849837;To eller flere reinfektioner;3;
2023-U45;1085;Sjælland;73;849837;Første reinfektion;2;
2023-U45;1085;Sjælland;104;849837;Første infektion;1;
2023-U45;1083;Syddanmark;7;1236674;To eller flere reinfektioner;3;
2023-U45;1083;Syddanmark;86;1236674;Første reinfektion;2;
2023-U45;1083;Syddanmark;130;1236674;Første infektion;1;
2023-U46;1084;Hovedstaden;20;1901056;To eller flere reinfektioner;3;
2023-U46;1084;Hovedstaden;168;1901056;Første reinfektion;2;
2023-U46;1084;Hovedstaden;266;1901056;Første infektion;1;
2023-U46;1082;Midtjylland;6;1362220;To eller flere reinfektioner;3;
2023-U46;1082;Midtjylland;64;1362220;Første reinfektion;2;
2023-U46;1082;Midtjylland;102;1362220;Første infektion;1;
2023-U46;1081;Nordjylland;1;593216;To eller flere reinfektioner;3;
2023-U46;1081;Nordjylland;40;593216;Første reinfektion;2;
2023-U46;1081;Nordjylland;64;593216;Første infektion;1;
2023-U46;1085;Sjælland;7;849837;To eller flere reinfektioner;3;
2023-U46;1085;Sjælland;94;849837;Første reinfektion;2;
2023-U46;1085;Sjælland;117;849837;Første infektion;1;
2023-U46;1083;Syddanmark;7;1236674;To eller flere reinfektioner;3;
2023-U46;1083;Syddanmark;92;1236674;Første reinfektion;2;
2023-U46;1083;Syddanmark;154;1236674;Første infektion;1;
2023-U47;1084;Hovedstaden;22;1901056;To eller flere reinfektioner;3;
2023-U47;1084;Hovedstaden;273;1901056;Første reinfektion;2;
2023-U47;1084;Hovedstaden;360;1901056;Første infektion;1;
2023-U47;1082;Midtjylland;9;1362220;To eller flere reinfektioner;3;
2023-U47;1082;Midtjylland;92;1362220;Første reinfektion;2;
2023-U47;1082;Midtjylland;136;1362220;Første infektion;1;
2023-U47;1081;Nordjylland;3;593216;To eller flere reinfektioner;3;
2023-U47;1081;Nordjylland;45;593216;Første reinfektion;2;
2023-U47;1081;Nordjylland;99;593216;Første infektion;1;
2023-U47;1085;Sjælland;8;849837;To eller flere reinfektioner;3;
2023-U47;1085;Sjælland;122;849837;Første reinfektion;2;
2023-U47;1085;Sjælland;170;849837;Første infektion;1;
2023-U47;1083;Syddanmark;13;1236674;To eller flere reinfektioner;3;
2023-U47;1083;Syddanmark;115;1236674;Første reinfektion;2;
2023-U47;1083;Syddanmark;184;1236674;Første infektion;1;
2023-U48;1084;Hovedstaden;44;1901056;To eller flere reinfektioner;3;
2023-U48;1084;Hovedstaden;368;1901056;Første reinfektion;2;
2023-U48;1084;Hovedstaden;457;1901056;Første infektion;1;
2023-U48;1082;Midtjylland;8;1362220;To eller flere reinfektioner;3;
2023-U48;1082;Midtjylland;132;1362220;Første reinfektion;2;
2023-U48;1082;Midtjylland;169;1362220;Første infektion;1;
2023-U48;1081;Nordjylland;5;593216;To eller flere reinfektioner;3;
2023-U48;1081;Nordjylland;54;593216;Første reinfektion;2;
2023-U48;1081;Nordjylland;89;593216;Første infektion;1;
2023-U48;1085;Sjælland;14;849837;To eller flere reinfektioner;3;
2023-U48;1085;Sjælland;123;849837;Første reinfektion;2;
2023-U48;1085;Sjælland;219;849837;Første infektion;1;
2023-U48;1083;Syddanmark;8;1236674;To eller flere reinfektioner;3;
2023-U48;1083;Syddanmark;169;1236674;Første reinfektion;2;
2023-U48;1083;Syddanmark;183;1236674;Første infektion;1;
2023-U49;1084;Hovedstaden;70;1903745;To eller flere reinfektioner;3;
2023-U49;1084;Hovedstaden;513;1903745;Første reinfektion;2;
2023-U49;1084;Hovedstaden;595;1903745;Første infektion;1;
2023-U49;1082;Midtjylland;12;1362732;To eller flere reinfektioner;3;
2023-U49;1082;Midtjylland;137;1362732;Første reinfektion;2;
2023-U49;1082;Midtjylland;215;1362732;Første infektion;1;
2023-U49;1081;Nordjylland;2;593142;To eller flere reinfektioner;3;
2023-U49;1081;Nordjylland;64;593142;Første reinfektion;2;
2023-U49;1081;Nordjylland;106;593142;Første infektion;1;
2023-U49;1085;Sjælland;28;850463;To eller flere reinfektioner;3;
2023-U49;1085;Sjælland;191;850463;Første reinfektion;2;
2023-U49;1085;Sjælland;268;850463;Første infektion;1;
2023-U49;1083;Syddanmark;22;1236816;To eller flere reinfektioner;3;
2023-U49;1083;Syddanmark;215;1236816;Første reinfektion;2;
2023-U49;1083;Syddanmark;262;1236816;Første infektion;1;
2023-U50;1084;Hovedstaden;65;1903745;To eller flere reinfektioner;3;
2023-U50;1084;Hovedstaden;504;1903745;Første reinfektion;2;
2023-U50;1084;Hovedstaden;626;1903745;Første infektion;1;
2023-U50;1082;Midtjylland;11;1362732;To eller flere reinfektioner;3;
2023-U50;1082;Midtjylland;109;1362732;Første reinfektion;2;
2023-U50;1082;Midtjylland;207;1362732;Første infektion;1;
2023-U50;1081;Nordjylland;3;593142;To eller flere reinfektioner;3;
2023-U50;1081;Nordjylland;47;593142;Første reinfektion;2;
2023-U50;1081;Nordjylland;104;593142;Første infektion;1;
2023-U50;1085;Sjælland;16;850463;To eller flere reinfektioner;3;
2023-U50;1085;Sjælland;191;850463;Første reinfektion;2;
2023-U50;1085;Sjælland;300;850463;Første infektion;1;
2023-U50;1083;Syddanmark;11;1236816;To eller flere reinfektioner;3;
2023-U50;1083;Syddanmark;197;1236816;Første reinfektion;2;
2023-U50;1083;Syddanmark;282;1236816;Første infektion;1;
2023-U51;1084;Hovedstaden;36;1903745;To eller flere reinfektioner;3;
2023-U51;1084;Hovedstaden;314;1903745;Første reinfektion;2;
2023-U51;1084;Hovedstaden;480;1903745;Første infektion;1;
2023-U51;1082;Midtjylland;8;1362732;To eller flere reinfektioner;3;
2023-U51;1082;Midtjylland;79;1362732;Første reinfektion;2;
2023-U51;1082;Midtjylland;183;1362732;Første infektion;1;
2023-U51;1081;Nordjylland;5;593142;To eller flere reinfektioner;3;
2023-U51;1081;Nordjylland;39;593142;Første reinfektion;2;
2023-U51;1081;Nordjylland;60;593142;Første infektion;1;
2023-U51;1085;Sjælland;18;850463;To eller flere reinfektioner;3;
2023-U51;1085;Sjælland;140;850463;Første reinfektion;2;
2023-U51;1085;Sjælland;220;850463;Første infektion;1;
2023-U51;1083;Syddanmark;15;1236816;To eller flere reinfektioner;3;
2023-U51;1083;Syddanmark;126;1236816;Første reinfektion;2;
2023-U51;1083;Syddanmark;219;1236816;Første infektion;1;
2023-U52;1084;Hovedstaden;9;1903745;To eller flere reinfektioner;3;
2023-U52;1084;Hovedstaden;138;1903745;Første reinfektion;2;
2023-U52;1084;Hovedstaden;267;1903745;Første infektion;1;
2023-U52;1082;Midtjylland;6;1362732;To eller flere reinfektioner;3;
2023-U52;1082;Midtjylland;50;1362732;Første reinfektion;2;
2023-U52;1082;Midtjylland;121;1362732;Første infektion;1;
2023-U52;1081;Nordjylland;0;593142;To eller flere reinfektioner;3;
2023-U52;1081;Nordjylland;27;593142;Første reinfektion;2;
2023-U52;1081;Nordjylland;58;593142;Første infektion;1;
2023-U52;1085;Sjælland;4;850463;To eller flere reinfektioner;3;
2023-U52;1085;Sjælland;51;850463;Første reinfektion;2;
2023-U52;1085;Sjælland;117;850463;Første infektion;1;
2023-U52;1083;Syddanmark;5;1236816;To eller flere reinfektioner;3;
2023-U52;1083;Syddanmark;64;1236816;Første reinfektion;2;
2023-U52;1083;Syddanmark;111;1236816;Første infektion;1;
2024-U01;1084;Hovedstaden;13;1905354;To eller flere reinfektioner;3;
2024-U01;1084;Hovedstaden;116;1905354;Første reinfektion;2;
2024-U01;1084;Hovedstaden;168;1905354;Første infektion;1;
2024-U01;1082;Midtjylland;1;1363002;To eller flere reinfektioner;3;
2024-U01;1082;Midtjylland;42;1363002;Første reinfektion;2;
2024-U01;1082;Midtjylland;66;1363002;Første infektion;1;
2024-U01;1081;Nordjylland;4;592981;To eller flere reinfektioner;3;
2024-U01;1081;Nordjylland;16;592981;Første reinfektion;2;
2024-U01;1081;Nordjylland;25;592981;Første infektion;1;
2024-U01;1085;Sjælland;4;850718;To eller flere reinfektioner;3;
2024-U01;1085;Sjælland;38;850718;Første reinfektion;2;
2024-U01;1085;Sjælland;87;850718;Første infektion;1;
2024-U01;1083;Syddanmark;4;1236844;To eller flere reinfektioner;3;
2024-U01;1083;Syddanmark;49;1236844;Første reinfektion;2;
2024-U01;1083;Syddanmark;92;1236844;Første infektion;1;
2024-U02;1084;Hovedstaden;11;1905354;To eller flere reinfektioner;3;
2024-U02;1084;Hovedstaden;65;1905354;Første reinfektion;2;
2024-U02;1084;Hovedstaden;104;1905354;Første infektion;1;
2024-U02;1082;Midtjylland;0;1363002;To eller flere reinfektioner;3;
2024-U02;1082;Midtjylland;18;1363002;Første reinfektion;2;
2024-U02;1082;Midtjylland;37;1363002;Første infektion;1;
2024-U02;1081;Nordjylland;1;592981;To eller flere reinfektioner;3;
2024-U02;1081;Nordjylland;4;592981;Første reinfektion;2;
2024-U02;1081;Nordjylland;17;592981;Første infektion;1;
2024-U02;1085;Sjælland;3;850718;To eller flere reinfektioner;3;
2024-U02;1085;Sjælland;22;850718;Første reinfektion;2;
2024-U02;1085;Sjælland;36;850718;Første infektion;1;
2024-U02;1083;Syddanmark;0;1236844;To eller flere reinfektioner;3;
2024-U02;1083;Syddanmark;27;1236844;Første reinfektion;2;
2024-U02;1083;Syddanmark;42;1236844;Første infektion;1;
2024-U03;1084;Hovedstaden;4;1905354;To eller flere reinfektioner;3;
2024-U03;1084;Hovedstaden;52;1905354;Første reinfektion;2;
2024-U03;1084;Hovedstaden;78;1905354;Første infektion;1;
2024-U03;1082;Midtjylland;2;1363002;To eller flere reinfektioner;3;
2024-U03;1082;Midtjylland;19;1363002;Første reinfektion;2;
2024-U03;1082;Midtjylland;31;1363002;Første infektion;1;
2024-U03;1081;Nordjylland;1;592981;To eller flere reinfektioner;3;
2024-U03;1081;Nordjylland;6;592981;Første reinfektion;2;
2024-U03;1081;Nordjylland;11;592981;Første infektion;1;
2024-U03;1085;Sjælland;4;850718;To eller flere reinfektioner;3;
2024-U03;1085;Sjælland;22;850718;Første reinfektion;2;
2024-U03;1085;Sjælland;32;850718;Første infektion;1;
2024-U03;1083;Syddanmark;2;1236844;To eller flere reinfektioner;3;
2024-U03;1083;Syddanmark;20;1236844;Første reinfektion;2;
2024-U03;1083;Syddanmark;32;1236844;Første infektion;1;
2024-U04;1084;Hovedstaden;4;1905354;To eller flere reinfektioner;3;
2024-U04;1084;Hovedstaden;32;1905354;Første reinfektion;2;
2024-U04;1084;Hovedstaden;56;1905354;Første infektion;1;
2024-U04;1082;Midtjylland;1;1363002;To eller flere reinfektioner;3;
2024-U04;1082;Midtjylland;12;1363002;Første reinfektion;2;
2024-U04;1082;Midtjylland;17;1363002;Første infektion;1;
2024-U04;1081;Nordjylland;1;592981;To eller flere reinfektioner;3;
2024-U04;1081;Nordjylland;6;592981;Første reinfektion;2;
2024-U04;1081;Nordjylland;7;592981;Første infektion;1;
2024-U04;1085;Sjælland;3;850718;To eller flere reinfektioner;3;
2024-U04;1085;Sjælland;16;850718;Første reinfektion;2;
2024-U04;1085;Sjælland;20;850718;Første infektion;1;
2024-U04;1083;Syddanmark;2;1236844;To eller flere reinfektioner;3;
2024-U04;1083;Syddanmark;15;1236844;Første reinfektion;2;
2024-U04;1083;Syddanmark;22;1236844;Første infektion;1;
2024-U05;1084;Hovedstaden;7;1905354;To eller flere reinfektioner;3;
2024-U05;1084;Hovedstaden;25;1905354;Første reinfektion;2;
2024-U05;1084;Hovedstaden;36;1905354;Første infektion;1;
2024-U05;1082;Midtjylland;1;1363002;To eller flere reinfektioner;3;
2024-U05;1082;Midtjylland;7;1363002;Første reinfektion;2;
2024-U05;1082;Midtjylland;21;1363002;Første infektion;1;
2024-U05;1081;Nordjylland;1;592981;To eller flere reinfektioner;3;
2024-U05;1081;Nordjylland;5;592981;Første reinfektion;2;
2024-U05;1081;Nordjylland;9;592981;Første infektion;1;
2024-U05;1085;Sjælland;0;850718;To eller flere reinfektioner;3;
2024-U05;1085;Sjælland;6;850718;Første reinfektion;2;
2024-U05;1085;Sjælland;16;850718;Første infektion;1;
2024-U05;1083;Syddanmark;2;1236844;To eller flere reinfektioner;3;
2024-U05;1083;Syddanmark;15;1236844;Første infektion;1;
2024-U05;1083;Syddanmark;17;1236844;Første reinfektion;2;
2024-U06;1084;Hovedstaden;7;1905118;To eller flere reinfektioner;3;
2024-U06;1084;Hovedstaden;15;1905118;Første reinfektion;2;
2024-U06;1084;Hovedstaden;31;1905118;Første infektion;1;
2024-U06;1082;Midtjylland;0;1363321;To eller flere reinfektioner;3;
2024-U06;1082;Midtjylland;11;1363321;Første reinfektion;2;
2024-U06;1082;Midtjylland;14;1363321;Første infektion;1;
2024-U06;1081;Nordjylland;0;592633;To eller flere reinfektioner;3;
2024-U06;1081;Nordjylland;4;592633;Første infektion;1;
2024-U06;1081;Nordjylland;4;592633;Første reinfektion;2;
2024-U06;1085;Sjælland;0;851164;To eller flere reinfektioner;3;
2024-U06;1085;Sjælland;5;851164;Første reinfektion;2;
2024-U06;1085;Sjælland;9;851164;Første infektion;1;
2024-U06;1083;Syddanmark;0;1236703;To eller flere reinfektioner;3;
2024-U06;1083;Syddanmark;13;1236703;Første infektion;1;
2024-U06;1083;Syddanmark;13;1236703;Første reinfektion;2;
2024-U07;1084;Hovedstaden;6;1905118;To eller flere reinfektioner;3;
2024-U07;1084;Hovedstaden;14;1905118;Første infektion;1;
2024-U07;1084;Hovedstaden;27;1905118;Første reinfektion;2;
2024-U07;1082;Midtjylland;2;1363321;To eller flere reinfektioner;3;
2024-U07;1082;Midtjylland;4;1363321;Første reinfektion;2;
2024-U07;1082;Midtjylland;11;1363321;Første infektion;1;
2024-U07;1081;Nordjylland;0;592633;To eller flere reinfektioner;3;
2024-U07;1081;Nordjylland;4;592633;Første infektion;1;
2024-U07;1081;Nordjylland;4;592633;Første reinfektion;2;
2024-U07;1085;Sjælland;1;851164;To eller flere reinfektioner;3;
2024-U07;1085;Sjælland;10;851164;Første infektion;1;
2024-U07;1085;Sjælland;12;851164;Første reinfektion;2;
2024-U07;1083;Syddanmark;1;1236703;To eller flere reinfektioner;3;
2024-U07;1083;Syddanmark;7;1236703;Første reinfektion;2;
2024-U07;1083;Syddanmark;15;1236703;Første infektion;1;
2024-U08;1084;Hovedstaden;3;1905118;To eller flere reinfektioner;3;
2024-U08;1084;Hovedstaden;15;1905118;Første reinfektion;2;
2024-U08;1084;Hovedstaden;27;1905118;Første infektion;1;
2024-U08;1082;Midtjylland;0;1363321;To eller flere reinfektioner;3;
2024-U08;1082;Midtjylland;6;1363321;Første reinfektion;2;
2024-U08;1082;Midtjylland;8;1363321;Første infektion;1;
2024-U08;1081;Nordjylland;0;592633;To eller flere reinfektioner;3;
2024-U08;1081;Nordjylland;1;592633;Første reinfektion;2;
2024-U08;1081;Nordjylland;6;592633;Første infektion;1;
2024-U08;1085;Sjælland;2;851164;To eller flere reinfektioner;3;
2024-U08;1085;Sjælland;5;851164;Første infektion;1;
2024-U08;1085;Sjælland;8;851164;Første reinfektion;2;
2024-U08;1083;Syddanmark;2;1236703;To eller flere reinfektioner;3;
2024-U08;1083;Syddanmark;3;1236703;Første reinfektion;2;
2024-U08;1083;Syddanmark;4;1236703;Første infektion;1;
2024-U09;1084;Hovedstaden;5;1905118;To eller flere reinfektioner;3;
2024-U09;1084;Hovedstaden;16;1905118;Første infektion;1;
2024-U09;1084;Hovedstaden;17;1905118;Første reinfektion;2;
2024-U09;1082;Midtjylland;0;1363321;To eller flere reinfektioner;3;
2024-U09;1082;Midtjylland;4;1363321;Første infektion;1;
2024-U09;1082;Midtjylland;7;1363321;Første reinfektion;2;
2024-U09;1081;Nordjylland;2;592633;To eller flere reinfektioner;3;
2024-U09;1081;Nordjylland;3;592633;Første infektion;1;
2024-U09;1081;Nordjylland;3;592633;Første reinfektion;2;
2024-U09;1085;Sjælland;1;851164;To eller flere reinfektioner;3;
2024-U09;1085;Sjælland;6;851164;Første reinfektion;2;
2024-U09;1085;Sjælland;8;851164;Første infektion;1;
2024-U09;1083;Syddanmark;1;1236703;To eller flere reinfektioner;3;
2024-U09;1083;Syddanmark;5;1236703;Første reinfektion;2;
2024-U09;1083;Syddanmark;8;1236703;Første infektion;1;
2024-U10;1084;Hovedstaden;2;1904655;To eller flere reinfektioner;3;
2024-U10;1084;Hovedstaden;13;1904655;Første reinfektion;2;
2024-U10;1084;Hovedstaden;18;1904655;Første infektion;1;
2024-U10;1082;Midtjylland;0;1363283;To eller flere reinfektioner;3;
2024-U10;1082;Midtjylland;3;1363283;Første infektion;1;
2024-U10;1082;Midtjylland;8;1363283;Første reinfektion;2;
2024-U10;1081;Nordjylland;0;592274;Første infektion;1;
2024-U10;1081;Nordjylland;0;592274;To eller flere reinfektioner;3;
2024-U10;1081;Nordjylland;1;592274;Første reinfektion;2;
2024-U10;1085;Sjælland;2;851109;To eller flere reinfektioner;3;
2024-U10;1085;Sjælland;3;851109;Første infektion;1;
2024-U10;1085;Sjælland;4;851109;Første reinfektion;2;
2024-U10;1083;Syddanmark;0;1236468;To eller flere reinfektioner;3;
2024-U10;1083;Syddanmark;3;1236468;Første reinfektion;2;
2024-U10;1083;Syddanmark;5;1236468;Første infektion;1;
2024-U11;1084;Hovedstaden;1;1904655;To eller flere reinfektioner;3;
2024-U11;1084;Hovedstaden;13;1904655;Første infektion;1;
2024-U11;1084;Hovedstaden;15;1904655;Første reinfektion;2;
2024-U11;1082;Midtjylland;1;1363283;To eller flere reinfektioner;3;
2024-U11;1082;Midtjylland;2;1363283;Første reinfektion;2;
2024-U11;1082;Midtjylland;6;1363283;Første infektion;1;
2024-U11;1081;Nordjylland;0;592274;To eller flere reinfektioner;3;
2024-U11;1081;Nordjylland;1;592274;Første infektion;1;
2024-U11;1081;Nordjylland;2;592274;Første reinfektion;2;
2024-U11;1085;Sjælland;0;851109;To eller flere reinfektioner;3;
2024-U11;1085;Sjælland;3;851109;Første reinfektion;2;
2024-U11;1085;Sjælland;4;851109;Første infektion;1;
2024-U11;1083;Syddanmark;1;1236468;To eller flere reinfektioner;3;
2024-U11;1083;Syddanmark;6;1236468;Første reinfektion;2;
2024-U11;1083;Syddanmark;8;1236468;Første infektion;1;
2024-U12;1084;Hovedstaden;2;1904655;To eller flere reinfektioner;3;
2024-U12;1084;Hovedstaden;14;1904655;Første infektion;1;
2024-U12;1084;Hovedstaden;18;1904655;Første reinfektion;2;
2024-U12;1082;Midtjylland;1;1363283;To eller flere reinfektioner;3;
2024-U12;1082;Midtjylland;4;1363283;Første reinfektion;2;
2024-U12;1082;Midtjylland;8;1363283;Første infektion;1;
2024-U12;1081;Nordjylland;0;592274;Første infektion;1;
2024-U12;1081;Nordjylland;0;592274;To eller flere reinfektioner;3;
2024-U12;1081;Nordjylland;1;592274;Første reinfektion;2;
2024-U12;1085;Sjælland;0;851109;To eller flere reinfektioner;3;
2024-U12;1085;Sjælland;2;851109;Første reinfektion;2;
2024-U12;1085;Sjælland;7;851109;Første infektion;1;
2024-U12;1083;Syddanmark;0;1236468;To eller flere reinfektioner;3;
2024-U12;1083;Syddanmark;3;1236468;Første infektion;1;
2024-U12;1083;Syddanmark;4;1236468;Første reinfektion;2;
2024-U13;1084;Hovedstaden;4;1904655;To eller flere reinfektioner;3;
2024-U13;1084;Hovedstaden;9;1904655;Første reinfektion;2;
2024-U13;1084;Hovedstaden;10;1904655;Første infektion;1;
2024-U13;1082;Midtjylland;0;1363283;To eller flere reinfektioner;3;
2024-U13;1082;Midtjylland;1;1363283;Første reinfektion;2;
2024-U13;1082;Midtjylland;4;1363283;Første infektion;1;
2024-U13;1081;Nordjylland;1;592274;To eller flere reinfektioner;3;
2024-U13;1081;Nordjylland;2;592274;Første reinfektion;2;
2024-U13;1081;Nordjylland;4;592274;Første infektion;1;
2024-U13;1085;Sjælland;0;851109;To eller flere reinfektioner;3;
2024-U13;1085;Sjælland;4;851109;Første reinfektion;2;
2024-U13;1085;Sjælland;8;851109;Første infektion;1;
2024-U13;1083;Syddanmark;1;1236468;To eller flere reinfektioner;3;
2024-U13;1083;Syddanmark;2;1236468;Første reinfektion;2;
2024-U13;1083;Syddanmark;6;1236468;Første infektion;1;
2024-U14;1084;Hovedstaden;1;1908045;To eller flere reinfektioner;3;
2024-U14;1084;Hovedstaden;7;1908045;Første reinfektion;2;
2024-U14;1084;Hovedstaden;15;1908045;Første infektion;1;
2024-U14;1082;Midtjylland;0;1363678;To eller flere reinfektioner;3;
2024-U14;1082;Midtjylland;1;1363678;Første reinfektion;2;
2024-U14;1082;Midtjylland;4;1363678;Første infektion;1;
2024-U14;1081;Nordjylland;0;592296;Første reinfektion;2;
2024-U14;1081;Nordjylland;0;592296;To eller flere reinfektioner;3;
2024-U14;1081;Nordjylland;1;592296;Første infektion;1;
2024-U14;1085;Sjælland;0;851287;To eller flere reinfektioner;3;
2024-U14;1085;Sjælland;2;851287;Første reinfektion;2;
2024-U14;1085;Sjælland;7;851287;Første infektion;1;
2024-U14;1083;Syddanmark;0;1236772;Første reinfektion;2;
2024-U14;1083;Syddanmark;1;1236772;To eller flere reinfektioner;3;
2024-U14;1083;Syddanmark;3;1236772;Første infektion;1;
2024-U15;1084;Hovedstaden;0;1908045;To eller flere reinfektioner;3;
2024-U15;1084;Hovedstaden;9;1908045;Første reinfektion;2;
2024-U15;1084;Hovedstaden;13;1908045;Første infektion;1;
2024-U15;1082;Midtjylland;1;1363678;To eller flere reinfektioner;3;
2024-U15;1082;Midtjylland;3;1363678;Første reinfektion;2;
2024-U15;1082;Midtjylland;5;1363678;Første infektion;1;
2024-U15;1081;Nordjylland;0;592296;To eller flere reinfektioner;3;
2024-U15;1081;Nordjylland;2;592296;Første reinfektion;2;
2024-U15;1081;Nordjylland;4;592296;Første infektion;1;
2024-U15;1085;Sjælland;1;851287;To eller flere reinfektioner;3;
2024-U15;1085;Sjælland;3;851287;Første reinfektion;2;
2024-U15;1085;Sjælland;4;851287;Første infektion;1;
2024-U15;1083;Syddanmark;0;1236772;To eller flere reinfektioner;3;
2024-U15;1083;Syddanmark;3;1236772;Første infektion;1;
2024-U15;1083;Syddanmark;3;1236772;Første reinfektion;2;
2024-U16;1084;Hovedstaden;1;1908045;To eller flere reinfektioner;3;
2024-U16;1084;Hovedstaden;5;1908045;Første infektion;1;
2024-U16;1084;Hovedstaden;8;1908045;Første reinfektion;2;
2024-U16;1082;Midtjylland;0;1363678;To eller flere reinfektioner;3;
2024-U16;1082;Midtjylland;1;1363678;Første reinfektion;2;
2024-U16;1082;Midtjylland;2;1363678;Første infektion;1;
2024-U16;1081;Nordjylland;0;592296;To eller flere reinfektioner;3;
2024-U16;1081;Nordjylland;1;592296;Første reinfektion;2;
2024-U16;1081;Nordjylland;2;592296;Første infektion;1;
2024-U16;1085;Sjælland;0;851287;To eller flere reinfektioner;3;
2024-U16;1085;Sjælland;5;851287;Første reinfektion;2;
2024-U16;1085;Sjælland;6;851287;Første infektion;1;
2024-U16;1083;Syddanmark;0;1236772;To eller flere reinfektioner;3;
2024-U16;1083;Syddanmark;2;1236772;Første reinfektion;2;
2024-U16;1083;Syddanmark;4;1236772;Første infektion;1;
2024-U17;1084;Hovedstaden;1;1908045;To eller flere reinfektioner;3;
2024-U17;1084;Hovedstaden;8;1908045;Første infektion;1;
2024-U17;1084;Hovedstaden;9;1908045;Første reinfektion;2;
2024-U17;1082;Midtjylland;0;1363678;To eller flere reinfektioner;3;
2024-U17;1082;Midtjylland;2;1363678;Første infektion;1;
2024-U17;1082;Midtjylland;5;1363678;Første reinfektion;2;
2024-U17;1081;Nordjylland;0;592296;Første reinfektion;2;
2024-U17;1081;Nordjylland;0;592296;To eller flere reinfektioner;3;
2024-U17;1081;Nordjylland;1;592296;Første infektion;1;
2024-U17;1085;Sjælland;0;851287;To eller flere reinfektioner;3;
2024-U17;1085;Sjælland;2;851287;Første reinfektion;2;
2024-U17;1085;Sjælland;5;851287;Første infektion;1;
2024-U17;1083;Syddanmark;0;1236772;To eller flere reinfektioner;3;
2024-U17;1083;Syddanmark;1;1236772;Første reinfektion;2;
2024-U17;1083;Syddanmark;6;1236772;Første infektion;1;
2024-U18;1084;Hovedstaden;3;1908045;To eller flere reinfektioner;3;
2024-U18;1084;Hovedstaden;13;1908045;Første reinfektion;2;
2024-U18;1084;Hovedstaden;24;1908045;Første infektion;1;
2024-U18;1082;Midtjylland;0;1363678;Første infektion;1;
2024-U18;1082;Midtjylland;0;1363678;To eller flere reinfektioner;3;
2024-U18;1082;Midtjylland;2;1363678;Første reinfektion;2;
2024-U18;1081;Nordjylland;0;592296;To eller flere reinfektioner;3;
2024-U18;1081;Nordjylland;1;592296;Første infektion;1;
2024-U18;1081;Nordjylland;1;592296;Første reinfektion;2;
2024-U18;1085;Sjælland;0;851287;To eller flere reinfektioner;3;
2024-U18;1085;Sjælland;5;851287;Første reinfektion;2;
2024-U18;1085;Sjælland;6;851287;Første infektion;1;
2024-U18;1083;Syddanmark;0;1236772;To eller flere reinfektioner;3;
2024-U18;1083;Syddanmark;3;1236772;Første infektion;1;
2024-U18;1083;Syddanmark;4;1236772;Første reinfektion;2;
2024-U19;1084;Hovedstaden;0;1909730;To eller flere reinfektioner;3;
2024-U19;1084;Hovedstaden;14;1909730;Første infektion;1;
2024-U19;1084;Hovedstaden;19;1909730;Første reinfektion;2;
2024-U19;1082;Midtjylland;0;1364236;To eller flere reinfektioner;3;
2024-U19;1082;Midtjylland;2;1364236;Første infektion;1;
2024-U19;1082;Midtjylland;3;1364236;Første reinfektion;2;
2024-U19;1081;Nordjylland;0;592207;Første infektion;1;
2024-U19;1081;Nordjylland;0;592207;To eller flere reinfektioner;3;
2024-U19;1081;Nordjylland;1;592207;Første reinfektion;2;
2024-U19;1085;Sjælland;0;851556;To eller flere reinfektioner;3;
2024-U19;1085;Sjælland;2;851556;Første reinfektion;2;
2024-U19;1085;Sjælland;5;851556;Første infektion;1;
2024-U19;1083;Syddanmark;0;1236976;To eller flere reinfektioner;3;
2024-U19;1083;Syddanmark;1;1236976;Første infektion;1;
2024-U19;1083;Syddanmark;4;1236976;Første reinfektion;2;
2024-U20;1084;Hovedstaden;2;1909730;To eller flere reinfektioner;3;
2024-U20;1084;Hovedstaden;13;1909730;Første reinfektion;2;
2024-U20;1084;Hovedstaden;28;1909730;Første infektion;1;
2024-U20;1082;Midtjylland;0;1364236;To eller flere reinfektioner;3;
2024-U20;1082;Midtjylland;3;1364236;Første infektion;1;
2024-U20;1082;Midtjylland;4;1364236;Første reinfektion;2;
2024-U20;1081;Nordjylland;0;592207;To eller flere reinfektioner;3;
2024-U20;1081;Nordjylland;1;592207;Første reinfektion;2;
2024-U20;1081;Nordjylland;2;592207;Første infektion;1;
2024-U20;1085;Sjælland;0;851556;To eller flere reinfektioner;3;
2024-U20;1085;Sjælland;2;851556;Første reinfektion;2;
2024-U20;1085;Sjælland;4;851556;Første infektion;1;
2024-U20;1083;Syddanmark;2;1236976;Første infektion;1;
2024-U20;1083;Syddanmark;2;1236976;To eller flere reinfektioner;3;
2024-U20;1083;Syddanmark;3;1236976;Første reinfektion;2;
2024-U21;1084;Hovedstaden;3;1909730;To eller flere reinfektioner;3;
2024-U21;1084;Hovedstaden;11;1909730;Første reinfektion;2;
2024-U21;1084;Hovedstaden;19;1909730;Første infektion;1;
2024-U21;1082;Midtjylland;1;1364236;Første infektion;1;
2024-U21;1082;Midtjylland;1;1364236;To eller flere reinfektioner;3;
2024-U21;1082;Midtjylland;2;1364236;Første reinfektion;2;
2024-U21;1081;Nordjylland;0;592207;To eller flere reinfektioner;3;
2024-U21;1081;Nordjylland;2;592207;Første infektion;1;
2024-U21;1081;Nordjylland;3;592207;Første reinfektion;2;
2024-U21;1085;Sjælland;2;851556;Første reinfektion;2;
2024-U21;1085;Sjælland;2;851556;To eller flere reinfektioner;3;
2024-U21;1085;Sjælland;4;851556;Første infektion;1;
2024-U21;1083;Syddanmark;0;1236976;To eller flere reinfektioner;3;
2024-U21;1083;Syddanmark;4;1236976;Første reinfektion;2;
2024-U21;1083;Syddanmark;5;1236976;Første infektion;1;
2024-U22;1084;Hovedstaden;3;1909730;To eller flere reinfektioner;3;
2024-U22;1084;Hovedstaden;17;1909730;Første infektion;1;
2024-U22;1084;Hovedstaden;17;1909730;Første reinfektion;2;
2024-U22;1082;Midtjylland;0;1364236;To eller flere reinfektioner;3;
2024-U22;1082;Midtjylland;1;1364236;Første infektion;1;
2024-U22;1082;Midtjylland;2;1364236;Første reinfektion;2;
2024-U22;1081;Nordjylland;0;592207;To eller flere reinfektioner;3;
2024-U22;1081;Nordjylland;1;592207;Første infektion;1;
2024-U22;1081;Nordjylland;1;592207;Første reinfektion;2;
2024-U22;1085;Sjælland;1;851556;To eller flere reinfektioner;3;
2024-U22;1085;Sjælland;3;851556;Første reinfektion;2;
2024-U22;1085;Sjælland;4;851556;Første infektion;1;
2024-U22;1083;Syddanmark;0;1236976;To eller flere reinfektioner;3;
2024-U22;1083;Syddanmark;4;1236976;Første reinfektion;2;
2024-U22;1083;Syddanmark;5;1236976;Første infektion;1;
2024-U23;1084;Hovedstaden;1;1911049;To eller flere reinfektioner;3;
2024-U23;1084;Hovedstaden;17;1911049;Første infektion;1;
2024-U23;1084;Hovedstaden;19;1911049;Første reinfektion;2;
2024-U23;1082;Midtjylland;0;1364473;To eller flere reinfektioner;3;
2024-U23;1082;Midtjylland;2;1364473;Første infektion;1;
2024-U23;1082;Midtjylland;7;1364473;Første reinfektion;2;
2024-U23;1081;Nordjylland;0;592073;To eller flere reinfektioner;3;
2024-U23;1081;Nordjylland;1;592073;Første infektion;1;
2024-U23;1081;Nordjylland;2;592073;Første reinfektion;2;
2024-U23;1085;Sjælland;1;851763;To eller flere reinfektioner;3;
2024-U23;1085;Sjælland;4;851763;Første reinfektion;2;
2024-U23;1085;Sjælland;5;851763;Første infektion;1;
2024-U23;1083;Syddanmark;0;1237184;To eller flere reinfektioner;3;
2024-U23;1083;Syddanmark;2;1237184;Første reinfektion;2;
2024-U23;1083;Syddanmark;3;1237184;Første infektion;1;
2024-U24;1084;Hovedstaden;5;1911049;To eller flere reinfektioner;3;
2024-U24;1084;Hovedstaden;24;1911049;Første reinfektion;2;
2024-U24;1084;Hovedstaden;43;1911049;Første infektion;1;
2024-U24;1082;Midtjylland;0;1364473;To eller flere reinfektioner;3;
2024-U24;1082;Midtjylland;1;1364473;Første infektion;1;
2024-U24;1082;Midtjylland;9;1364473;Første reinfektion;2;
2024-U24;1081;Nordjylland;0;592073;To eller flere reinfektioner;3;
2024-U24;1081;Nordjylland;3;592073;Første infektion;1;
2024-U24;1081;Nordjylland;6;592073;Første reinfektion;2;
2024-U24;1085;Sjælland;2;851763;To eller flere reinfektioner;3;
2024-U24;1085;Sjælland;5;851763;Første reinfektion;2;
2024-U24;1085;Sjælland;7;851763;Første infektion;1;
2024-U24;1083;Syddanmark;1;1237184;To eller flere reinfektioner;3;
2024-U24;1083;Syddanmark;2;1237184;Første reinfektion;2;
2024-U24;1083;Syddanmark;4;1237184;Første infektion;1;
2024-U25;1084;Hovedstaden;11;1911049;To eller flere reinfektioner;3;
2024-U25;1084;Hovedstaden;37;1911049;Første reinfektion;2;
2024-U25;1084;Hovedstaden;61;1911049;Første infektion;1;
2024-U25;1082;Midtjylland;0;1364473;To eller flere reinfektioner;3;
2024-U25;1082;Midtjylland;8;1364473;Første infektion;1;
2024-U25;1082;Midtjylland;11;1364473;Første reinfektion;2;
2024-U25;1081;Nordjylland;0;592073;To eller flere reinfektioner;3;
2024-U25;1081;Nordjylland;1;592073;Første infektion;1;
2024-U25;1081;Nordjylland;2;592073;Første reinfektion;2;
2024-U25;1085;Sjælland;3;851763;To eller flere reinfektioner;3;
2024-U25;1085;Sjælland;10;851763;Første infektion;1;
2024-U25;1085;Sjælland;12;851763;Første reinfektion;2;
2024-U25;1083;Syddanmark;3;1237184;To eller flere reinfektioner;3;
2024-U25;1083;Syddanmark;8;1237184;Første infektion;1;
2024-U25;1083;Syddanmark;12;1237184;Første reinfektion;2;
2024-U26;1084;Hovedstaden;11;1911049;To eller flere reinfektioner;3;
2024-U26;1084;Hovedstaden;69;1911049;Første reinfektion;2;
2024-U26;1084;Hovedstaden;95;1911049;Første infektion;1;
2024-U26;1082;Midtjylland;0;1364473;To eller flere reinfektioner;3;
2024-U26;1082;Midtjylland;7;1364473;Første reinfektion;2;
2024-U26;1082;Midtjylland;15;1364473;Første infektion;1;
2024-U26;1081;Nordjylland;0;592073;To eller flere reinfektioner;3;
2024-U26;1081;Nordjylland;5;592073;Første infektion;1;
2024-U26;1081;Nordjylland;6;592073;Første reinfektion;2;
2024-U26;1085;Sjælland;1;851763;To eller flere reinfektioner;3;
2024-U26;1085;Sjælland;8;851763;Første infektion;1;
2024-U26;1085;Sjælland;8;851763;Første reinfektion;2;
2024-U26;1083;Syddanmark;4;1237184;To eller flere reinfektioner;3;
2024-U26;1083;Syddanmark;9;1237184;Første reinfektion;2;
2024-U26;1083;Syddanmark;20;1237184;Første infektion;1;
2024-U27;1084;Hovedstaden;13;1911153;To eller flere reinfektioner;3;
2024-U27;1084;Hovedstaden;75;1911153;Første reinfektion;2;
2024-U27;1084;Hovedstaden;93;1911153;Første infektion;1;
2024-U27;1082;Midtjylland;1;1364979;To eller flere reinfektioner;3;
2024-U27;1082;Midtjylland;12;1364979;Første reinfektion;2;
2024-U27;1082;Midtjylland;21;1364979;Første infektion;1;
2024-U27;1081;Nordjylland;0;592144;To eller flere reinfektioner;3;
2024-U27;1081;Nordjylland;6;592144;Første reinfektion;2;
2024-U27;1081;Nordjylland;11;592144;Første infektion;1;
2024-U27;1085;Sjælland;3;851969;To eller flere reinfektioner;3;
2024-U27;1085;Sjælland;12;851969;Første reinfektion;2;
2024-U27;1085;Sjælland;13;851969;Første infektion;1;
2024-U27;1083;Syddanmark;3;1237371;To eller flere reinfektioner;3;
2024-U27;1083;Syddanmark;18;1237371;Første reinfektion;2;
2024-U27;1083;Syddanmark;21;1237371;Første infektion;1;
2024-U28;1084;Hovedstaden;22;1911153;To eller flere reinfektioner;3;
2024-U28;1084;Hovedstaden;102;1911153;Første reinfektion;2;
2024-U28;1084;Hovedstaden;141;1911153;Første infektion;1;
2024-U28;1082;Midtjylland;0;1364979;To eller flere reinfektioner;3;
2024-U28;1082;Midtjylland;20;1364979;Første reinfektion;2;
2024-U28;1082;Midtjylland;34;1364979;Første infektion;1;
2024-U28;1081;Nordjylland;3;592144;To eller flere reinfektioner;3;
2024-U28;1081;Nordjylland;11;592144;Første reinfektion;2;
2024-U28;1081;Nordjylland;15;592144;Første infektion;1;
2024-U28;1085;Sjælland;1;851969;To eller flere reinfektioner;3;
2024-U28;1085;Sjælland;15;851969;Første reinfektion;2;
2024-U28;1085;Sjælland;24;851969;Første infektion;1;
2024-U28;1083;Syddanmark;3;1237371;To eller flere reinfektioner;3;
2024-U28;1083;Syddanmark;28;1237371;Første reinfektion;2;
2024-U28;1083;Syddanmark;36;1237371;Første infektion;1;
2024-U29;1084;Hovedstaden;16;1911153;To eller flere reinfektioner;3;
2024-U29;1084;Hovedstaden;113;1911153;Første reinfektion;2;
2024-U29;1084;Hovedstaden;141;1911153;Første infektion;1;
2024-U29;1082;Midtjylland;3;1364979;To eller flere reinfektioner;3;
2024-U29;1082;Midtjylland;17;1364979;Første reinfektion;2;
2024-U29;1082;Midtjylland;34;1364979;Første infektion;1;
2024-U29;1081;Nordjylland;0;592144;To eller flere reinfektioner;3;
2024-U29;1081;Nordjylland;12;592144;Første reinfektion;2;
2024-U29;1081;Nordjylland;18;592144;Første infektion;1;
2024-U29;1085;Sjælland;3;851969;To eller flere reinfektioner;3;
2024-U29;1085;Sjælland;23;851969;Første infektion;1;
2024-U29;1085;Sjælland;31;851969;Første reinfektion;2;
2024-U29;1083;Syddanmark;1;1237371;To eller flere reinfektioner;3;
2024-U29;1083;Syddanmark;39;1237371;Første reinfektion;2;
2024-U29;1083;Syddanmark;51;1237371;Første infektion;1;
2024-U30;1084;Hovedstaden;13;1911153;To eller flere reinfektioner;3;
2024-U30;1084;Hovedstaden;88;1911153;Første reinfektion;2;
2024-U30;1084;Hovedstaden;110;1911153;Første infektion;1;
2024-U30;1082;Midtjylland;2;1364979;To eller flere reinfektioner;3;
2024-U30;1082;Midtjylland;18;1364979;Første reinfektion;2;
2024-U30;1082;Midtjylland;27;1364979;Første infektion;1;
2024-U30;1081;Nordjylland;3;592144;To eller flere reinfektioner;3;
2024-U30;1081;Nordjylland;13;592144;Første reinfektion;2;
2024-U30;1081;Nordjylland;19;592144;Første infektion;1;
2024-U30;1085;Sjælland;2;851969;To eller flere reinfektioner;3;
2024-U30;1085;Sjælland;15;851969;Første reinfektion;2;
2024-U30;1085;Sjælland;33;851969;Første infektion;1;
2024-U30;1083;Syddanmark;3;1237371;To eller flere reinfektioner;3;
2024-U30;1083;Syddanmark;26;1237371;Første reinfektion;2;
2024-U30;1083;Syddanmark;39;1237371;Første infektion;1;
2024-U31;1084;Hovedstaden;15;1911153;To eller flere reinfektioner;3;
2024-U31;1084;Hovedstaden;71;1911153;Første infektion;1;
2024-U31;1084;Hovedstaden;72;1911153;Første reinfektion;2;
2024-U31;1082;Midtjylland;0;1364979;To eller flere reinfektioner;3;
2024-U31;1082;Midtjylland;11;1364979;Første reinfektion;2;
2024-U31;1082;Midtjylland;29;1364979;Første infektion;1;
2024-U31;1081;Nordjylland;2;592144;To eller flere reinfektioner;3;
2024-U31;1081;Nordjylland;11;592144;Første reinfektion;2;
2024-U31;1081;Nordjylland;20;592144;Første infektion;1;
2024-U31;1085;Sjælland;1;851969;To eller flere reinfektioner;3;
2024-U31;1085;Sjælland;11;851969;Første reinfektion;2;
2024-U31;1085;Sjælland;31;851969;Første infektion;1;
2024-U31;1083;Syddanmark;3;1237371;To eller flere reinfektioner;3;
2024-U31;1083;Syddanmark;21;1237371;Første reinfektion;2;
2024-U31;1083;Syddanmark;28;1237371;Første infektion;1;
2024-U32;1084;Hovedstaden;12;1912130;To eller flere reinfektioner;3;
2024-U32;1084;Hovedstaden;64;1912130;Første reinfektion;2;
2024-U32;1084;Hovedstaden;80;1912130;Første infektion;1;
2024-U32;1082;Midtjylland;1;1365410;To eller flere reinfektioner;3;
2024-U32;1082;Midtjylland;17;1365410;Første reinfektion;2;
2024-U32;1082;Midtjylland;26;1365410;Første infektion;1;
2024-U32;1081;Nordjylland;0;592089;To eller flere reinfektioner;3;
2024-U32;1081;Nordjylland;8;592089;Første reinfektion;2;
2024-U32;1081;Nordjylland;21;592089;Første infektion;1;
2024-U32;1085;Sjælland;1;852339;To eller flere reinfektioner;3;
2024-U32;1085;Sjælland;14;852339;Første reinfektion;2;
2024-U32;1085;Sjælland;32;852339;Første infektion;1;
2024-U32;1083;Syddanmark;1;1237505;To eller flere reinfektioner;3;
2024-U32;1083;Syddanmark;20;1237505;Første reinfektion;2;
2024-U32;1083;Syddanmark;37;1237505;Første infektion;1;
2024-U33;1084;Hovedstaden;16;1912130;To eller flere reinfektioner;3;
2024-U33;1084;Hovedstaden;89;1912130;Første reinfektion;2;
2024-U33;1084;Hovedstaden;99;1912130;Første infektion;1;
2024-U33;1082;Midtjylland;1;1365410;To eller flere reinfektioner;3;
2024-U33;1082;Midtjylland;23;1365410;Første infektion;1;
2024-U33;1082;Midtjylland;23;1365410;Første reinfektion;2;
2024-U33;1081;Nordjylland;2;592089;To eller flere reinfektioner;3;
2024-U33;1081;Nordjylland;11;592089;Første reinfektion;2;
2024-U33;1081;Nordjylland;13;592089;Første infektion;1;
2024-U33;1085;Sjælland;1;852339;To eller flere reinfektioner;3;
2024-U33;1085;Sjælland;23;852339;Første reinfektion;2;
2024-U33;1085;Sjælland;32;852339;Første infektion;1;
2024-U33;1083;Syddanmark;3;1237505;To eller flere reinfektioner;3;
2024-U33;1083;Syddanmark;25;1237505;Første reinfektion;2;
2024-U33;1083;Syddanmark;32;1237505;Første infektion;1;
2024-U34;1084;Hovedstaden;18;1912130;To eller flere reinfektioner;3;
2024-U34;1084;Hovedstaden;87;1912130;Første reinfektion;2;
2024-U34;1084;Hovedstaden;124;1912130;Første infektion;1;
2024-U34;1082;Midtjylland;7;1365410;To eller flere reinfektioner;3;
2024-U34;1082;Midtjylland;28;1365410;Første reinfektion;2;
2024-U34;1082;Midtjylland;35;1365410;Første infektion;1;
2024-U34;1081;Nordjylland;2;592089;To eller flere reinfektioner;3;
2024-U34;1081;Nordjylland;14;592089;Første reinfektion;2;
2024-U34;1081;Nordjylland;22;592089;Første infektion;1;
2024-U34;1085;Sjælland;2;852339;To eller flere reinfektioner;3;
2024-U34;1085;Sjælland;12;852339;Første reinfektion;2;
2024-U34;1085;Sjælland;28;852339;Første infektion;1;
2024-U34;1083;Syddanmark;2;1237505;To eller flere reinfektioner;3;
2024-U34;1083;Syddanmark;22;1237505;Første reinfektion;2;
2024-U34;1083;Syddanmark;37;1237505;Første infektion;1;
2024-U35;1084;Hovedstaden;15;1912130;To eller flere reinfektioner;3;
2024-U35;1084;Hovedstaden;95;1912130;Første reinfektion;2;
2024-U35;1084;Hovedstaden;133;1912130;Første infektion;1;
2024-U35;1082;Midtjylland;6;1365410;To eller flere reinfektioner;3;
2024-U35;1082;Midtjylland;29;1365410;Første reinfektion;2;
2024-U35;1082;Midtjylland;32;1365410;Første infektion;1;
2024-U35;1081;Nordjylland;2;592089;To eller flere reinfektioner;3;
2024-U35;1081;Nordjylland;21;592089;Første reinfektion;2;
2024-U35;1081;Nordjylland;35;592089;Første infektion;1;
2024-U35;1085;Sjælland;3;852339;To eller flere reinfektioner;3;
2024-U35;1085;Sjælland;10;852339;Første reinfektion;2;
2024-U35;1085;Sjælland;37;852339;Første infektion;1;
2024-U35;1083;Syddanmark;3;1237505;To eller flere reinfektioner;3;
2024-U35;1083;Syddanmark;38;1237505;Første infektion;1;
2024-U35;1083;Syddanmark;40;1237505;Første reinfektion;2;
2024-U36;1084;Hovedstaden;15;1912692;To eller flere reinfektioner;3;
2024-U36;1084;Hovedstaden;93;1912692;Første reinfektion;2;
2024-U36;1084;Hovedstaden;134;1912692;Første infektion;1;
2024-U36;1082;Midtjylland;5;1366025;To eller flere reinfektioner;3;
2024-U36;1082;Midtjylland;24;1366025;Første reinfektion;2;
2024-U36;1082;Midtjylland;38;1366025;Første infektion;1;
2024-U36;1081;Nordjylland;0;591653;To eller flere reinfektioner;3;
2024-U36;1081;Nordjylland;21;591653;Første reinfektion;2;
2024-U36;1081;Nordjylland;25;591653;Første infektion;1;
2024-U36;1085;Sjælland;3;852730;To eller flere reinfektioner;3;
2024-U36;1085;Sjælland;29;852730;Første reinfektion;2;
2024-U36;1085;Sjælland;53;852730;Første infektion;1;
2024-U36;1083;Syddanmark;4;1237354;To eller flere reinfektioner;3;
2024-U36;1083;Syddanmark;22;1237354;Første reinfektion;2;
2024-U36;1083;Syddanmark;52;1237354;Første infektion;1;
2024-U37;1084;Hovedstaden;7;1912692;To eller flere reinfektioner;3;
2024-U37;1084;Hovedstaden;66;1912692;Første reinfektion;2;
2024-U37;1084;Hovedstaden;85;1912692;Første infektion;1;
2024-U37;1082;Midtjylland;1;1366025;To eller flere reinfektioner;3;
2024-U37;1082;Midtjylland;16;1366025;Første reinfektion;2;
2024-U37;1082;Midtjylland;19;1366025;Første infektion;1;
2024-U37;1081;Nordjylland;0;591653;To eller flere reinfektioner;3;
2024-U37;1081;Nordjylland;13;591653;Første reinfektion;2;
2024-U37;1081;Nordjylland;19;591653;Første infektion;1;
2024-U37;1085;Sjælland;3;852730;To eller flere reinfektioner;3;
2024-U37;1085;Sjælland;17;852730;Første reinfektion;2;
2024-U37;1085;Sjælland;33;852730;Første infektion;1;
2024-U37;1083;Syddanmark;1;1237354;To eller flere reinfektioner;3;
2024-U37;1083;Syddanmark;28;1237354;Første infektion;1;
2024-U37;1083;Syddanmark;28;1237354;Første reinfektion;2;
2024-U38;1084;Hovedstaden;11;1912692;To eller flere reinfektioner;3;
2024-U38;1084;Hovedstaden;67;1912692;Første reinfektion;2;
2024-U38;1084;Hovedstaden;100;1912692;Første infektion;1;
2024-U38;1082;Midtjylland;1;1366025;To eller flere reinfektioner;3;
2024-U38;1082;Midtjylland;12;1366025;Første reinfektion;2;
2024-U38;1082;Midtjylland;23;1366025;Første infektion;1;
2024-U38;1081;Nordjylland;2;591653;To eller flere reinfektioner;3;
2024-U38;1081;Nordjylland;12;591653;Første infektion;1;
2024-U38;1081;Nordjylland;13;591653;Første reinfektion;2;
2024-U38;1085;Sjælland;0;852730;To eller flere reinfektioner;3;
2024-U38;1085;Sjælland;27;852730;Første reinfektion;2;
2024-U38;1085;Sjælland;31;852730;Første infektion;1;
2024-U38;1083;Syddanmark;4;1237354;To eller flere reinfektioner;3;
2024-U38;1083;Syddanmark;22;1237354;Første reinfektion;2;
2024-U38;1083;Syddanmark;36;1237354;Første infektion;1;
2024-U39;1084;Hovedstaden;10;1912692;To eller flere reinfektioner;3;
2024-U39;1084;Hovedstaden;66;1912692;Første reinfektion;2;
2024-U39;1084;Hovedstaden;102;1912692;Første infektion;1;
2024-U39;1082;Midtjylland;2;1366025;To eller flere reinfektioner;3;
2024-U39;1082;Midtjylland;23;1366025;Første infektion;1;
2024-U39;1082;Midtjylland;23;1366025;Første reinfektion;2;
2024-U39;1081;Nordjylland;3;591653;To eller flere reinfektioner;3;
2024-U39;1081;Nordjylland;13;591653;Første infektion;1;
2024-U39;1081;Nordjylland;13;591653;Første reinfektion;2;
2024-U39;1085;Sjælland;2;852730;To eller flere reinfektioner;3;
2024-U39;1085;Sjælland;15;852730;Første reinfektion;2;
2024-U39;1085;Sjælland;24;852730;Første infektion;1;
2024-U39;1083;Syddanmark;2;1237354;To eller flere reinfektioner;3;
2024-U39;1083;Syddanmark;25;1237354;Første infektion;1;
2024-U39;1083;Syddanmark;29;1237354;Første reinfektion;2;
2024-U40;1084;Hovedstaden;8;1912692;To eller flere reinfektioner;3;
2024-U40;1084;Hovedstaden;85;1912692;Første infektion;1;
2024-U40;1084;Hovedstaden;86;1912692;Første reinfektion;2;
2024-U40;1082;Midtjylland;1;1366025;To eller flere reinfektioner;3;
2024-U40;1082;Midtjylland;20;1366025;Første reinfektion;2;
2024-U40;1082;Midtjylland;28;1366025;Første infektion;1;
2024-U40;1081;Nordjylland;0;591653;To eller flere reinfektioner;3;
2024-U40;1081;Nordjylland;9;591653;Første reinfektion;2;
2024-U40;1081;Nordjylland;21;591653;Første infektion;1;
2024-U40;1085;Sjælland;1;852730;To eller flere reinfektioner;3;
2024-U40;1085;Sjælland;15;852730;Første reinfektion;2;
2024-U40;1085;Sjælland;41;852730;Første infektion;1;
2024-U40;1083;Syddanmark;3;1237354;To eller flere reinfektioner;3;
2024-U40;1083;Syddanmark;26;1237354;Første reinfektion;2;
2024-U40;1083;Syddanmark;37;1237354;Første infektion;1;
2024-U41;1084;Hovedstaden;12;1915925;To eller flere reinfektioner;3;
2024-U41;1084;Hovedstaden;79;1915925;Første reinfektion;2;
2024-U41;1084;Hovedstaden;123;1915925;Første infektion;1;
2024-U41;1082;Midtjylland;2;1368424;To eller flere reinfektioner;3;
2024-U41;1082;Midtjylland;20;1368424;Første reinfektion;2;
2024-U41;1082;Midtjylland;29;1368424;Første infektion;1;
2024-U41;1081;Nordjylland;2;592023;To eller flere reinfektioner;3;
2024-U41;1081;Nordjylland;16;592023;Første reinfektion;2;
2024-U41;1081;Nordjylland;22;592023;Første infektion;1;
2024-U41;1085;Sjælland;4;852379;To eller flere reinfektioner;3;
2024-U41;1085;Sjælland;28;852379;Første reinfektion;2;
2024-U41;1085;Sjælland;39;852379;Første infektion;1;
2024-U41;1083;Syddanmark;4;1237277;To eller flere reinfektioner;3;
2024-U41;1083;Syddanmark;27;1237277;Første reinfektion;2;
2024-U41;1083;Syddanmark;65;1237277;Første infektion;1;
2024-U42;1084;Hovedstaden;6;1915925;To eller flere reinfektioner;3;
2024-U42;1084;Hovedstaden;73;1915925;Første reinfektion;2;
2024-U42;1084;Hovedstaden;123;1915925;Første infektion;1;
2024-U42;1082;Midtjylland;2;1368424;To eller flere reinfektioner;3;
2024-U42;1082;Midtjylland;21;1368424;Første reinfektion;2;
2024-U42;1082;Midtjylland;22;1368424;Første infektion;1;
2024-U42;1081;Nordjylland;0;592023;To eller flere reinfektioner;3;
2024-U42;1081;Nordjylland;4;592023;Første reinfektion;2;
2024-U42;1081;Nordjylland;13;592023;Første infektion;1;
2024-U42;1085;Sjælland;0;852379;To eller flere reinfektioner;3;
2024-U42;1085;Sjælland;13;852379;Første reinfektion;2;
2024-U42;1085;Sjælland;33;852379;Første infektion;1;
2024-U42;1083;Syddanmark;1;1237277;To eller flere reinfektioner;3;
2024-U42;1083;Syddanmark;30;1237277;Første reinfektion;2;
2024-U42;1083;Syddanmark;52;1237277;Første infektion;1;
2024-U43;1084;Hovedstaden;5;1915925;To eller flere reinfektioner;3;
2024-U43;1084;Hovedstaden;83;1915925;Første reinfektion;2;
2024-U43;1084;Hovedstaden;120;1915925;Første infektion;1;
2024-U43;1082;Midtjylland;1;1368424;To eller flere reinfektioner;3;
2024-U43;1082;Midtjylland;11;1368424;Første reinfektion;2;
2024-U43;1082;Midtjylland;22;1368424;Første infektion;1;
2024-U43;1081;Nordjylland;2;592023;To eller flere reinfektioner;3;
2024-U43;1081;Nordjylland;11;592023;Første reinfektion;2;
2024-U43;1081;Nordjylland;13;592023;Første infektion;1;
2024-U43;1085;Sjælland;6;852379;To eller flere reinfektioner;3;
2024-U43;1085;Sjælland;25;852379;Første reinfektion;2;
2024-U43;1085;Sjælland;42;852379;Første infektion;1;
2024-U43;1083;Syddanmark;4;1237277;To eller flere reinfektioner;3;
2024-U43;1083;Syddanmark;27;1237277;Første reinfektion;2;
2024-U43;1083;Syddanmark;48;1237277;Første infektion;1;
2024-U44;1084;Hovedstaden;12;1915925;To eller flere reinfektioner;3;
2024-U44;1084;Hovedstaden;70;1915925;Første reinfektion;2;
2024-U44;1084;Hovedstaden;93;1915925;Første infektion;1;
2024-U44;1082;Midtjylland;1;1368424;To eller flere reinfektioner;3;
2024-U44;1082;Midtjylland;13;1368424;Første infektion;1;
2024-U44;1082;Midtjylland;15;1368424;Første reinfektion;2;
2024-U44;1081;Nordjylland;2;592023;To eller flere reinfektioner;3;
2024-U44;1081;Nordjylland;9;592023;Første infektion;1;
2024-U44;1081;Nordjylland;13;592023;Første reinfektion;2;
2024-U44;1085;Sjælland;6;852379;To eller flere reinfektioner;3;
2024-U44;1085;Sjælland;18;852379;Første reinfektion;2;
2024-U44;1085;Sjælland;36;852379;Første infektion;1;
2024-U44;1083;Syddanmark;2;1237277;To eller flere reinfektioner;3;
2024-U44;1083;Syddanmark;23;1237277;Første reinfektion;2;
2024-U44;1083;Syddanmark;39;1237277;Første infektion;1;
2024-U45;1084;Hovedstaden;12;1920759;To eller flere reinfektioner;3;
2024-U45;1084;Hovedstaden;54;1920759;Første reinfektion;2;
2024-U45;1084;Hovedstaden;74;1920759;Første infektion;1;
2024-U45;1082;Midtjylland;0;1370091;To eller flere reinfektioner;3;
2024-U45;1082;Midtjylland;7;1370091;Første infektion;1;
2024-U45;1082;Midtjylland;8;1370091;Første reinfektion;2;
2024-U45;1081;Nordjylland;0;592482;To eller flere reinfektioner;3;
2024-U45;1081;Nordjylland;6;592482;Første reinfektion;2;
2024-U45;1081;Nordjylland;8;592482;Første infektion;1;
2024-U45;1085;Sjælland;3;852576;To eller flere reinfektioner;3;
2024-U45;1085;Sjælland;24;852576;Første reinfektion;2;
2024-U45;1085;Sjælland;29;852576;Første infektion;1;
2024-U45;1083;Syddanmark;1;1238387;To eller flere reinfektioner;3;
2024-U45;1083;Syddanmark;19;1238387;Første reinfektion;2;
2024-U45;1083;Syddanmark;29;1238387;Første infektion;1;
2024-U46;1084;Hovedstaden;6;1920759;To eller flere reinfektioner;3;
2024-U46;1084;Hovedstaden;47;1920759;Første reinfektion;2;
2024-U46;1084;Hovedstaden;71;1920759;Første infektion;1;
2024-U46;1082;Midtjylland;0;1370091;To eller flere reinfektioner;3;
2024-U46;1082;Midtjylland;4;1370091;Første reinfektion;2;
2024-U46;1082;Midtjylland;13;1370091;Første infektion;1;
2024-U46;1081;Nordjylland;0;592482;To eller flere reinfektioner;3;
2024-U46;1081;Nordjylland;2;592482;Første reinfektion;2;
2024-U46;1081;Nordjylland;5;592482;Første infektion;1;
2024-U46;1085;Sjælland;3;852576;To eller flere reinfektioner;3;
2024-U46;1085;Sjælland;20;852576;Første reinfektion;2;
2024-U46;1085;Sjælland;35;852576;Første infektion;1;
2024-U46;1083;Syddanmark;3;1238387;To eller flere reinfektioner;3;
2024-U46;1083;Syddanmark;13;1238387;Første reinfektion;2;
2024-U46;1083;Syddanmark;29;1238387;Første infektion;1;
2024-U47;1084;Hovedstaden;8;1920759;To eller flere reinfektioner;3;
2024-U47;1084;Hovedstaden;47;1920759;Første reinfektion;2;
2024-U47;1084;Hovedstaden;64;1920759;Første infektion;1;
2024-U47;1082;Midtjylland;1;1370091;To eller flere reinfektioner;3;
2024-U47;1082;Midtjylland;8;1370091;Første infektion;1;
2024-U47;1082;Midtjylland;8;1370091;Første reinfektion;2;
2024-U47;1081;Nordjylland;0;592482;To eller flere reinfektioner;3;
2024-U47;1081;Nordjylland;3;592482;Første reinfektion;2;
2024-U47;1081;Nordjylland;5;592482;Første infektion;1;
2024-U47;1085;Sjælland;2;852576;To eller flere reinfektioner;3;
2024-U47;1085;Sjælland;21;852576;Første reinfektion;2;
2024-U47;1085;Sjælland;30;852576;Første infektion;1;
2024-U47;1083;Syddanmark;1;1238387;To eller flere reinfektioner;3;
2024-U47;1083;Syddanmark;15;1238387;Første infektion;1;
2024-U47;1083;Syddanmark;18;1238387;Første reinfektion;2;
2024-U48;1084;Hovedstaden;9;1920759;To eller flere reinfektioner;3;
2024-U48;1084;Hovedstaden;53;1920759;Første reinfektion;2;
2024-U48;1084;Hovedstaden;62;1920759;Første infektion;1;
2024-U48;1082;Midtjylland;1;1370091;To eller flere reinfektioner;3;
2024-U48;1082;Midtjylland;7;1370091;Første infektion;1;
2024-U48;1082;Midtjylland;7;1370091;Første reinfektion;2;
2024-U48;1081;Nordjylland;0;592482;To eller flere reinfektioner;3;
2024-U48;1081;Nordjylland;1;592482;Første reinfektion;2;
2024-U48;1081;Nordjylland;5;592482;Første infektion;1;
2024-U48;1085;Sjælland;0;852576;To eller flere reinfektioner;3;
2024-U48;1085;Sjælland;21;852576;Første reinfektion;2;
2024-U48;1085;Sjælland;45;852576;Første infektion;1;
2024-U48;1083;Syddanmark;1;1238387;To eller flere reinfektioner;3;
2024-U48;1083;Syddanmark;12;1238387;Første reinfektion;2;
2024-U48;1083;Syddanmark;19;1238387;Første infektion;1;
2024-U49;1084;Hovedstaden;14;1923792;To eller flere reinfektioner;3;
2024-U49;1084;Hovedstaden;72;1923792;Første reinfektion;2;
2024-U49;1084;Hovedstaden;76;1923792;Første infektion;1;
2024-U49;1082;Midtjylland;0;1370661;To eller flere reinfektioner;3;
2024-U49;1082;Midtjylland;12;1370661;Første reinfektion;2;
2024-U49;1082;Midtjylland;14;1370661;Første infektion;1;
2024-U49;1081;Nordjylland;1;592501;To eller flere reinfektioner;3;
2024-U49;1081;Nordjylland;3;592501;Første reinfektion;2;
2024-U49;1081;Nordjylland;8;592501;Første infektion;1;
2024-U49;1085;Sjælland;5;852932;To eller flere reinfektioner;3;
2024-U49;1085;Sjælland;24;852932;Første reinfektion;2;
2024-U49;1085;Sjælland;27;852932;Første infektion;1;
2024-U49;1083;Syddanmark;3;1238920;To eller flere reinfektioner;3;
2024-U49;1083;Syddanmark;16;1238920;Første reinfektion;2;
2024-U49;1083;Syddanmark;24;1238920;Første infektion;1;
2024-U50;1084;Hovedstaden;15;1923792;To eller flere reinfektioner;3;
2024-U50;1084;Hovedstaden;57;1923792;Første reinfektion;2;
2024-U50;1084;Hovedstaden;87;1923792;Første infektion;1;
2024-U50;1082;Midtjylland;2;1370661;To eller flere reinfektioner;3;
2024-U50;1082;Midtjylland;6;1370661;Første reinfektion;2;
2024-U50;1082;Midtjylland;14;1370661;Første infektion;1;
2024-U50;1081;Nordjylland;1;592501;To eller flere reinfektioner;3;
2024-U50;1081;Nordjylland;2;592501;Første reinfektion;2;
2024-U50;1081;Nordjylland;6;592501;Første infektion;1;
2024-U50;1085;Sjælland;0;852932;To eller flere reinfektioner;3;
2024-U50;1085;Sjælland;26;852932;Første reinfektion;2;
2024-U50;1085;Sjælland;40;852932;Første infektion;1;
2024-U50;1083;Syddanmark;1;1238920;To eller flere reinfektioner;3;
2024-U50;1083;Syddanmark;11;1238920;Første reinfektion;2;
2024-U50;1083;Syddanmark;30;1238920;Første infektion;1;
2024-U51;1084;Hovedstaden;11;1923792;To eller flere reinfektioner;3;
2024-U51;1084;Hovedstaden;80;1923792;Første reinfektion;2;
2024-U51;1084;Hovedstaden;104;1923792;Første infektion;1;
2024-U51;1082;Midtjylland;0;1370661;To eller flere reinfektioner;3;
2024-U51;1082;Midtjylland;6;1370661;Første reinfektion;2;
2024-U51;1082;Midtjylland;19;1370661;Første infektion;1;
2024-U51;1081;Nordjylland;1;592501;To eller flere reinfektioner;3;
2024-U51;1081;Nordjylland;3;592501;Første reinfektion;2;
2024-U51;1081;Nordjylland;8;592501;Første infektion;1;
2024-U51;1085;Sjælland;2;852932;To eller flere reinfektioner;3;
2024-U51;1085;Sjælland;21;852932;Første reinfektion;2;
2024-U51;1085;Sjælland;38;852932;Første infektion;1;
2024-U51;1083;Syddanmark;3;1238920;To eller flere reinfektioner;3;
2024-U51;1083;Syddanmark;13;1238920;Første reinfektion;2;
2024-U51;1083;Syddanmark;21;1238920;Første infektion;1;
2024-U52;1084;Hovedstaden;5;1923792;To eller flere reinfektioner;3;
2024-U52;1084;Hovedstaden;32;1923792;Første reinfektion;2;
2024-U52;1084;Hovedstaden;67;1923792;Første infektion;1;
2024-U52;1082;Midtjylland;1;1370661;To eller flere reinfektioner;3;
2024-U52;1082;Midtjylland;7;1370661;Første reinfektion;2;
2024-U52;1082;Midtjylland;11;1370661;Første infektion;1;
2024-U52;1081;Nordjylland;2;592501;To eller flere reinfektioner;3;
2024-U52;1081;Nordjylland;7;592501;Første infektion;1;
2024-U52;1081;Nordjylland;7;592501;Første reinfektion;2;
2024-U52;1085;Sjælland;0;852932;To eller flere reinfektioner;3;
2024-U52;1085;Sjælland;11;852932;Første reinfektion;2;
2024-U52;1085;Sjælland;33;852932;Første infektion;1;
2024-U52;1083;Syddanmark;1;1238920;To eller flere reinfektioner;3;
2024-U52;1083;Syddanmark;10;1238920;Første reinfektion;2;
2024-U52;1083;Syddanmark;20;1238920;Første infektion;1;
2025-U01;1084;Hovedstaden;4;1923792;To eller flere reinfektioner;3;
2025-U01;1084;Hovedstaden;39;1923792;Første reinfektion;2;
2025-U01;1084;Hovedstaden;60;1923792;Første infektion;1;
2025-U01;1082;Midtjylland;1;1370661;To eller flere reinfektioner;3;
2025-U01;1082;Midtjylland;2;1370661;Første reinfektion;2;
2025-U01;1082;Midtjylland;14;1370661;Første infektion;1;
2025-U01;1081;Nordjylland;0;592501;To eller flere reinfektioner;3;
2025-U01;1081;Nordjylland;2;592501;Første reinfektion;2;
2025-U01;1081;Nordjylland;14;592501;Første infektion;1;
2025-U01;1085;Sjælland;0;852932;To eller flere reinfektioner;3;
2025-U01;1085;Sjælland;11;852932;Første reinfektion;2;
2025-U01;1085;Sjælland;29;852932;Første infektion;1;
2025-U01;1083;Syddanmark;2;1238920;To eller flere reinfektioner;3;
2025-U01;1083;Syddanmark;9;1238920;Første reinfektion;2;
2025-U01;1083;Syddanmark;20;1238920;Første infektion;1;
2025-U02;1084;Hovedstaden;1;1925449;To eller flere reinfektioner;3;
2025-U02;1084;Hovedstaden;36;1925449;Første reinfektion;2;
2025-U02;1084;Hovedstaden;51;1925449;Første infektion;1;
2025-U02;1082;Midtjylland;0;1371108;To eller flere reinfektioner;3;
2025-U02;1082;Midtjylland;2;1371108;Første reinfektion;2;
2025-U02;1082;Midtjylland;10;1371108;Første infektion;1;
2025-U02;1081;Nordjylland;0;592377;To eller flere reinfektioner;3;
2025-U02;1081;Nordjylland;4;592377;Første reinfektion;2;
2025-U02;1081;Nordjylland;11;592377;Første infektion;1;
2025-U02;1085;Sjælland;2;853125;To eller flere reinfektioner;3;
2025-U02;1085;Sjælland;9;853125;Første reinfektion;2;
2025-U02;1085;Sjælland;16;853125;Første infektion;1;
2025-U02;1083;Syddanmark;3;1238960;To eller flere reinfektioner;3;
2025-U02;1083;Syddanmark;10;1238960;Første reinfektion;2;
2025-U02;1083;Syddanmark;18;1238960;Første infektion;1;
2025-U03;1084;Hovedstaden;4;1925449;To eller flere reinfektioner;3;
2025-U03;1084;Hovedstaden;22;1925449;Første reinfektion;2;
2025-U03;1084;Hovedstaden;36;1925449;Første infektion;1;
2025-U03;1082;Midtjylland;0;1371108;To eller flere reinfektioner;3;
2025-U03;1082;Midtjylland;1;1371108;Første reinfektion;2;
2025-U03;1082;Midtjylland;8;1371108;Første infektion;1;
2025-U03;1081;Nordjylland;1;592377;To eller flere reinfektioner;3;
2025-U03;1081;Nordjylland;2;592377;Første reinfektion;2;
2025-U03;1081;Nordjylland;10;592377;Første infektion;1;
2025-U03;1085;Sjælland;1;853125;To eller flere reinfektioner;3;
2025-U03;1085;Sjælland;13;853125;Første reinfektion;2;
2025-U03;1085;Sjælland;21;853125;Første infektion;1;
2025-U03;1083;Syddanmark;1;1238960;To eller flere reinfektioner;3;
2025-U03;1083;Syddanmark;7;1238960;Første reinfektion;2;
2025-U03;1083;Syddanmark;9;1238960;Første infektion;1;
2025-U04;1084;Hovedstaden;4;1925449;To eller flere reinfektioner;3;
2025-U04;1084;Hovedstaden;26;1925449;Første reinfektion;2;
2025-U04;1084;Hovedstaden;41;1925449;Første infektion;1;
2025-U04;1082;Midtjylland;0;1371108;To eller flere reinfektioner;3;
2025-U04;1082;Midtjylland;4;1371108;Første infektion;1;
2025-U04;1082;Midtjylland;4;1371108;Første reinfektion;2;
2025-U04;1081;Nordjylland;0;592377;To eller flere reinfektioner;3;
2025-U04;1081;Nordjylland;2;592377;Første reinfektion;2;
2025-U04;1081;Nordjylland;5;592377;Første infektion;1;
2025-U04;1085;Sjælland;1;853125;To eller flere reinfektioner;3;
2025-U04;1085;Sjælland;13;853125;Første reinfektion;2;
2025-U04;1085;Sjælland;18;853125;Første infektion;1;
2025-U04;1083;Syddanmark;2;1238960;To eller flere reinfektioner;3;
2025-U04;1083;Syddanmark;7;1238960;Første reinfektion;2;
2025-U04;1083;Syddanmark;12;1238960;Første infektion;1;
2025-U05;1084;Hovedstaden;8;1925449;To eller flere reinfektioner;3;
2025-U05;1084;Hovedstaden;27;1925449;Første reinfektion;2;
2025-U05;1084;Hovedstaden;39;1925449;Første infektion;1;
2025-U05;1082;Midtjylland;0;1371108;To eller flere reinfektioner;3;
2025-U05;1082;Midtjylland;4;1371108;Første infektion;1;
2025-U05;1082;Midtjylland;4;1371108;Første reinfektion;2;
2025-U05;1081;Nordjylland;1;592377;To eller flere reinfektioner;3;
2025-U05;1081;Nordjylland;5;592377;Første reinfektion;2;
2025-U05;1081;Nordjylland;8;592377;Første infektion;1;
2025-U05;1085;Sjælland;1;853125;To eller flere reinfektioner;3;
2025-U05;1085;Sjælland;9;853125;Første reinfektion;2;
2025-U05;1085;Sjælland;26;853125;Første infektion;1;
2025-U05;1083;Syddanmark;1;1238960;To eller flere reinfektioner;3;
2025-U05;1083;Syddanmark;10;1238960;Første reinfektion;2;
2025-U05;1083;Syddanmark;16;1238960;Første infektion;1;
2025-U06;1084;Hovedstaden;6;1924403;To eller flere reinfektioner;3;
2025-U06;1084;Hovedstaden;30;1924403;Første infektion;1;
2025-U06;1084;Hovedstaden;34;1924403;Første reinfektion;2;
2025-U06;1082;Midtjylland;1;1371377;To eller flere reinfektioner;3;
2025-U06;1082;Midtjylland;5;1371377;Første reinfektion;2;
2025-U06;1082;Midtjylland;10;1371377;Første infektion;1;
2025-U06;1081;Nordjylland;0;592178;To eller flere reinfektioner;3;
2025-U06;1081;Nordjylland;3;592178;Første reinfektion;2;
2025-U06;1081;Nordjylland;6;592178;Første infektion;1;
2025-U06;1085;Sjælland;2;853248;To eller flere reinfektioner;3;
2025-U06;1085;Sjælland;6;853248;Første reinfektion;2;
2025-U06;1085;Sjælland;13;853248;Første infektion;1;
2025-U06;1083;Syddanmark;2;1238954;To eller flere reinfektioner;3;
2025-U06;1083;Syddanmark;9;1238954;Første infektion;1;
2025-U06;1083;Syddanmark;11;1238954;Første reinfektion;2;
2025-U07;1084;Hovedstaden;3;1924403;To eller flere reinfektioner;3;
2025-U07;1084;Hovedstaden;24;1924403;Første reinfektion;2;
2025-U07;1084;Hovedstaden;39;1924403;Første infektion;1;
2025-U07;1082;Midtjylland;0;1371377;To eller flere reinfektioner;3;
2025-U07;1082;Midtjylland;5;1371377;Første reinfektion;2;
2025-U07;1082;Midtjylland;7;1371377;Første infektion;1;
2025-U07;1081;Nordjylland;1;592178;To eller flere reinfektioner;3;
2025-U07;1081;Nordjylland;3;592178;Første reinfektion;2;
2025-U07;1081;Nordjylland;12;592178;Første infektion;1;
2025-U07;1085;Sjælland;1;853248;To eller flere reinfektioner;3;
2025-U07;1085;Sjælland;8;853248;Første reinfektion;2;
2025-U07;1085;Sjælland;14;853248;Første infektion;1;
2025-U07;1083;Syddanmark;0;1238954;To eller flere reinfektioner;3;
2025-U07;1083;Syddanmark;11;1238954;Første reinfektion;2;
2025-U07;1083;Syddanmark;21;1238954;Første infektion;1;
2025-U08;1084;Hovedstaden;5;1924403;To eller flere reinfektioner;3;
2025-U08;1084;Hovedstaden;23;1924403;Første reinfektion;2;
2025-U08;1084;Hovedstaden;26;1924403;Første infektion;1;
2025-U08;1082;Midtjylland;1;1371377;To eller flere reinfektioner;3;
2025-U08;1082;Midtjylland;5;1371377;Første infektion;1;
2025-U08;1082;Midtjylland;5;1371377;Første reinfektion;2;
2025-U08;1081;Nordjylland;1;592178;To eller flere reinfektioner;3;
2025-U08;1081;Nordjylland;3;592178;Første reinfektion;2;
2025-U08;1081;Nordjylland;6;592178;Første infektion;1;
2025-U08;1085;Sjælland;0;853248;To eller flere reinfektioner;3;
2025-U08;1085;Sjælland;14;853248;Første reinfektion;2;
2025-U08;1085;Sjælland;19;853248;Første infektion;1;
2025-U08;1083;Syddanmark;0;1238954;To eller flere reinfektioner;3;
2025-U08;1083;Syddanmark;13;1238954;Første reinfektion;2;
2025-U08;1083;Syddanmark;22;1238954;Første infektion;1;
2025-U09;1084;Hovedstaden;6;1924403;To eller flere reinfektioner;3;
2025-U09;1084;Hovedstaden;28;1924403;Første infektion;1;
2025-U09;1084;Hovedstaden;28;1924403;Første reinfektion;2;
2025-U09;1082;Midtjylland;0;1371377;To eller flere reinfektioner;3;
2025-U09;1082;Midtjylland;3;1371377;Første reinfektion;2;
2025-U09;1082;Midtjylland;5;1371377;Første infektion;1;
2025-U09;1081;Nordjylland;0;592178;To eller flere reinfektioner;3;
2025-U09;1081;Nordjylland;2;592178;Første reinfektion;2;
2025-U09;1081;Nordjylland;10;592178;Første infektion;1;
2025-U09;1085;Sjælland;0;853248;To eller flere reinfektioner;3;
2025-U09;1085;Sjælland;8;853248;Første reinfektion;2;
2025-U09;1085;Sjælland;9;853248;Første infektion;1;
2025-U09;1083;Syddanmark;2;1238954;To eller flere reinfektioner;3;
2025-U09;1083;Syddanmark;15;1238954;Første reinfektion;2;
2025-U09;1083;Syddanmark;17;1238954;Første infektion;1;
2025-U10;1084;Hovedstaden;3;1924393;To eller flere reinfektioner;3;
2025-U10;1084;Hovedstaden;20;1924393;Første reinfektion;2;
2025-U10;1084;Hovedstaden;25;1924393;Første infektion;1;
2025-U10;1082;Midtjylland;1;1371633;To eller flere reinfektioner;3;
2025-U10;1082;Midtjylland;3;1371633;Første reinfektion;2;
2025-U10;1082;Midtjylland;6;1371633;Første infektion;1;
2025-U10;1081;Nordjylland;0;591984;To eller flere reinfektioner;3;
2025-U10;1081;Nordjylland;3;591984;Første reinfektion;2;
2025-U10;1081;Nordjylland;9;591984;Første infektion;1;
2025-U10;1085;Sjælland;1;853205;To eller flere reinfektioner;3;
2025-U10;1085;Sjælland;8;853205;Første infektion;1;
2025-U10;1085;Sjælland;8;853205;Første reinfektion;2;
2025-U10;1083;Syddanmark;1;1238668;To eller flere reinfektioner;3;
2025-U10;1083;Syddanmark;12;1238668;Første reinfektion;2;
2025-U10;1083;Syddanmark;14;1238668;Første infektion;1;
2025-U11;1084;Hovedstaden;5;1924393;To eller flere reinfektioner;3;
2025-U11;1084;Hovedstaden;18;1924393;Første infektion;1;
2025-U11;1084;Hovedstaden;22;1924393;Første reinfektion;2;
2025-U11;1082;Midtjylland;0;1371633;To eller flere reinfektioner;3;
2025-U11;1082;Midtjylland;4;1371633;Første infektion;1;
2025-U11;1082;Midtjylland;5;1371633;Første reinfektion;2;
2025-U11;1081;Nordjylland;0;591984;To eller flere reinfektioner;3;
2025-U11;1081;Nordjylland;6;591984;Første infektion;1;
2025-U11;1081;Nordjylland;6;591984;Første reinfektion;2;
2025-U11;1085;Sjælland;0;853205;To eller flere reinfektioner;3;
2025-U11;1085;Sjælland;9;853205;Første reinfektion;2;
2025-U11;1085;Sjælland;10;853205;Første infektion;1;
2025-U11;1083;Syddanmark;1;1238668;To eller flere reinfektioner;3;
2025-U11;1083;Syddanmark;9;1238668;Første reinfektion;2;
2025-U11;1083;Syddanmark;20;1238668;Første infektion;1;
2025-U12;1084;Hovedstaden;3;1924393;To eller flere reinfektioner;3;
2025-U12;1084;Hovedstaden;18;1924393;Første reinfektion;2;
2025-U12;1084;Hovedstaden;22;1924393;Første infektion;1;
2025-U12;1082;Midtjylland;1;1371633;To eller flere reinfektioner;3;
2025-U12;1082;Midtjylland;5;1371633;Første reinfektion;2;
2025-U12;1082;Midtjylland;7;1371633;Første infektion;1;
2025-U12;1081;Nordjylland;0;591984;To eller flere reinfektioner;3;
2025-U12;1081;Nordjylland;5;591984;Første infektion;1;
2025-U12;1081;Nordjylland;6;591984;Første reinfektion;2;
2025-U12;1085;Sjælland;3;853205;To eller flere reinfektioner;3;
2025-U12;1085;Sjælland;8;853205;Første reinfektion;2;
2025-U12;1085;Sjælland;15;853205;Første infektion;1;
2025-U12;1083;Syddanmark;0;1238668;To eller flere reinfektioner;3;
2025-U12;1083;Syddanmark;6;1238668;Første reinfektion;2;
2025-U12;1083;Syddanmark;10;1238668;Første infektion;1;
2025-U13;1084;Hovedstaden;1;1924393;To eller flere reinfektioner;3;
2025-U13;1084;Hovedstaden;18;1924393;Første infektion;1;
2025-U13;1084;Hovedstaden;21;1924393;Første reinfektion;2;
2025-U13;1082;Midtjylland;0;1371633;To eller flere reinfektioner;3;
2025-U13;1082;Midtjylland;1;1371633;Første infektion;1;
2025-U13;1082;Midtjylland;1;1371633;Første reinfektion;2;
2025-U13;1081;Nordjylland;0;591984;To eller flere reinfektioner;3;
2025-U13;1081;Nordjylland;2;591984;Første infektion;1;
2025-U13;1081;Nordjylland;3;591984;Første reinfektion;2;
2025-U13;1085;Sjælland;0;853205;To eller flere reinfektioner;3;
2025-U13;1085;Sjælland;5;853205;Første reinfektion;2;
2025-U13;1085;Sjælland;8;853205;Første infektion;1;
2025-U13;1083;Syddanmark;0;1238668;To eller flere reinfektioner;3;
2025-U13;1083;Syddanmark;5;1238668;Første infektion;1;
2025-U13;1083;Syddanmark;6;1238668;Første reinfektion;2;
2025-U14;1084;Hovedstaden;0;1924393;To eller flere reinfektioner;3;
2025-U14;1084;Hovedstaden;15;1924393;Første infektion;1;
2025-U14;1084;Hovedstaden;16;1924393;Første reinfektion;2;
2025-U14;1082;Midtjylland;0;1371633;Første infektion;1;
2025-U14;1082;Midtjylland;0;1371633;To eller flere reinfektioner;3;
2025-U14;1082;Midtjylland;2;1371633;Første reinfektion;2;
2025-U14;1081;Nordjylland;0;591984;Første reinfektion;2;
2025-U14;1081;Nordjylland;0;591984;To eller flere reinfektioner;3;
2025-U14;1081;Nordjylland;3;591984;Første infektion;1;
2025-U14;1085;Sjælland;1;853205;To eller flere reinfektioner;3;
2025-U14;1085;Sjælland;2;853205;Første reinfektion;2;
2025-U14;1085;Sjælland;4;853205;Første infektion;1;
2025-U14;1083;Syddanmark;1;1238668;To eller flere reinfektioner;3;
2025-U14;1083;Syddanmark;3;1238668;Første reinfektion;2;
2025-U14;1083;Syddanmark;4;1238668;Første infektion;1;
2025-U15;1084;Hovedstaden;2;1927363;To eller flere reinfektioner;3;
2025-U15;1084;Hovedstaden;9;1927363;Første reinfektion;2;
2025-U15;1084;Hovedstaden;14;1927363;Første infektion;1;
2025-U15;1082;Midtjylland;0;1372171;Første infektion;1;
2025-U15;1082;Midtjylland;0;1372171;To eller flere reinfektioner;3;
2025-U15;1082;Midtjylland;1;1372171;Første reinfektion;2;
2025-U15;1081;Nordjylland;0;591936;To eller flere reinfektioner;3;
2025-U15;1081;Nordjylland;1;591936;Første reinfektion;2;
2025-U15;1081;Nordjylland;3;591936;Første infektion;1;
2025-U15;1085;Sjælland;0;853270;To eller flere reinfektioner;3;
2025-U15;1085;Sjælland;1;853270;Første reinfektion;2;
2025-U15;1085;Sjælland;9;853270;Første infektion;1;
2025-U15;1083;Syddanmark;0;1239037;To eller flere reinfektioner;3;
2025-U15;1083;Syddanmark;1;1239037;Første reinfektion;2;
2025-U15;1083;Syddanmark;7;1239037;Første infektion;1;
2025-U16;1084;Hovedstaden;1;1927363;To eller flere reinfektioner;3;
2025-U16;1084;Hovedstaden;8;1927363;Første reinfektion;2;
2025-U16;1084;Hovedstaden;17;1927363;Første infektion;1;
2025-U16;1082;Midtjylland;0;1372171;Første reinfektion;2;
2025-U16;1082;Midtjylland;0;1372171;To eller flere reinfektioner;3;
2025-U16;1082;Midtjylland;2;1372171;Første infektion;1;
2025-U16;1081;Nordjylland;0;591936;Første infektion;1;
2025-U16;1081;Nordjylland;1;591936;To eller flere reinfektioner;3;
2025-U16;1081;Nordjylland;2;591936;Første reinfektion;2;
2025-U16;1085;Sjælland;0;853270;Første reinfektion;2;
2025-U16;1085;Sjælland;1;853270;To eller flere reinfektioner;3;
2025-U16;1085;Sjælland;2;853270;Første infektion;1;
2025-U16;1083;Syddanmark;0;1239037;To eller flere reinfektioner;3;
2025-U16;1083;Syddanmark;2;1239037;Første infektion;1;
2025-U16;1083;Syddanmark;3;1239037;Første reinfektion;2;
2025-U17;1084;Hovedstaden;3;1927363;To eller flere reinfektioner;3;
2025-U17;1084;Hovedstaden;11;1927363;Første infektion;1;
2025-U17;1084;Hovedstaden;14;1927363;Første reinfektion;2;
2025-U17;1082;Midtjylland;1;1372171;Første infektion;1;
2025-U17;1082;Midtjylland;1;1372171;Første reinfektion;2;
2025-U17;1082;Midtjylland;1;1372171;To eller flere reinfektioner;3;
2025-U17;1081;Nordjylland;0;591936;Første reinfektion;2;
2025-U17;1081;Nordjylland;0;591936;To eller flere reinfektioner;3;
2025-U17;1081;Nordjylland;3;591936;Første infektion;1;
2025-U17;1085;Sjælland;0;853270;To eller flere reinfektioner;3;
2025-U17;1085;Sjælland;2;853270;Første reinfektion;2;
2025-U17;1085;Sjælland;5;853270;Første infektion;1;
2025-U17;1083;Syddanmark;0;1239037;To eller flere reinfektioner;3;
2025-U17;1083;Syddanmark;5;1239037;Første infektion;1;
2025-U17;1083;Syddanmark;5;1239037;Første reinfektion;2;
2025-U18;1084;Hovedstaden;3;1927363;To eller flere reinfektioner;3;
2025-U18;1084;Hovedstaden;14;1927363;Første infektion;1;
2025-U18;1084;Hovedstaden;16;1927363;Første reinfektion;2;
2025-U18;1082;Midtjylland;0;1372171;To eller flere reinfektioner;3;
2025-U18;1082;Midtjylland;1;1372171;Første infektion;1;
2025-U18;1082;Midtjylland;3;1372171;Første reinfektion;2;
2025-U18;1081;Nordjylland;0;591936;Første reinfektion;2;
2025-U18;1081;Nordjylland;0;591936;To eller flere reinfektioner;3;
2025-U18;1081;Nordjylland;3;591936;Første infektion;1;
2025-U18;1085;Sjælland;0;853270;To eller flere reinfektioner;3;
2025-U18;1085;Sjælland;1;853270;Første reinfektion;2;
2025-U18;1085;Sjælland;3;853270;Første infektion;1;
2025-U18;1083;Syddanmark;0;1239037;To eller flere reinfektioner;3;
2025-U18;1083;Syddanmark;2;1239037;Første reinfektion;2;
2025-U18;1083;Syddanmark;4;1239037;Første infektion;1;
2025-U19;1084;Hovedstaden;0;1929213;To eller flere reinfektioner;3;
2025-U19;1084;Hovedstaden;13;1929213;Første reinfektion;2;
2025-U19;1084;Hovedstaden;16;1929213;Første infektion;1;
2025-U19;1082;Midtjylland;0;1372854;Første reinfektion;2;
2025-U19;1082;Midtjylland;0;1372854;To eller flere reinfektioner;3;
2025-U19;1082;Midtjylland;3;1372854;Første infektion;1;
2025-U19;1081;Nordjylland;0;591810;To eller flere reinfektioner;3;
2025-U19;1081;Nordjylland;1;591810;Første infektion;1;
2025-U19;1081;Nordjylland;2;591810;Første reinfektion;2;
2025-U19;1085;Sjælland;0;853355;To eller flere reinfektioner;3;
2025-U19;1085;Sjælland;2;853355;Første infektion;1;
2025-U19;1085;Sjælland;2;853355;Første reinfektion;2;
2025-U19;1083;Syddanmark;0;1238973;To eller flere reinfektioner;3;
2025-U19;1083;Syddanmark;2;1238973;Første reinfektion;2;
2025-U19;1083;Syddanmark;5;1238973;Første infektion;1;
2025-U20;1084;Hovedstaden;1;1929213;To eller flere reinfektioner;3;
2025-U20;1084;Hovedstaden;11;1929213;Første reinfektion;2;
2025-U20;1084;Hovedstaden;21;1929213;Første infektion;1;
2025-U20;1082;Midtjylland;0;1372854;Første reinfektion;2;
2025-U20;1082;Midtjylland;0;1372854;To eller flere reinfektioner;3;
2025-U20;1082;Midtjylland;1;1372854;Første infektion;1;
2025-U20;1081;Nordjylland;0;591810;Første reinfektion;2;
2025-U20;1081;Nordjylland;0;591810;To eller flere reinfektioner;3;
2025-U20;1081;Nordjylland;1;591810;Første infektion;1;
2025-U20;1085;Sjælland;0;853355;To eller flere reinfektioner;3;
2025-U20;1085;Sjælland;3;853355;Første infektion;1;
2025-U20;1085;Sjælland;3;853355;Første reinfektion;2;
2025-U20;1083;Syddanmark;1;1238973;Første reinfektion;2;
2025-U20;1083;Syddanmark;1;1238973;To eller flere reinfektioner;3;
2025-U20;1083;Syddanmark;4;1238973;Første infektion;1;
2025-U21;1084;Hovedstaden;3;1929213;To eller flere reinfektioner;3;
2025-U21;1084;Hovedstaden;12;1929213;Første infektion;1;
2025-U21;1084;Hovedstaden;22;1929213;Første reinfektion;2;
2025-U21;1082;Midtjylland;0;1372854;To eller flere reinfektioner;3;
2025-U21;1082;Midtjylland;2;1372854;Første infektion;1;
2025-U21;1082;Midtjylland;4;1372854;Første reinfektion;2;
2025-U21;1081;Nordjylland;1;591810;Første reinfektion;2;
2025-U21;1081;Nordjylland;1;591810;To eller flere reinfektioner;3;
2025-U21;1081;Nordjylland;3;591810;Første infektion;1;
2025-U21;1085;Sjælland;1;853355;To eller flere reinfektioner;3;
2025-U21;1085;Sjælland;4;853355;Første reinfektion;2;
2025-U21;1085;Sjælland;6;853355;Første infektion;1;
2025-U21;1083;Syddanmark;1;1238973;To eller flere reinfektioner;3;
2025-U21;1083;Syddanmark;3;1238973;Første reinfektion;2;
2025-U21;1083;Syddanmark;4;1238973;Første infektion;1;
2025-U22;1084;Hovedstaden;4;1929213;To eller flere reinfektioner;3;
2025-U22;1084;Hovedstaden;9;1929213;Første reinfektion;2;
2025-U22;1084;Hovedstaden;15;1929213;Første infektion;1;
2025-U22;1082;Midtjylland;0;1372854;To eller flere reinfektioner;3;
2025-U22;1082;Midtjylland;2;1372854;Første reinfektion;2;
2025-U22;1082;Midtjylland;3;1372854;Første infektion;1;
2025-U22;1081;Nordjylland;0;591810;To eller flere reinfektioner;3;
2025-U22;1081;Nordjylland;1;591810;Første infektion;1;
2025-U22;1081;Nordjylland;1;591810;Første reinfektion;2;
2025-U22;1085;Sjælland;0;853355;To eller flere reinfektioner;3;
2025-U22;1085;Sjælland;2;853355;Første reinfektion;2;
2025-U22;1085;Sjælland;3;853355;Første infektion;1;
2025-U22;1083;Syddanmark;1;1238973;To eller flere reinfektioner;3;
2025-U22;1083;Syddanmark;2;1238973;Første reinfektion;2;
2025-U22;1083;Syddanmark;5;1238973;Første infektion;1;
2025-U23;1084;Hovedstaden;0;1930186;To eller flere reinfektioner;3;
2025-U23;1084;Hovedstaden;10;1930186;Første reinfektion;2;
2025-U23;1084;Hovedstaden;21;1930186;Første infektion;1;
2025-U23;1082;Midtjylland;0;1372992;Første reinfektion;2;
2025-U23;1082;Midtjylland;0;1372992;To eller flere reinfektioner;3;
2025-U23;1082;Midtjylland;2;1372992;Første infektion;1;
2025-U23;1081;Nordjylland;0;591835;To eller flere reinfektioner;3;
2025-U23;1081;Nordjylland;1;591835;Første reinfektion;2;
2025-U23;1081;Nordjylland;6;591835;Første infektion;1;
2025-U23;1085;Sjælland;1;853418;To eller flere reinfektioner;3;
2025-U23;1085;Sjælland;4;853418;Første reinfektion;2;
2025-U23;1085;Sjælland;7;853418;Første infektion;1;
2025-U23;1083;Syddanmark;1;1239157;To eller flere reinfektioner;3;
2025-U23;1083;Syddanmark;4;1239157;Første infektion;1;
2025-U23;1083;Syddanmark;4;1239157;Første reinfektion;2;
2025-U24;1084;Hovedstaden;3;1930186;To eller flere reinfektioner;3;
2025-U24;1084;Hovedstaden;10;1930186;Første reinfektion;2;
2025-U24;1084;Hovedstaden;12;1930186;Første infektion;1;
2025-U24;1082;Midtjylland;0;1372992;To eller flere reinfektioner;3;
2025-U24;1082;Midtjylland;1;1372992;Første infektion;1;
2025-U24;1082;Midtjylland;1;1372992;Første reinfektion;2;
2025-U24;1081;Nordjylland;0;591835;To eller flere reinfektioner;3;
2025-U24;1081;Nordjylland;1;591835;Første reinfektion;2;
2025-U24;1081;Nordjylland;2;591835;Første infektion;1;
2025-U24;1085;Sjælland;0;853418;To eller flere reinfektioner;3;
2025-U24;1085;Sjælland;3;853418;Første reinfektion;2;
2025-U24;1085;Sjælland;5;853418;Første infektion;1;
2025-U24;1083;Syddanmark;0;1239157;To eller flere reinfektioner;3;
2025-U24;1083;Syddanmark;3;1239157;Første reinfektion;2;
2025-U24;1083;Syddanmark;4;1239157;Første infektion;1;
2025-U25;1084;Hovedstaden;6;1930186;To eller flere reinfektioner;3;
2025-U25;1084;Hovedstaden;21;1930186;Første infektion;1;
2025-U25;1084;Hovedstaden;22;1930186;Første reinfektion;2;
2025-U25;1082;Midtjylland;0;1372992;To eller flere reinfektioner;3;
2025-U25;1082;Midtjylland;2;1372992;Første reinfektion;2;
2025-U25;1082;Midtjylland;4;1372992;Første infektion;1;
2025-U25;1081;Nordjylland;0;591835;Første reinfektion;2;
2025-U25;1081;Nordjylland;0;591835;To eller flere reinfektioner;3;
2025-U25;1081;Nordjylland;1;591835;Første infektion;1;
2025-U25;1085;Sjælland;0;853418;To eller flere reinfektioner;3;
2025-U25;1085;Sjælland;2;853418;Første reinfektion;2;
2025-U25;1085;Sjælland;3;853418;Første infektion;1;
2025-U25;1083;Syddanmark;0;1239157;To eller flere reinfektioner;3;
2025-U25;1083;Syddanmark;2;1239157;Første reinfektion;2;
2025-U25;1083;Syddanmark;6;1239157;Første infektion;1;
2025-U26;1084;Hovedstaden;2;1930186;To eller flere reinfektioner;3;
2025-U26;1084;Hovedstaden;12;1930186;Første reinfektion;2;
2025-U26;1084;Hovedstaden;16;1930186;Første infektion;1;
2025-U26;1082;Midtjylland;0;1372992;To eller flere reinfektioner;3;
2025-U26;1082;Midtjylland;1;1372992;Første infektion;1;
2025-U26;1082;Midtjylland;2;1372992;Første reinfektion;2;
2025-U26;1081;Nordjylland;0;591835;To eller flere reinfektioner;3;
2025-U26;1081;Nordjylland;1;591835;Første infektion;1;
2025-U26;1081;Nordjylland;3;591835;Første reinfektion;2;
2025-U26;1085;Sjælland;1;853418;To eller flere reinfektioner;3;
2025-U26;1085;Sjælland;3;853418;Første reinfektion;2;
2025-U26;1085;Sjælland;4;853418;Første infektion;1;
2025-U26;1083;Syddanmark;1;1239157;To eller flere reinfektioner;3;
2025-U26;1083;Syddanmark;4;1239157;Første reinfektion;2;
2025-U26;1083;Syddanmark;5;1239157;Første infektion;1;
2025-U27;1084;Hovedstaden;2;1930186;To eller flere reinfektioner;3;
2025-U27;1084;Hovedstaden;17;1930186;Første reinfektion;2;
2025-U27;1084;Hovedstaden;19;1930186;Første infektion;1;
2025-U27;1082;Midtjylland;0;1372992;Første reinfektion;2;
2025-U27;1082;Midtjylland;0;1372992;To eller flere reinfektioner;3;
2025-U27;1082;Midtjylland;1;1372992;Første infektion;1;
2025-U27;1081;Nordjylland;2;591835;Første reinfektion;2;
2025-U27;1081;Nordjylland;2;591835;To eller flere reinfektioner;3;
2025-U27;1081;Nordjylland;5;591835;Første infektion;1;
2025-U27;1085;Sjælland;0;853418;To eller flere reinfektioner;3;
2025-U27;1085;Sjælland;1;853418;Første reinfektion;2;
2025-U27;1085;Sjælland;3;853418;Første infektion;1;
2025-U27;1083;Syddanmark;0;1239157;To eller flere reinfektioner;3;
2025-U27;1083;Syddanmark;1;1239157;Første infektion;1;
2025-U27;1083;Syddanmark;1;1239157;Første reinfektion;2;
2025-U28;1084;Hovedstaden;3;1929914;To eller flere reinfektioner;3;
2025-U28;1084;Hovedstaden;8;1929914;Første infektion;1;
2025-U28;1084;Hovedstaden;17;1929914;Første reinfektion;2;
2025-U28;1082;Midtjylland;0;1373415;Første reinfektion;2;
2025-U28;1082;Midtjylland;0;1373415;To eller flere reinfektioner;3;
2025-U28;1082;Midtjylland;1;1373415;Første infektion;1;
2025-U28;1081;Nordjylland;0;591965;To eller flere reinfektioner;3;
2025-U28;1081;Nordjylland;1;591965;Første infektion;1;
2025-U28;1081;Nordjylland;2;591965;Første reinfektion;2;
2025-U28;1085;Sjælland;0;853751;To eller flere reinfektioner;3;
2025-U28;1085;Sjælland;3;853751;Første reinfektion;2;
2025-U28;1085;Sjælland;8;853751;Første infektion;1;
2025-U28;1083;Syddanmark;0;1239281;To eller flere reinfektioner;3;
2025-U28;1083;Syddanmark;4;1239281;Første infektion;1;
2025-U28;1083;Syddanmark;6;1239281;Første reinfektion;2;
2025-U29;1084;Hovedstaden;4;1929914;To eller flere reinfektioner;3;
2025-U29;1084;Hovedstaden;11;1929914;Første reinfektion;2;
2025-U29;1084;Hovedstaden;20;1929914;Første infektion;1;
2025-U29;1082;Midtjylland;0;1373415;To eller flere reinfektioner;3;
2025-U29;1082;Midtjylland;3;1373415;Første reinfektion;2;
2025-U29;1082;Midtjylland;4;1373415;Første infektion;1;
2025-U29;1081;Nordjylland;0;591965;To eller flere reinfektioner;3;
2025-U29;1081;Nordjylland;2;591965;Første reinfektion;2;
2025-U29;1081;Nordjylland;6;591965;Første infektion;1;
2025-U29;1085;Sjælland;0;853751;Første infektion;1;
2025-U29;1085;Sjælland;1;853751;To eller flere reinfektioner;3;
2025-U29;1085;Sjælland;5;853751;Første reinfektion;2;
2025-U29;1083;Syddanmark;0;1239281;To eller flere reinfektioner;3;
2025-U29;1083;Syddanmark;1;1239281;Første reinfektion;2;
2025-U29;1083;Syddanmark;5;1239281;Første infektion;1;
2025-U30;1084;Hovedstaden;5;1929914;To eller flere reinfektioner;3;
2025-U30;1084;Hovedstaden;10;1929914;Første reinfektion;2;
2025-U30;1084;Hovedstaden;20;1929914;Første infektion;1;
2025-U30;1082;Midtjylland;2;1373415;Første infektion;1;
2025-U30;1082;Midtjylland;2;1373415;To eller flere reinfektioner;3;
2025-U30;1082;Midtjylland;3;1373415;Første reinfektion;2;
2025-U30;1081;Nordjylland;1;591965;Første reinfektion;2;
2025-U30;1081;Nordjylland;1;591965;To eller flere reinfektioner;3;
2025-U30;1081;Nordjylland;2;591965;Første infektion;1;
2025-U30;1085;Sjælland;0;853751;To eller flere reinfektioner;3;
2025-U30;1085;Sjælland;3;853751;Første reinfektion;2;
2025-U30;1085;Sjælland;5;853751;Første infektion;1;
2025-U30;1083;Syddanmark;1;1239281;To eller flere reinfektioner;3;
2025-U30;1083;Syddanmark;2;1239281;Første reinfektion;2;
2025-U30;1083;Syddanmark;3;1239281;Første infektion;1;
2025-U31;1084;Hovedstaden;3;1929914;To eller flere reinfektioner;3;
2025-U31;1084;Hovedstaden;15;1929914;Første infektion;1;
2025-U31;1084;Hovedstaden;15;1929914;Første reinfektion;2;
2025-U31;1082;Midtjylland;0;1373415;To eller flere reinfektioner;3;
2025-U31;1082;Midtjylland;1;1373415;Første infektion;1;
2025-U31;1082;Midtjylland;3;1373415;Første reinfektion;2;
2025-U31;1081;Nordjylland;0;591965;Første reinfektion;2;
2025-U31;1081;Nordjylland;0;591965;To eller flere reinfektioner;3;
2025-U31;1081;Nordjylland;5;591965;Første infektion;1;
2025-U31;1085;Sjælland;0;853751;To eller flere reinfektioner;3;
2025-U31;1085;Sjælland;1;853751;Første reinfektion;2;
2025-U31;1085;Sjælland;8;853751;Første infektion;1;
2025-U31;1083;Syddanmark;0;1239281;Første reinfektion;2;
2025-U31;1083;Syddanmark;0;1239281;To eller flere reinfektioner;3;
2025-U31;1083;Syddanmark;2;1239281;Første infektion;1;
2025-U32;1084;Hovedstaden;10;1930137;To eller flere reinfektioner;3;
2025-U32;1084;Hovedstaden;13;1930137;Første reinfektion;2;
2025-U32;1084;Hovedstaden;33;1930137;Første infektion;1;
2025-U32;1082;Midtjylland;0;1373525;To eller flere reinfektioner;3;
2025-U32;1082;Midtjylland;2;1373525;Første infektion;1;
2025-U32;1082;Midtjylland;2;1373525;Første reinfektion;2;
2025-U32;1081;Nordjylland;0;591828;To eller flere reinfektioner;3;
2025-U32;1081;Nordjylland;2;591828;Første infektion;1;
2025-U32;1081;Nordjylland;3;591828;Første reinfektion;2;
2025-U32;1085;Sjælland;1;854226;To eller flere reinfektioner;3;
2025-U32;1085;Sjælland;5;854226;Første reinfektion;2;
2025-U32;1085;Sjælland;6;854226;Første infektion;1;
2025-U32;1083;Syddanmark;0;1239494;Første reinfektion;2;
2025-U32;1083;Syddanmark;0;1239494;To eller flere reinfektioner;3;
2025-U32;1083;Syddanmark;5;1239494;Første infektion;1;
2025-U33;1084;Hovedstaden;15;1930137;To eller flere reinfektioner;3;
2025-U33;1084;Hovedstaden;31;1930137;Første reinfektion;2;
2025-U33;1084;Hovedstaden;49;1930137;Første infektion;1;
2025-U33;1082;Midtjylland;0;1373525;To eller flere reinfektioner;3;
2025-U33;1082;Midtjylland;3;1373525;Første reinfektion;2;
2025-U33;1082;Midtjylland;8;1373525;Første infektion;1;
2025-U33;1081;Nordjylland;0;591828;To eller flere reinfektioner;3;
2025-U33;1081;Nordjylland;1;591828;Første infektion;1;
2025-U33;1081;Nordjylland;2;591828;Første reinfektion;2;
2025-U33;1085;Sjælland;1;854226;To eller flere reinfektioner;3;
2025-U33;1085;Sjælland;6;854226;Første reinfektion;2;
2025-U33;1085;Sjælland;9;854226;Første infektion;1;
2025-U33;1083;Syddanmark;3;1239494;To eller flere reinfektioner;3;
2025-U33;1083;Syddanmark;7;1239494;Første infektion;1;
2025-U33;1083;Syddanmark;8;1239494;Første reinfektion;2;
2025-U34;1084;Hovedstaden;3;1930137;To eller flere reinfektioner;3;
2025-U34;1084;Hovedstaden;31;1930137;Første reinfektion;2;
2025-U34;1084;Hovedstaden;43;1930137;Første infektion;1;
2025-U34;1082;Midtjylland;1;1373525;To eller flere reinfektioner;3;
2025-U34;1082;Midtjylland;4;1373525;Første infektion;1;
2025-U34;1082;Midtjylland;6;1373525;Første reinfektion;2;
2025-U34;1081;Nordjylland;1;591828;To eller flere reinfektioner;3;
2025-U34;1081;Nordjylland;9;591828;Første infektion;1;
2025-U34;1081;Nordjylland;9;591828;Første reinfektion;2;
2025-U34;1085;Sjælland;1;854226;To eller flere reinfektioner;3;
2025-U34;1085;Sjælland;5;854226;Første reinfektion;2;
2025-U34;1085;Sjælland;8;854226;Første infektion;1;
2025-U34;1083;Syddanmark;2;1239494;To eller flere reinfektioner;3;
2025-U34;1083;Syddanmark;11;1239494;Første reinfektion;2;
2025-U34;1083;Syddanmark;13;1239494;Første infektion;1;
2025-U35;1084;Hovedstaden;11;1930137;To eller flere reinfektioner;3;
2025-U35;1084;Hovedstaden;36;1930137;Første reinfektion;2;
2025-U35;1084;Hovedstaden;61;1930137;Første infektion;1;
2025-U35;1082;Midtjylland;2;1373525;To eller flere reinfektioner;3;
2025-U35;1082;Midtjylland;7;1373525;Første infektion;1;
2025-U35;1082;Midtjylland;9;1373525;Første reinfektion;2;
2025-U35;1081;Nordjylland;1;591828;To eller flere reinfektioner;3;
2025-U35;1081;Nordjylland;4;591828;Første infektion;1;
2025-U35;1081;Nordjylland;7;591828;Første reinfektion;2;
2025-U35;1085;Sjælland;1;854226;To eller flere reinfektioner;3;
2025-U35;1085;Sjælland;6;854226;Første reinfektion;2;
2025-U35;1085;Sjælland;8;854226;Første infektion;1;
2025-U35;1083;Syddanmark;1;1239494;To eller flere reinfektioner;3;
2025-U35;1083;Syddanmark;12;1239494;Første reinfektion;2;
2025-U35;1083;Syddanmark;16;1239494;Første infektion;1;
2025-U36;1084;Hovedstaden;14;1930755;To eller flere reinfektioner;3;
2025-U36;1084;Hovedstaden;49;1930755;Første reinfektion;2;
2025-U36;1084;Hovedstaden;59;1930755;Første infektion;1;
2025-U36;1082;Midtjylland;0;1374071;To eller flere reinfektioner;3;
2025-U36;1082;Midtjylland;11;1374071;Første reinfektion;2;
2025-U36;1082;Midtjylland;13;1374071;Første infektion;1;
2025-U36;1081;Nordjylland;3;591718;To eller flere reinfektioner;3;
2025-U36;1081;Nordjylland;6;591718;Første reinfektion;2;
2025-U36;1081;Nordjylland;16;591718;Første infektion;1;
2025-U36;1085;Sjælland;1;854777;To eller flere reinfektioner;3;
2025-U36;1085;Sjælland;9;854777;Første reinfektion;2;
2025-U36;1085;Sjælland;13;854777;Første infektion;1;
2025-U36;1083;Syddanmark;0;1239703;To eller flere reinfektioner;3;
2025-U36;1083;Syddanmark;12;1239703;Første reinfektion;2;
2025-U36;1083;Syddanmark;13;1239703;Første infektion;1;
2025-U37;1084;Hovedstaden;8;1930755;To eller flere reinfektioner;3;
2025-U37;1084;Hovedstaden;37;1930755;Første reinfektion;2;
2025-U37;1084;Hovedstaden;42;1930755;Første infektion;1;
2025-U37;1082;Midtjylland;1;1374071;To eller flere reinfektioner;3;
2025-U37;1082;Midtjylland;7;1374071;Første infektion;1;
2025-U37;1082;Midtjylland;9;1374071;Første reinfektion;2;
2025-U37;1081;Nordjylland;1;591718;To eller flere reinfektioner;3;
2025-U37;1081;Nordjylland;6;591718;Første reinfektion;2;
2025-U37;1081;Nordjylland;18;591718;Første infektion;1;
2025-U37;1085;Sjælland;1;854777;To eller flere reinfektioner;3;
2025-U37;1085;Sjælland;8;854777;Første infektion;1;
2025-U37;1085;Sjælland;8;854777;Første reinfektion;2;
2025-U37;1083;Syddanmark;2;1239703;To eller flere reinfektioner;3;
2025-U37;1083;Syddanmark;14;1239703;Første reinfektion;2;
2025-U37;1083;Syddanmark;16;1239703;Første infektion;1;
2025-U38;1084;Hovedstaden;8;1930755;To eller flere reinfektioner;3;
2025-U38;1084;Hovedstaden;44;1930755;Første reinfektion;2;
2025-U38;1084;Hovedstaden;53;1930755;Første infektion;1;
2025-U38;1082;Midtjylland;2;1374071;To eller flere reinfektioner;3;
2025-U38;1082;Midtjylland;6;1374071;Første reinfektion;2;
2025-U38;1082;Midtjylland;13;1374071;Første infektion;1;
2025-U38;1081;Nordjylland;1;591718;To eller flere reinfektioner;3;
2025-U38;1081;Nordjylland;5;591718;Første reinfektion;2;
2025-U38;1081;Nordjylland;10;591718;Første infektion;1;
2025-U38;1085;Sjælland;1;854777;To eller flere reinfektioner;3;
2025-U38;1085;Sjælland;7;854777;Første reinfektion;2;
2025-U38;1085;Sjælland;14;854777;Første infektion;1;
2025-U38;1083;Syddanmark;3;1239703;To eller flere reinfektioner;3;
2025-U38;1083;Syddanmark;7;1239703;Første reinfektion;2;
2025-U38;1083;Syddanmark;21;1239703;Første infektion;1;
2025-U39;1084;Hovedstaden;6;1930755;To eller flere reinfektioner;3;
2025-U39;1084;Hovedstaden;44;1930755;Første infektion;1;
2025-U39;1084;Hovedstaden;52;1930755;Første reinfektion;2;
2025-U39;1082;Midtjylland;0;1374071;To eller flere reinfektioner;3;
2025-U39;1082;Midtjylland;4;1374071;Første reinfektion;2;
2025-U39;1082;Midtjylland;8;1374071;Første infektion;1;
2025-U39;1081;Nordjylland;0;591718;To eller flere reinfektioner;3;
2025-U39;1081;Nordjylland;8;591718;Første reinfektion;2;
2025-U39;1081;Nordjylland;20;591718;Første infektion;1;
2025-U39;1085;Sjælland;1;854777;To eller flere reinfektioner;3;
2025-U39;1085;Sjælland;8;854777;Første reinfektion;2;
2025-U39;1085;Sjælland;12;854777;Første infektion;1;
2025-U39;1083;Syddanmark;3;1239703;To eller flere reinfektioner;3;
2025-U39;1083;Syddanmark;13;1239703;Første reinfektion;2;
2025-U39;1083;Syddanmark;17;1239703;Første infektion;1;
2025-U40;1084;Hovedstaden;4;1930755;To eller flere reinfektioner;3;
2025-U40;1084;Hovedstaden;46;1930755;Første reinfektion;2;
2025-U40;1084;Hovedstaden;59;1930755;Første infektion;1;
2025-U40;1082;Midtjylland;1;1374071;To eller flere reinfektioner;3;
2025-U40;1082;Midtjylland;9;1374071;Første infektion;1;
2025-U40;1082;Midtjylland;12;1374071;Første reinfektion;2;
2025-U40;1081;Nordjylland;0;591718;To eller flere reinfektioner;3;
2025-U40;1081;Nordjylland;8;591718;Første reinfektion;2;
2025-U40;1081;Nordjylland;19;591718;Første infektion;1;
2025-U40;1085;Sjælland;0;854777;To eller flere reinfektioner;3;
2025-U40;1085;Sjælland;6;854777;Første infektion;1;
2025-U40;1085;Sjælland;7;854777;Første reinfektion;2;
2025-U40;1083;Syddanmark;1;1239703;To eller flere reinfektioner;3;
2025-U40;1083;Syddanmark;9;1239703;Første reinfektion;2;
2025-U40;1083;Syddanmark;19;1239703;Første infektion;1;
2025-U41;1084;Hovedstaden;7;1932940;To eller flere reinfektioner;3;
2025-U41;1084;Hovedstaden;62;1932940;Første reinfektion;2;
2025-U41;1084;Hovedstaden;73;1932940;Første infektion;1;
2025-U41;1082;Midtjylland;0;1376574;To eller flere reinfektioner;3;
2025-U41;1082;Midtjylland;6;1376574;Første reinfektion;2;
2025-U41;1082;Midtjylland;13;1376574;Første infektion;1;
2025-U41;1081;Nordjylland;1;592240;To eller flere reinfektioner;3;
2025-U41;1081;Nordjylland;10;592240;Første reinfektion;2;
2025-U41;1081;Nordjylland;11;592240;Første infektion;1;
2025-U41;1085;Sjælland;2;854713;To eller flere reinfektioner;3;
2025-U41;1085;Sjælland;5;854713;Første reinfektion;2;
2025-U41;1085;Sjælland;18;854713;Første infektion;1;
2025-U41;1083;Syddanmark;3;1239948;To eller flere reinfektioner;3;
2025-U41;1083;Syddanmark;7;1239948;Første reinfektion;2;
2025-U41;1083;Syddanmark;25;1239948;Første infektion;1;
2025-U42;1084;Hovedstaden;4;1932940;To eller flere reinfektioner;3;
2025-U42;1084;Hovedstaden;51;1932940;Første reinfektion;2;
2025-U42;1084;Hovedstaden;65;1932940;Første infektion;1;
2025-U42;1082;Midtjylland;1;1376574;To eller flere reinfektioner;3;
2025-U42;1082;Midtjylland;4;1376574;Første reinfektion;2;
2025-U42;1082;Midtjylland;15;1376574;Første infektion;1;
2025-U42;1081;Nordjylland;0;592240;To eller flere reinfektioner;3;
2025-U42;1081;Nordjylland;6;592240;Første reinfektion;2;
2025-U42;1081;Nordjylland;16;592240;Første infektion;1;
2025-U42;1085;Sjælland;0;854713;To eller flere reinfektioner;3;
2025-U42;1085;Sjælland;7;854713;Første infektion;1;
2025-U42;1085;Sjælland;11;854713;Første reinfektion;2;
2025-U42;1083;Syddanmark;1;1239948;To eller flere reinfektioner;3;
2025-U42;1083;Syddanmark;13;1239948;Første reinfektion;2;
2025-U42;1083;Syddanmark;26;1239948;Første infektion;1;
