"Regionskode";"Region";"Dato";"Indlæggelser";"timestamp_2025-10-21T10:00:08.562"
1084;Hovedstaden;2020-03-01;1;
1084;Hovedstaden;2020-03-03;1;
1084;Hovedstaden;2020-03-05;1;
1084;Hovedstaden;2020-03-06;3;
1085;Sjælland;2020-03-06;1;
1084;Hovedstaden;2020-03-08;3;
1084;Hovedstaden;2020-03-09;3;
1085;Sjælland;2020-03-09;5;
1084;Hovedstaden;2020-03-10;6;
1082;Midtjylland;2020-03-10;3;
1085;Sjælland;2020-03-10;5;
1083;Syddanmark;2020-03-10;1;
1084;Hovedstaden;2020-03-11;4;
1085;Sjælland;2020-03-11;4;
1083;Syddanmark;2020-03-11;2;
1084;Hovedstaden;2020-03-12;3;
1082;Midtjylland;2020-03-12;7;
1081;Nordjylland;2020-03-12;1;
1085;Sjælland;2020-03-12;6;
1083;Syddanmark;2020-03-12;1;
1084;Hovedstaden;2020-03-13;13;
1082;Midtjylland;2020-03-13;7;
1081;Nordjylland;2020-03-13;1;
1085;Sjælland;2020-03-13;2;
1083;Syddanmark;2020-03-13;3;
1084;Hovedstaden;2020-03-14;9;
1082;Midtjylland;2020-03-14;3;
1081;Nordjylland;2020-03-14;3;
1085;Sjælland;2020-03-14;6;
1083;Syddanmark;2020-03-14;3;
1084;Hovedstaden;2020-03-15;18;
1082;Midtjylland;2020-03-15;4;
1081;Nordjylland;2020-03-15;3;
1085;Sjælland;2020-03-15;5;
1083;Syddanmark;2020-03-15;3;
1084;Hovedstaden;2020-03-16;23;
1082;Midtjylland;2020-03-16;3;
1081;Nordjylland;2020-03-16;2;
1085;Sjælland;2020-03-16;12;
1083;Syddanmark;2020-03-16;5;
1084;Hovedstaden;2020-03-17;25;
1082;Midtjylland;2020-03-17;6;
1081;Nordjylland;2020-03-17;3;
1085;Sjælland;2020-03-17;8;
1083;Syddanmark;2020-03-17;5;
1084;Hovedstaden;2020-03-18;21;
1082;Midtjylland;2020-03-18;4;
1081;Nordjylland;2020-03-18;4;
1085;Sjælland;2020-03-18;13;
1083;Syddanmark;2020-03-18;5;
1084;Hovedstaden;2020-03-19;29;
1082;Midtjylland;2020-03-19;3;
1081;Nordjylland;2020-03-19;5;
1085;Sjælland;2020-03-19;6;
1083;Syddanmark;2020-03-19;6;
1084;Hovedstaden;2020-03-20;33;
1082;Midtjylland;2020-03-20;5;
1081;Nordjylland;2020-03-20;2;
1085;Sjælland;2020-03-20;13;
1083;Syddanmark;2020-03-20;10;
1084;Hovedstaden;2020-03-21;13;
1082;Midtjylland;2020-03-21;4;
1081;Nordjylland;2020-03-21;2;
1085;Sjælland;2020-03-21;11;
1083;Syddanmark;2020-03-21;4;
1084;Hovedstaden;2020-03-22;22;
1082;Midtjylland;2020-03-22;7;
1081;Nordjylland;2020-03-22;3;
1085;Sjælland;2020-03-22;7;
1083;Syddanmark;2020-03-22;3;
1084;Hovedstaden;2020-03-23;43;
1082;Midtjylland;2020-03-23;16;
1081;Nordjylland;2020-03-23;5;
1085;Sjælland;2020-03-23;11;
1083;Syddanmark;2020-03-23;10;
1084;Hovedstaden;2020-03-24;37;
1082;Midtjylland;2020-03-24;14;
1081;Nordjylland;2020-03-24;6;
1085;Sjælland;2020-03-24;12;
1083;Syddanmark;2020-03-24;12;
1084;Hovedstaden;2020-03-25;40;
1082;Midtjylland;2020-03-25;14;
1081;Nordjylland;2020-03-25;6;
1085;Sjælland;2020-03-25;18;
1083;Syddanmark;2020-03-25;12;
1084;Hovedstaden;2020-03-26;41;
1082;Midtjylland;2020-03-26;12;
1081;Nordjylland;2020-03-26;6;
1085;Sjælland;2020-03-26;10;
1083;Syddanmark;2020-03-26;7;
1084;Hovedstaden;2020-03-27;38;
1082;Midtjylland;2020-03-27;11;
1081;Nordjylland;2020-03-27;5;
1085;Sjælland;2020-03-27;15;
1083;Syddanmark;2020-03-27;18;
1084;Hovedstaden;2020-03-28;31;
1082;Midtjylland;2020-03-28;9;
1081;Nordjylland;2020-03-28;5;
1085;Sjælland;2020-03-28;21;
1083;Syddanmark;2020-03-28;16;
1084;Hovedstaden;2020-03-29;25;
1082;Midtjylland;2020-03-29;4;
1081;Nordjylland;2020-03-29;4;
1085;Sjælland;2020-03-29;9;
1083;Syddanmark;2020-03-29;9;
1084;Hovedstaden;2020-03-30;38;
1082;Midtjylland;2020-03-30;11;
1081;Nordjylland;2020-03-30;1;
1085;Sjælland;2020-03-30;13;
1083;Syddanmark;2020-03-30;4;
1084;Hovedstaden;2020-03-31;28;
1082;Midtjylland;2020-03-31;9;
1081;Nordjylland;2020-03-31;2;
1085;Sjælland;2020-03-31;8;
1083;Syddanmark;2020-03-31;4;
1084;Hovedstaden;2020-04-01;29;
1082;Midtjylland;2020-04-01;6;
1081;Nordjylland;2020-04-01;3;
1085;Sjælland;2020-04-01;7;
1083;Syddanmark;2020-04-01;13;
1084;Hovedstaden;2020-04-02;27;
1082;Midtjylland;2020-04-02;7;
1081;Nordjylland;2020-04-02;3;
1085;Sjælland;2020-04-02;8;
1083;Syddanmark;2020-04-02;6;
1084;Hovedstaden;2020-04-03;24;
1082;Midtjylland;2020-04-03;11;
1081;Nordjylland;2020-04-03;7;
1085;Sjælland;2020-04-03;7;
1083;Syddanmark;2020-04-03;8;
1084;Hovedstaden;2020-04-04;20;
1082;Midtjylland;2020-04-04;5;
1081;Nordjylland;2020-04-04;3;
1085;Sjælland;2020-04-04;7;
1084;Hovedstaden;2020-04-05;19;
1082;Midtjylland;2020-04-05;2;
1081;Nordjylland;2020-04-05;1;
1085;Sjælland;2020-04-05;5;
1083;Syddanmark;2020-04-05;4;
1084;Hovedstaden;2020-04-06;22;
1082;Midtjylland;2020-04-06;4;
1081;Nordjylland;2020-04-06;1;
1085;Sjælland;2020-04-06;10;
1083;Syddanmark;2020-04-06;7;
1084;Hovedstaden;2020-04-07;26;
1082;Midtjylland;2020-04-07;6;
1085;Sjælland;2020-04-07;4;
1083;Syddanmark;2020-04-07;5;
1084;Hovedstaden;2020-04-08;11;
1082;Midtjylland;2020-04-08;3;
1081;Nordjylland;2020-04-08;1;
1085;Sjælland;2020-04-08;4;
1083;Syddanmark;2020-04-08;4;
1084;Hovedstaden;2020-04-09;18;
1082;Midtjylland;2020-04-09;7;
1085;Sjælland;2020-04-09;7;
1083;Syddanmark;2020-04-09;1;
1084;Hovedstaden;2020-04-10;15;
1082;Midtjylland;2020-04-10;3;
1081;Nordjylland;2020-04-10;4;
1085;Sjælland;2020-04-10;7;
1083;Syddanmark;2020-04-10;1;
1084;Hovedstaden;2020-04-11;15;
1082;Midtjylland;2020-04-11;3;
1081;Nordjylland;2020-04-11;1;
1085;Sjælland;2020-04-11;4;
1083;Syddanmark;2020-04-11;4;
1084;Hovedstaden;2020-04-12;9;
1082;Midtjylland;2020-04-12;4;
1081;Nordjylland;2020-04-12;2;
1085;Sjælland;2020-04-12;6;
1083;Syddanmark;2020-04-12;3;
1084;Hovedstaden;2020-04-13;15;
1082;Midtjylland;2020-04-13;3;
1085;Sjælland;2020-04-13;6;
1083;Syddanmark;2020-04-13;1;
1084;Hovedstaden;2020-04-14;19;
1082;Midtjylland;2020-04-14;9;
1081;Nordjylland;2020-04-14;1;
1085;Sjælland;2020-04-14;4;
1083;Syddanmark;2020-04-14;2;
1084;Hovedstaden;2020-04-15;9;
1082;Midtjylland;2020-04-15;4;
1081;Nordjylland;2020-04-15;1;
1085;Sjælland;2020-04-15;11;
1083;Syddanmark;2020-04-15;1;
1084;Hovedstaden;2020-04-16;14;
1082;Midtjylland;2020-04-16;8;
1085;Sjælland;2020-04-16;6;
1083;Syddanmark;2020-04-16;1;
1084;Hovedstaden;2020-04-17;10;
1082;Midtjylland;2020-04-17;2;
1085;Sjælland;2020-04-17;8;
1083;Syddanmark;2020-04-17;2;
1084;Hovedstaden;2020-04-18;10;
1082;Midtjylland;2020-04-18;2;
1085;Sjælland;2020-04-18;7;
1083;Syddanmark;2020-04-18;1;
1084;Hovedstaden;2020-04-19;18;
1082;Midtjylland;2020-04-19;4;
1085;Sjælland;2020-04-19;10;
1084;Hovedstaden;2020-04-20;16;
1082;Midtjylland;2020-04-20;4;
1085;Sjælland;2020-04-20;7;
1083;Syddanmark;2020-04-20;2;
1084;Hovedstaden;2020-04-21;15;
1082;Midtjylland;2020-04-21;5;
1085;Sjælland;2020-04-21;11;
1083;Syddanmark;2020-04-21;2;
1084;Hovedstaden;2020-04-22;13;
1082;Midtjylland;2020-04-22;1;
1085;Sjælland;2020-04-22;6;
1083;Syddanmark;2020-04-22;3;
1084;Hovedstaden;2020-04-23;14;
1082;Midtjylland;2020-04-23;3;
1085;Sjælland;2020-04-23;8;
1083;Syddanmark;2020-04-23;1;
1084;Hovedstaden;2020-04-24;7;
1082;Midtjylland;2020-04-24;2;
1081;Nordjylland;2020-04-24;1;
1085;Sjælland;2020-04-24;7;
1083;Syddanmark;2020-04-24;1;
1084;Hovedstaden;2020-04-25;16;
1082;Midtjylland;2020-04-25;1;
1081;Nordjylland;2020-04-25;1;
1085;Sjælland;2020-04-25;7;
1084;Hovedstaden;2020-04-26;16;
1082;Midtjylland;2020-04-26;3;
1085;Sjælland;2020-04-26;2;
1083;Syddanmark;2020-04-26;1;
1084;Hovedstaden;2020-04-27;6;
1082;Midtjylland;2020-04-27;2;
1085;Sjælland;2020-04-27;10;
1084;Hovedstaden;2020-04-28;11;
1085;Sjælland;2020-04-28;1;
1083;Syddanmark;2020-04-28;1;
1084;Hovedstaden;2020-04-29;8;
1082;Midtjylland;2020-04-29;1;
1081;Nordjylland;2020-04-29;1;
1085;Sjælland;2020-04-29;5;
1084;Hovedstaden;2020-04-30;8;
1082;Midtjylland;2020-04-30;2;
1085;Sjælland;2020-04-30;4;
1084;Hovedstaden;2020-05-01;8;
1082;Midtjylland;2020-05-01;1;
1085;Sjælland;2020-05-01;5;
1083;Syddanmark;2020-05-01;1;
1084;Hovedstaden;2020-05-02;11;
1082;Midtjylland;2020-05-02;5;
1085;Sjælland;2020-05-02;4;
1084;Hovedstaden;2020-05-03;10;
1085;Sjælland;2020-05-03;3;
1084;Hovedstaden;2020-05-04;8;
1082;Midtjylland;2020-05-04;3;
1085;Sjælland;2020-05-04;2;
1084;Hovedstaden;2020-05-05;6;
1085;Sjælland;2020-05-05;7;
1084;Hovedstaden;2020-05-06;3;
1085;Sjælland;2020-05-06;2;
1084;Hovedstaden;2020-05-07;10;
1085;Sjælland;2020-05-07;4;
1084;Hovedstaden;2020-05-08;6;
1085;Sjælland;2020-05-08;3;
1083;Syddanmark;2020-05-08;1;
1084;Hovedstaden;2020-05-09;4;
1082;Midtjylland;2020-05-09;3;
1085;Sjælland;2020-05-09;3;
1084;Hovedstaden;2020-05-10;6;
1085;Sjælland;2020-05-10;1;
1083;Syddanmark;2020-05-10;1;
1084;Hovedstaden;2020-05-11;4;
1083;Syddanmark;2020-05-11;1;
1084;Hovedstaden;2020-05-12;5;
1082;Midtjylland;2020-05-12;2;
1084;Hovedstaden;2020-05-13;3;
1085;Sjælland;2020-05-13;2;
1084;Hovedstaden;2020-05-14;8;
1085;Sjælland;2020-05-14;1;
1083;Syddanmark;2020-05-14;2;
1084;Hovedstaden;2020-05-15;5;
1081;Nordjylland;2020-05-15;1;
1085;Sjælland;2020-05-15;7;
1083;Syddanmark;2020-05-15;4;
1084;Hovedstaden;2020-05-16;1;
1082;Midtjylland;2020-05-16;1;
1085;Sjælland;2020-05-16;2;
1083;Syddanmark;2020-05-16;2;
1084;Hovedstaden;2020-05-17;2;
1082;Midtjylland;2020-05-17;2;
1084;Hovedstaden;2020-05-18;6;
1082;Midtjylland;2020-05-18;1;
1085;Sjælland;2020-05-18;2;
1083;Syddanmark;2020-05-18;2;
1084;Hovedstaden;2020-05-19;5;
1082;Midtjylland;2020-05-19;1;
1085;Sjælland;2020-05-19;2;
1084;Hovedstaden;2020-05-20;2;
1082;Midtjylland;2020-05-20;2;
1085;Sjælland;2020-05-20;3;
1084;Hovedstaden;2020-05-21;1;
1085;Sjælland;2020-05-21;3;
1084;Hovedstaden;2020-05-22;9;
1082;Midtjylland;2020-05-22;1;
1085;Sjælland;2020-05-22;2;
1084;Hovedstaden;2020-05-23;5;
1082;Midtjylland;2020-05-23;1;
1085;Sjælland;2020-05-23;2;
1084;Hovedstaden;2020-05-24;1;
1085;Sjælland;2020-05-24;1;
1084;Hovedstaden;2020-05-25;2;
1083;Syddanmark;2020-05-25;2;
1084;Hovedstaden;2020-05-26;6;
1083;Syddanmark;2020-05-26;3;
1084;Hovedstaden;2020-05-27;4;
1085;Sjælland;2020-05-27;2;
1084;Hovedstaden;2020-05-28;3;
1084;Hovedstaden;2020-05-29;6;
1085;Sjælland;2020-05-29;1;
1084;Hovedstaden;2020-05-30;3;
1082;Midtjylland;2020-05-30;1;
1084;Hovedstaden;2020-05-31;3;
1083;Syddanmark;2020-05-31;1;
1084;Hovedstaden;2020-06-01;3;
1082;Midtjylland;2020-06-01;1;
1083;Syddanmark;2020-06-01;1;
1084;Hovedstaden;2020-06-02;3;
1085;Sjælland;2020-06-02;2;
1084;Hovedstaden;2020-06-03;1;
1084;Hovedstaden;2020-06-04;1;
1085;Sjælland;2020-06-04;2;
1083;Syddanmark;2020-06-04;2;
1084;Hovedstaden;2020-06-05;6;
1085;Sjælland;2020-06-05;1;
1084;Hovedstaden;2020-06-06;2;
1084;Hovedstaden;2020-06-07;2;
1083;Syddanmark;2020-06-07;1;
1084;Hovedstaden;2020-06-08;2;
1085;Sjælland;2020-06-08;1;
1085;Sjælland;2020-06-09;1;
1081;Nordjylland;2020-06-10;1;
1081;Nordjylland;2020-06-11;1;
1084;Hovedstaden;2020-06-12;3;
1085;Sjælland;2020-06-12;1;
1084;Hovedstaden;2020-06-13;4;
1084;Hovedstaden;2020-06-14;1;
1084;Hovedstaden;2020-06-15;1;
1082;Midtjylland;2020-06-15;1;
1085;Sjælland;2020-06-15;1;
1084;Hovedstaden;2020-06-16;2;
1081;Nordjylland;2020-06-16;1;
1085;Sjælland;2020-06-16;4;
1084;Hovedstaden;2020-06-17;2;
1081;Nordjylland;2020-06-17;1;
1083;Syddanmark;2020-06-17;1;
1084;Hovedstaden;2020-06-18;2;
1082;Midtjylland;2020-06-18;1;
1081;Nordjylland;2020-06-18;1;
1084;Hovedstaden;2020-06-19;2;
1085;Sjælland;2020-06-19;2;
1084;Hovedstaden;2020-06-20;1;
1081;Nordjylland;2020-06-20;2;
1085;Sjælland;2020-06-20;1;
1084;Hovedstaden;2020-06-21;2;
1081;Nordjylland;2020-06-21;1;
1084;Hovedstaden;2020-06-22;3;
1081;Nordjylland;2020-06-22;2;
1085;Sjælland;2020-06-22;2;
1084;Hovedstaden;2020-06-23;1;
1082;Midtjylland;2020-06-23;1;
1081;Nordjylland;2020-06-23;1;
1084;Hovedstaden;2020-06-24;2;
1081;Nordjylland;2020-06-24;2;
1084;Hovedstaden;2020-06-25;2;
1081;Nordjylland;2020-06-25;1;
1085;Sjælland;2020-06-25;1;
1084;Hovedstaden;2020-06-26;1;
1082;Midtjylland;2020-06-27;1;
1081;Nordjylland;2020-06-27;1;
1084;Hovedstaden;2020-06-28;1;
1081;Nordjylland;2020-06-28;4;
1085;Sjælland;2020-06-28;1;
1084;Hovedstaden;2020-06-29;1;
1081;Nordjylland;2020-06-29;2;
1084;Hovedstaden;2020-07-01;1;
1085;Sjælland;2020-07-01;1;
1084;Hovedstaden;2020-07-02;2;
1081;Nordjylland;2020-07-02;2;
1083;Syddanmark;2020-07-02;1;
1084;Hovedstaden;2020-07-03;1;
1082;Midtjylland;2020-07-03;1;
1085;Sjælland;2020-07-03;1;
1084;Hovedstaden;2020-07-05;2;
1083;Syddanmark;2020-07-05;1;
1084;Hovedstaden;2020-07-06;2;
1085;Sjælland;2020-07-06;2;
1081;Nordjylland;2020-07-07;1;
1081;Nordjylland;2020-07-08;1;
1084;Hovedstaden;2020-07-09;1;
1085;Sjælland;2020-07-09;1;
1081;Nordjylland;2020-07-10;2;
1084;Hovedstaden;2020-07-11;4;
1081;Nordjylland;2020-07-11;1;
1084;Hovedstaden;2020-07-12;1;
1084;Hovedstaden;2020-07-14;2;
1082;Midtjylland;2020-07-14;1;
1084;Hovedstaden;2020-07-15;2;
1085;Sjælland;2020-07-15;2;
1084;Hovedstaden;2020-07-16;1;
1084;Hovedstaden;2020-07-17;1;
1081;Nordjylland;2020-07-17;1;
1085;Sjælland;2020-07-17;1;
1084;Hovedstaden;2020-07-18;2;
1084;Hovedstaden;2020-07-19;1;
1085;Sjælland;2020-07-19;1;
1084;Hovedstaden;2020-07-20;2;
1085;Sjælland;2020-07-20;1;
1084;Hovedstaden;2020-07-21;2;
1084;Hovedstaden;2020-07-22;2;
1082;Midtjylland;2020-07-22;1;
1084;Hovedstaden;2020-07-23;1;
1081;Nordjylland;2020-07-23;1;
1085;Sjælland;2020-07-24;1;
1083;Syddanmark;2020-07-24;1;
1084;Hovedstaden;2020-07-25;2;
1085;Sjælland;2020-07-25;2;
1083;Syddanmark;2020-07-25;1;
1084;Hovedstaden;2020-07-26;2;
1085;Sjælland;2020-07-26;1;
1084;Hovedstaden;2020-07-27;1;
1085;Sjælland;2020-07-27;1;
1085;Sjælland;2020-07-28;1;
1084;Hovedstaden;2020-07-29;2;
1082;Midtjylland;2020-07-29;2;
1085;Sjælland;2020-07-29;1;
1084;Hovedstaden;2020-07-30;2;
1081;Nordjylland;2020-07-30;1;
1085;Sjælland;2020-07-30;1;
1083;Syddanmark;2020-07-31;1;
1082;Midtjylland;2020-08-01;2;
1085;Sjælland;2020-08-01;1;
1082;Midtjylland;2020-08-02;1;
1085;Sjælland;2020-08-02;1;
1084;Hovedstaden;2020-08-03;1;
1082;Midtjylland;2020-08-03;3;
1085;Sjælland;2020-08-03;2;
1083;Syddanmark;2020-08-03;1;
1084;Hovedstaden;2020-08-04;1;
1082;Midtjylland;2020-08-04;1;
1085;Sjælland;2020-08-04;3;
1084;Hovedstaden;2020-08-05;3;
1082;Midtjylland;2020-08-05;4;
1082;Midtjylland;2020-08-06;1;
1085;Sjælland;2020-08-06;1;
1083;Syddanmark;2020-08-06;1;
1084;Hovedstaden;2020-08-07;2;
1082;Midtjylland;2020-08-07;3;
1082;Midtjylland;2020-08-08;2;
1085;Sjælland;2020-08-08;1;
1084;Hovedstaden;2020-08-09;1;
1082;Midtjylland;2020-08-09;1;
1085;Sjælland;2020-08-09;1;
1084;Hovedstaden;2020-08-10;1;
1082;Midtjylland;2020-08-10;2;
1085;Sjælland;2020-08-10;1;
1084;Hovedstaden;2020-08-11;1;
1082;Midtjylland;2020-08-11;1;
1085;Sjælland;2020-08-11;1;
1084;Hovedstaden;2020-08-12;1;
1081;Nordjylland;2020-08-12;1;
1085;Sjælland;2020-08-12;1;
1081;Nordjylland;2020-08-13;1;
1084;Hovedstaden;2020-08-14;1;
1082;Midtjylland;2020-08-14;2;
1085;Sjælland;2020-08-14;1;
1084;Hovedstaden;2020-08-16;1;
1082;Midtjylland;2020-08-16;3;
1081;Nordjylland;2020-08-16;1;
1084;Hovedstaden;2020-08-17;1;
1082;Midtjylland;2020-08-17;3;
1081;Nordjylland;2020-08-17;1;
1085;Sjælland;2020-08-17;2;
1084;Hovedstaden;2020-08-18;1;
1084;Hovedstaden;2020-08-19;1;
1082;Midtjylland;2020-08-19;1;
1081;Nordjylland;2020-08-19;1;
1085;Sjælland;2020-08-19;1;
1083;Syddanmark;2020-08-19;1;
1084;Hovedstaden;2020-08-20;2;
1082;Midtjylland;2020-08-20;4;
1085;Sjælland;2020-08-20;1;
1081;Nordjylland;2020-08-21;2;
1083;Syddanmark;2020-08-21;1;
1084;Hovedstaden;2020-08-22;1;
1081;Nordjylland;2020-08-22;1;
1084;Hovedstaden;2020-08-23;1;
1081;Nordjylland;2020-08-23;1;
1083;Syddanmark;2020-08-23;1;
1084;Hovedstaden;2020-08-24;1;
1082;Midtjylland;2020-08-24;1;
1084;Hovedstaden;2020-08-25;3;
1082;Midtjylland;2020-08-25;1;
1084;Hovedstaden;2020-08-26;2;
1081;Nordjylland;2020-08-26;1;
1085;Sjælland;2020-08-26;4;
1085;Sjælland;2020-08-27;1;
1084;Hovedstaden;2020-08-28;1;
1082;Midtjylland;2020-08-28;1;
1081;Nordjylland;2020-08-28;1;
1084;Hovedstaden;2020-08-29;2;
1084;Hovedstaden;2020-08-30;2;
1082;Midtjylland;2020-08-30;1;
1084;Hovedstaden;2020-08-31;1;
1082;Midtjylland;2020-08-31;1;
1085;Sjælland;2020-08-31;2;
1083;Syddanmark;2020-08-31;1;
1084;Hovedstaden;2020-09-01;1;
1084;Hovedstaden;2020-09-02;1;
1083;Syddanmark;2020-09-02;2;
1084;Hovedstaden;2020-09-03;1;
1082;Midtjylland;2020-09-03;1;
1084;Hovedstaden;2020-09-04;3;
1082;Midtjylland;2020-09-04;2;
1083;Syddanmark;2020-09-04;1;
1084;Hovedstaden;2020-09-05;4;
1082;Midtjylland;2020-09-05;3;
1081;Nordjylland;2020-09-05;1;
1083;Syddanmark;2020-09-05;1;
1084;Hovedstaden;2020-09-06;4;
1082;Midtjylland;2020-09-06;1;
1081;Nordjylland;2020-09-06;1;
1083;Syddanmark;2020-09-06;1;
1084;Hovedstaden;2020-09-07;4;
1082;Midtjylland;2020-09-07;1;
1083;Syddanmark;2020-09-07;1;
1084;Hovedstaden;2020-09-08;2;
1081;Nordjylland;2020-09-08;1;
1083;Syddanmark;2020-09-08;1;
1084;Hovedstaden;2020-09-09;8;
1082;Midtjylland;2020-09-09;1;
1081;Nordjylland;2020-09-09;1;
1085;Sjælland;2020-09-09;1;
1083;Syddanmark;2020-09-09;2;
1084;Hovedstaden;2020-09-10;7;
1082;Midtjylland;2020-09-10;1;
1081;Nordjylland;2020-09-10;3;
1085;Sjælland;2020-09-10;1;
1084;Hovedstaden;2020-09-11;2;
1082;Midtjylland;2020-09-11;3;
1081;Nordjylland;2020-09-11;1;
1085;Sjælland;2020-09-11;2;
1084;Hovedstaden;2020-09-12;9;
1082;Midtjylland;2020-09-12;2;
1081;Nordjylland;2020-09-12;1;
1085;Sjælland;2020-09-12;1;
1083;Syddanmark;2020-09-12;3;
1084;Hovedstaden;2020-09-13;5;
1082;Midtjylland;2020-09-13;1;
1083;Syddanmark;2020-09-13;1;
1084;Hovedstaden;2020-09-14;4;
1081;Nordjylland;2020-09-14;2;
1085;Sjælland;2020-09-14;1;
1083;Syddanmark;2020-09-14;2;
1084;Hovedstaden;2020-09-15;6;
1082;Midtjylland;2020-09-15;3;
1081;Nordjylland;2020-09-15;1;
1084;Hovedstaden;2020-09-16;10;
1082;Midtjylland;2020-09-16;1;
1081;Nordjylland;2020-09-16;2;
1085;Sjælland;2020-09-16;1;
1083;Syddanmark;2020-09-16;1;
1084;Hovedstaden;2020-09-17;4;
1082;Midtjylland;2020-09-17;3;
1081;Nordjylland;2020-09-17;2;
1085;Sjælland;2020-09-17;3;
1084;Hovedstaden;2020-09-18;8;
1082;Midtjylland;2020-09-18;1;
1081;Nordjylland;2020-09-18;1;
1085;Sjælland;2020-09-18;2;
1084;Hovedstaden;2020-09-19;7;
1082;Midtjylland;2020-09-19;3;
1081;Nordjylland;2020-09-19;4;
1085;Sjælland;2020-09-19;2;
1083;Syddanmark;2020-09-19;3;
1084;Hovedstaden;2020-09-20;11;
1082;Midtjylland;2020-09-20;2;
1081;Nordjylland;2020-09-20;1;
1083;Syddanmark;2020-09-20;3;
1084;Hovedstaden;2020-09-21;5;
1082;Midtjylland;2020-09-21;2;
1081;Nordjylland;2020-09-21;3;
1085;Sjælland;2020-09-21;1;
1083;Syddanmark;2020-09-21;4;
1084;Hovedstaden;2020-09-22;7;
1082;Midtjylland;2020-09-22;2;
1085;Sjælland;2020-09-22;2;
1083;Syddanmark;2020-09-22;1;
1084;Hovedstaden;2020-09-23;11;
1082;Midtjylland;2020-09-23;2;
1081;Nordjylland;2020-09-23;2;
1085;Sjælland;2020-09-23;5;
1083;Syddanmark;2020-09-23;2;
1084;Hovedstaden;2020-09-24;9;
1082;Midtjylland;2020-09-24;3;
1081;Nordjylland;2020-09-24;3;
1085;Sjælland;2020-09-24;3;
1083;Syddanmark;2020-09-24;6;
1084;Hovedstaden;2020-09-25;9;
1082;Midtjylland;2020-09-25;1;
1081;Nordjylland;2020-09-25;2;
1085;Sjælland;2020-09-25;1;
1083;Syddanmark;2020-09-25;2;
1084;Hovedstaden;2020-09-26;5;
1082;Midtjylland;2020-09-26;4;
1081;Nordjylland;2020-09-26;1;
1085;Sjælland;2020-09-26;2;
1084;Hovedstaden;2020-09-27;10;
1082;Midtjylland;2020-09-27;1;
1081;Nordjylland;2020-09-27;1;
1085;Sjælland;2020-09-27;2;
1083;Syddanmark;2020-09-27;3;
1084;Hovedstaden;2020-09-28;9;
1082;Midtjylland;2020-09-28;1;
1085;Sjælland;2020-09-28;1;
1083;Syddanmark;2020-09-28;6;
1084;Hovedstaden;2020-09-29;5;
1082;Midtjylland;2020-09-29;4;
1081;Nordjylland;2020-09-29;2;
1083;Syddanmark;2020-09-29;2;
1084;Hovedstaden;2020-09-30;6;
1082;Midtjylland;2020-09-30;5;
1085;Sjælland;2020-09-30;4;
1083;Syddanmark;2020-09-30;2;
1084;Hovedstaden;2020-10-01;5;
1082;Midtjylland;2020-10-01;5;
1081;Nordjylland;2020-10-01;2;
1085;Sjælland;2020-10-01;2;
1083;Syddanmark;2020-10-01;4;
1084;Hovedstaden;2020-10-02;2;
1082;Midtjylland;2020-10-02;4;
1081;Nordjylland;2020-10-02;2;
1085;Sjælland;2020-10-02;5;
1084;Hovedstaden;2020-10-03;10;
1082;Midtjylland;2020-10-03;1;
1084;Hovedstaden;2020-10-04;12;
1082;Midtjylland;2020-10-04;4;
1081;Nordjylland;2020-10-04;1;
1085;Sjælland;2020-10-04;1;
1083;Syddanmark;2020-10-04;4;
1084;Hovedstaden;2020-10-05;12;
1082;Midtjylland;2020-10-05;6;
1081;Nordjylland;2020-10-05;1;
1085;Sjælland;2020-10-05;3;
1083;Syddanmark;2020-10-05;2;
1084;Hovedstaden;2020-10-06;6;
1082;Midtjylland;2020-10-06;1;
1083;Syddanmark;2020-10-06;2;
1084;Hovedstaden;2020-10-07;6;
1082;Midtjylland;2020-10-07;3;
1081;Nordjylland;2020-10-07;1;
1085;Sjælland;2020-10-07;2;
1083;Syddanmark;2020-10-07;1;
1084;Hovedstaden;2020-10-08;2;
1082;Midtjylland;2020-10-08;1;
1085;Sjælland;2020-10-08;1;
1083;Syddanmark;2020-10-08;1;
1084;Hovedstaden;2020-10-09;2;
1082;Midtjylland;2020-10-09;3;
1081;Nordjylland;2020-10-09;1;
1085;Sjælland;2020-10-09;2;
1083;Syddanmark;2020-10-09;3;
1084;Hovedstaden;2020-10-10;5;
1082;Midtjylland;2020-10-10;2;
1081;Nordjylland;2020-10-10;2;
1085;Sjælland;2020-10-10;2;
1084;Hovedstaden;2020-10-11;5;
1082;Midtjylland;2020-10-11;2;
1081;Nordjylland;2020-10-11;1;
1085;Sjælland;2020-10-11;1;
1083;Syddanmark;2020-10-11;2;
1084;Hovedstaden;2020-10-12;11;
1082;Midtjylland;2020-10-12;5;
1081;Nordjylland;2020-10-12;1;
1085;Sjælland;2020-10-12;1;
1083;Syddanmark;2020-10-12;2;
1084;Hovedstaden;2020-10-13;7;
1082;Midtjylland;2020-10-13;4;
1081;Nordjylland;2020-10-13;1;
1085;Sjælland;2020-10-13;1;
1083;Syddanmark;2020-10-13;3;
1084;Hovedstaden;2020-10-14;7;
1082;Midtjylland;2020-10-14;5;
1081;Nordjylland;2020-10-14;2;
1083;Syddanmark;2020-10-14;2;
1084;Hovedstaden;2020-10-15;11;
1082;Midtjylland;2020-10-15;3;
1081;Nordjylland;2020-10-15;5;
1083;Syddanmark;2020-10-15;1;
1084;Hovedstaden;2020-10-16;7;
1082;Midtjylland;2020-10-16;2;
1081;Nordjylland;2020-10-16;1;
1085;Sjælland;2020-10-16;2;
1083;Syddanmark;2020-10-16;1;
1084;Hovedstaden;2020-10-17;7;
1082;Midtjylland;2020-10-17;3;
1081;Nordjylland;2020-10-17;1;
1085;Sjælland;2020-10-17;1;
1083;Syddanmark;2020-10-17;1;
1084;Hovedstaden;2020-10-18;8;
1082;Midtjylland;2020-10-18;4;
1081;Nordjylland;2020-10-18;3;
1083;Syddanmark;2020-10-18;5;
1084;Hovedstaden;2020-10-19;8;
1082;Midtjylland;2020-10-19;5;
1081;Nordjylland;2020-10-19;1;
1085;Sjælland;2020-10-19;4;
1083;Syddanmark;2020-10-19;3;
1084;Hovedstaden;2020-10-20;7;
1082;Midtjylland;2020-10-20;3;
1081;Nordjylland;2020-10-20;1;
1083;Syddanmark;2020-10-20;4;
1084;Hovedstaden;2020-10-21;13;
1082;Midtjylland;2020-10-21;5;
1081;Nordjylland;2020-10-21;1;
1085;Sjælland;2020-10-21;2;
1083;Syddanmark;2020-10-21;4;
1084;Hovedstaden;2020-10-22;11;
1082;Midtjylland;2020-10-22;2;
1085;Sjælland;2020-10-22;2;
1083;Syddanmark;2020-10-22;2;
1084;Hovedstaden;2020-10-23;8;
1082;Midtjylland;2020-10-23;2;
1081;Nordjylland;2020-10-23;4;
1085;Sjælland;2020-10-23;5;
1083;Syddanmark;2020-10-23;2;
1084;Hovedstaden;2020-10-24;11;
1082;Midtjylland;2020-10-24;3;
1081;Nordjylland;2020-10-24;1;
1085;Sjælland;2020-10-24;3;
1083;Syddanmark;2020-10-24;2;
1084;Hovedstaden;2020-10-25;12;
1082;Midtjylland;2020-10-25;2;
1081;Nordjylland;2020-10-25;3;
1085;Sjælland;2020-10-25;1;
1083;Syddanmark;2020-10-25;6;
1084;Hovedstaden;2020-10-26;6;
1082;Midtjylland;2020-10-26;6;
1081;Nordjylland;2020-10-26;3;
1085;Sjælland;2020-10-26;6;
1083;Syddanmark;2020-10-26;3;
1084;Hovedstaden;2020-10-27;17;
1082;Midtjylland;2020-10-27;8;
1081;Nordjylland;2020-10-27;4;
1085;Sjælland;2020-10-27;1;
1083;Syddanmark;2020-10-27;3;
1084;Hovedstaden;2020-10-28;10;
1082;Midtjylland;2020-10-28;5;
1081;Nordjylland;2020-10-28;5;
1085;Sjælland;2020-10-28;2;
1083;Syddanmark;2020-10-28;5;
1084;Hovedstaden;2020-10-29;13;
1082;Midtjylland;2020-10-29;5;
1081;Nordjylland;2020-10-29;4;
1085;Sjælland;2020-10-29;1;
1083;Syddanmark;2020-10-29;8;
1084;Hovedstaden;2020-10-30;7;
1082;Midtjylland;2020-10-30;8;
1081;Nordjylland;2020-10-30;5;
1085;Sjælland;2020-10-30;4;
1083;Syddanmark;2020-10-30;5;
1084;Hovedstaden;2020-10-31;17;
1082;Midtjylland;2020-10-31;3;
1081;Nordjylland;2020-10-31;4;
1085;Sjælland;2020-10-31;4;
1083;Syddanmark;2020-10-31;6;
1084;Hovedstaden;2020-11-01;11;
1082;Midtjylland;2020-11-01;5;
1085;Sjælland;2020-11-01;1;
1083;Syddanmark;2020-11-01;12;
1084;Hovedstaden;2020-11-02;18;
1082;Midtjylland;2020-11-02;3;
1081;Nordjylland;2020-11-02;3;
1085;Sjælland;2020-11-02;4;
1083;Syddanmark;2020-11-02;8;
1084;Hovedstaden;2020-11-03;16;
1082;Midtjylland;2020-11-03;4;
1081;Nordjylland;2020-11-03;6;
1085;Sjælland;2020-11-03;7;
1083;Syddanmark;2020-11-03;3;
1084;Hovedstaden;2020-11-04;14;
1082;Midtjylland;2020-11-04;7;
1081;Nordjylland;2020-11-04;4;
1085;Sjælland;2020-11-04;11;
1083;Syddanmark;2020-11-04;4;
1084;Hovedstaden;2020-11-05;11;
1082;Midtjylland;2020-11-05;5;
1081;Nordjylland;2020-11-05;5;
1085;Sjælland;2020-11-05;7;
1083;Syddanmark;2020-11-05;9;
1084;Hovedstaden;2020-11-06;14;
1082;Midtjylland;2020-11-06;4;
1081;Nordjylland;2020-11-06;2;
1085;Sjælland;2020-11-06;2;
1083;Syddanmark;2020-11-06;6;
1084;Hovedstaden;2020-11-07;10;
1082;Midtjylland;2020-11-07;4;
1081;Nordjylland;2020-11-07;4;
1085;Sjælland;2020-11-07;4;
1083;Syddanmark;2020-11-07;3;
1084;Hovedstaden;2020-11-08;13;
1082;Midtjylland;2020-11-08;3;
1081;Nordjylland;2020-11-08;3;
1085;Sjælland;2020-11-08;5;
1083;Syddanmark;2020-11-08;6;
1084;Hovedstaden;2020-11-09;19;
1082;Midtjylland;2020-11-09;11;
1081;Nordjylland;2020-11-09;5;
1085;Sjælland;2020-11-09;8;
1083;Syddanmark;2020-11-09;6;
1084;Hovedstaden;2020-11-10;17;
1082;Midtjylland;2020-11-10;5;
1081;Nordjylland;2020-11-10;2;
1085;Sjælland;2020-11-10;6;
1083;Syddanmark;2020-11-10;6;
1084;Hovedstaden;2020-11-11;25;
1082;Midtjylland;2020-11-11;7;
1081;Nordjylland;2020-11-11;4;
1085;Sjælland;2020-11-11;4;
1083;Syddanmark;2020-11-11;2;
1084;Hovedstaden;2020-11-12;11;
1082;Midtjylland;2020-11-12;7;
1085;Sjælland;2020-11-12;3;
1083;Syddanmark;2020-11-12;5;
1084;Hovedstaden;2020-11-13;16;
1082;Midtjylland;2020-11-13;11;
1081;Nordjylland;2020-11-13;3;
1085;Sjælland;2020-11-13;5;
1083;Syddanmark;2020-11-13;3;
1084;Hovedstaden;2020-11-14;16;
1082;Midtjylland;2020-11-14;5;
1081;Nordjylland;2020-11-14;2;
1085;Sjælland;2020-11-14;7;
1083;Syddanmark;2020-11-14;2;
1084;Hovedstaden;2020-11-15;14;
1082;Midtjylland;2020-11-15;8;
1085;Sjælland;2020-11-15;3;
1083;Syddanmark;2020-11-15;2;
1084;Hovedstaden;2020-11-16;19;
1082;Midtjylland;2020-11-16;9;
1081;Nordjylland;2020-11-16;4;
1085;Sjælland;2020-11-16;6;
1083;Syddanmark;2020-11-16;4;
1084;Hovedstaden;2020-11-17;24;
1082;Midtjylland;2020-11-17;11;
1081;Nordjylland;2020-11-17;3;
1085;Sjælland;2020-11-17;4;
1083;Syddanmark;2020-11-17;11;
1084;Hovedstaden;2020-11-18;13;
1082;Midtjylland;2020-11-18;10;
1081;Nordjylland;2020-11-18;3;
1085;Sjælland;2020-11-18;6;
1083;Syddanmark;2020-11-18;6;
1084;Hovedstaden;2020-11-19;13;
1082;Midtjylland;2020-11-19;8;
1081;Nordjylland;2020-11-19;1;
1085;Sjælland;2020-11-19;9;
1083;Syddanmark;2020-11-19;5;
1084;Hovedstaden;2020-11-20;14;
1082;Midtjylland;2020-11-20;9;
1081;Nordjylland;2020-11-20;3;
1085;Sjælland;2020-11-20;4;
1083;Syddanmark;2020-11-20;7;
1084;Hovedstaden;2020-11-21;13;
1082;Midtjylland;2020-11-21;3;
1085;Sjælland;2020-11-21;4;
1083;Syddanmark;2020-11-21;7;
1084;Hovedstaden;2020-11-22;17;
1082;Midtjylland;2020-11-22;4;
1081;Nordjylland;2020-11-22;4;
1085;Sjælland;2020-11-22;2;
1083;Syddanmark;2020-11-22;5;
1084;Hovedstaden;2020-11-23;16;
1082;Midtjylland;2020-11-23;7;
1081;Nordjylland;2020-11-23;1;
1085;Sjælland;2020-11-23;6;
1083;Syddanmark;2020-11-23;7;
1084;Hovedstaden;2020-11-24;12;
1082;Midtjylland;2020-11-24;10;
1081;Nordjylland;2020-11-24;4;
1085;Sjælland;2020-11-24;6;
1083;Syddanmark;2020-11-24;5;
1084;Hovedstaden;2020-11-25;17;
1082;Midtjylland;2020-11-25;8;
1081;Nordjylland;2020-11-25;5;
1085;Sjælland;2020-11-25;8;
1083;Syddanmark;2020-11-25;4;
1084;Hovedstaden;2020-11-26;15;
1082;Midtjylland;2020-11-26;2;
1081;Nordjylland;2020-11-26;3;
1085;Sjælland;2020-11-26;6;
1083;Syddanmark;2020-11-26;11;
1084;Hovedstaden;2020-11-27;14;
1082;Midtjylland;2020-11-27;6;
1081;Nordjylland;2020-11-27;2;
1085;Sjælland;2020-11-27;2;
1083;Syddanmark;2020-11-27;2;
1084;Hovedstaden;2020-11-28;7;
1082;Midtjylland;2020-11-28;7;
1081;Nordjylland;2020-11-28;3;
1085;Sjælland;2020-11-28;6;
1083;Syddanmark;2020-11-28;5;
1084;Hovedstaden;2020-11-29;13;
1082;Midtjylland;2020-11-29;6;
1085;Sjælland;2020-11-29;7;
1083;Syddanmark;2020-11-29;4;
1084;Hovedstaden;2020-11-30;19;
1082;Midtjylland;2020-11-30;3;
1081;Nordjylland;2020-11-30;1;
1085;Sjælland;2020-11-30;2;
1083;Syddanmark;2020-11-30;8;
1084;Hovedstaden;2020-12-01;17;
1082;Midtjylland;2020-12-01;17;
1081;Nordjylland;2020-12-01;2;
1085;Sjælland;2020-12-01;3;
1083;Syddanmark;2020-12-01;7;
1084;Hovedstaden;2020-12-02;20;
1082;Midtjylland;2020-12-02;9;
1081;Nordjylland;2020-12-02;2;
1085;Sjælland;2020-12-02;5;
1083;Syddanmark;2020-12-02;7;
1084;Hovedstaden;2020-12-03;27;
1082;Midtjylland;2020-12-03;8;
1085;Sjælland;2020-12-03;9;
1083;Syddanmark;2020-12-03;5;
1084;Hovedstaden;2020-12-04;20;
1082;Midtjylland;2020-12-04;10;
1081;Nordjylland;2020-12-04;1;
1085;Sjælland;2020-12-04;7;
1083;Syddanmark;2020-12-04;4;
1084;Hovedstaden;2020-12-05;26;
1082;Midtjylland;2020-12-05;9;
1081;Nordjylland;2020-12-05;2;
1085;Sjælland;2020-12-05;10;
1083;Syddanmark;2020-12-05;5;
1084;Hovedstaden;2020-12-06;29;
1082;Midtjylland;2020-12-06;7;
1085;Sjælland;2020-12-06;10;
1083;Syddanmark;2020-12-06;4;
1084;Hovedstaden;2020-12-07;42;
1082;Midtjylland;2020-12-07;12;
1081;Nordjylland;2020-12-07;1;
1085;Sjælland;2020-12-07;9;
1083;Syddanmark;2020-12-07;6;
1084;Hovedstaden;2020-12-08;29;
1082;Midtjylland;2020-12-08;6;
1081;Nordjylland;2020-12-08;3;
1085;Sjælland;2020-12-08;8;
1083;Syddanmark;2020-12-08;4;
1084;Hovedstaden;2020-12-09;25;
1082;Midtjylland;2020-12-09;12;
1081;Nordjylland;2020-12-09;1;
1085;Sjælland;2020-12-09;9;
1083;Syddanmark;2020-12-09;6;
1084;Hovedstaden;2020-12-10;39;
1082;Midtjylland;2020-12-10;14;
1081;Nordjylland;2020-12-10;1;
1085;Sjælland;2020-12-10;12;
1083;Syddanmark;2020-12-10;12;
1084;Hovedstaden;2020-12-11;36;
1082;Midtjylland;2020-12-11;20;
1081;Nordjylland;2020-12-11;1;
1085;Sjælland;2020-12-11;11;
1083;Syddanmark;2020-12-11;6;
1084;Hovedstaden;2020-12-12;36;
1082;Midtjylland;2020-12-12;8;
1081;Nordjylland;2020-12-12;3;
1085;Sjælland;2020-12-12;4;
1083;Syddanmark;2020-12-12;6;
1084;Hovedstaden;2020-12-13;45;
1082;Midtjylland;2020-12-13;13;
1081;Nordjylland;2020-12-13;3;
1085;Sjælland;2020-12-13;16;
1083;Syddanmark;2020-12-13;10;
1084;Hovedstaden;2020-12-14;54;
1082;Midtjylland;2020-12-14;9;
1081;Nordjylland;2020-12-14;2;
1085;Sjælland;2020-12-14;20;
1083;Syddanmark;2020-12-14;10;
1084;Hovedstaden;2020-12-15;61;
1082;Midtjylland;2020-12-15;15;
1081;Nordjylland;2020-12-15;3;
1085;Sjælland;2020-12-15;30;
1083;Syddanmark;2020-12-15;12;
1084;Hovedstaden;2020-12-16;68;
1082;Midtjylland;2020-12-16;10;
1081;Nordjylland;2020-12-16;6;
1085;Sjælland;2020-12-16;13;
1083;Syddanmark;2020-12-16;11;
1084;Hovedstaden;2020-12-17;73;
1082;Midtjylland;2020-12-17;16;
1081;Nordjylland;2020-12-17;5;
1085;Sjælland;2020-12-17;20;
1083;Syddanmark;2020-12-17;6;
1084;Hovedstaden;2020-12-18;62;
1082;Midtjylland;2020-12-18;15;
1081;Nordjylland;2020-12-18;6;
1085;Sjælland;2020-12-18;20;
1083;Syddanmark;2020-12-18;11;
1084;Hovedstaden;2020-12-19;70;
1082;Midtjylland;2020-12-19;17;
1081;Nordjylland;2020-12-19;9;
1085;Sjælland;2020-12-19;14;
1083;Syddanmark;2020-12-19;11;
1084;Hovedstaden;2020-12-20;60;
1082;Midtjylland;2020-12-20;19;
1081;Nordjylland;2020-12-20;6;
1085;Sjælland;2020-12-20;18;
1083;Syddanmark;2020-12-20;11;
1084;Hovedstaden;2020-12-21;87;
1082;Midtjylland;2020-12-21;20;
1081;Nordjylland;2020-12-21;9;
1085;Sjælland;2020-12-21;23;
1083;Syddanmark;2020-12-21;18;
1084;Hovedstaden;2020-12-22;67;
1082;Midtjylland;2020-12-22;15;
1081;Nordjylland;2020-12-22;9;
1085;Sjælland;2020-12-22;24;
1083;Syddanmark;2020-12-22;10;
1084;Hovedstaden;2020-12-23;57;
1082;Midtjylland;2020-12-23;20;
1081;Nordjylland;2020-12-23;15;
1085;Sjælland;2020-12-23;20;
1083;Syddanmark;2020-12-23;14;
1084;Hovedstaden;2020-12-24;58;
1082;Midtjylland;2020-12-24;17;
1081;Nordjylland;2020-12-24;5;
1085;Sjælland;2020-12-24;17;
1083;Syddanmark;2020-12-24;7;
1084;Hovedstaden;2020-12-25;82;
1082;Midtjylland;2020-12-25;20;
1081;Nordjylland;2020-12-25;3;
1085;Sjælland;2020-12-25;22;
1083;Syddanmark;2020-12-25;11;
1084;Hovedstaden;2020-12-26;65;
1082;Midtjylland;2020-12-26;17;
1081;Nordjylland;2020-12-26;9;
1085;Sjælland;2020-12-26;16;
1083;Syddanmark;2020-12-26;12;
1084;Hovedstaden;2020-12-27;60;
1082;Midtjylland;2020-12-27;18;
1081;Nordjylland;2020-12-27;9;
1085;Sjælland;2020-12-27;21;
1083;Syddanmark;2020-12-27;11;
1084;Hovedstaden;2020-12-28;69;
1082;Midtjylland;2020-12-28;33;
1081;Nordjylland;2020-12-28;8;
1085;Sjælland;2020-12-28;32;
1083;Syddanmark;2020-12-28;32;
1084;Hovedstaden;2020-12-29;67;
1082;Midtjylland;2020-12-29;29;
1081;Nordjylland;2020-12-29;3;
1085;Sjælland;2020-12-29;17;
1083;Syddanmark;2020-12-29;10;
1084;Hovedstaden;2020-12-30;67;
1082;Midtjylland;2020-12-30;14;
1081;Nordjylland;2020-12-30;4;
1085;Sjælland;2020-12-30;22;
1083;Syddanmark;2020-12-30;9;
1084;Hovedstaden;2020-12-31;52;
1082;Midtjylland;2020-12-31;13;
1081;Nordjylland;2020-12-31;7;
1085;Sjælland;2020-12-31;17;
1083;Syddanmark;2020-12-31;18;
1084;Hovedstaden;2021-01-01;62;
1082;Midtjylland;2021-01-01;21;
1081;Nordjylland;2021-01-01;9;
1085;Sjælland;2021-01-01;20;
1083;Syddanmark;2021-01-01;17;
1084;Hovedstaden;2021-01-02;54;
1082;Midtjylland;2021-01-02;16;
1081;Nordjylland;2021-01-02;13;
1085;Sjælland;2021-01-02;29;
1083;Syddanmark;2021-01-02;11;
1084;Hovedstaden;2021-01-03;48;
1082;Midtjylland;2021-01-03;8;
1081;Nordjylland;2021-01-03;12;
1085;Sjælland;2021-01-03;26;
1083;Syddanmark;2021-01-03;11;
1084;Hovedstaden;2021-01-04;49;
1082;Midtjylland;2021-01-04;25;
1081;Nordjylland;2021-01-04;12;
1085;Sjælland;2021-01-04;28;
1083;Syddanmark;2021-01-04;13;
1084;Hovedstaden;2021-01-05;36;
1082;Midtjylland;2021-01-05;17;
1081;Nordjylland;2021-01-05;6;
1085;Sjælland;2021-01-05;21;
1083;Syddanmark;2021-01-05;15;
1084;Hovedstaden;2021-01-06;55;
1082;Midtjylland;2021-01-06;19;
1081;Nordjylland;2021-01-06;8;
1085;Sjælland;2021-01-06;25;
1083;Syddanmark;2021-01-06;12;
1084;Hovedstaden;2021-01-07;66;
1082;Midtjylland;2021-01-07;16;
1081;Nordjylland;2021-01-07;10;
1085;Sjælland;2021-01-07;20;
1083;Syddanmark;2021-01-07;17;
1084;Hovedstaden;2021-01-08;39;
1082;Midtjylland;2021-01-08;17;
1081;Nordjylland;2021-01-08;8;
1085;Sjælland;2021-01-08;23;
1083;Syddanmark;2021-01-08;10;
1084;Hovedstaden;2021-01-09;56;
1082;Midtjylland;2021-01-09;11;
1081;Nordjylland;2021-01-09;7;
1085;Sjælland;2021-01-09;16;
1083;Syddanmark;2021-01-09;14;
1084;Hovedstaden;2021-01-10;34;
1082;Midtjylland;2021-01-10;15;
1081;Nordjylland;2021-01-10;12;
1085;Sjælland;2021-01-10;20;
1083;Syddanmark;2021-01-10;13;
1084;Hovedstaden;2021-01-11;50;
1082;Midtjylland;2021-01-11;23;
1081;Nordjylland;2021-01-11;3;
1085;Sjælland;2021-01-11;22;
1083;Syddanmark;2021-01-11;18;
1084;Hovedstaden;2021-01-12;40;
1082;Midtjylland;2021-01-12;21;
1081;Nordjylland;2021-01-12;5;
1085;Sjælland;2021-01-12;14;
1083;Syddanmark;2021-01-12;10;
1084;Hovedstaden;2021-01-13;50;
1082;Midtjylland;2021-01-13;12;
1081;Nordjylland;2021-01-13;5;
1085;Sjælland;2021-01-13;20;
1083;Syddanmark;2021-01-13;4;
1084;Hovedstaden;2021-01-14;34;
1082;Midtjylland;2021-01-14;16;
1081;Nordjylland;2021-01-14;5;
1085;Sjælland;2021-01-14;13;
1083;Syddanmark;2021-01-14;10;
1084;Hovedstaden;2021-01-15;32;
1082;Midtjylland;2021-01-15;14;
1081;Nordjylland;2021-01-15;4;
1085;Sjælland;2021-01-15;19;
1083;Syddanmark;2021-01-15;20;
1084;Hovedstaden;2021-01-16;27;
1082;Midtjylland;2021-01-16;11;
1081;Nordjylland;2021-01-16;3;
1085;Sjælland;2021-01-16;12;
1083;Syddanmark;2021-01-16;14;
1084;Hovedstaden;2021-01-17;34;
1082;Midtjylland;2021-01-17;4;
1081;Nordjylland;2021-01-17;7;
1085;Sjælland;2021-01-17;15;
1083;Syddanmark;2021-01-17;11;
1084;Hovedstaden;2021-01-18;48;
1082;Midtjylland;2021-01-18;17;
1081;Nordjylland;2021-01-18;11;
1085;Sjælland;2021-01-18;22;
1083;Syddanmark;2021-01-18;16;
1084;Hovedstaden;2021-01-19;42;
1082;Midtjylland;2021-01-19;10;
1081;Nordjylland;2021-01-19;14;
1085;Sjælland;2021-01-19;18;
1083;Syddanmark;2021-01-19;15;
1084;Hovedstaden;2021-01-20;29;
1082;Midtjylland;2021-01-20;6;
1081;Nordjylland;2021-01-20;11;
1085;Sjælland;2021-01-20;7;
1083;Syddanmark;2021-01-20;11;
1084;Hovedstaden;2021-01-21;39;
1082;Midtjylland;2021-01-21;8;
1081;Nordjylland;2021-01-21;7;
1085;Sjælland;2021-01-21;16;
1083;Syddanmark;2021-01-21;10;
1084;Hovedstaden;2021-01-22;32;
1082;Midtjylland;2021-01-22;9;
1081;Nordjylland;2021-01-22;5;
1085;Sjælland;2021-01-22;12;
1083;Syddanmark;2021-01-22;8;
1084;Hovedstaden;2021-01-23;27;
1082;Midtjylland;2021-01-23;3;
1081;Nordjylland;2021-01-23;3;
1085;Sjælland;2021-01-23;14;
1083;Syddanmark;2021-01-23;2;
1084;Hovedstaden;2021-01-24;22;
1082;Midtjylland;2021-01-24;9;
1081;Nordjylland;2021-01-24;7;
1085;Sjælland;2021-01-24;11;
1083;Syddanmark;2021-01-24;7;
1084;Hovedstaden;2021-01-25;33;
1082;Midtjylland;2021-01-25;5;
1081;Nordjylland;2021-01-25;5;
1085;Sjælland;2021-01-25;9;
1083;Syddanmark;2021-01-25;8;
1084;Hovedstaden;2021-01-26;25;
1082;Midtjylland;2021-01-26;5;
1081;Nordjylland;2021-01-26;5;
1085;Sjælland;2021-01-26;7;
1083;Syddanmark;2021-01-26;3;
1084;Hovedstaden;2021-01-27;23;
1082;Midtjylland;2021-01-27;5;
1081;Nordjylland;2021-01-27;3;
1085;Sjælland;2021-01-27;10;
1083;Syddanmark;2021-01-27;7;
1084;Hovedstaden;2021-01-28;16;
1082;Midtjylland;2021-01-28;8;
1081;Nordjylland;2021-01-28;4;
1085;Sjælland;2021-01-28;10;
1083;Syddanmark;2021-01-28;7;
1084;Hovedstaden;2021-01-29;17;
1082;Midtjylland;2021-01-29;5;
1081;Nordjylland;2021-01-29;5;
1085;Sjælland;2021-01-29;12;
1083;Syddanmark;2021-01-29;5;
1084;Hovedstaden;2021-01-30;10;
1082;Midtjylland;2021-01-30;2;
1081;Nordjylland;2021-01-30;5;
1085;Sjælland;2021-01-30;7;
1083;Syddanmark;2021-01-30;2;
1084;Hovedstaden;2021-01-31;18;
1082;Midtjylland;2021-01-31;6;
1081;Nordjylland;2021-01-31;2;
1085;Sjælland;2021-01-31;5;
1083;Syddanmark;2021-01-31;7;
1084;Hovedstaden;2021-02-01;23;
1082;Midtjylland;2021-02-01;4;
1081;Nordjylland;2021-02-01;2;
1085;Sjælland;2021-02-01;7;
1083;Syddanmark;2021-02-01;7;
1084;Hovedstaden;2021-02-02;18;
1082;Midtjylland;2021-02-02;3;
1081;Nordjylland;2021-02-02;6;
1085;Sjælland;2021-02-02;2;
1083;Syddanmark;2021-02-02;4;
1084;Hovedstaden;2021-02-03;7;
1082;Midtjylland;2021-02-03;2;
1081;Nordjylland;2021-02-03;6;
1085;Sjælland;2021-02-03;7;
1083;Syddanmark;2021-02-03;4;
1084;Hovedstaden;2021-02-04;16;
1082;Midtjylland;2021-02-04;2;
1081;Nordjylland;2021-02-04;1;
1085;Sjælland;2021-02-04;6;
1083;Syddanmark;2021-02-04;3;
1084;Hovedstaden;2021-02-05;14;
1082;Midtjylland;2021-02-05;5;
1081;Nordjylland;2021-02-05;3;
1085;Sjælland;2021-02-05;11;
1083;Syddanmark;2021-02-05;1;
1084;Hovedstaden;2021-02-06;6;
1082;Midtjylland;2021-02-06;1;
1081;Nordjylland;2021-02-06;3;
1085;Sjælland;2021-02-06;3;
1083;Syddanmark;2021-02-06;4;
1084;Hovedstaden;2021-02-07;21;
1082;Midtjylland;2021-02-07;1;
1081;Nordjylland;2021-02-07;2;
1085;Sjælland;2021-02-07;1;
1083;Syddanmark;2021-02-07;2;
1084;Hovedstaden;2021-02-08;10;
1082;Midtjylland;2021-02-08;4;
1081;Nordjylland;2021-02-08;3;
1085;Sjælland;2021-02-08;7;
1083;Syddanmark;2021-02-08;4;
1084;Hovedstaden;2021-02-09;15;
1082;Midtjylland;2021-02-09;1;
1081;Nordjylland;2021-02-09;8;
1085;Sjælland;2021-02-09;5;
1083;Syddanmark;2021-02-09;6;
1084;Hovedstaden;2021-02-10;15;
1082;Midtjylland;2021-02-10;4;
1081;Nordjylland;2021-02-10;1;
1085;Sjælland;2021-02-10;8;
1083;Syddanmark;2021-02-10;5;
1084;Hovedstaden;2021-02-11;5;
1082;Midtjylland;2021-02-11;5;
1081;Nordjylland;2021-02-11;1;
1085;Sjælland;2021-02-11;5;
1083;Syddanmark;2021-02-11;5;
1084;Hovedstaden;2021-02-12;9;
1082;Midtjylland;2021-02-12;1;
1081;Nordjylland;2021-02-12;1;
1085;Sjælland;2021-02-12;3;
1083;Syddanmark;2021-02-12;3;
1084;Hovedstaden;2021-02-13;10;
1082;Midtjylland;2021-02-13;1;
1081;Nordjylland;2021-02-13;1;
1085;Sjælland;2021-02-13;7;
1083;Syddanmark;2021-02-13;8;
1084;Hovedstaden;2021-02-14;3;
1082;Midtjylland;2021-02-14;3;
1081;Nordjylland;2021-02-14;1;
1085;Sjælland;2021-02-14;8;
1083;Syddanmark;2021-02-14;2;
1084;Hovedstaden;2021-02-15;5;
1082;Midtjylland;2021-02-15;4;
1081;Nordjylland;2021-02-15;4;
1085;Sjælland;2021-02-15;7;
1083;Syddanmark;2021-02-15;3;
1084;Hovedstaden;2021-02-16;9;
1082;Midtjylland;2021-02-16;2;
1081;Nordjylland;2021-02-16;1;
1085;Sjælland;2021-02-16;3;
1083;Syddanmark;2021-02-16;4;
1084;Hovedstaden;2021-02-17;7;
1082;Midtjylland;2021-02-17;2;
1081;Nordjylland;2021-02-17;4;
1085;Sjælland;2021-02-17;5;
1083;Syddanmark;2021-02-17;2;
1084;Hovedstaden;2021-02-18;7;
1082;Midtjylland;2021-02-18;2;
1081;Nordjylland;2021-02-18;5;
1085;Sjælland;2021-02-18;8;
1083;Syddanmark;2021-02-18;5;
1084;Hovedstaden;2021-02-19;8;
1082;Midtjylland;2021-02-19;2;
1081;Nordjylland;2021-02-19;1;
1085;Sjælland;2021-02-19;5;
1083;Syddanmark;2021-02-19;9;
1084;Hovedstaden;2021-02-20;8;
1082;Midtjylland;2021-02-20;1;
1081;Nordjylland;2021-02-20;2;
1085;Sjælland;2021-02-20;3;
1083;Syddanmark;2021-02-20;4;
1084;Hovedstaden;2021-02-21;6;
1081;Nordjylland;2021-02-21;3;
1085;Sjælland;2021-02-21;4;
1083;Syddanmark;2021-02-21;5;
1084;Hovedstaden;2021-02-22;13;
1082;Midtjylland;2021-02-22;3;
1081;Nordjylland;2021-02-22;3;
1085;Sjælland;2021-02-22;7;
1083;Syddanmark;2021-02-22;3;
1084;Hovedstaden;2021-02-23;6;
1082;Midtjylland;2021-02-23;2;
1081;Nordjylland;2021-02-23;4;
1085;Sjælland;2021-02-23;5;
1083;Syddanmark;2021-02-23;4;
1084;Hovedstaden;2021-02-24;9;
1082;Midtjylland;2021-02-24;4;
1081;Nordjylland;2021-02-24;4;
1085;Sjælland;2021-02-24;3;
1083;Syddanmark;2021-02-24;6;
1084;Hovedstaden;2021-02-25;14;
1082;Midtjylland;2021-02-25;4;
1085;Sjælland;2021-02-25;4;
1083;Syddanmark;2021-02-25;10;
1084;Hovedstaden;2021-02-26;7;
1082;Midtjylland;2021-02-26;2;
1081;Nordjylland;2021-02-26;1;
1085;Sjælland;2021-02-26;3;
1083;Syddanmark;2021-02-26;8;
1084;Hovedstaden;2021-02-27;10;
1082;Midtjylland;2021-02-27;4;
1085;Sjælland;2021-02-27;5;
1083;Syddanmark;2021-02-27;5;
1084;Hovedstaden;2021-02-28;10;
1082;Midtjylland;2021-02-28;1;
1081;Nordjylland;2021-02-28;1;
1085;Sjælland;2021-02-28;2;
1083;Syddanmark;2021-02-28;7;
1084;Hovedstaden;2021-03-01;6;
1082;Midtjylland;2021-03-01;2;
1085;Sjælland;2021-03-01;8;
1083;Syddanmark;2021-03-01;4;
1084;Hovedstaden;2021-03-02;14;
1082;Midtjylland;2021-03-02;2;
1081;Nordjylland;2021-03-02;2;
1085;Sjælland;2021-03-02;8;
1083;Syddanmark;2021-03-02;6;
1084;Hovedstaden;2021-03-03;12;
1082;Midtjylland;2021-03-03;3;
1081;Nordjylland;2021-03-03;2;
1085;Sjælland;2021-03-03;1;
1083;Syddanmark;2021-03-03;9;
1084;Hovedstaden;2021-03-04;12;
1082;Midtjylland;2021-03-04;4;
1081;Nordjylland;2021-03-04;1;
1085;Sjælland;2021-03-04;2;
1083;Syddanmark;2021-03-04;8;
1084;Hovedstaden;2021-03-05;4;
1082;Midtjylland;2021-03-05;5;
1085;Sjælland;2021-03-05;4;
1083;Syddanmark;2021-03-05;4;
1084;Hovedstaden;2021-03-06;14;
1082;Midtjylland;2021-03-06;6;
1081;Nordjylland;2021-03-06;3;
1085;Sjælland;2021-03-06;6;
1083;Syddanmark;2021-03-06;10;
1084;Hovedstaden;2021-03-07;10;
1082;Midtjylland;2021-03-07;2;
1081;Nordjylland;2021-03-07;1;
1085;Sjælland;2021-03-07;5;
1083;Syddanmark;2021-03-07;8;
1084;Hovedstaden;2021-03-08;10;
1082;Midtjylland;2021-03-08;2;
1085;Sjælland;2021-03-08;4;
1083;Syddanmark;2021-03-08;5;
1084;Hovedstaden;2021-03-09;12;
1082;Midtjylland;2021-03-09;1;
1085;Sjælland;2021-03-09;10;
1083;Syddanmark;2021-03-09;9;
1084;Hovedstaden;2021-03-10;7;
1082;Midtjylland;2021-03-10;2;
1085;Sjælland;2021-03-10;6;
1083;Syddanmark;2021-03-10;10;
1084;Hovedstaden;2021-03-11;13;
1082;Midtjylland;2021-03-11;2;
1081;Nordjylland;2021-03-11;1;
1085;Sjælland;2021-03-11;5;
1083;Syddanmark;2021-03-11;5;
1084;Hovedstaden;2021-03-12;8;
1082;Midtjylland;2021-03-12;2;
1081;Nordjylland;2021-03-12;1;
1085;Sjælland;2021-03-12;2;
1083;Syddanmark;2021-03-12;6;
1084;Hovedstaden;2021-03-13;13;
1082;Midtjylland;2021-03-13;1;
1085;Sjælland;2021-03-13;7;
1083;Syddanmark;2021-03-13;7;
1084;Hovedstaden;2021-03-14;8;
1082;Midtjylland;2021-03-14;1;
1081;Nordjylland;2021-03-14;1;
1085;Sjælland;2021-03-14;3;
1083;Syddanmark;2021-03-14;8;
1084;Hovedstaden;2021-03-15;7;
1082;Midtjylland;2021-03-15;5;
1085;Sjælland;2021-03-15;7;
1083;Syddanmark;2021-03-15;2;
1084;Hovedstaden;2021-03-16;12;
1081;Nordjylland;2021-03-16;2;
1085;Sjælland;2021-03-16;3;
1083;Syddanmark;2021-03-16;10;
1084;Hovedstaden;2021-03-17;7;
1082;Midtjylland;2021-03-17;4;
1085;Sjælland;2021-03-17;4;
1083;Syddanmark;2021-03-17;5;
1084;Hovedstaden;2021-03-18;11;
1082;Midtjylland;2021-03-18;2;
1081;Nordjylland;2021-03-18;1;
1085;Sjælland;2021-03-18;5;
1083;Syddanmark;2021-03-18;10;
1084;Hovedstaden;2021-03-19;7;
1082;Midtjylland;2021-03-19;2;
1081;Nordjylland;2021-03-19;1;
1085;Sjælland;2021-03-19;3;
1083;Syddanmark;2021-03-19;3;
1084;Hovedstaden;2021-03-20;8;
1082;Midtjylland;2021-03-20;1;
1081;Nordjylland;2021-03-20;2;
1085;Sjælland;2021-03-20;5;
1083;Syddanmark;2021-03-20;3;
1084;Hovedstaden;2021-03-21;10;
1082;Midtjylland;2021-03-21;5;
1081;Nordjylland;2021-03-21;1;
1085;Sjælland;2021-03-21;3;
1083;Syddanmark;2021-03-21;11;
1084;Hovedstaden;2021-03-22;23;
1082;Midtjylland;2021-03-22;5;
1081;Nordjylland;2021-03-22;1;
1085;Sjælland;2021-03-22;6;
1083;Syddanmark;2021-03-22;4;
1084;Hovedstaden;2021-03-23;9;
1082;Midtjylland;2021-03-23;3;
1081;Nordjylland;2021-03-23;2;
1085;Sjælland;2021-03-23;3;
1083;Syddanmark;2021-03-23;6;
1084;Hovedstaden;2021-03-24;5;
1082;Midtjylland;2021-03-24;5;
1081;Nordjylland;2021-03-24;1;
1085;Sjælland;2021-03-24;4;
1083;Syddanmark;2021-03-24;10;
1084;Hovedstaden;2021-03-25;15;
1082;Midtjylland;2021-03-25;7;
1081;Nordjylland;2021-03-25;2;
1085;Sjælland;2021-03-25;3;
1083;Syddanmark;2021-03-25;11;
1084;Hovedstaden;2021-03-26;11;
1082;Midtjylland;2021-03-26;3;
1081;Nordjylland;2021-03-26;3;
1083;Syddanmark;2021-03-26;7;
1084;Hovedstaden;2021-03-27;16;
1082;Midtjylland;2021-03-27;5;
1081;Nordjylland;2021-03-27;1;
1085;Sjælland;2021-03-27;6;
1083;Syddanmark;2021-03-27;5;
1084;Hovedstaden;2021-03-28;12;
1082;Midtjylland;2021-03-28;4;
1081;Nordjylland;2021-03-28;1;
1085;Sjælland;2021-03-28;6;
1083;Syddanmark;2021-03-28;5;
1084;Hovedstaden;2021-03-29;17;
1082;Midtjylland;2021-03-29;6;
1081;Nordjylland;2021-03-29;7;
1085;Sjælland;2021-03-29;4;
1083;Syddanmark;2021-03-29;7;
1084;Hovedstaden;2021-03-30;21;
1082;Midtjylland;2021-03-30;2;
1085;Sjælland;2021-03-30;3;
1083;Syddanmark;2021-03-30;3;
1084;Hovedstaden;2021-03-31;11;
1082;Midtjylland;2021-03-31;5;
1081;Nordjylland;2021-03-31;2;
1085;Sjælland;2021-03-31;7;
1083;Syddanmark;2021-03-31;8;
1084;Hovedstaden;2021-04-01;13;
1082;Midtjylland;2021-04-01;8;
1083;Syddanmark;2021-04-01;8;
1084;Hovedstaden;2021-04-02;12;
1082;Midtjylland;2021-04-02;4;
1081;Nordjylland;2021-04-02;1;
1085;Sjælland;2021-04-02;2;
1083;Syddanmark;2021-04-02;9;
1084;Hovedstaden;2021-04-03;14;
1082;Midtjylland;2021-04-03;2;
1081;Nordjylland;2021-04-03;2;
1085;Sjælland;2021-04-03;3;
1083;Syddanmark;2021-04-03;4;
1084;Hovedstaden;2021-04-04;12;
1082;Midtjylland;2021-04-04;1;
1081;Nordjylland;2021-04-04;3;
1085;Sjælland;2021-04-04;4;
1083;Syddanmark;2021-04-04;5;
1084;Hovedstaden;2021-04-05;13;
1082;Midtjylland;2021-04-05;2;
1085;Sjælland;2021-04-05;4;
1083;Syddanmark;2021-04-05;3;
1084;Hovedstaden;2021-04-06;21;
1082;Midtjylland;2021-04-06;7;
1081;Nordjylland;2021-04-06;3;
1085;Sjælland;2021-04-06;4;
1083;Syddanmark;2021-04-06;5;
1084;Hovedstaden;2021-04-07;10;
1082;Midtjylland;2021-04-07;3;
1081;Nordjylland;2021-04-07;6;
1085;Sjælland;2021-04-07;3;
1083;Syddanmark;2021-04-07;2;
1084;Hovedstaden;2021-04-08;15;
1082;Midtjylland;2021-04-08;4;
1081;Nordjylland;2021-04-08;2;
1085;Sjælland;2021-04-08;7;
1083;Syddanmark;2021-04-08;2;
1084;Hovedstaden;2021-04-09;12;
1082;Midtjylland;2021-04-09;3;
1081;Nordjylland;2021-04-09;2;
1085;Sjælland;2021-04-09;3;
1083;Syddanmark;2021-04-09;4;
1084;Hovedstaden;2021-04-10;12;
1082;Midtjylland;2021-04-10;4;
1085;Sjælland;2021-04-10;1;
1083;Syddanmark;2021-04-10;4;
1084;Hovedstaden;2021-04-11;11;
1082;Midtjylland;2021-04-11;3;
1085;Sjælland;2021-04-11;2;
1083;Syddanmark;2021-04-11;3;
1084;Hovedstaden;2021-04-12;16;
1082;Midtjylland;2021-04-12;4;
1081;Nordjylland;2021-04-12;2;
1085;Sjælland;2021-04-12;2;
1083;Syddanmark;2021-04-12;8;
1084;Hovedstaden;2021-04-13;9;
1082;Midtjylland;2021-04-13;3;
1081;Nordjylland;2021-04-13;2;
1085;Sjælland;2021-04-13;6;
1083;Syddanmark;2021-04-13;4;
1084;Hovedstaden;2021-04-14;9;
1082;Midtjylland;2021-04-14;7;
1081;Nordjylland;2021-04-14;2;
1085;Sjælland;2021-04-14;1;
1083;Syddanmark;2021-04-14;4;
1084;Hovedstaden;2021-04-15;7;
1082;Midtjylland;2021-04-15;3;
1081;Nordjylland;2021-04-15;2;
1085;Sjælland;2021-04-15;8;
1083;Syddanmark;2021-04-15;2;
1084;Hovedstaden;2021-04-16;8;
1082;Midtjylland;2021-04-16;6;
1085;Sjælland;2021-04-16;3;
1083;Syddanmark;2021-04-16;5;
1084;Hovedstaden;2021-04-17;12;
1082;Midtjylland;2021-04-17;3;
1085;Sjælland;2021-04-17;1;
1083;Syddanmark;2021-04-17;9;
1084;Hovedstaden;2021-04-18;13;
1082;Midtjylland;2021-04-18;5;
1081;Nordjylland;2021-04-18;4;
1085;Sjælland;2021-04-18;4;
1083;Syddanmark;2021-04-18;6;
1084;Hovedstaden;2021-04-19;20;
1082;Midtjylland;2021-04-19;4;
1081;Nordjylland;2021-04-19;2;
1085;Sjælland;2021-04-19;7;
1083;Syddanmark;2021-04-19;3;
1084;Hovedstaden;2021-04-20;8;
1082;Midtjylland;2021-04-20;8;
1081;Nordjylland;2021-04-20;2;
1085;Sjælland;2021-04-20;3;
1083;Syddanmark;2021-04-20;1;
1084;Hovedstaden;2021-04-21;15;
1082;Midtjylland;2021-04-21;6;
1085;Sjælland;2021-04-21;2;
1083;Syddanmark;2021-04-21;3;
1084;Hovedstaden;2021-04-22;12;
1082;Midtjylland;2021-04-22;3;
1085;Sjælland;2021-04-22;4;
1083;Syddanmark;2021-04-22;4;
1084;Hovedstaden;2021-04-23;12;
1082;Midtjylland;2021-04-23;7;
1081;Nordjylland;2021-04-23;1;
1085;Sjælland;2021-04-23;2;
1083;Syddanmark;2021-04-23;3;
1084;Hovedstaden;2021-04-24;11;
1082;Midtjylland;2021-04-24;1;
1081;Nordjylland;2021-04-24;1;
1085;Sjælland;2021-04-24;8;
1083;Syddanmark;2021-04-24;5;
1084;Hovedstaden;2021-04-25;2;
1082;Midtjylland;2021-04-25;1;
1081;Nordjylland;2021-04-25;1;
1085;Sjælland;2021-04-25;3;
1083;Syddanmark;2021-04-25;2;
1084;Hovedstaden;2021-04-26;1;
1082;Midtjylland;2021-04-26;4;
1081;Nordjylland;2021-04-26;4;
1085;Sjælland;2021-04-26;3;
1083;Syddanmark;2021-04-26;2;
1084;Hovedstaden;2021-04-27;11;
1082;Midtjylland;2021-04-27;11;
1081;Nordjylland;2021-04-27;3;
1085;Sjælland;2021-04-27;2;
1083;Syddanmark;2021-04-27;4;
1084;Hovedstaden;2021-04-28;14;
1082;Midtjylland;2021-04-28;3;
1085;Sjælland;2021-04-28;4;
1083;Syddanmark;2021-04-28;4;
1084;Hovedstaden;2021-04-29;13;
1082;Midtjylland;2021-04-29;7;
1081;Nordjylland;2021-04-29;2;
1085;Sjælland;2021-04-29;4;
1083;Syddanmark;2021-04-29;3;
1084;Hovedstaden;2021-04-30;6;
1082;Midtjylland;2021-04-30;2;
1081;Nordjylland;2021-04-30;1;
1085;Sjælland;2021-04-30;4;
1083;Syddanmark;2021-04-30;3;
1084;Hovedstaden;2021-05-01;11;
1082;Midtjylland;2021-05-01;3;
1081;Nordjylland;2021-05-01;3;
1085;Sjælland;2021-05-01;3;
1083;Syddanmark;2021-05-01;2;
1084;Hovedstaden;2021-05-02;10;
1082;Midtjylland;2021-05-02;4;
1081;Nordjylland;2021-05-02;3;
1085;Sjælland;2021-05-02;4;
1083;Syddanmark;2021-05-02;2;
1084;Hovedstaden;2021-05-03;10;
1082;Midtjylland;2021-05-03;2;
1081;Nordjylland;2021-05-03;4;
1085;Sjælland;2021-05-03;5;
1083;Syddanmark;2021-05-03;1;
1084;Hovedstaden;2021-05-04;11;
1082;Midtjylland;2021-05-04;4;
1081;Nordjylland;2021-05-04;1;
1085;Sjælland;2021-05-04;2;
1083;Syddanmark;2021-05-04;1;
1084;Hovedstaden;2021-05-05;7;
1082;Midtjylland;2021-05-05;3;
1085;Sjælland;2021-05-05;4;
1083;Syddanmark;2021-05-05;4;
1084;Hovedstaden;2021-05-06;6;
1082;Midtjylland;2021-05-06;8;
1085;Sjælland;2021-05-06;2;
1083;Syddanmark;2021-05-06;5;
1084;Hovedstaden;2021-05-07;15;
1082;Midtjylland;2021-05-07;7;
1081;Nordjylland;2021-05-07;2;
1085;Sjælland;2021-05-07;3;
1083;Syddanmark;2021-05-07;1;
1084;Hovedstaden;2021-05-08;18;
1082;Midtjylland;2021-05-08;4;
1081;Nordjylland;2021-05-08;1;
1085;Sjælland;2021-05-08;6;
1083;Syddanmark;2021-05-08;4;
1084;Hovedstaden;2021-05-09;9;
1082;Midtjylland;2021-05-09;3;
1081;Nordjylland;2021-05-09;2;
1085;Sjælland;2021-05-09;4;
1083;Syddanmark;2021-05-09;3;
1084;Hovedstaden;2021-05-10;21;
1082;Midtjylland;2021-05-10;5;
1081;Nordjylland;2021-05-10;6;
1085;Sjælland;2021-05-10;2;
1083;Syddanmark;2021-05-10;1;
1084;Hovedstaden;2021-05-11;11;
1082;Midtjylland;2021-05-11;3;
1085;Sjælland;2021-05-11;3;
1083;Syddanmark;2021-05-11;1;
1084;Hovedstaden;2021-05-12;13;
1082;Midtjylland;2021-05-12;3;
1081;Nordjylland;2021-05-12;2;
1085;Sjælland;2021-05-12;3;
1083;Syddanmark;2021-05-12;2;
1084;Hovedstaden;2021-05-13;15;
1082;Midtjylland;2021-05-13;4;
1081;Nordjylland;2021-05-13;2;
1085;Sjælland;2021-05-13;5;
1083;Syddanmark;2021-05-13;5;
1084;Hovedstaden;2021-05-14;9;
1082;Midtjylland;2021-05-14;6;
1081;Nordjylland;2021-05-14;6;
1085;Sjælland;2021-05-14;7;
1083;Syddanmark;2021-05-14;6;
1084;Hovedstaden;2021-05-15;8;
1082;Midtjylland;2021-05-15;4;
1081;Nordjylland;2021-05-15;2;
1085;Sjælland;2021-05-15;8;
1083;Syddanmark;2021-05-15;1;
1084;Hovedstaden;2021-05-16;12;
1082;Midtjylland;2021-05-16;3;
1085;Sjælland;2021-05-16;5;
1083;Syddanmark;2021-05-16;7;
1084;Hovedstaden;2021-05-17;7;
1082;Midtjylland;2021-05-17;6;
1081;Nordjylland;2021-05-17;2;
1085;Sjælland;2021-05-17;6;
1084;Hovedstaden;2021-05-18;5;
1082;Midtjylland;2021-05-18;4;
1085;Sjælland;2021-05-18;7;
1083;Syddanmark;2021-05-18;1;
1084;Hovedstaden;2021-05-19;9;
1082;Midtjylland;2021-05-19;5;
1081;Nordjylland;2021-05-19;1;
1085;Sjælland;2021-05-19;2;
1083;Syddanmark;2021-05-19;4;
1084;Hovedstaden;2021-05-20;9;
1082;Midtjylland;2021-05-20;3;
1081;Nordjylland;2021-05-20;2;
1083;Syddanmark;2021-05-20;2;
1084;Hovedstaden;2021-05-21;14;
1082;Midtjylland;2021-05-21;5;
1081;Nordjylland;2021-05-21;2;
1085;Sjælland;2021-05-21;3;
1083;Syddanmark;2021-05-21;6;
1084;Hovedstaden;2021-05-22;7;
1082;Midtjylland;2021-05-22;1;
1081;Nordjylland;2021-05-22;1;
1085;Sjælland;2021-05-22;1;
1083;Syddanmark;2021-05-22;7;
1084;Hovedstaden;2021-05-23;11;
1082;Midtjylland;2021-05-23;1;
1081;Nordjylland;2021-05-23;1;
1085;Sjælland;2021-05-23;2;
1083;Syddanmark;2021-05-23;3;
1084;Hovedstaden;2021-05-24;10;
1082;Midtjylland;2021-05-24;2;
1081;Nordjylland;2021-05-24;2;
1083;Syddanmark;2021-05-24;3;
1084;Hovedstaden;2021-05-25;6;
1082;Midtjylland;2021-05-25;3;
1081;Nordjylland;2021-05-25;2;
1085;Sjælland;2021-05-25;5;
1083;Syddanmark;2021-05-25;4;
1084;Hovedstaden;2021-05-26;8;
1082;Midtjylland;2021-05-26;4;
1081;Nordjylland;2021-05-26;3;
1085;Sjælland;2021-05-26;3;
1083;Syddanmark;2021-05-26;3;
1084;Hovedstaden;2021-05-27;9;
1082;Midtjylland;2021-05-27;3;
1081;Nordjylland;2021-05-27;2;
1085;Sjælland;2021-05-27;8;
1083;Syddanmark;2021-05-27;7;
1084;Hovedstaden;2021-05-28;12;
1082;Midtjylland;2021-05-28;2;
1081;Nordjylland;2021-05-28;1;
1085;Sjælland;2021-05-28;4;
1083;Syddanmark;2021-05-28;5;
1084;Hovedstaden;2021-05-29;13;
1085;Sjælland;2021-05-29;1;
1083;Syddanmark;2021-05-29;6;
1084;Hovedstaden;2021-05-30;9;
1082;Midtjylland;2021-05-30;1;
1081;Nordjylland;2021-05-30;1;
1085;Sjælland;2021-05-30;1;
1083;Syddanmark;2021-05-30;3;
1084;Hovedstaden;2021-05-31;8;
1082;Midtjylland;2021-05-31;4;
1081;Nordjylland;2021-05-31;4;
1085;Sjælland;2021-05-31;2;
1083;Syddanmark;2021-05-31;3;
1084;Hovedstaden;2021-06-01;7;
1082;Midtjylland;2021-06-01;3;
1081;Nordjylland;2021-06-01;3;
1085;Sjælland;2021-06-01;4;
1083;Syddanmark;2021-06-01;2;
1084;Hovedstaden;2021-06-02;11;
1082;Midtjylland;2021-06-02;2;
1081;Nordjylland;2021-06-02;3;
1085;Sjælland;2021-06-02;1;
1083;Syddanmark;2021-06-02;1;
1084;Hovedstaden;2021-06-03;8;
1082;Midtjylland;2021-06-03;3;
1085;Sjælland;2021-06-03;5;
1083;Syddanmark;2021-06-03;3;
1084;Hovedstaden;2021-06-04;8;
1082;Midtjylland;2021-06-04;6;
1085;Sjælland;2021-06-04;2;
1083;Syddanmark;2021-06-04;2;
1084;Hovedstaden;2021-06-05;6;
1082;Midtjylland;2021-06-05;2;
1081;Nordjylland;2021-06-05;3;
1085;Sjælland;2021-06-05;1;
1083;Syddanmark;2021-06-05;2;
1084;Hovedstaden;2021-06-06;9;
1082;Midtjylland;2021-06-06;2;
1085;Sjælland;2021-06-06;1;
1084;Hovedstaden;2021-06-07;4;
1082;Midtjylland;2021-06-07;3;
1081;Nordjylland;2021-06-07;2;
1085;Sjælland;2021-06-07;3;
1083;Syddanmark;2021-06-07;5;
1084;Hovedstaden;2021-06-08;3;
1082;Midtjylland;2021-06-08;1;
1081;Nordjylland;2021-06-08;1;
1085;Sjælland;2021-06-08;1;
1083;Syddanmark;2021-06-08;3;
1084;Hovedstaden;2021-06-09;5;
1082;Midtjylland;2021-06-09;6;
1081;Nordjylland;2021-06-09;2;
1085;Sjælland;2021-06-09;3;
1083;Syddanmark;2021-06-09;2;
1084;Hovedstaden;2021-06-10;1;
1082;Midtjylland;2021-06-10;2;
1081;Nordjylland;2021-06-10;4;
1085;Sjælland;2021-06-10;3;
1083;Syddanmark;2021-06-10;1;
1084;Hovedstaden;2021-06-11;6;
1082;Midtjylland;2021-06-11;2;
1085;Sjælland;2021-06-11;1;
1083;Syddanmark;2021-06-11;2;
1084;Hovedstaden;2021-06-12;3;
1082;Midtjylland;2021-06-12;2;
1085;Sjælland;2021-06-12;3;
1083;Syddanmark;2021-06-12;1;
1084;Hovedstaden;2021-06-13;8;
1081;Nordjylland;2021-06-13;2;
1085;Sjælland;2021-06-13;2;
1083;Syddanmark;2021-06-13;1;
1084;Hovedstaden;2021-06-14;9;
1082;Midtjylland;2021-06-14;2;
1085;Sjælland;2021-06-14;3;
1084;Hovedstaden;2021-06-15;5;
1082;Midtjylland;2021-06-15;3;
1083;Syddanmark;2021-06-15;1;
1084;Hovedstaden;2021-06-16;5;
1082;Midtjylland;2021-06-16;2;
1081;Nordjylland;2021-06-16;1;
1084;Hovedstaden;2021-06-17;3;
1081;Nordjylland;2021-06-17;1;
1085;Sjælland;2021-06-17;2;
1084;Hovedstaden;2021-06-18;3;
1081;Nordjylland;2021-06-18;3;
1085;Sjælland;2021-06-18;1;
1084;Hovedstaden;2021-06-19;5;
1082;Midtjylland;2021-06-19;1;
1081;Nordjylland;2021-06-19;3;
1085;Sjælland;2021-06-19;1;
1084;Hovedstaden;2021-06-20;4;
1081;Nordjylland;2021-06-20;2;
1085;Sjælland;2021-06-20;4;
1083;Syddanmark;2021-06-20;1;
1084;Hovedstaden;2021-06-21;1;
1081;Nordjylland;2021-06-21;1;
1083;Syddanmark;2021-06-21;1;
1084;Hovedstaden;2021-06-22;3;
1083;Syddanmark;2021-06-22;1;
1084;Hovedstaden;2021-06-23;3;
1082;Midtjylland;2021-06-23;2;
1081;Nordjylland;2021-06-23;1;
1085;Sjælland;2021-06-23;1;
1083;Syddanmark;2021-06-23;1;
1084;Hovedstaden;2021-06-24;3;
1082;Midtjylland;2021-06-24;2;
1081;Nordjylland;2021-06-24;1;
1083;Syddanmark;2021-06-24;2;
1084;Hovedstaden;2021-06-25;2;
1085;Sjælland;2021-06-25;3;
1084;Hovedstaden;2021-06-26;2;
1082;Midtjylland;2021-06-26;1;
1081;Nordjylland;2021-06-26;1;
1083;Syddanmark;2021-06-26;1;
1084;Hovedstaden;2021-06-27;3;
1085;Sjælland;2021-06-27;2;
1084;Hovedstaden;2021-06-29;2;
1085;Sjælland;2021-06-29;1;
1084;Hovedstaden;2021-06-30;1;
1082;Midtjylland;2021-06-30;1;
1085;Sjælland;2021-06-30;2;
1083;Syddanmark;2021-06-30;1;
1084;Hovedstaden;2021-07-01;4;
1082;Midtjylland;2021-07-01;1;
1081;Nordjylland;2021-07-01;1;
1085;Sjælland;2021-07-01;1;
1083;Syddanmark;2021-07-01;1;
1084;Hovedstaden;2021-07-02;4;
1082;Midtjylland;2021-07-02;2;
1082;Midtjylland;2021-07-03;1;
1081;Nordjylland;2021-07-03;1;
1084;Hovedstaden;2021-07-04;2;
1085;Sjælland;2021-07-04;2;
1084;Hovedstaden;2021-07-05;5;
1082;Midtjylland;2021-07-05;2;
1085;Sjælland;2021-07-05;1;
1084;Hovedstaden;2021-07-06;5;
1082;Midtjylland;2021-07-06;1;
1085;Sjælland;2021-07-06;1;
1084;Hovedstaden;2021-07-07;1;
1082;Midtjylland;2021-07-07;2;
1081;Nordjylland;2021-07-07;1;
1085;Sjælland;2021-07-07;1;
1083;Syddanmark;2021-07-07;1;
1084;Hovedstaden;2021-07-08;3;
1082;Midtjylland;2021-07-08;2;
1081;Nordjylland;2021-07-08;1;
1085;Sjælland;2021-07-08;2;
1084;Hovedstaden;2021-07-09;2;
1085;Sjælland;2021-07-09;1;
1083;Syddanmark;2021-07-09;1;
1082;Midtjylland;2021-07-10;3;
1084;Hovedstaden;2021-07-11;6;
1082;Midtjylland;2021-07-11;3;
1084;Hovedstaden;2021-07-12;4;
1082;Midtjylland;2021-07-12;3;
1085;Sjælland;2021-07-12;1;
1083;Syddanmark;2021-07-12;2;
1084;Hovedstaden;2021-07-13;7;
1082;Midtjylland;2021-07-13;2;
1085;Sjælland;2021-07-13;3;
1084;Hovedstaden;2021-07-14;4;
1082;Midtjylland;2021-07-14;2;
1085;Sjælland;2021-07-14;2;
1083;Syddanmark;2021-07-14;2;
1084;Hovedstaden;2021-07-15;2;
1082;Midtjylland;2021-07-15;1;
1085;Sjælland;2021-07-15;2;
1083;Syddanmark;2021-07-15;2;
1084;Hovedstaden;2021-07-16;5;
1082;Midtjylland;2021-07-16;1;
1085;Sjælland;2021-07-16;1;
1083;Syddanmark;2021-07-16;3;
1084;Hovedstaden;2021-07-17;2;
1082;Midtjylland;2021-07-17;2;
1083;Syddanmark;2021-07-17;1;
1084;Hovedstaden;2021-07-18;3;
1082;Midtjylland;2021-07-18;1;
1085;Sjælland;2021-07-18;2;
1083;Syddanmark;2021-07-18;2;
1084;Hovedstaden;2021-07-19;6;
1085;Sjælland;2021-07-19;3;
1083;Syddanmark;2021-07-19;2;
1084;Hovedstaden;2021-07-20;8;
1082;Midtjylland;2021-07-20;1;
1085;Sjælland;2021-07-20;1;
1083;Syddanmark;2021-07-20;1;
1084;Hovedstaden;2021-07-21;3;
1082;Midtjylland;2021-07-21;3;
1081;Nordjylland;2021-07-21;1;
1085;Sjælland;2021-07-21;1;
1083;Syddanmark;2021-07-21;1;
1084;Hovedstaden;2021-07-22;2;
1082;Midtjylland;2021-07-22;3;
1085;Sjælland;2021-07-22;3;
1083;Syddanmark;2021-07-22;2;
1084;Hovedstaden;2021-07-23;5;
1082;Midtjylland;2021-07-23;2;
1085;Sjælland;2021-07-23;1;
1083;Syddanmark;2021-07-23;1;
1084;Hovedstaden;2021-07-24;3;
1082;Midtjylland;2021-07-24;2;
1085;Sjælland;2021-07-24;1;
1084;Hovedstaden;2021-07-25;5;
1082;Midtjylland;2021-07-25;1;
1081;Nordjylland;2021-07-25;1;
1085;Sjælland;2021-07-25;1;
1083;Syddanmark;2021-07-25;4;
1084;Hovedstaden;2021-07-26;6;
1082;Midtjylland;2021-07-26;5;
1083;Syddanmark;2021-07-26;3;
1084;Hovedstaden;2021-07-27;10;
1082;Midtjylland;2021-07-27;4;
1085;Sjælland;2021-07-27;2;
1083;Syddanmark;2021-07-27;4;
1084;Hovedstaden;2021-07-28;2;
1082;Midtjylland;2021-07-28;1;
1085;Sjælland;2021-07-28;2;
1083;Syddanmark;2021-07-28;4;
1084;Hovedstaden;2021-07-29;5;
1082;Midtjylland;2021-07-29;1;
1081;Nordjylland;2021-07-29;2;
1085;Sjælland;2021-07-29;1;
1083;Syddanmark;2021-07-29;1;
1084;Hovedstaden;2021-07-30;8;
1082;Midtjylland;2021-07-30;2;
1081;Nordjylland;2021-07-30;2;
1083;Syddanmark;2021-07-30;1;
1082;Midtjylland;2021-07-31;4;
1081;Nordjylland;2021-07-31;1;
1085;Sjælland;2021-07-31;1;
1083;Syddanmark;2021-07-31;2;
1084;Hovedstaden;2021-08-01;4;
1082;Midtjylland;2021-08-01;1;
1085;Sjælland;2021-08-01;2;
1083;Syddanmark;2021-08-01;2;
1084;Hovedstaden;2021-08-02;4;
1082;Midtjylland;2021-08-02;2;
1085;Sjælland;2021-08-02;2;
1083;Syddanmark;2021-08-02;1;
1084;Hovedstaden;2021-08-03;3;
1082;Midtjylland;2021-08-03;1;
1085;Sjælland;2021-08-03;4;
1083;Syddanmark;2021-08-03;1;
1084;Hovedstaden;2021-08-04;2;
1082;Midtjylland;2021-08-04;1;
1085;Sjælland;2021-08-04;2;
1083;Syddanmark;2021-08-04;1;
1084;Hovedstaden;2021-08-05;7;
1082;Midtjylland;2021-08-05;4;
1085;Sjælland;2021-08-05;2;
1083;Syddanmark;2021-08-05;4;
1084;Hovedstaden;2021-08-06;5;
1082;Midtjylland;2021-08-06;1;
1085;Sjælland;2021-08-06;3;
1083;Syddanmark;2021-08-06;3;
1084;Hovedstaden;2021-08-07;10;
1082;Midtjylland;2021-08-07;2;
1081;Nordjylland;2021-08-07;1;
1085;Sjælland;2021-08-07;1;
1083;Syddanmark;2021-08-07;3;
1084;Hovedstaden;2021-08-08;6;
1082;Midtjylland;2021-08-08;1;
1085;Sjælland;2021-08-08;1;
1083;Syddanmark;2021-08-08;5;
1084;Hovedstaden;2021-08-09;9;
1082;Midtjylland;2021-08-09;3;
1081;Nordjylland;2021-08-09;1;
1083;Syddanmark;2021-08-09;2;
1084;Hovedstaden;2021-08-10;8;
1082;Midtjylland;2021-08-10;11;
1085;Sjælland;2021-08-10;1;
1083;Syddanmark;2021-08-10;3;
1084;Hovedstaden;2021-08-11;11;
1082;Midtjylland;2021-08-11;4;
1081;Nordjylland;2021-08-11;2;
1085;Sjælland;2021-08-11;4;
1083;Syddanmark;2021-08-11;3;
1084;Hovedstaden;2021-08-12;5;
1082;Midtjylland;2021-08-12;6;
1083;Syddanmark;2021-08-12;5;
1084;Hovedstaden;2021-08-13;5;
1082;Midtjylland;2021-08-13;3;
1081;Nordjylland;2021-08-13;1;
1085;Sjælland;2021-08-13;2;
1083;Syddanmark;2021-08-13;3;
1084;Hovedstaden;2021-08-14;4;
1082;Midtjylland;2021-08-14;7;
1081;Nordjylland;2021-08-14;2;
1085;Sjælland;2021-08-14;2;
1083;Syddanmark;2021-08-14;5;
1084;Hovedstaden;2021-08-15;8;
1082;Midtjylland;2021-08-15;3;
1083;Syddanmark;2021-08-15;7;
1084;Hovedstaden;2021-08-16;9;
1082;Midtjylland;2021-08-16;5;
1081;Nordjylland;2021-08-16;1;
1085;Sjælland;2021-08-16;3;
1083;Syddanmark;2021-08-16;4;
1084;Hovedstaden;2021-08-17;10;
1082;Midtjylland;2021-08-17;6;
1081;Nordjylland;2021-08-17;2;
1085;Sjælland;2021-08-17;4;
1083;Syddanmark;2021-08-17;5;
1084;Hovedstaden;2021-08-18;11;
1082;Midtjylland;2021-08-18;3;
1085;Sjælland;2021-08-18;8;
1083;Syddanmark;2021-08-18;7;
1084;Hovedstaden;2021-08-19;7;
1082;Midtjylland;2021-08-19;5;
1081;Nordjylland;2021-08-19;3;
1085;Sjælland;2021-08-19;3;
1083;Syddanmark;2021-08-19;3;
1084;Hovedstaden;2021-08-20;10;
1082;Midtjylland;2021-08-20;2;
1081;Nordjylland;2021-08-20;3;
1085;Sjælland;2021-08-20;2;
1083;Syddanmark;2021-08-20;6;
1084;Hovedstaden;2021-08-21;12;
1082;Midtjylland;2021-08-21;7;
1081;Nordjylland;2021-08-21;1;
1085;Sjælland;2021-08-21;2;
1083;Syddanmark;2021-08-21;5;
1084;Hovedstaden;2021-08-22;12;
1082;Midtjylland;2021-08-22;6;
1081;Nordjylland;2021-08-22;3;
1085;Sjælland;2021-08-22;3;
1083;Syddanmark;2021-08-22;2;
1084;Hovedstaden;2021-08-23;11;
1082;Midtjylland;2021-08-23;3;
1083;Syddanmark;2021-08-23;5;
1084;Hovedstaden;2021-08-24;7;
1082;Midtjylland;2021-08-24;4;
1081;Nordjylland;2021-08-24;4;
1085;Sjælland;2021-08-24;5;
1083;Syddanmark;2021-08-24;4;
1084;Hovedstaden;2021-08-25;15;
1082;Midtjylland;2021-08-25;1;
1085;Sjælland;2021-08-25;4;
1083;Syddanmark;2021-08-25;3;
1084;Hovedstaden;2021-08-26;7;
1082;Midtjylland;2021-08-26;2;
1081;Nordjylland;2021-08-26;3;
1085;Sjælland;2021-08-26;3;
1083;Syddanmark;2021-08-26;2;
1084;Hovedstaden;2021-08-27;13;
1082;Midtjylland;2021-08-27;3;
1081;Nordjylland;2021-08-27;3;
1085;Sjælland;2021-08-27;6;
1083;Syddanmark;2021-08-27;4;
1084;Hovedstaden;2021-08-28;11;
1082;Midtjylland;2021-08-28;3;
1081;Nordjylland;2021-08-28;1;
1085;Sjælland;2021-08-28;1;
1083;Syddanmark;2021-08-28;6;
1084;Hovedstaden;2021-08-29;6;
1082;Midtjylland;2021-08-29;4;
1081;Nordjylland;2021-08-29;2;
1085;Sjælland;2021-08-29;3;
1083;Syddanmark;2021-08-29;2;
1084;Hovedstaden;2021-08-30;8;
1082;Midtjylland;2021-08-30;5;
1081;Nordjylland;2021-08-30;5;
1085;Sjælland;2021-08-30;4;
1083;Syddanmark;2021-08-30;6;
1084;Hovedstaden;2021-08-31;12;
1082;Midtjylland;2021-08-31;2;
1081;Nordjylland;2021-08-31;1;
1085;Sjælland;2021-08-31;3;
1083;Syddanmark;2021-08-31;4;
1084;Hovedstaden;2021-09-01;11;
1082;Midtjylland;2021-09-01;4;
1081;Nordjylland;2021-09-01;5;
1085;Sjælland;2021-09-01;1;
1083;Syddanmark;2021-09-01;2;
1084;Hovedstaden;2021-09-02;8;
1082;Midtjylland;2021-09-02;3;
1081;Nordjylland;2021-09-02;3;
1085;Sjælland;2021-09-02;2;
1083;Syddanmark;2021-09-02;5;
1084;Hovedstaden;2021-09-03;9;
1082;Midtjylland;2021-09-03;2;
1081;Nordjylland;2021-09-03;1;
1085;Sjælland;2021-09-03;2;
1083;Syddanmark;2021-09-03;2;
1084;Hovedstaden;2021-09-04;9;
1082;Midtjylland;2021-09-04;7;
1081;Nordjylland;2021-09-04;3;
1085;Sjælland;2021-09-04;3;
1083;Syddanmark;2021-09-04;1;
1084;Hovedstaden;2021-09-05;12;
1082;Midtjylland;2021-09-05;4;
1081;Nordjylland;2021-09-05;1;
1084;Hovedstaden;2021-09-06;14;
1082;Midtjylland;2021-09-06;2;
1081;Nordjylland;2021-09-06;2;
1083;Syddanmark;2021-09-06;1;
1084;Hovedstaden;2021-09-07;13;
1082;Midtjylland;2021-09-07;9;
1081;Nordjylland;2021-09-07;1;
1085;Sjælland;2021-09-07;3;
1083;Syddanmark;2021-09-07;2;
1084;Hovedstaden;2021-09-08;9;
1082;Midtjylland;2021-09-08;5;
1085;Sjælland;2021-09-08;1;
1083;Syddanmark;2021-09-08;1;
1084;Hovedstaden;2021-09-09;7;
1082;Midtjylland;2021-09-09;4;
1081;Nordjylland;2021-09-09;2;
1085;Sjælland;2021-09-09;3;
1083;Syddanmark;2021-09-09;2;
1084;Hovedstaden;2021-09-10;6;
1082;Midtjylland;2021-09-10;3;
1081;Nordjylland;2021-09-10;1;
1085;Sjælland;2021-09-10;2;
1083;Syddanmark;2021-09-10;3;
1084;Hovedstaden;2021-09-11;3;
1082;Midtjylland;2021-09-11;2;
1085;Sjælland;2021-09-11;3;
1084;Hovedstaden;2021-09-12;4;
1082;Midtjylland;2021-09-12;5;
1085;Sjælland;2021-09-12;4;
1083;Syddanmark;2021-09-12;2;
1084;Hovedstaden;2021-09-13;5;
1082;Midtjylland;2021-09-13;4;
1081;Nordjylland;2021-09-13;3;
1085;Sjælland;2021-09-13;2;
1083;Syddanmark;2021-09-13;2;
1084;Hovedstaden;2021-09-14;4;
1082;Midtjylland;2021-09-14;2;
1085;Sjælland;2021-09-14;3;
1083;Syddanmark;2021-09-14;1;
1084;Hovedstaden;2021-09-15;5;
1082;Midtjylland;2021-09-15;1;
1081;Nordjylland;2021-09-15;2;
1085;Sjælland;2021-09-15;2;
1083;Syddanmark;2021-09-15;1;
1084;Hovedstaden;2021-09-16;5;
1082;Midtjylland;2021-09-16;3;
1085;Sjælland;2021-09-16;3;
1084;Hovedstaden;2021-09-17;6;
1081;Nordjylland;2021-09-17;2;
1085;Sjælland;2021-09-17;1;
1083;Syddanmark;2021-09-17;1;
1084;Hovedstaden;2021-09-18;1;
1081;Nordjylland;2021-09-18;1;
1085;Sjælland;2021-09-18;1;
1083;Syddanmark;2021-09-18;4;
1084;Hovedstaden;2021-09-19;3;
1082;Midtjylland;2021-09-19;2;
1085;Sjælland;2021-09-19;1;
1083;Syddanmark;2021-09-19;2;
1084;Hovedstaden;2021-09-20;6;
1082;Midtjylland;2021-09-20;2;
1081;Nordjylland;2021-09-20;2;
1085;Sjælland;2021-09-20;3;
1083;Syddanmark;2021-09-20;1;
1084;Hovedstaden;2021-09-21;4;
1082;Midtjylland;2021-09-21;1;
1081;Nordjylland;2021-09-21;3;
1084;Hovedstaden;2021-09-22;4;
1082;Midtjylland;2021-09-22;1;
1081;Nordjylland;2021-09-22;3;
1085;Sjælland;2021-09-22;3;
1084;Hovedstaden;2021-09-23;5;
1085;Sjælland;2021-09-23;2;
1083;Syddanmark;2021-09-23;1;
1084;Hovedstaden;2021-09-24;3;
1082;Midtjylland;2021-09-24;2;
1085;Sjælland;2021-09-24;4;
1083;Syddanmark;2021-09-24;3;
1084;Hovedstaden;2021-09-25;4;
1082;Midtjylland;2021-09-25;2;
1085;Sjælland;2021-09-25;1;
1083;Syddanmark;2021-09-25;2;
1084;Hovedstaden;2021-09-26;9;
1081;Nordjylland;2021-09-26;1;
1085;Sjælland;2021-09-26;2;
1083;Syddanmark;2021-09-26;7;
1084;Hovedstaden;2021-09-27;3;
1082;Midtjylland;2021-09-27;1;
1085;Sjælland;2021-09-27;3;
1083;Syddanmark;2021-09-27;4;
1084;Hovedstaden;2021-09-28;2;
1081;Nordjylland;2021-09-28;1;
1085;Sjælland;2021-09-28;2;
1083;Syddanmark;2021-09-28;3;
1084;Hovedstaden;2021-09-29;6;
1082;Midtjylland;2021-09-29;2;
1081;Nordjylland;2021-09-29;3;
1085;Sjælland;2021-09-29;2;
1083;Syddanmark;2021-09-29;1;
1084;Hovedstaden;2021-09-30;6;
1082;Midtjylland;2021-09-30;1;
1085;Sjælland;2021-09-30;2;
1083;Syddanmark;2021-09-30;2;
1084;Hovedstaden;2021-10-01;7;
1082;Midtjylland;2021-10-01;2;
1085;Sjælland;2021-10-01;4;
1083;Syddanmark;2021-10-01;4;
1084;Hovedstaden;2021-10-02;3;
1082;Midtjylland;2021-10-02;1;
1083;Syddanmark;2021-10-02;1;
1084;Hovedstaden;2021-10-03;4;
1082;Midtjylland;2021-10-03;2;
1085;Sjælland;2021-10-03;1;
1084;Hovedstaden;2021-10-04;8;
1082;Midtjylland;2021-10-04;2;
1081;Nordjylland;2021-10-04;1;
1085;Sjælland;2021-10-04;2;
1083;Syddanmark;2021-10-04;1;
1084;Hovedstaden;2021-10-05;10;
1082;Midtjylland;2021-10-05;1;
1081;Nordjylland;2021-10-05;3;
1085;Sjælland;2021-10-05;3;
1083;Syddanmark;2021-10-05;1;
1084;Hovedstaden;2021-10-06;9;
1085;Sjælland;2021-10-06;5;
1083;Syddanmark;2021-10-06;1;
1084;Hovedstaden;2021-10-07;2;
1082;Midtjylland;2021-10-07;3;
1081;Nordjylland;2021-10-07;2;
1085;Sjælland;2021-10-07;3;
1083;Syddanmark;2021-10-07;1;
1084;Hovedstaden;2021-10-08;4;
1082;Midtjylland;2021-10-08;1;
1085;Sjælland;2021-10-08;1;
1084;Hovedstaden;2021-10-09;6;
1082;Midtjylland;2021-10-09;1;
1081;Nordjylland;2021-10-09;1;
1085;Sjælland;2021-10-09;2;
1083;Syddanmark;2021-10-09;2;
1084;Hovedstaden;2021-10-10;5;
1082;Midtjylland;2021-10-10;2;
1081;Nordjylland;2021-10-10;1;
1085;Sjælland;2021-10-10;4;
1083;Syddanmark;2021-10-10;1;
1084;Hovedstaden;2021-10-11;3;
1081;Nordjylland;2021-10-11;1;
1085;Sjælland;2021-10-11;4;
1083;Syddanmark;2021-10-11;4;
1084;Hovedstaden;2021-10-12;8;
1082;Midtjylland;2021-10-12;2;
1085;Sjælland;2021-10-12;2;
1084;Hovedstaden;2021-10-13;12;
1082;Midtjylland;2021-10-13;1;
1081;Nordjylland;2021-10-13;7;
1085;Sjælland;2021-10-13;2;
1083;Syddanmark;2021-10-13;3;
1084;Hovedstaden;2021-10-14;11;
1082;Midtjylland;2021-10-14;3;
1081;Nordjylland;2021-10-14;1;
1085;Sjælland;2021-10-14;3;
1083;Syddanmark;2021-10-14;4;
1084;Hovedstaden;2021-10-15;9;
1082;Midtjylland;2021-10-15;2;
1081;Nordjylland;2021-10-15;2;
1085;Sjælland;2021-10-15;5;
1083;Syddanmark;2021-10-15;2;
1084;Hovedstaden;2021-10-16;9;
1082;Midtjylland;2021-10-16;1;
1081;Nordjylland;2021-10-16;2;
1085;Sjælland;2021-10-16;5;
1083;Syddanmark;2021-10-16;1;
1084;Hovedstaden;2021-10-17;11;
1085;Sjælland;2021-10-17;3;
1083;Syddanmark;2021-10-17;1;
1084;Hovedstaden;2021-10-18;18;
1082;Midtjylland;2021-10-18;3;
1081;Nordjylland;2021-10-18;2;
1085;Sjælland;2021-10-18;3;
1083;Syddanmark;2021-10-18;3;
1084;Hovedstaden;2021-10-19;12;
1082;Midtjylland;2021-10-19;2;
1085;Sjælland;2021-10-19;2;
1083;Syddanmark;2021-10-19;1;
1084;Hovedstaden;2021-10-20;15;
1082;Midtjylland;2021-10-20;1;
1081;Nordjylland;2021-10-20;3;
1085;Sjælland;2021-10-20;4;
1083;Syddanmark;2021-10-20;5;
1084;Hovedstaden;2021-10-21;14;
1082;Midtjylland;2021-10-21;8;
1085;Sjælland;2021-10-21;1;
1083;Syddanmark;2021-10-21;3;
1084;Hovedstaden;2021-10-22;21;
1082;Midtjylland;2021-10-22;4;
1081;Nordjylland;2021-10-22;4;
1085;Sjælland;2021-10-22;3;
1083;Syddanmark;2021-10-22;1;
1084;Hovedstaden;2021-10-23;21;
1082;Midtjylland;2021-10-23;1;
1081;Nordjylland;2021-10-23;3;
1085;Sjælland;2021-10-23;2;
1083;Syddanmark;2021-10-23;3;
1084;Hovedstaden;2021-10-24;21;
1082;Midtjylland;2021-10-24;6;
1081;Nordjylland;2021-10-24;3;
1085;Sjælland;2021-10-24;4;
1083;Syddanmark;2021-10-24;4;
1084;Hovedstaden;2021-10-25;16;
1082;Midtjylland;2021-10-25;6;
1081;Nordjylland;2021-10-25;2;
1085;Sjælland;2021-10-25;3;
1083;Syddanmark;2021-10-25;4;
1084;Hovedstaden;2021-10-26;15;
1082;Midtjylland;2021-10-26;4;
1081;Nordjylland;2021-10-26;2;
1085;Sjælland;2021-10-26;6;
1083;Syddanmark;2021-10-26;4;
1084;Hovedstaden;2021-10-27;25;
1082;Midtjylland;2021-10-27;5;
1081;Nordjylland;2021-10-27;3;
1085;Sjælland;2021-10-27;7;
1083;Syddanmark;2021-10-27;3;
1084;Hovedstaden;2021-10-28;19;
1082;Midtjylland;2021-10-28;4;
1081;Nordjylland;2021-10-28;1;
1085;Sjælland;2021-10-28;6;
1083;Syddanmark;2021-10-28;3;
1084;Hovedstaden;2021-10-29;16;
1082;Midtjylland;2021-10-29;2;
1081;Nordjylland;2021-10-29;3;
1085;Sjælland;2021-10-29;5;
1083;Syddanmark;2021-10-29;7;
1084;Hovedstaden;2021-10-30;17;
1082;Midtjylland;2021-10-30;1;
1081;Nordjylland;2021-10-30;2;
1085;Sjælland;2021-10-30;8;
1083;Syddanmark;2021-10-30;5;
1084;Hovedstaden;2021-10-31;28;
1082;Midtjylland;2021-10-31;3;
1081;Nordjylland;2021-10-31;2;
1085;Sjælland;2021-10-31;4;
1083;Syddanmark;2021-10-31;6;
1084;Hovedstaden;2021-11-01;25;
1082;Midtjylland;2021-11-01;4;
1081;Nordjylland;2021-11-01;6;
1085;Sjælland;2021-11-01;7;
1083;Syddanmark;2021-11-01;8;
1084;Hovedstaden;2021-11-02;20;
1082;Midtjylland;2021-11-02;3;
1081;Nordjylland;2021-11-02;2;
1085;Sjælland;2021-11-02;9;
1083;Syddanmark;2021-11-02;9;
1084;Hovedstaden;2021-11-03;17;
1082;Midtjylland;2021-11-03;3;
1081;Nordjylland;2021-11-03;5;
1085;Sjælland;2021-11-03;2;
1083;Syddanmark;2021-11-03;9;
1084;Hovedstaden;2021-11-04;27;
1082;Midtjylland;2021-11-04;2;
1081;Nordjylland;2021-11-04;2;
1085;Sjælland;2021-11-04;10;
1083;Syddanmark;2021-11-04;10;
1084;Hovedstaden;2021-11-05;19;
1082;Midtjylland;2021-11-05;5;
1081;Nordjylland;2021-11-05;4;
1085;Sjælland;2021-11-05;4;
1083;Syddanmark;2021-11-05;4;
1084;Hovedstaden;2021-11-06;13;
1082;Midtjylland;2021-11-06;2;
1081;Nordjylland;2021-11-06;1;
1085;Sjælland;2021-11-06;5;
1083;Syddanmark;2021-11-06;8;
1084;Hovedstaden;2021-11-07;27;
1082;Midtjylland;2021-11-07;1;
1081;Nordjylland;2021-11-07;3;
1085;Sjælland;2021-11-07;7;
1083;Syddanmark;2021-11-07;11;
1084;Hovedstaden;2021-11-08;30;
1082;Midtjylland;2021-11-08;7;
1081;Nordjylland;2021-11-08;4;
1085;Sjælland;2021-11-08;4;
1083;Syddanmark;2021-11-08;8;
1084;Hovedstaden;2021-11-09;14;
1082;Midtjylland;2021-11-09;1;
1081;Nordjylland;2021-11-09;3;
1085;Sjælland;2021-11-09;4;
1083;Syddanmark;2021-11-09;12;
1084;Hovedstaden;2021-11-10;20;
1082;Midtjylland;2021-11-10;5;
1081;Nordjylland;2021-11-10;4;
1085;Sjælland;2021-11-10;14;
1083;Syddanmark;2021-11-10;7;
1084;Hovedstaden;2021-11-11;20;
1082;Midtjylland;2021-11-11;4;
1081;Nordjylland;2021-11-11;3;
1085;Sjælland;2021-11-11;11;
1083;Syddanmark;2021-11-11;16;
1084;Hovedstaden;2021-11-12;25;
1082;Midtjylland;2021-11-12;2;
1081;Nordjylland;2021-11-12;5;
1085;Sjælland;2021-11-12;12;
1083;Syddanmark;2021-11-12;16;
1084;Hovedstaden;2021-11-13;25;
1082;Midtjylland;2021-11-13;5;
1081;Nordjylland;2021-11-13;2;
1085;Sjælland;2021-11-13;11;
1083;Syddanmark;2021-11-13;7;
1084;Hovedstaden;2021-11-14;19;
1082;Midtjylland;2021-11-14;3;
1081;Nordjylland;2021-11-14;6;
1085;Sjælland;2021-11-14;15;
1083;Syddanmark;2021-11-14;9;
1084;Hovedstaden;2021-11-15;28;
1082;Midtjylland;2021-11-15;11;
1081;Nordjylland;2021-11-15;3;
1085;Sjælland;2021-11-15;12;
1083;Syddanmark;2021-11-15;15;
1084;Hovedstaden;2021-11-16;24;
1082;Midtjylland;2021-11-16;11;
1081;Nordjylland;2021-11-16;5;
1085;Sjælland;2021-11-16;10;
1083;Syddanmark;2021-11-16;14;
1084;Hovedstaden;2021-11-17;21;
1082;Midtjylland;2021-11-17;7;
1081;Nordjylland;2021-11-17;4;
1085;Sjælland;2021-11-17;15;
1083;Syddanmark;2021-11-17;9;
1084;Hovedstaden;2021-11-18;24;
1082;Midtjylland;2021-11-18;5;
1081;Nordjylland;2021-11-18;4;
1085;Sjælland;2021-11-18;15;
1083;Syddanmark;2021-11-18;17;
1084;Hovedstaden;2021-11-19;16;
1082;Midtjylland;2021-11-19;7;
1081;Nordjylland;2021-11-19;7;
1085;Sjælland;2021-11-19;19;
1083;Syddanmark;2021-11-19;11;
1084;Hovedstaden;2021-11-20;30;
1082;Midtjylland;2021-11-20;10;
1081;Nordjylland;2021-11-20;3;
1085;Sjælland;2021-11-20;10;
1083;Syddanmark;2021-11-20;11;
1084;Hovedstaden;2021-11-21;27;
1082;Midtjylland;2021-11-21;3;
1081;Nordjylland;2021-11-21;10;
1085;Sjælland;2021-11-21;8;
1083;Syddanmark;2021-11-21;14;
1084;Hovedstaden;2021-11-22;35;
1082;Midtjylland;2021-11-22;8;
1081;Nordjylland;2021-11-22;6;
1085;Sjælland;2021-11-22;7;
1083;Syddanmark;2021-11-22;13;
1084;Hovedstaden;2021-11-23;31;
1082;Midtjylland;2021-11-23;4;
1085;Sjælland;2021-11-23;18;
1083;Syddanmark;2021-11-23;12;
1084;Hovedstaden;2021-11-24;27;
1082;Midtjylland;2021-11-24;6;
1081;Nordjylland;2021-11-24;4;
1085;Sjælland;2021-11-24;12;
1083;Syddanmark;2021-11-24;8;
1084;Hovedstaden;2021-11-25;28;
1082;Midtjylland;2021-11-25;11;
1081;Nordjylland;2021-11-25;6;
1085;Sjælland;2021-11-25;10;
1083;Syddanmark;2021-11-25;13;
1084;Hovedstaden;2021-11-26;32;
1082;Midtjylland;2021-11-26;8;
1081;Nordjylland;2021-11-26;3;
1085;Sjælland;2021-11-26;10;
1083;Syddanmark;2021-11-26;17;
1084;Hovedstaden;2021-11-27;24;
1082;Midtjylland;2021-11-27;6;
1081;Nordjylland;2021-11-27;5;
1085;Sjælland;2021-11-27;11;
1083;Syddanmark;2021-11-27;13;
1084;Hovedstaden;2021-11-28;21;
1082;Midtjylland;2021-11-28;9;
1081;Nordjylland;2021-11-28;4;
1085;Sjælland;2021-11-28;15;
1083;Syddanmark;2021-11-28;9;
1084;Hovedstaden;2021-11-29;25;
1082;Midtjylland;2021-11-29;6;
1081;Nordjylland;2021-11-29;5;
1085;Sjælland;2021-11-29;13;
1083;Syddanmark;2021-11-29;15;
1084;Hovedstaden;2021-11-30;30;
1082;Midtjylland;2021-11-30;13;
1081;Nordjylland;2021-11-30;8;
1085;Sjælland;2021-11-30;15;
1083;Syddanmark;2021-11-30;13;
1084;Hovedstaden;2021-12-01;32;
1082;Midtjylland;2021-12-01;5;
1081;Nordjylland;2021-12-01;15;
1085;Sjælland;2021-12-01;15;
1083;Syddanmark;2021-12-01;9;
1084;Hovedstaden;2021-12-02;28;
1082;Midtjylland;2021-12-02;9;
1081;Nordjylland;2021-12-02;5;
1085;Sjælland;2021-12-02;11;
1083;Syddanmark;2021-12-02;12;
1084;Hovedstaden;2021-12-03;30;
1082;Midtjylland;2021-12-03;14;
1081;Nordjylland;2021-12-03;10;
1085;Sjælland;2021-12-03;15;
1083;Syddanmark;2021-12-03;16;
1084;Hovedstaden;2021-12-04;25;
1082;Midtjylland;2021-12-04;10;
1081;Nordjylland;2021-12-04;11;
1085;Sjælland;2021-12-04;12;
1083;Syddanmark;2021-12-04;10;
1084;Hovedstaden;2021-12-05;27;
1082;Midtjylland;2021-12-05;9;
1081;Nordjylland;2021-12-05;7;
1085;Sjælland;2021-12-05;9;
1083;Syddanmark;2021-12-05;13;
1084;Hovedstaden;2021-12-06;38;
1082;Midtjylland;2021-12-06;14;
1081;Nordjylland;2021-12-06;12;
1085;Sjælland;2021-12-06;13;
1083;Syddanmark;2021-12-06;9;
1084;Hovedstaden;2021-12-07;29;
1082;Midtjylland;2021-12-07;9;
1081;Nordjylland;2021-12-07;5;
1085;Sjælland;2021-12-07;12;
1083;Syddanmark;2021-12-07;13;
1084;Hovedstaden;2021-12-08;37;
1082;Midtjylland;2021-12-08;7;
1081;Nordjylland;2021-12-08;3;
1085;Sjælland;2021-12-08;19;
1083;Syddanmark;2021-12-08;15;
1084;Hovedstaden;2021-12-09;30;
1082;Midtjylland;2021-12-09;11;
1081;Nordjylland;2021-12-09;2;
1085;Sjælland;2021-12-09;12;
1083;Syddanmark;2021-12-09;12;
1084;Hovedstaden;2021-12-10;36;
1082;Midtjylland;2021-12-10;10;
1081;Nordjylland;2021-12-10;6;
1085;Sjælland;2021-12-10;11;
1083;Syddanmark;2021-12-10;21;
1084;Hovedstaden;2021-12-11;20;
1082;Midtjylland;2021-12-11;4;
1081;Nordjylland;2021-12-11;4;
1085;Sjælland;2021-12-11;9;
1083;Syddanmark;2021-12-11;18;
1084;Hovedstaden;2021-12-12;34;
1082;Midtjylland;2021-12-12;6;
1081;Nordjylland;2021-12-12;2;
1085;Sjælland;2021-12-12;11;
1083;Syddanmark;2021-12-12;12;
1084;Hovedstaden;2021-12-13;45;
1082;Midtjylland;2021-12-13;17;
1081;Nordjylland;2021-12-13;6;
1085;Sjælland;2021-12-13;23;
1083;Syddanmark;2021-12-13;11;
1084;Hovedstaden;2021-12-14;42;
1082;Midtjylland;2021-12-14;10;
1081;Nordjylland;2021-12-14;1;
1085;Sjælland;2021-12-14;15;
1083;Syddanmark;2021-12-14;14;
1084;Hovedstaden;2021-12-15;50;
1082;Midtjylland;2021-12-15;6;
1081;Nordjylland;2021-12-15;9;
1085;Sjælland;2021-12-15;22;
1083;Syddanmark;2021-12-15;13;
1084;Hovedstaden;2021-12-16;43;
1082;Midtjylland;2021-12-16;14;
1081;Nordjylland;2021-12-16;9;
1085;Sjælland;2021-12-16;14;
1083;Syddanmark;2021-12-16;19;
1084;Hovedstaden;2021-12-17;33;
1082;Midtjylland;2021-12-17;14;
1081;Nordjylland;2021-12-17;12;
1085;Sjælland;2021-12-17;13;
1083;Syddanmark;2021-12-17;21;
1084;Hovedstaden;2021-12-18;37;
1082;Midtjylland;2021-12-18;9;
1081;Nordjylland;2021-12-18;5;
1085;Sjælland;2021-12-18;15;
1083;Syddanmark;2021-12-18;13;
1084;Hovedstaden;2021-12-19;28;
1082;Midtjylland;2021-12-19;12;
1081;Nordjylland;2021-12-19;4;
1085;Sjælland;2021-12-19;8;
1083;Syddanmark;2021-12-19;12;
1084;Hovedstaden;2021-12-20;42;
1082;Midtjylland;2021-12-20;16;
1081;Nordjylland;2021-12-20;5;
1085;Sjælland;2021-12-20;17;
1083;Syddanmark;2021-12-20;14;
1084;Hovedstaden;2021-12-21;42;
1082;Midtjylland;2021-12-21;13;
1081;Nordjylland;2021-12-21;8;
1085;Sjælland;2021-12-21;16;
1083;Syddanmark;2021-12-21;8;
1084;Hovedstaden;2021-12-22;56;
1082;Midtjylland;2021-12-22;17;
1081;Nordjylland;2021-12-22;8;
1085;Sjælland;2021-12-22;18;
1083;Syddanmark;2021-12-22;15;
1084;Hovedstaden;2021-12-23;35;
1082;Midtjylland;2021-12-23;13;
1081;Nordjylland;2021-12-23;2;
1085;Sjælland;2021-12-23;20;
1083;Syddanmark;2021-12-23;11;
1084;Hovedstaden;2021-12-24;25;
1082;Midtjylland;2021-12-24;11;
1081;Nordjylland;2021-12-24;9;
1085;Sjælland;2021-12-24;12;
1083;Syddanmark;2021-12-24;5;
1084;Hovedstaden;2021-12-25;48;
1082;Midtjylland;2021-12-25;12;
1081;Nordjylland;2021-12-25;5;
1085;Sjælland;2021-12-25;17;
1083;Syddanmark;2021-12-25;11;
1084;Hovedstaden;2021-12-26;33;
1082;Midtjylland;2021-12-26;12;
1081;Nordjylland;2021-12-26;4;
1085;Sjælland;2021-12-26;20;
1083;Syddanmark;2021-12-26;14;
1084;Hovedstaden;2021-12-27;57;
1082;Midtjylland;2021-12-27;21;
1081;Nordjylland;2021-12-27;6;
1085;Sjælland;2021-12-27;22;
1083;Syddanmark;2021-12-27;28;
1084;Hovedstaden;2021-12-28;60;
1082;Midtjylland;2021-12-28;19;
1081;Nordjylland;2021-12-28;10;
1085;Sjælland;2021-12-28;24;
1083;Syddanmark;2021-12-28;19;
1084;Hovedstaden;2021-12-29;66;
1082;Midtjylland;2021-12-29;20;
1081;Nordjylland;2021-12-29;8;
1085;Sjælland;2021-12-29;24;
1083;Syddanmark;2021-12-29;14;
1084;Hovedstaden;2021-12-30;51;
1082;Midtjylland;2021-12-30;15;
1081;Nordjylland;2021-12-30;9;
1085;Sjælland;2021-12-30;21;
1083;Syddanmark;2021-12-30;17;
1084;Hovedstaden;2021-12-31;38;
1082;Midtjylland;2021-12-31;14;
1081;Nordjylland;2021-12-31;6;
1085;Sjælland;2021-12-31;16;
1083;Syddanmark;2021-12-31;15;
1084;Hovedstaden;2022-01-01;56;
1082;Midtjylland;2022-01-01;16;
1081;Nordjylland;2022-01-01;9;
1085;Sjælland;2022-01-01;32;
1083;Syddanmark;2022-01-01;22;
1084;Hovedstaden;2022-01-02;70;
1082;Midtjylland;2022-01-02;17;
1081;Nordjylland;2022-01-02;16;
1085;Sjælland;2022-01-02;27;
1083;Syddanmark;2022-01-02;16;
1084;Hovedstaden;2022-01-03;70;
1082;Midtjylland;2022-01-03;26;
1081;Nordjylland;2022-01-03;13;
1085;Sjælland;2022-01-03;24;
1083;Syddanmark;2022-01-03;22;
1084;Hovedstaden;2022-01-04;59;
1082;Midtjylland;2022-01-04;25;
1081;Nordjylland;2022-01-04;14;
1085;Sjælland;2022-01-04;26;
1083;Syddanmark;2022-01-04;14;
1084;Hovedstaden;2022-01-05;44;
1082;Midtjylland;2022-01-05;17;
1081;Nordjylland;2022-01-05;12;
1085;Sjælland;2022-01-05;20;
1083;Syddanmark;2022-01-05;17;
1084;Hovedstaden;2022-01-06;59;
1082;Midtjylland;2022-01-06;15;
1081;Nordjylland;2022-01-06;4;
1085;Sjælland;2022-01-06;31;
1083;Syddanmark;2022-01-06;24;
1084;Hovedstaden;2022-01-07;45;
1082;Midtjylland;2022-01-07;16;
1081;Nordjylland;2022-01-07;7;
1085;Sjælland;2022-01-07;15;
1083;Syddanmark;2022-01-07;19;
1084;Hovedstaden;2022-01-08;42;
1082;Midtjylland;2022-01-08;11;
1081;Nordjylland;2022-01-08;6;
1085;Sjælland;2022-01-08;17;
1083;Syddanmark;2022-01-08;8;
1084;Hovedstaden;2022-01-09;45;
1082;Midtjylland;2022-01-09;20;
1081;Nordjylland;2022-01-09;13;
1085;Sjælland;2022-01-09;16;
1083;Syddanmark;2022-01-09;25;
1084;Hovedstaden;2022-01-10;53;
1082;Midtjylland;2022-01-10;23;
1081;Nordjylland;2022-01-10;16;
1085;Sjælland;2022-01-10;27;
1083;Syddanmark;2022-01-10;29;
1084;Hovedstaden;2022-01-11;61;
1082;Midtjylland;2022-01-11;17;
1081;Nordjylland;2022-01-11;14;
1085;Sjælland;2022-01-11;20;
1083;Syddanmark;2022-01-11;28;
1084;Hovedstaden;2022-01-12;63;
1082;Midtjylland;2022-01-12;26;
1081;Nordjylland;2022-01-12;7;
1085;Sjælland;2022-01-12;23;
1083;Syddanmark;2022-01-12;24;
1084;Hovedstaden;2022-01-13;69;
1082;Midtjylland;2022-01-13;21;
1081;Nordjylland;2022-01-13;8;
1085;Sjælland;2022-01-13;26;
1083;Syddanmark;2022-01-13;20;
1084;Hovedstaden;2022-01-14;52;
1082;Midtjylland;2022-01-14;23;
1081;Nordjylland;2022-01-14;11;
1085;Sjælland;2022-01-14;24;
1083;Syddanmark;2022-01-14;16;
1084;Hovedstaden;2022-01-15;40;
1082;Midtjylland;2022-01-15;23;
1081;Nordjylland;2022-01-15;11;
1085;Sjælland;2022-01-15;29;
1083;Syddanmark;2022-01-15;15;
1084;Hovedstaden;2022-01-16;56;
1082;Midtjylland;2022-01-16;31;
1081;Nordjylland;2022-01-16;11;
1085;Sjælland;2022-01-16;20;
1083;Syddanmark;2022-01-16;28;
1084;Hovedstaden;2022-01-17;82;
1082;Midtjylland;2022-01-17;30;
1081;Nordjylland;2022-01-17;15;
1085;Sjælland;2022-01-17;32;
1083;Syddanmark;2022-01-17;32;
1084;Hovedstaden;2022-01-18;66;
1082;Midtjylland;2022-01-18;34;
1081;Nordjylland;2022-01-18;16;
1085;Sjælland;2022-01-18;25;
1083;Syddanmark;2022-01-18;25;
1084;Hovedstaden;2022-01-19;59;
1082;Midtjylland;2022-01-19;31;
1081;Nordjylland;2022-01-19;14;
1085;Sjælland;2022-01-19;24;
1083;Syddanmark;2022-01-19;25;
1084;Hovedstaden;2022-01-20;64;
1082;Midtjylland;2022-01-20;24;
1081;Nordjylland;2022-01-20;14;
1085;Sjælland;2022-01-20;22;
1083;Syddanmark;2022-01-20;31;
1084;Hovedstaden;2022-01-21;67;
1082;Midtjylland;2022-01-21;19;
1081;Nordjylland;2022-01-21;18;
1085;Sjælland;2022-01-21;29;
1083;Syddanmark;2022-01-21;27;
1084;Hovedstaden;2022-01-22;52;
1082;Midtjylland;2022-01-22;19;
1081;Nordjylland;2022-01-22;10;
1085;Sjælland;2022-01-22;26;
1083;Syddanmark;2022-01-22;23;
1084;Hovedstaden;2022-01-23;76;
1082;Midtjylland;2022-01-23;22;
1081;Nordjylland;2022-01-23;12;
1085;Sjælland;2022-01-23;36;
1083;Syddanmark;2022-01-23;25;
1084;Hovedstaden;2022-01-24;89;
1082;Midtjylland;2022-01-24;33;
1081;Nordjylland;2022-01-24;14;
1085;Sjælland;2022-01-24;33;
1083;Syddanmark;2022-01-24;37;
1084;Hovedstaden;2022-01-25;64;
1082;Midtjylland;2022-01-25;25;
1081;Nordjylland;2022-01-25;25;
1085;Sjælland;2022-01-25;44;
1083;Syddanmark;2022-01-25;52;
1084;Hovedstaden;2022-01-26;82;
1082;Midtjylland;2022-01-26;42;
1081;Nordjylland;2022-01-26;13;
1085;Sjælland;2022-01-26;34;
1083;Syddanmark;2022-01-26;37;
1084;Hovedstaden;2022-01-27;93;
1082;Midtjylland;2022-01-27;46;
1081;Nordjylland;2022-01-27;12;
1085;Sjælland;2022-01-27;29;
1083;Syddanmark;2022-01-27;38;
1084;Hovedstaden;2022-01-28;79;
1082;Midtjylland;2022-01-28;34;
1081;Nordjylland;2022-01-28;12;
1085;Sjælland;2022-01-28;35;
1083;Syddanmark;2022-01-28;40;
1084;Hovedstaden;2022-01-29;51;
1082;Midtjylland;2022-01-29;28;
1081;Nordjylland;2022-01-29;6;
1085;Sjælland;2022-01-29;29;
1083;Syddanmark;2022-01-29;31;
1084;Hovedstaden;2022-01-30;85;
1082;Midtjylland;2022-01-30;28;
1081;Nordjylland;2022-01-30;20;
1085;Sjælland;2022-01-30;33;
1083;Syddanmark;2022-01-30;29;
1084;Hovedstaden;2022-01-31;88;
1082;Midtjylland;2022-01-31;46;
1081;Nordjylland;2022-01-31;13;
1085;Sjælland;2022-01-31;43;
1083;Syddanmark;2022-01-31;51;
1084;Hovedstaden;2022-02-01;93;
1082;Midtjylland;2022-02-01;42;
1081;Nordjylland;2022-02-01;23;
1085;Sjælland;2022-02-01;51;
1083;Syddanmark;2022-02-01;47;
1084;Hovedstaden;2022-02-02;93;
1082;Midtjylland;2022-02-02;48;
1081;Nordjylland;2022-02-02;29;
1085;Sjælland;2022-02-02;65;
1083;Syddanmark;2022-02-02;47;
1084;Hovedstaden;2022-02-03;87;
1082;Midtjylland;2022-02-03;53;
1081;Nordjylland;2022-02-03;31;
1085;Sjælland;2022-02-03;41;
1083;Syddanmark;2022-02-03;60;
1084;Hovedstaden;2022-02-04;84;
1082;Midtjylland;2022-02-04;47;
1081;Nordjylland;2022-02-04;27;
1085;Sjælland;2022-02-04;39;
1083;Syddanmark;2022-02-04;56;
1084;Hovedstaden;2022-02-05;65;
1082;Midtjylland;2022-02-05;46;
1081;Nordjylland;2022-02-05;19;
1085;Sjælland;2022-02-05;43;
1083;Syddanmark;2022-02-05;50;
1084;Hovedstaden;2022-02-06;71;
1082;Midtjylland;2022-02-06;48;
1081;Nordjylland;2022-02-06;20;
1085;Sjælland;2022-02-06;46;
1083;Syddanmark;2022-02-06;57;
1084;Hovedstaden;2022-02-07;106;
1082;Midtjylland;2022-02-07;70;
1081;Nordjylland;2022-02-07;27;
1085;Sjælland;2022-02-07;44;
1083;Syddanmark;2022-02-07;90;
1084;Hovedstaden;2022-02-08;79;
1082;Midtjylland;2022-02-08;67;
1081;Nordjylland;2022-02-08;36;
1085;Sjælland;2022-02-08;46;
1083;Syddanmark;2022-02-08;73;
1084;Hovedstaden;2022-02-09;115;
1082;Midtjylland;2022-02-09;65;
1081;Nordjylland;2022-02-09;31;
1085;Sjælland;2022-02-09;51;
1083;Syddanmark;2022-02-09;74;
1084;Hovedstaden;2022-02-10;96;
1082;Midtjylland;2022-02-10;78;
1081;Nordjylland;2022-02-10;32;
1085;Sjælland;2022-02-10;46;
1083;Syddanmark;2022-02-10;69;
1084;Hovedstaden;2022-02-11;84;
1082;Midtjylland;2022-02-11;57;
1081;Nordjylland;2022-02-11;39;
1085;Sjælland;2022-02-11;51;
1083;Syddanmark;2022-02-11;73;
1084;Hovedstaden;2022-02-12;53;
1082;Midtjylland;2022-02-12;55;
1081;Nordjylland;2022-02-12;31;
1085;Sjælland;2022-02-12;34;
1083;Syddanmark;2022-02-12;41;
1084;Hovedstaden;2022-02-13;84;
1082;Midtjylland;2022-02-13;71;
1081;Nordjylland;2022-02-13;31;
1085;Sjælland;2022-02-13;37;
1083;Syddanmark;2022-02-13;54;
1084;Hovedstaden;2022-02-14;113;
1082;Midtjylland;2022-02-14;61;
1081;Nordjylland;2022-02-14;51;
1085;Sjælland;2022-02-14;58;
1083;Syddanmark;2022-02-14;92;
1084;Hovedstaden;2022-02-15;89;
1082;Midtjylland;2022-02-15;75;
1081;Nordjylland;2022-02-15;52;
1085;Sjælland;2022-02-15;54;
1083;Syddanmark;2022-02-15;72;
1084;Hovedstaden;2022-02-16;106;
1082;Midtjylland;2022-02-16;92;
1081;Nordjylland;2022-02-16;38;
1085;Sjælland;2022-02-16;44;
1083;Syddanmark;2022-02-16;83;
1084;Hovedstaden;2022-02-17;83;
1082;Midtjylland;2022-02-17;78;
1081;Nordjylland;2022-02-17;39;
1085;Sjælland;2022-02-17;49;
1083;Syddanmark;2022-02-17;103;
1084;Hovedstaden;2022-02-18;98;
1082;Midtjylland;2022-02-18;56;
1081;Nordjylland;2022-02-18;47;
1085;Sjælland;2022-02-18;44;
1083;Syddanmark;2022-02-18;74;
1084;Hovedstaden;2022-02-19;47;
1082;Midtjylland;2022-02-19;57;
1081;Nordjylland;2022-02-19;50;
1085;Sjælland;2022-02-19;39;
1083;Syddanmark;2022-02-19;54;
1084;Hovedstaden;2022-02-20;90;
1082;Midtjylland;2022-02-20;62;
1081;Nordjylland;2022-02-20;33;
1085;Sjælland;2022-02-20;45;
1083;Syddanmark;2022-02-20;66;
1084;Hovedstaden;2022-02-21;114;
1082;Midtjylland;2022-02-21;93;
1081;Nordjylland;2022-02-21;46;
1085;Sjælland;2022-02-21;74;
1083;Syddanmark;2022-02-21;80;
1084;Hovedstaden;2022-02-22;71;
1082;Midtjylland;2022-02-22;66;
1081;Nordjylland;2022-02-22;50;
1085;Sjælland;2022-02-22;53;
1083;Syddanmark;2022-02-22;89;
1084;Hovedstaden;2022-02-23;71;
1082;Midtjylland;2022-02-23;66;
1081;Nordjylland;2022-02-23;60;
1085;Sjælland;2022-02-23;36;
1083;Syddanmark;2022-02-23;81;
1084;Hovedstaden;2022-02-24;89;
1082;Midtjylland;2022-02-24;66;
1081;Nordjylland;2022-02-24;43;
1085;Sjælland;2022-02-24;52;
1083;Syddanmark;2022-02-24;74;
1084;Hovedstaden;2022-02-25;58;
1082;Midtjylland;2022-02-25;67;
1081;Nordjylland;2022-02-25;52;
1085;Sjælland;2022-02-25;38;
1083;Syddanmark;2022-02-25;69;
1084;Hovedstaden;2022-02-26;60;
1082;Midtjylland;2022-02-26;51;
1081;Nordjylland;2022-02-26;21;
1085;Sjælland;2022-02-26;30;
1083;Syddanmark;2022-02-26;50;
1084;Hovedstaden;2022-02-27;62;
1082;Midtjylland;2022-02-27;44;
1081;Nordjylland;2022-02-27;31;
1085;Sjælland;2022-02-27;29;
1083;Syddanmark;2022-02-27;52;
1084;Hovedstaden;2022-02-28;86;
1082;Midtjylland;2022-02-28;75;
1081;Nordjylland;2022-02-28;48;
1085;Sjælland;2022-02-28;40;
1083;Syddanmark;2022-02-28;90;
1084;Hovedstaden;2022-03-01;71;
1082;Midtjylland;2022-03-01;68;
1081;Nordjylland;2022-03-01;39;
1085;Sjælland;2022-03-01;35;
1083;Syddanmark;2022-03-01;75;
1084;Hovedstaden;2022-03-02;70;
1082;Midtjylland;2022-03-02;64;
1081;Nordjylland;2022-03-02;34;
1085;Sjælland;2022-03-02;35;
1083;Syddanmark;2022-03-02;46;
1084;Hovedstaden;2022-03-03;76;
1082;Midtjylland;2022-03-03;51;
1081;Nordjylland;2022-03-03;39;
1085;Sjælland;2022-03-03;43;
1083;Syddanmark;2022-03-03;54;
1084;Hovedstaden;2022-03-04;75;
1082;Midtjylland;2022-03-04;47;
1081;Nordjylland;2022-03-04;46;
1085;Sjælland;2022-03-04;52;
1083;Syddanmark;2022-03-04;66;
1084;Hovedstaden;2022-03-05;45;
1082;Midtjylland;2022-03-05;33;
1081;Nordjylland;2022-03-05;33;
1085;Sjælland;2022-03-05;28;
1083;Syddanmark;2022-03-05;42;
1084;Hovedstaden;2022-03-06;51;
1082;Midtjylland;2022-03-06;49;
1081;Nordjylland;2022-03-06;20;
1085;Sjælland;2022-03-06;25;
1083;Syddanmark;2022-03-06;59;
1084;Hovedstaden;2022-03-07;68;
1082;Midtjylland;2022-03-07;43;
1081;Nordjylland;2022-03-07;45;
1085;Sjælland;2022-03-07;43;
1083;Syddanmark;2022-03-07;64;
1084;Hovedstaden;2022-03-08;53;
1082;Midtjylland;2022-03-08;53;
1081;Nordjylland;2022-03-08;24;
1085;Sjælland;2022-03-08;29;
1083;Syddanmark;2022-03-08;74;
1084;Hovedstaden;2022-03-09;73;
1082;Midtjylland;2022-03-09;40;
1081;Nordjylland;2022-03-09;39;
1085;Sjælland;2022-03-09;37;
1083;Syddanmark;2022-03-09;55;
1084;Hovedstaden;2022-03-10;33;
1082;Midtjylland;2022-03-10;51;
1081;Nordjylland;2022-03-10;26;
1085;Sjælland;2022-03-10;35;
1083;Syddanmark;2022-03-10;59;
1084;Hovedstaden;2022-03-11;44;
1082;Midtjylland;2022-03-11;49;
1081;Nordjylland;2022-03-11;33;
1085;Sjælland;2022-03-11;39;
1083;Syddanmark;2022-03-11;54;
1084;Hovedstaden;2022-03-12;36;
1082;Midtjylland;2022-03-12;46;
1081;Nordjylland;2022-03-12;13;
1085;Sjælland;2022-03-12;34;
1083;Syddanmark;2022-03-12;44;
1084;Hovedstaden;2022-03-13;55;
1082;Midtjylland;2022-03-13;33;
1081;Nordjylland;2022-03-13;27;
1085;Sjælland;2022-03-13;17;
1083;Syddanmark;2022-03-13;36;
1084;Hovedstaden;2022-03-14;71;
1082;Midtjylland;2022-03-14;48;
1081;Nordjylland;2022-03-14;32;
1085;Sjælland;2022-03-14;35;
1083;Syddanmark;2022-03-14;60;
1084;Hovedstaden;2022-03-15;50;
1082;Midtjylland;2022-03-15;47;
1081;Nordjylland;2022-03-15;34;
1085;Sjælland;2022-03-15;28;
1083;Syddanmark;2022-03-15;56;
1084;Hovedstaden;2022-03-16;42;
1082;Midtjylland;2022-03-16;44;
1081;Nordjylland;2022-03-16;20;
1085;Sjælland;2022-03-16;37;
1083;Syddanmark;2022-03-16;55;
1084;Hovedstaden;2022-03-17;37;
1082;Midtjylland;2022-03-17;41;
1081;Nordjylland;2022-03-17;23;
1085;Sjælland;2022-03-17;38;
1083;Syddanmark;2022-03-17;45;
1084;Hovedstaden;2022-03-18;47;
1082;Midtjylland;2022-03-18;28;
1081;Nordjylland;2022-03-18;19;
1085;Sjælland;2022-03-18;20;
1083;Syddanmark;2022-03-18;44;
1084;Hovedstaden;2022-03-19;27;
1082;Midtjylland;2022-03-19;21;
1081;Nordjylland;2022-03-19;22;
1085;Sjælland;2022-03-19;18;
1083;Syddanmark;2022-03-19;46;
1084;Hovedstaden;2022-03-20;28;
1082;Midtjylland;2022-03-20;29;
1081;Nordjylland;2022-03-20;19;
1085;Sjælland;2022-03-20;20;
1083;Syddanmark;2022-03-20;41;
1084;Hovedstaden;2022-03-21;51;
1082;Midtjylland;2022-03-21;32;
1081;Nordjylland;2022-03-21;22;
1085;Sjælland;2022-03-21;29;
1083;Syddanmark;2022-03-21;52;
1084;Hovedstaden;2022-03-22;41;
1082;Midtjylland;2022-03-22;31;
1081;Nordjylland;2022-03-22;20;
1085;Sjælland;2022-03-22;23;
1083;Syddanmark;2022-03-22;47;
1084;Hovedstaden;2022-03-23;53;
1082;Midtjylland;2022-03-23;42;
1081;Nordjylland;2022-03-23;26;
1085;Sjælland;2022-03-23;44;
1083;Syddanmark;2022-03-23;49;
1084;Hovedstaden;2022-03-24;39;
1082;Midtjylland;2022-03-24;17;
1081;Nordjylland;2022-03-24;16;
1085;Sjælland;2022-03-24;31;
1083;Syddanmark;2022-03-24;33;
1084;Hovedstaden;2022-03-25;28;
1082;Midtjylland;2022-03-25;29;
1081;Nordjylland;2022-03-25;10;
1085;Sjælland;2022-03-25;23;
1083;Syddanmark;2022-03-25;45;
1084;Hovedstaden;2022-03-26;25;
1082;Midtjylland;2022-03-26;28;
1081;Nordjylland;2022-03-26;7;
1085;Sjælland;2022-03-26;14;
1083;Syddanmark;2022-03-26;21;
1084;Hovedstaden;2022-03-27;28;
1082;Midtjylland;2022-03-27;17;
1081;Nordjylland;2022-03-27;12;
1085;Sjælland;2022-03-27;12;
1083;Syddanmark;2022-03-27;27;
1084;Hovedstaden;2022-03-28;46;
1082;Midtjylland;2022-03-28;32;
1081;Nordjylland;2022-03-28;13;
1085;Sjælland;2022-03-28;26;
1083;Syddanmark;2022-03-28;40;
1084;Hovedstaden;2022-03-29;34;
1082;Midtjylland;2022-03-29;20;
1081;Nordjylland;2022-03-29;21;
1085;Sjælland;2022-03-29;26;
1083;Syddanmark;2022-03-29;35;
1084;Hovedstaden;2022-03-30;28;
1082;Midtjylland;2022-03-30;27;
1081;Nordjylland;2022-03-30;11;
1085;Sjælland;2022-03-30;29;
1083;Syddanmark;2022-03-30;37;
1084;Hovedstaden;2022-03-31;30;
1082;Midtjylland;2022-03-31;17;
1081;Nordjylland;2022-03-31;13;
1085;Sjælland;2022-03-31;23;
1083;Syddanmark;2022-03-31;31;
1084;Hovedstaden;2022-04-01;35;
1082;Midtjylland;2022-04-01;18;
1081;Nordjylland;2022-04-01;21;
1085;Sjælland;2022-04-01;18;
1083;Syddanmark;2022-04-01;24;
1084;Hovedstaden;2022-04-02;26;
1082;Midtjylland;2022-04-02;14;
1081;Nordjylland;2022-04-02;12;
1085;Sjælland;2022-04-02;15;
1083;Syddanmark;2022-04-02;18;
1084;Hovedstaden;2022-04-03;22;
1082;Midtjylland;2022-04-03;24;
1081;Nordjylland;2022-04-03;12;
1085;Sjælland;2022-04-03;13;
1083;Syddanmark;2022-04-03;22;
1084;Hovedstaden;2022-04-04;37;
1082;Midtjylland;2022-04-04;21;
1081;Nordjylland;2022-04-04;15;
1085;Sjælland;2022-04-04;26;
1083;Syddanmark;2022-04-04;31;
1084;Hovedstaden;2022-04-05;33;
1082;Midtjylland;2022-04-05;24;
1081;Nordjylland;2022-04-05;12;
1085;Sjælland;2022-04-05;28;
1083;Syddanmark;2022-04-05;25;
1084;Hovedstaden;2022-04-06;34;
1082;Midtjylland;2022-04-06;24;
1081;Nordjylland;2022-04-06;12;
1085;Sjælland;2022-04-06;24;
1083;Syddanmark;2022-04-06;26;
1084;Hovedstaden;2022-04-07;25;
1082;Midtjylland;2022-04-07;21;
1081;Nordjylland;2022-04-07;15;
1085;Sjælland;2022-04-07;12;
1083;Syddanmark;2022-04-07;26;
1084;Hovedstaden;2022-04-08;26;
1082;Midtjylland;2022-04-08;12;
1081;Nordjylland;2022-04-08;14;
1085;Sjælland;2022-04-08;13;
1083;Syddanmark;2022-04-08;32;
1084;Hovedstaden;2022-04-09;14;
1082;Midtjylland;2022-04-09;18;
1081;Nordjylland;2022-04-09;12;
1085;Sjælland;2022-04-09;19;
1083;Syddanmark;2022-04-09;21;
1084;Hovedstaden;2022-04-10;29;
1082;Midtjylland;2022-04-10;12;
1081;Nordjylland;2022-04-10;4;
1085;Sjælland;2022-04-10;18;
1083;Syddanmark;2022-04-10;19;
1084;Hovedstaden;2022-04-11;33;
1082;Midtjylland;2022-04-11;20;
1081;Nordjylland;2022-04-11;12;
1085;Sjælland;2022-04-11;24;
1083;Syddanmark;2022-04-11;20;
1084;Hovedstaden;2022-04-12;30;
1082;Midtjylland;2022-04-12;17;
1081;Nordjylland;2022-04-12;8;
1085;Sjælland;2022-04-12;16;
1083;Syddanmark;2022-04-12;22;
1084;Hovedstaden;2022-04-13;33;
1082;Midtjylland;2022-04-13;19;
1081;Nordjylland;2022-04-13;8;
1085;Sjælland;2022-04-13;28;
1083;Syddanmark;2022-04-13;16;
1084;Hovedstaden;2022-04-14;19;
1082;Midtjylland;2022-04-14;11;
1081;Nordjylland;2022-04-14;9;
1085;Sjælland;2022-04-14;15;
1083;Syddanmark;2022-04-14;19;
1084;Hovedstaden;2022-04-15;18;
1082;Midtjylland;2022-04-15;15;
1081;Nordjylland;2022-04-15;12;
1085;Sjælland;2022-04-15;15;
1083;Syddanmark;2022-04-15;14;
1084;Hovedstaden;2022-04-16;19;
1082;Midtjylland;2022-04-16;16;
1081;Nordjylland;2022-04-16;5;
1085;Sjælland;2022-04-16;18;
1083;Syddanmark;2022-04-16;11;
1084;Hovedstaden;2022-04-17;23;
1082;Midtjylland;2022-04-17;11;
1081;Nordjylland;2022-04-17;9;
1085;Sjælland;2022-04-17;14;
1083;Syddanmark;2022-04-17;19;
1084;Hovedstaden;2022-04-18;32;
1082;Midtjylland;2022-04-18;17;
1081;Nordjylland;2022-04-18;6;
1085;Sjælland;2022-04-18;8;
1083;Syddanmark;2022-04-18;14;
1084;Hovedstaden;2022-04-19;36;
1082;Midtjylland;2022-04-19;10;
1081;Nordjylland;2022-04-19;6;
1085;Sjælland;2022-04-19;15;
1083;Syddanmark;2022-04-19;21;
1084;Hovedstaden;2022-04-20;27;
1082;Midtjylland;2022-04-20;15;
1081;Nordjylland;2022-04-20;11;
1085;Sjælland;2022-04-20;7;
1083;Syddanmark;2022-04-20;20;
1084;Hovedstaden;2022-04-21;20;
1082;Midtjylland;2022-04-21;20;
1081;Nordjylland;2022-04-21;13;
1085;Sjælland;2022-04-21;12;
1083;Syddanmark;2022-04-21;15;
1084;Hovedstaden;2022-04-22;24;
1082;Midtjylland;2022-04-22;11;
1081;Nordjylland;2022-04-22;11;
1085;Sjælland;2022-04-22;12;
1083;Syddanmark;2022-04-22;16;
1084;Hovedstaden;2022-04-23;21;
1082;Midtjylland;2022-04-23;9;
1081;Nordjylland;2022-04-23;4;
1085;Sjælland;2022-04-23;9;
1083;Syddanmark;2022-04-23;9;
1084;Hovedstaden;2022-04-24;24;
1082;Midtjylland;2022-04-24;6;
1081;Nordjylland;2022-04-24;9;
1085;Sjælland;2022-04-24;12;
1083;Syddanmark;2022-04-24;15;
1084;Hovedstaden;2022-04-25;26;
1082;Midtjylland;2022-04-25;18;
1081;Nordjylland;2022-04-25;8;
1085;Sjælland;2022-04-25;15;
1083;Syddanmark;2022-04-25;15;
1084;Hovedstaden;2022-04-26;28;
1082;Midtjylland;2022-04-26;8;
1081;Nordjylland;2022-04-26;9;
1085;Sjælland;2022-04-26;18;
1083;Syddanmark;2022-04-26;12;
1084;Hovedstaden;2022-04-27;17;
1082;Midtjylland;2022-04-27;11;
1081;Nordjylland;2022-04-27;4;
1085;Sjælland;2022-04-27;7;
1083;Syddanmark;2022-04-27;11;
1084;Hovedstaden;2022-04-28;18;
1082;Midtjylland;2022-04-28;11;
1081;Nordjylland;2022-04-28;5;
1085;Sjælland;2022-04-28;12;
1083;Syddanmark;2022-04-28;10;
1084;Hovedstaden;2022-04-29;17;
1082;Midtjylland;2022-04-29;8;
1081;Nordjylland;2022-04-29;1;
1085;Sjælland;2022-04-29;10;
1083;Syddanmark;2022-04-29;13;
1084;Hovedstaden;2022-04-30;17;
1082;Midtjylland;2022-04-30;7;
1081;Nordjylland;2022-04-30;1;
1085;Sjælland;2022-04-30;8;
1083;Syddanmark;2022-04-30;8;
1084;Hovedstaden;2022-05-01;13;
1082;Midtjylland;2022-05-01;5;
1081;Nordjylland;2022-05-01;3;
1085;Sjælland;2022-05-01;10;
1083;Syddanmark;2022-05-01;10;
1084;Hovedstaden;2022-05-02;25;
1082;Midtjylland;2022-05-02;9;
1081;Nordjylland;2022-05-02;3;
1085;Sjælland;2022-05-02;8;
1083;Syddanmark;2022-05-02;7;
1084;Hovedstaden;2022-05-03;18;
1082;Midtjylland;2022-05-03;12;
1081;Nordjylland;2022-05-03;8;
1085;Sjælland;2022-05-03;11;
1083;Syddanmark;2022-05-03;5;
1084;Hovedstaden;2022-05-04;21;
1082;Midtjylland;2022-05-04;5;
1081;Nordjylland;2022-05-04;5;
1085;Sjælland;2022-05-04;6;
1083;Syddanmark;2022-05-04;13;
1084;Hovedstaden;2022-05-05;14;
1082;Midtjylland;2022-05-05;5;
1081;Nordjylland;2022-05-05;3;
1085;Sjælland;2022-05-05;10;
1083;Syddanmark;2022-05-05;5;
1084;Hovedstaden;2022-05-06;15;
1082;Midtjylland;2022-05-06;10;
1081;Nordjylland;2022-05-06;10;
1085;Sjælland;2022-05-06;3;
1083;Syddanmark;2022-05-06;15;
1084;Hovedstaden;2022-05-07;9;
1082;Midtjylland;2022-05-07;7;
1081;Nordjylland;2022-05-07;2;
1085;Sjælland;2022-05-07;11;
1083;Syddanmark;2022-05-07;5;
1084;Hovedstaden;2022-05-08;11;
1082;Midtjylland;2022-05-08;7;
1081;Nordjylland;2022-05-08;9;
1085;Sjælland;2022-05-08;8;
1083;Syddanmark;2022-05-08;10;
1084;Hovedstaden;2022-05-09;13;
1082;Midtjylland;2022-05-09;6;
1081;Nordjylland;2022-05-09;7;
1085;Sjælland;2022-05-09;9;
1083;Syddanmark;2022-05-09;12;
1084;Hovedstaden;2022-05-10;16;
1082;Midtjylland;2022-05-10;8;
1081;Nordjylland;2022-05-10;5;
1085;Sjælland;2022-05-10;9;
1083;Syddanmark;2022-05-10;7;
1084;Hovedstaden;2022-05-11;14;
1082;Midtjylland;2022-05-11;2;
1081;Nordjylland;2022-05-11;3;
1085;Sjælland;2022-05-11;4;
1083;Syddanmark;2022-05-11;9;
1084;Hovedstaden;2022-05-12;9;
1082;Midtjylland;2022-05-12;5;
1081;Nordjylland;2022-05-12;2;
1085;Sjælland;2022-05-12;5;
1083;Syddanmark;2022-05-12;11;
1084;Hovedstaden;2022-05-13;13;
1082;Midtjylland;2022-05-13;6;
1081;Nordjylland;2022-05-13;7;
1085;Sjælland;2022-05-13;5;
1083;Syddanmark;2022-05-13;3;
1084;Hovedstaden;2022-05-14;9;
1082;Midtjylland;2022-05-14;5;
1081;Nordjylland;2022-05-14;3;
1085;Sjælland;2022-05-14;2;
1083;Syddanmark;2022-05-14;2;
1084;Hovedstaden;2022-05-15;12;
1082;Midtjylland;2022-05-15;8;
1081;Nordjylland;2022-05-15;6;
1085;Sjælland;2022-05-15;3;
1083;Syddanmark;2022-05-15;5;
1084;Hovedstaden;2022-05-16;19;
1082;Midtjylland;2022-05-16;11;
1081;Nordjylland;2022-05-16;5;
1085;Sjælland;2022-05-16;8;
1083;Syddanmark;2022-05-16;4;
1084;Hovedstaden;2022-05-17;15;
1082;Midtjylland;2022-05-17;5;
1081;Nordjylland;2022-05-17;1;
1085;Sjælland;2022-05-17;5;
1083;Syddanmark;2022-05-17;8;
1084;Hovedstaden;2022-05-18;10;
1082;Midtjylland;2022-05-18;6;
1081;Nordjylland;2022-05-18;3;
1085;Sjælland;2022-05-18;3;
1083;Syddanmark;2022-05-18;7;
1084;Hovedstaden;2022-05-19;14;
1082;Midtjylland;2022-05-19;6;
1081;Nordjylland;2022-05-19;4;
1085;Sjælland;2022-05-19;8;
1083;Syddanmark;2022-05-19;7;
1084;Hovedstaden;2022-05-20;5;
1082;Midtjylland;2022-05-20;5;
1081;Nordjylland;2022-05-20;4;
1085;Sjælland;2022-05-20;7;
1083;Syddanmark;2022-05-20;3;
1084;Hovedstaden;2022-05-21;3;
1082;Midtjylland;2022-05-21;5;
1081;Nordjylland;2022-05-21;4;
1085;Sjælland;2022-05-21;7;
1083;Syddanmark;2022-05-21;7;
1084;Hovedstaden;2022-05-22;11;
1082;Midtjylland;2022-05-22;4;
1081;Nordjylland;2022-05-22;1;
1085;Sjælland;2022-05-22;2;
1083;Syddanmark;2022-05-22;4;
1084;Hovedstaden;2022-05-23;13;
1082;Midtjylland;2022-05-23;2;
1081;Nordjylland;2022-05-23;3;
1085;Sjælland;2022-05-23;11;
1083;Syddanmark;2022-05-23;5;
1084;Hovedstaden;2022-05-24;8;
1082;Midtjylland;2022-05-24;3;
1081;Nordjylland;2022-05-24;2;
1085;Sjælland;2022-05-24;2;
1084;Hovedstaden;2022-05-25;9;
1082;Midtjylland;2022-05-25;7;
1081;Nordjylland;2022-05-25;4;
1085;Sjælland;2022-05-25;5;
1083;Syddanmark;2022-05-25;8;
1084;Hovedstaden;2022-05-26;8;
1082;Midtjylland;2022-05-26;2;
1081;Nordjylland;2022-05-26;3;
1085;Sjælland;2022-05-26;1;
1084;Hovedstaden;2022-05-27;8;
1082;Midtjylland;2022-05-27;3;
1081;Nordjylland;2022-05-27;4;
1085;Sjælland;2022-05-27;4;
1083;Syddanmark;2022-05-27;3;
1084;Hovedstaden;2022-05-28;5;
1082;Midtjylland;2022-05-28;3;
1081;Nordjylland;2022-05-28;2;
1085;Sjælland;2022-05-28;3;
1083;Syddanmark;2022-05-28;3;
1084;Hovedstaden;2022-05-29;13;
1082;Midtjylland;2022-05-29;5;
1081;Nordjylland;2022-05-29;1;
1085;Sjælland;2022-05-29;4;
1083;Syddanmark;2022-05-29;5;
1084;Hovedstaden;2022-05-30;9;
1082;Midtjylland;2022-05-30;9;
1085;Sjælland;2022-05-30;3;
1083;Syddanmark;2022-05-30;6;
1084;Hovedstaden;2022-05-31;7;
1082;Midtjylland;2022-05-31;4;
1081;Nordjylland;2022-05-31;2;
1085;Sjælland;2022-05-31;5;
1083;Syddanmark;2022-05-31;3;
1084;Hovedstaden;2022-06-01;9;
1082;Midtjylland;2022-06-01;3;
1081;Nordjylland;2022-06-01;1;
1085;Sjælland;2022-06-01;4;
1083;Syddanmark;2022-06-01;6;
1084;Hovedstaden;2022-06-02;5;
1082;Midtjylland;2022-06-02;7;
1081;Nordjylland;2022-06-02;3;
1085;Sjælland;2022-06-02;6;
1083;Syddanmark;2022-06-02;3;
1084;Hovedstaden;2022-06-03;11;
1082;Midtjylland;2022-06-03;3;
1081;Nordjylland;2022-06-03;4;
1085;Sjælland;2022-06-03;4;
1083;Syddanmark;2022-06-03;6;
1084;Hovedstaden;2022-06-04;5;
1082;Midtjylland;2022-06-04;4;
1081;Nordjylland;2022-06-04;2;
1085;Sjælland;2022-06-04;2;
1083;Syddanmark;2022-06-04;3;
1084;Hovedstaden;2022-06-05;13;
1082;Midtjylland;2022-06-05;8;
1081;Nordjylland;2022-06-05;4;
1085;Sjælland;2022-06-05;5;
1083;Syddanmark;2022-06-05;3;
1084;Hovedstaden;2022-06-06;6;
1082;Midtjylland;2022-06-06;3;
1081;Nordjylland;2022-06-06;1;
1085;Sjælland;2022-06-06;6;
1083;Syddanmark;2022-06-06;5;
1084;Hovedstaden;2022-06-07;10;
1082;Midtjylland;2022-06-07;4;
1081;Nordjylland;2022-06-07;3;
1085;Sjælland;2022-06-07;4;
1083;Syddanmark;2022-06-07;5;
1084;Hovedstaden;2022-06-08;10;
1082;Midtjylland;2022-06-08;5;
1081;Nordjylland;2022-06-08;1;
1085;Sjælland;2022-06-08;2;
1083;Syddanmark;2022-06-08;9;
1084;Hovedstaden;2022-06-09;9;
1082;Midtjylland;2022-06-09;3;
1085;Sjælland;2022-06-09;3;
1083;Syddanmark;2022-06-09;4;
1084;Hovedstaden;2022-06-10;18;
1082;Midtjylland;2022-06-10;2;
1081;Nordjylland;2022-06-10;1;
1085;Sjælland;2022-06-10;6;
1083;Syddanmark;2022-06-10;5;
1084;Hovedstaden;2022-06-11;14;
1082;Midtjylland;2022-06-11;5;
1085;Sjælland;2022-06-11;7;
1083;Syddanmark;2022-06-11;4;
1084;Hovedstaden;2022-06-12;9;
1082;Midtjylland;2022-06-12;3;
1081;Nordjylland;2022-06-12;2;
1085;Sjælland;2022-06-12;6;
1083;Syddanmark;2022-06-12;5;
1084;Hovedstaden;2022-06-13;15;
1082;Midtjylland;2022-06-13;5;
1081;Nordjylland;2022-06-13;9;
1085;Sjælland;2022-06-13;9;
1083;Syddanmark;2022-06-13;11;
1084;Hovedstaden;2022-06-14;23;
1082;Midtjylland;2022-06-14;9;
1081;Nordjylland;2022-06-14;2;
1085;Sjælland;2022-06-14;5;
1083;Syddanmark;2022-06-14;5;
1084;Hovedstaden;2022-06-15;6;
1082;Midtjylland;2022-06-15;4;
1081;Nordjylland;2022-06-15;4;
1085;Sjælland;2022-06-15;6;
1083;Syddanmark;2022-06-15;6;
1084;Hovedstaden;2022-06-16;20;
1082;Midtjylland;2022-06-16;3;
1081;Nordjylland;2022-06-16;3;
1085;Sjælland;2022-06-16;9;
1083;Syddanmark;2022-06-16;8;
1084;Hovedstaden;2022-06-17;16;
1082;Midtjylland;2022-06-17;5;
1081;Nordjylland;2022-06-17;2;
1085;Sjælland;2022-06-17;7;
1083;Syddanmark;2022-06-17;6;
1084;Hovedstaden;2022-06-18;16;
1082;Midtjylland;2022-06-18;9;
1081;Nordjylland;2022-06-18;3;
1085;Sjælland;2022-06-18;6;
1083;Syddanmark;2022-06-18;7;
1084;Hovedstaden;2022-06-19;12;
1082;Midtjylland;2022-06-19;9;
1081;Nordjylland;2022-06-19;3;
1085;Sjælland;2022-06-19;6;
1083;Syddanmark;2022-06-19;4;
1084;Hovedstaden;2022-06-20;13;
1082;Midtjylland;2022-06-20;11;
1081;Nordjylland;2022-06-20;3;
1085;Sjælland;2022-06-20;7;
1083;Syddanmark;2022-06-20;9;
1084;Hovedstaden;2022-06-21;27;
1082;Midtjylland;2022-06-21;8;
1081;Nordjylland;2022-06-21;9;
1085;Sjælland;2022-06-21;10;
1083;Syddanmark;2022-06-21;11;
1084;Hovedstaden;2022-06-22;22;
1082;Midtjylland;2022-06-22;11;
1081;Nordjylland;2022-06-22;7;
1085;Sjælland;2022-06-22;7;
1083;Syddanmark;2022-06-22;11;
1084;Hovedstaden;2022-06-23;23;
1082;Midtjylland;2022-06-23;9;
1081;Nordjylland;2022-06-23;4;
1085;Sjælland;2022-06-23;4;
1083;Syddanmark;2022-06-23;15;
1084;Hovedstaden;2022-06-24;24;
1082;Midtjylland;2022-06-24;9;
1081;Nordjylland;2022-06-24;3;
1085;Sjælland;2022-06-24;13;
1083;Syddanmark;2022-06-24;12;
1084;Hovedstaden;2022-06-25;15;
1082;Midtjylland;2022-06-25;10;
1081;Nordjylland;2022-06-25;2;
1085;Sjælland;2022-06-25;6;
1083;Syddanmark;2022-06-25;5;
1084;Hovedstaden;2022-06-26;20;
1082;Midtjylland;2022-06-26;11;
1081;Nordjylland;2022-06-26;4;
1085;Sjælland;2022-06-26;8;
1083;Syddanmark;2022-06-26;15;
1084;Hovedstaden;2022-06-27;29;
1082;Midtjylland;2022-06-27;15;
1081;Nordjylland;2022-06-27;8;
1085;Sjælland;2022-06-27;11;
1083;Syddanmark;2022-06-27;9;
1084;Hovedstaden;2022-06-28;28;
1082;Midtjylland;2022-06-28;22;
1081;Nordjylland;2022-06-28;7;
1085;Sjælland;2022-06-28;6;
1083;Syddanmark;2022-06-28;8;
1084;Hovedstaden;2022-06-29;28;
1082;Midtjylland;2022-06-29;12;
1081;Nordjylland;2022-06-29;8;
1085;Sjælland;2022-06-29;6;
1083;Syddanmark;2022-06-29;9;
1084;Hovedstaden;2022-06-30;17;
1082;Midtjylland;2022-06-30;10;
1081;Nordjylland;2022-06-30;6;
1085;Sjælland;2022-06-30;11;
1083;Syddanmark;2022-06-30;10;
1084;Hovedstaden;2022-07-01;25;
1082;Midtjylland;2022-07-01;6;
1081;Nordjylland;2022-07-01;6;
1085;Sjælland;2022-07-01;15;
1083;Syddanmark;2022-07-01;8;
1084;Hovedstaden;2022-07-02;14;
1082;Midtjylland;2022-07-02;8;
1081;Nordjylland;2022-07-02;4;
1085;Sjælland;2022-07-02;8;
1083;Syddanmark;2022-07-02;15;
1084;Hovedstaden;2022-07-03;21;
1082;Midtjylland;2022-07-03;11;
1081;Nordjylland;2022-07-03;5;
1085;Sjælland;2022-07-03;6;
1083;Syddanmark;2022-07-03;13;
1084;Hovedstaden;2022-07-04;28;
1082;Midtjylland;2022-07-04;13;
1081;Nordjylland;2022-07-04;5;
1085;Sjælland;2022-07-04;11;
1083;Syddanmark;2022-07-04;11;
1084;Hovedstaden;2022-07-05;18;
1082;Midtjylland;2022-07-05;15;
1081;Nordjylland;2022-07-05;9;
1085;Sjælland;2022-07-05;9;
1083;Syddanmark;2022-07-05;12;
1084;Hovedstaden;2022-07-06;24;
1082;Midtjylland;2022-07-06;12;
1081;Nordjylland;2022-07-06;7;
1085;Sjælland;2022-07-06;13;
1083;Syddanmark;2022-07-06;18;
1084;Hovedstaden;2022-07-07;29;
1082;Midtjylland;2022-07-07;15;
1081;Nordjylland;2022-07-07;8;
1085;Sjælland;2022-07-07;11;
1083;Syddanmark;2022-07-07;10;
1084;Hovedstaden;2022-07-08;29;
1082;Midtjylland;2022-07-08;13;
1081;Nordjylland;2022-07-08;16;
1085;Sjælland;2022-07-08;14;
1083;Syddanmark;2022-07-08;12;
1084;Hovedstaden;2022-07-09;23;
1082;Midtjylland;2022-07-09;5;
1081;Nordjylland;2022-07-09;9;
1085;Sjælland;2022-07-09;11;
1083;Syddanmark;2022-07-09;11;
1084;Hovedstaden;2022-07-10;33;
1082;Midtjylland;2022-07-10;13;
1081;Nordjylland;2022-07-10;8;
1085;Sjælland;2022-07-10;12;
1083;Syddanmark;2022-07-10;14;
1084;Hovedstaden;2022-07-11;43;
1082;Midtjylland;2022-07-11;15;
1081;Nordjylland;2022-07-11;9;
1085;Sjælland;2022-07-11;17;
1083;Syddanmark;2022-07-11;16;
1084;Hovedstaden;2022-07-12;34;
1082;Midtjylland;2022-07-12;10;
1081;Nordjylland;2022-07-12;12;
1085;Sjælland;2022-07-12;12;
1083;Syddanmark;2022-07-12;17;
1084;Hovedstaden;2022-07-13;40;
1082;Midtjylland;2022-07-13;9;
1081;Nordjylland;2022-07-13;15;
1085;Sjælland;2022-07-13;21;
1083;Syddanmark;2022-07-13;26;
1084;Hovedstaden;2022-07-14;33;
1082;Midtjylland;2022-07-14;10;
1081;Nordjylland;2022-07-14;8;
1085;Sjælland;2022-07-14;18;
1083;Syddanmark;2022-07-14;20;
1084;Hovedstaden;2022-07-15;30;
1082;Midtjylland;2022-07-15;13;
1081;Nordjylland;2022-07-15;9;
1085;Sjælland;2022-07-15;17;
1083;Syddanmark;2022-07-15;12;
1084;Hovedstaden;2022-07-16;33;
1082;Midtjylland;2022-07-16;7;
1081;Nordjylland;2022-07-16;9;
1085;Sjælland;2022-07-16;7;
1083;Syddanmark;2022-07-16;13;
1084;Hovedstaden;2022-07-17;31;
1082;Midtjylland;2022-07-17;18;
1081;Nordjylland;2022-07-17;7;
1085;Sjælland;2022-07-17;19;
1083;Syddanmark;2022-07-17;24;
1084;Hovedstaden;2022-07-18;59;
1082;Midtjylland;2022-07-18;17;
1081;Nordjylland;2022-07-18;14;
1085;Sjælland;2022-07-18;19;
1083;Syddanmark;2022-07-18;22;
1084;Hovedstaden;2022-07-19;36;
1082;Midtjylland;2022-07-19;17;
1081;Nordjylland;2022-07-19;11;
1085;Sjælland;2022-07-19;16;
1083;Syddanmark;2022-07-19;22;
1084;Hovedstaden;2022-07-20;44;
1082;Midtjylland;2022-07-20;19;
1081;Nordjylland;2022-07-20;8;
1085;Sjælland;2022-07-20;18;
1083;Syddanmark;2022-07-20;17;
1084;Hovedstaden;2022-07-21;34;
1082;Midtjylland;2022-07-21;7;
1081;Nordjylland;2022-07-21;14;
1085;Sjælland;2022-07-21;16;
1083;Syddanmark;2022-07-21;20;
1084;Hovedstaden;2022-07-22;32;
1082;Midtjylland;2022-07-22;18;
1081;Nordjylland;2022-07-22;11;
1085;Sjælland;2022-07-22;11;
1083;Syddanmark;2022-07-22;21;
1084;Hovedstaden;2022-07-23;24;
1082;Midtjylland;2022-07-23;9;
1081;Nordjylland;2022-07-23;4;
1085;Sjælland;2022-07-23;11;
1083;Syddanmark;2022-07-23;13;
1084;Hovedstaden;2022-07-24;23;
1082;Midtjylland;2022-07-24;16;
1081;Nordjylland;2022-07-24;7;
1085;Sjælland;2022-07-24;12;
1083;Syddanmark;2022-07-24;14;
1084;Hovedstaden;2022-07-25;27;
1082;Midtjylland;2022-07-25;18;
1081;Nordjylland;2022-07-25;7;
1085;Sjælland;2022-07-25;13;
1083;Syddanmark;2022-07-25;17;
1084;Hovedstaden;2022-07-26;21;
1082;Midtjylland;2022-07-26;14;
1081;Nordjylland;2022-07-26;10;
1085;Sjælland;2022-07-26;12;
1083;Syddanmark;2022-07-26;13;
1084;Hovedstaden;2022-07-27;34;
1082;Midtjylland;2022-07-27;8;
1081;Nordjylland;2022-07-27;3;
1085;Sjælland;2022-07-27;8;
1083;Syddanmark;2022-07-27;14;
1084;Hovedstaden;2022-07-28;23;
1082;Midtjylland;2022-07-28;10;
1081;Nordjylland;2022-07-28;11;
1085;Sjælland;2022-07-28;6;
1083;Syddanmark;2022-07-28;20;
1084;Hovedstaden;2022-07-29;32;
1082;Midtjylland;2022-07-29;16;
1081;Nordjylland;2022-07-29;9;
1085;Sjælland;2022-07-29;15;
1083;Syddanmark;2022-07-29;12;
1084;Hovedstaden;2022-07-30;23;
1082;Midtjylland;2022-07-30;11;
1081;Nordjylland;2022-07-30;7;
1085;Sjælland;2022-07-30;7;
1083;Syddanmark;2022-07-30;17;
1084;Hovedstaden;2022-07-31;23;
1082;Midtjylland;2022-07-31;15;
1081;Nordjylland;2022-07-31;4;
1085;Sjælland;2022-07-31;14;
1083;Syddanmark;2022-07-31;11;
1084;Hovedstaden;2022-08-01;29;
1082;Midtjylland;2022-08-01;11;
1081;Nordjylland;2022-08-01;5;
1085;Sjælland;2022-08-01;11;
1083;Syddanmark;2022-08-01;17;
1084;Hovedstaden;2022-08-02;26;
1082;Midtjylland;2022-08-02;11;
1081;Nordjylland;2022-08-02;4;
1085;Sjælland;2022-08-02;9;
1083;Syddanmark;2022-08-02;12;
1084;Hovedstaden;2022-08-03;27;
1082;Midtjylland;2022-08-03;15;
1081;Nordjylland;2022-08-03;9;
1085;Sjælland;2022-08-03;8;
1083;Syddanmark;2022-08-03;12;
1084;Hovedstaden;2022-08-04;25;
1082;Midtjylland;2022-08-04;8;
1081;Nordjylland;2022-08-04;7;
1085;Sjælland;2022-08-04;14;
1083;Syddanmark;2022-08-04;13;
1084;Hovedstaden;2022-08-05;28;
1082;Midtjylland;2022-08-05;10;
1081;Nordjylland;2022-08-05;4;
1085;Sjælland;2022-08-05;12;
1083;Syddanmark;2022-08-05;13;
1084;Hovedstaden;2022-08-06;13;
1082;Midtjylland;2022-08-06;5;
1081;Nordjylland;2022-08-06;5;
1085;Sjælland;2022-08-06;8;
1083;Syddanmark;2022-08-06;8;
1084;Hovedstaden;2022-08-07;20;
1082;Midtjylland;2022-08-07;14;
1081;Nordjylland;2022-08-07;4;
1085;Sjælland;2022-08-07;8;
1083;Syddanmark;2022-08-07;17;
1084;Hovedstaden;2022-08-08;20;
1082;Midtjylland;2022-08-08;8;
1081;Nordjylland;2022-08-08;6;
1085;Sjælland;2022-08-08;12;
1083;Syddanmark;2022-08-08;8;
1084;Hovedstaden;2022-08-09;23;
1082;Midtjylland;2022-08-09;9;
1081;Nordjylland;2022-08-09;8;
1085;Sjælland;2022-08-09;10;
1083;Syddanmark;2022-08-09;14;
1084;Hovedstaden;2022-08-10;19;
1082;Midtjylland;2022-08-10;12;
1081;Nordjylland;2022-08-10;15;
1085;Sjælland;2022-08-10;9;
1083;Syddanmark;2022-08-10;17;
1084;Hovedstaden;2022-08-11;20;
1082;Midtjylland;2022-08-11;13;
1081;Nordjylland;2022-08-11;10;
1085;Sjælland;2022-08-11;8;
1083;Syddanmark;2022-08-11;11;
1084;Hovedstaden;2022-08-12;16;
1082;Midtjylland;2022-08-12;12;
1081;Nordjylland;2022-08-12;8;
1085;Sjælland;2022-08-12;7;
1083;Syddanmark;2022-08-12;18;
1084;Hovedstaden;2022-08-13;21;
1082;Midtjylland;2022-08-13;15;
1081;Nordjylland;2022-08-13;11;
1085;Sjælland;2022-08-13;13;
1083;Syddanmark;2022-08-13;15;
1084;Hovedstaden;2022-08-14;19;
1082;Midtjylland;2022-08-14;15;
1081;Nordjylland;2022-08-14;5;
1085;Sjælland;2022-08-14;13;
1083;Syddanmark;2022-08-14;18;
1084;Hovedstaden;2022-08-15;28;
1082;Midtjylland;2022-08-15;16;
1081;Nordjylland;2022-08-15;5;
1085;Sjælland;2022-08-15;20;
1083;Syddanmark;2022-08-15;16;
1084;Hovedstaden;2022-08-16;32;
1082;Midtjylland;2022-08-16;14;
1081;Nordjylland;2022-08-16;3;
1085;Sjælland;2022-08-16;18;
1083;Syddanmark;2022-08-16;21;
1084;Hovedstaden;2022-08-17;24;
1082;Midtjylland;2022-08-17;15;
1081;Nordjylland;2022-08-17;4;
1085;Sjælland;2022-08-17;11;
1083;Syddanmark;2022-08-17;18;
1084;Hovedstaden;2022-08-18;19;
1082;Midtjylland;2022-08-18;13;
1081;Nordjylland;2022-08-18;3;
1085;Sjælland;2022-08-18;16;
1083;Syddanmark;2022-08-18;17;
1084;Hovedstaden;2022-08-19;17;
1082;Midtjylland;2022-08-19;12;
1081;Nordjylland;2022-08-19;4;
1085;Sjælland;2022-08-19;16;
1083;Syddanmark;2022-08-19;3;
1084;Hovedstaden;2022-08-20;11;
1082;Midtjylland;2022-08-20;9;
1081;Nordjylland;2022-08-20;7;
1085;Sjælland;2022-08-20;8;
1083;Syddanmark;2022-08-20;10;
1084;Hovedstaden;2022-08-21;12;
1082;Midtjylland;2022-08-21;8;
1081;Nordjylland;2022-08-21;3;
1085;Sjælland;2022-08-21;8;
1083;Syddanmark;2022-08-21;7;
1084;Hovedstaden;2022-08-22;14;
1082;Midtjylland;2022-08-22;17;
1081;Nordjylland;2022-08-22;6;
1085;Sjælland;2022-08-22;4;
1083;Syddanmark;2022-08-22;8;
1084;Hovedstaden;2022-08-23;10;
1082;Midtjylland;2022-08-23;13;
1081;Nordjylland;2022-08-23;7;
1085;Sjælland;2022-08-23;13;
1083;Syddanmark;2022-08-23;5;
1084;Hovedstaden;2022-08-24;14;
1082;Midtjylland;2022-08-24;6;
1081;Nordjylland;2022-08-24;6;
1085;Sjælland;2022-08-24;11;
1083;Syddanmark;2022-08-24;14;
1084;Hovedstaden;2022-08-25;25;
1082;Midtjylland;2022-08-25;9;
1081;Nordjylland;2022-08-25;5;
1085;Sjælland;2022-08-25;9;
1083;Syddanmark;2022-08-25;15;
1084;Hovedstaden;2022-08-26;14;
1082;Midtjylland;2022-08-26;10;
1081;Nordjylland;2022-08-26;5;
1085;Sjælland;2022-08-26;9;
1083;Syddanmark;2022-08-26;11;
1084;Hovedstaden;2022-08-27;11;
1082;Midtjylland;2022-08-27;10;
1081;Nordjylland;2022-08-27;7;
1085;Sjælland;2022-08-27;3;
1083;Syddanmark;2022-08-27;12;
1084;Hovedstaden;2022-08-28;14;
1082;Midtjylland;2022-08-28;4;
1081;Nordjylland;2022-08-28;3;
1085;Sjælland;2022-08-28;6;
1083;Syddanmark;2022-08-28;10;
1084;Hovedstaden;2022-08-29;10;
1082;Midtjylland;2022-08-29;18;
1081;Nordjylland;2022-08-29;7;
1085;Sjælland;2022-08-29;5;
1083;Syddanmark;2022-08-29;8;
1084;Hovedstaden;2022-08-30;11;
1082;Midtjylland;2022-08-30;8;
1081;Nordjylland;2022-08-30;2;
1085;Sjælland;2022-08-30;4;
1083;Syddanmark;2022-08-30;5;
1084;Hovedstaden;2022-08-31;6;
1082;Midtjylland;2022-08-31;10;
1081;Nordjylland;2022-08-31;4;
1085;Sjælland;2022-08-31;8;
1083;Syddanmark;2022-08-31;12;
1084;Hovedstaden;2022-09-01;7;
1082;Midtjylland;2022-09-01;8;
1081;Nordjylland;2022-09-01;7;
1085;Sjælland;2022-09-01;3;
1083;Syddanmark;2022-09-01;8;
1084;Hovedstaden;2022-09-02;16;
1082;Midtjylland;2022-09-02;12;
1081;Nordjylland;2022-09-02;4;
1085;Sjælland;2022-09-02;8;
1083;Syddanmark;2022-09-02;11;
1084;Hovedstaden;2022-09-03;8;
1082;Midtjylland;2022-09-03;6;
1081;Nordjylland;2022-09-03;5;
1085;Sjælland;2022-09-03;3;
1083;Syddanmark;2022-09-03;7;
1084;Hovedstaden;2022-09-04;12;
1082;Midtjylland;2022-09-04;2;
1081;Nordjylland;2022-09-04;3;
1085;Sjælland;2022-09-04;4;
1083;Syddanmark;2022-09-04;7;
1084;Hovedstaden;2022-09-05;14;
1082;Midtjylland;2022-09-05;6;
1081;Nordjylland;2022-09-05;9;
1085;Sjælland;2022-09-05;6;
1083;Syddanmark;2022-09-05;10;
1084;Hovedstaden;2022-09-06;15;
1082;Midtjylland;2022-09-06;8;
1081;Nordjylland;2022-09-06;8;
1085;Sjælland;2022-09-06;5;
1083;Syddanmark;2022-09-06;8;
1084;Hovedstaden;2022-09-07;23;
1082;Midtjylland;2022-09-07;3;
1081;Nordjylland;2022-09-07;6;
1085;Sjælland;2022-09-07;5;
1083;Syddanmark;2022-09-07;10;
1084;Hovedstaden;2022-09-08;15;
1082;Midtjylland;2022-09-08;12;
1081;Nordjylland;2022-09-08;8;
1085;Sjælland;2022-09-08;6;
1083;Syddanmark;2022-09-08;6;
1084;Hovedstaden;2022-09-09;16;
1082;Midtjylland;2022-09-09;15;
1081;Nordjylland;2022-09-09;3;
1085;Sjælland;2022-09-09;5;
1083;Syddanmark;2022-09-09;4;
1084;Hovedstaden;2022-09-10;10;
1082;Midtjylland;2022-09-10;3;
1081;Nordjylland;2022-09-10;4;
1085;Sjælland;2022-09-10;4;
1083;Syddanmark;2022-09-10;2;
1084;Hovedstaden;2022-09-11;15;
1082;Midtjylland;2022-09-11;7;
1081;Nordjylland;2022-09-11;3;
1085;Sjælland;2022-09-11;4;
1083;Syddanmark;2022-09-11;6;
1084;Hovedstaden;2022-09-12;15;
1082;Midtjylland;2022-09-12;10;
1081;Nordjylland;2022-09-12;7;
1085;Sjælland;2022-09-12;9;
1083;Syddanmark;2022-09-12;7;
1084;Hovedstaden;2022-09-13;18;
1082;Midtjylland;2022-09-13;6;
1081;Nordjylland;2022-09-13;7;
1085;Sjælland;2022-09-13;12;
1083;Syddanmark;2022-09-13;12;
1084;Hovedstaden;2022-09-14;13;
1082;Midtjylland;2022-09-14;5;
1081;Nordjylland;2022-09-14;8;
1085;Sjælland;2022-09-14;4;
1083;Syddanmark;2022-09-14;9;
1084;Hovedstaden;2022-09-15;10;
1082;Midtjylland;2022-09-15;8;
1081;Nordjylland;2022-09-15;10;
1085;Sjælland;2022-09-15;6;
1083;Syddanmark;2022-09-15;8;
1084;Hovedstaden;2022-09-16;17;
1082;Midtjylland;2022-09-16;6;
1081;Nordjylland;2022-09-16;3;
1085;Sjælland;2022-09-16;1;
1083;Syddanmark;2022-09-16;7;
1084;Hovedstaden;2022-09-17;10;
1082;Midtjylland;2022-09-17;7;
1081;Nordjylland;2022-09-17;2;
1085;Sjælland;2022-09-17;5;
1083;Syddanmark;2022-09-17;12;
1084;Hovedstaden;2022-09-18;16;
1082;Midtjylland;2022-09-18;9;
1081;Nordjylland;2022-09-18;7;
1085;Sjælland;2022-09-18;9;
1083;Syddanmark;2022-09-18;8;
1084;Hovedstaden;2022-09-19;19;
1082;Midtjylland;2022-09-19;15;
1081;Nordjylland;2022-09-19;8;
1085;Sjælland;2022-09-19;13;
1083;Syddanmark;2022-09-19;9;
1084;Hovedstaden;2022-09-20;18;
1082;Midtjylland;2022-09-20;9;
1081;Nordjylland;2022-09-20;4;
1085;Sjælland;2022-09-20;12;
1083;Syddanmark;2022-09-20;14;
1084;Hovedstaden;2022-09-21;16;
1082;Midtjylland;2022-09-21;12;
1081;Nordjylland;2022-09-21;5;
1085;Sjælland;2022-09-21;13;
1083;Syddanmark;2022-09-21;12;
1084;Hovedstaden;2022-09-22;14;
1082;Midtjylland;2022-09-22;14;
1081;Nordjylland;2022-09-22;6;
1085;Sjælland;2022-09-22;8;
1083;Syddanmark;2022-09-22;10;
1084;Hovedstaden;2022-09-23;16;
1082;Midtjylland;2022-09-23;13;
1081;Nordjylland;2022-09-23;12;
1085;Sjælland;2022-09-23;5;
1083;Syddanmark;2022-09-23;10;
1084;Hovedstaden;2022-09-24;21;
1082;Midtjylland;2022-09-24;12;
1081;Nordjylland;2022-09-24;5;
1085;Sjælland;2022-09-24;7;
1083;Syddanmark;2022-09-24;7;
1084;Hovedstaden;2022-09-25;26;
1082;Midtjylland;2022-09-25;10;
1081;Nordjylland;2022-09-25;4;
1085;Sjælland;2022-09-25;13;
1083;Syddanmark;2022-09-25;16;
1084;Hovedstaden;2022-09-26;28;
1082;Midtjylland;2022-09-26;14;
1081;Nordjylland;2022-09-26;10;
1085;Sjælland;2022-09-26;12;
1083;Syddanmark;2022-09-26;21;
1084;Hovedstaden;2022-09-27;28;
1082;Midtjylland;2022-09-27;19;
1081;Nordjylland;2022-09-27;12;
1085;Sjælland;2022-09-27;16;
1083;Syddanmark;2022-09-27;11;
1084;Hovedstaden;2022-09-28;22;
1082;Midtjylland;2022-09-28;12;
1081;Nordjylland;2022-09-28;8;
1085;Sjælland;2022-09-28;9;
1083;Syddanmark;2022-09-28;18;
1084;Hovedstaden;2022-09-29;24;
1082;Midtjylland;2022-09-29;10;
1081;Nordjylland;2022-09-29;8;
1085;Sjælland;2022-09-29;20;
1083;Syddanmark;2022-09-29;13;
1084;Hovedstaden;2022-09-30;23;
1082;Midtjylland;2022-09-30;9;
1081;Nordjylland;2022-09-30;12;
1085;Sjælland;2022-09-30;13;
1083;Syddanmark;2022-09-30;17;
1084;Hovedstaden;2022-10-01;12;
1082;Midtjylland;2022-10-01;11;
1081;Nordjylland;2022-10-01;8;
1085;Sjælland;2022-10-01;11;
1083;Syddanmark;2022-10-01;24;
1084;Hovedstaden;2022-10-02;21;
1082;Midtjylland;2022-10-02;12;
1081;Nordjylland;2022-10-02;4;
1085;Sjælland;2022-10-02;21;
1083;Syddanmark;2022-10-02;16;
1084;Hovedstaden;2022-10-03;24;
1082;Midtjylland;2022-10-03;11;
1081;Nordjylland;2022-10-03;12;
1085;Sjælland;2022-10-03;23;
1083;Syddanmark;2022-10-03;22;
1084;Hovedstaden;2022-10-04;23;
1082;Midtjylland;2022-10-04;20;
1081;Nordjylland;2022-10-04;9;
1085;Sjælland;2022-10-04;28;
1083;Syddanmark;2022-10-04;16;
1084;Hovedstaden;2022-10-05;24;
1082;Midtjylland;2022-10-05;12;
1081;Nordjylland;2022-10-05;9;
1085;Sjælland;2022-10-05;15;
1083;Syddanmark;2022-10-05;13;
1084;Hovedstaden;2022-10-06;29;
1082;Midtjylland;2022-10-06;10;
1081;Nordjylland;2022-10-06;6;
1085;Sjælland;2022-10-06;21;
1083;Syddanmark;2022-10-06;18;
1084;Hovedstaden;2022-10-07;26;
1082;Midtjylland;2022-10-07;16;
1081;Nordjylland;2022-10-07;6;
1085;Sjælland;2022-10-07;15;
1083;Syddanmark;2022-10-07;19;
1084;Hovedstaden;2022-10-08;25;
1082;Midtjylland;2022-10-08;7;
1081;Nordjylland;2022-10-08;5;
1085;Sjælland;2022-10-08;16;
1083;Syddanmark;2022-10-08;15;
1084;Hovedstaden;2022-10-09;20;
1082;Midtjylland;2022-10-09;10;
1081;Nordjylland;2022-10-09;5;
1085;Sjælland;2022-10-09;16;
1083;Syddanmark;2022-10-09;15;
1084;Hovedstaden;2022-10-10;42;
1082;Midtjylland;2022-10-10;20;
1081;Nordjylland;2022-10-10;11;
1085;Sjælland;2022-10-10;29;
1083;Syddanmark;2022-10-10;27;
1084;Hovedstaden;2022-10-11;26;
1082;Midtjylland;2022-10-11;21;
1081;Nordjylland;2022-10-11;11;
1085;Sjælland;2022-10-11;26;
1083;Syddanmark;2022-10-11;24;
1084;Hovedstaden;2022-10-12;17;
1082;Midtjylland;2022-10-12;14;
1081;Nordjylland;2022-10-12;6;
1085;Sjælland;2022-10-12;20;
1083;Syddanmark;2022-10-12;24;
1084;Hovedstaden;2022-10-13;25;
1082;Midtjylland;2022-10-13;16;
1081;Nordjylland;2022-10-13;8;
1085;Sjælland;2022-10-13;18;
1083;Syddanmark;2022-10-13;18;
1084;Hovedstaden;2022-10-14;34;
1082;Midtjylland;2022-10-14;16;
1081;Nordjylland;2022-10-14;11;
1085;Sjælland;2022-10-14;20;
1083;Syddanmark;2022-10-14;19;
1084;Hovedstaden;2022-10-15;22;
1082;Midtjylland;2022-10-15;11;
1081;Nordjylland;2022-10-15;10;
1085;Sjælland;2022-10-15;21;
1083;Syddanmark;2022-10-15;15;
1084;Hovedstaden;2022-10-16;30;
1082;Midtjylland;2022-10-16;13;
1081;Nordjylland;2022-10-16;11;
1085;Sjælland;2022-10-16;17;
1083;Syddanmark;2022-10-16;19;
1084;Hovedstaden;2022-10-17;22;
1082;Midtjylland;2022-10-17;16;
1081;Nordjylland;2022-10-17;19;
1085;Sjælland;2022-10-17;14;
1083;Syddanmark;2022-10-17;14;
1084;Hovedstaden;2022-10-18;34;
1082;Midtjylland;2022-10-18;18;
1081;Nordjylland;2022-10-18;3;
1085;Sjælland;2022-10-18;19;
1083;Syddanmark;2022-10-18;27;
1084;Hovedstaden;2022-10-19;23;
1082;Midtjylland;2022-10-19;15;
1081;Nordjylland;2022-10-19;6;
1085;Sjælland;2022-10-19;16;
1083;Syddanmark;2022-10-19;18;
1084;Hovedstaden;2022-10-20;29;
1082;Midtjylland;2022-10-20;9;
1081;Nordjylland;2022-10-20;7;
1085;Sjælland;2022-10-20;14;
1083;Syddanmark;2022-10-20;18;
1084;Hovedstaden;2022-10-21;22;
1082;Midtjylland;2022-10-21;7;
1081;Nordjylland;2022-10-21;9;
1085;Sjælland;2022-10-21;14;
1083;Syddanmark;2022-10-21;17;
1084;Hovedstaden;2022-10-22;23;
1082;Midtjylland;2022-10-22;12;
1081;Nordjylland;2022-10-22;13;
1085;Sjælland;2022-10-22;10;
1083;Syddanmark;2022-10-22;15;
1084;Hovedstaden;2022-10-23;22;
1082;Midtjylland;2022-10-23;13;
1081;Nordjylland;2022-10-23;8;
1085;Sjælland;2022-10-23;17;
1083;Syddanmark;2022-10-23;14;
1084;Hovedstaden;2022-10-24;28;
1082;Midtjylland;2022-10-24;13;
1081;Nordjylland;2022-10-24;9;
1085;Sjælland;2022-10-24;19;
1083;Syddanmark;2022-10-24;19;
1084;Hovedstaden;2022-10-25;17;
1082;Midtjylland;2022-10-25;10;
1081;Nordjylland;2022-10-25;8;
1085;Sjælland;2022-10-25;12;
1083;Syddanmark;2022-10-25;19;
1084;Hovedstaden;2022-10-26;24;
1082;Midtjylland;2022-10-26;12;
1081;Nordjylland;2022-10-26;11;
1085;Sjælland;2022-10-26;13;
1083;Syddanmark;2022-10-26;14;
1084;Hovedstaden;2022-10-27;22;
1082;Midtjylland;2022-10-27;12;
1081;Nordjylland;2022-10-27;9;
1085;Sjælland;2022-10-27;11;
1083;Syddanmark;2022-10-27;11;
1084;Hovedstaden;2022-10-28;19;
1082;Midtjylland;2022-10-28;9;
1081;Nordjylland;2022-10-28;5;
1085;Sjælland;2022-10-28;10;
1083;Syddanmark;2022-10-28;13;
1084;Hovedstaden;2022-10-29;16;
1082;Midtjylland;2022-10-29;4;
1081;Nordjylland;2022-10-29;4;
1085;Sjælland;2022-10-29;5;
1083;Syddanmark;2022-10-29;13;
1084;Hovedstaden;2022-10-30;13;
1082;Midtjylland;2022-10-30;8;
1081;Nordjylland;2022-10-30;5;
1085;Sjælland;2022-10-30;6;
1083;Syddanmark;2022-10-30;7;
1084;Hovedstaden;2022-10-31;17;
1082;Midtjylland;2022-10-31;13;
1081;Nordjylland;2022-10-31;9;
1085;Sjælland;2022-10-31;9;
1083;Syddanmark;2022-10-31;13;
1084;Hovedstaden;2022-11-01;11;
1082;Midtjylland;2022-11-01;10;
1081;Nordjylland;2022-11-01;7;
1085;Sjælland;2022-11-01;5;
1083;Syddanmark;2022-11-01;11;
1084;Hovedstaden;2022-11-02;15;
1082;Midtjylland;2022-11-02;8;
1081;Nordjylland;2022-11-02;6;
1085;Sjælland;2022-11-02;6;
1083;Syddanmark;2022-11-02;10;
1084;Hovedstaden;2022-11-03;15;
1082;Midtjylland;2022-11-03;11;
1081;Nordjylland;2022-11-03;4;
1085;Sjælland;2022-11-03;10;
1083;Syddanmark;2022-11-03;9;
1084;Hovedstaden;2022-11-04;10;
1082;Midtjylland;2022-11-04;4;
1081;Nordjylland;2022-11-04;2;
1085;Sjælland;2022-11-04;14;
1083;Syddanmark;2022-11-04;6;
1084;Hovedstaden;2022-11-05;5;
1082;Midtjylland;2022-11-05;4;
1081;Nordjylland;2022-11-05;3;
1085;Sjælland;2022-11-05;5;
1083;Syddanmark;2022-11-05;7;
1084;Hovedstaden;2022-11-06;7;
1082;Midtjylland;2022-11-06;3;
1081;Nordjylland;2022-11-06;6;
1085;Sjælland;2022-11-06;12;
1083;Syddanmark;2022-11-06;6;
1084;Hovedstaden;2022-11-07;15;
1082;Midtjylland;2022-11-07;8;
1081;Nordjylland;2022-11-07;6;
1085;Sjælland;2022-11-07;7;
1083;Syddanmark;2022-11-07;10;
1084;Hovedstaden;2022-11-08;13;
1082;Midtjylland;2022-11-08;7;
1081;Nordjylland;2022-11-08;3;
1085;Sjælland;2022-11-08;9;
1083;Syddanmark;2022-11-08;13;
1084;Hovedstaden;2022-11-09;8;
1082;Midtjylland;2022-11-09;5;
1081;Nordjylland;2022-11-09;3;
1085;Sjælland;2022-11-09;4;
1083;Syddanmark;2022-11-09;8;
1084;Hovedstaden;2022-11-10;17;
1082;Midtjylland;2022-11-10;5;
1081;Nordjylland;2022-11-10;5;
1085;Sjælland;2022-11-10;4;
1083;Syddanmark;2022-11-10;8;
1084;Hovedstaden;2022-11-11;10;
1082;Midtjylland;2022-11-11;4;
1081;Nordjylland;2022-11-11;4;
1085;Sjælland;2022-11-11;12;
1083;Syddanmark;2022-11-11;7;
1084;Hovedstaden;2022-11-12;7;
1082;Midtjylland;2022-11-12;3;
1081;Nordjylland;2022-11-12;3;
1085;Sjælland;2022-11-12;4;
1083;Syddanmark;2022-11-12;2;
1084;Hovedstaden;2022-11-13;8;
1082;Midtjylland;2022-11-13;5;
1081;Nordjylland;2022-11-13;6;
1085;Sjælland;2022-11-13;13;
1083;Syddanmark;2022-11-13;4;
1084;Hovedstaden;2022-11-14;8;
1082;Midtjylland;2022-11-14;3;
1081;Nordjylland;2022-11-14;9;
1085;Sjælland;2022-11-14;9;
1083;Syddanmark;2022-11-14;8;
1084;Hovedstaden;2022-11-15;6;
1082;Midtjylland;2022-11-15;6;
1081;Nordjylland;2022-11-15;2;
1085;Sjælland;2022-11-15;7;
1083;Syddanmark;2022-11-15;8;
1084;Hovedstaden;2022-11-16;12;
1082;Midtjylland;2022-11-16;2;
1081;Nordjylland;2022-11-16;5;
1085;Sjælland;2022-11-16;9;
1083;Syddanmark;2022-11-16;9;
1084;Hovedstaden;2022-11-17;11;
1082;Midtjylland;2022-11-17;7;
1081;Nordjylland;2022-11-17;4;
1085;Sjælland;2022-11-17;4;
1083;Syddanmark;2022-11-17;4;
1084;Hovedstaden;2022-11-18;8;
1082;Midtjylland;2022-11-18;5;
1081;Nordjylland;2022-11-18;3;
1085;Sjælland;2022-11-18;6;
1083;Syddanmark;2022-11-18;5;
1084;Hovedstaden;2022-11-19;6;
1082;Midtjylland;2022-11-19;2;
1081;Nordjylland;2022-11-19;3;
1085;Sjælland;2022-11-19;3;
1083;Syddanmark;2022-11-19;4;
1084;Hovedstaden;2022-11-20;11;
1082;Midtjylland;2022-11-20;3;
1081;Nordjylland;2022-11-20;4;
1085;Sjælland;2022-11-20;6;
1083;Syddanmark;2022-11-20;11;
1084;Hovedstaden;2022-11-21;14;
1082;Midtjylland;2022-11-21;8;
1081;Nordjylland;2022-11-21;1;
1085;Sjælland;2022-11-21;2;
1083;Syddanmark;2022-11-21;4;
1084;Hovedstaden;2022-11-22;15;
1082;Midtjylland;2022-11-22;6;
1081;Nordjylland;2022-11-22;4;
1085;Sjælland;2022-11-22;9;
1083;Syddanmark;2022-11-22;5;
1084;Hovedstaden;2022-11-23;15;
1082;Midtjylland;2022-11-23;4;
1081;Nordjylland;2022-11-23;4;
1085;Sjælland;2022-11-23;1;
1083;Syddanmark;2022-11-23;11;
1084;Hovedstaden;2022-11-24;16;
1082;Midtjylland;2022-11-24;9;
1081;Nordjylland;2022-11-24;5;
1085;Sjælland;2022-11-24;2;
1083;Syddanmark;2022-11-24;17;
1084;Hovedstaden;2022-11-25;11;
1082;Midtjylland;2022-11-25;5;
1081;Nordjylland;2022-11-25;4;
1085;Sjælland;2022-11-25;6;
1083;Syddanmark;2022-11-25;7;
1084;Hovedstaden;2022-11-26;10;
1082;Midtjylland;2022-11-26;5;
1081;Nordjylland;2022-11-26;3;
1085;Sjælland;2022-11-26;7;
1083;Syddanmark;2022-11-26;4;
1084;Hovedstaden;2022-11-27;16;
1082;Midtjylland;2022-11-27;9;
1081;Nordjylland;2022-11-27;8;
1085;Sjælland;2022-11-27;4;
1083;Syddanmark;2022-11-27;7;
1084;Hovedstaden;2022-11-28;21;
1082;Midtjylland;2022-11-28;11;
1081;Nordjylland;2022-11-28;16;
1085;Sjælland;2022-11-28;8;
1083;Syddanmark;2022-11-28;10;
1084;Hovedstaden;2022-11-29;26;
1082;Midtjylland;2022-11-29;7;
1081;Nordjylland;2022-11-29;1;
1085;Sjælland;2022-11-29;9;
1083;Syddanmark;2022-11-29;22;
1084;Hovedstaden;2022-11-30;19;
1082;Midtjylland;2022-11-30;9;
1081;Nordjylland;2022-11-30;2;
1085;Sjælland;2022-11-30;9;
1083;Syddanmark;2022-11-30;11;
1084;Hovedstaden;2022-12-01;30;
1082;Midtjylland;2022-12-01;9;
1081;Nordjylland;2022-12-01;4;
1085;Sjælland;2022-12-01;6;
1083;Syddanmark;2022-12-01;11;
1084;Hovedstaden;2022-12-02;19;
1082;Midtjylland;2022-12-02;8;
1081;Nordjylland;2022-12-02;6;
1085;Sjælland;2022-12-02;10;
1083;Syddanmark;2022-12-02;11;
1084;Hovedstaden;2022-12-03;11;
1082;Midtjylland;2022-12-03;6;
1081;Nordjylland;2022-12-03;5;
1085;Sjælland;2022-12-03;8;
1083;Syddanmark;2022-12-03;15;
1084;Hovedstaden;2022-12-04;25;
1082;Midtjylland;2022-12-04;9;
1081;Nordjylland;2022-12-04;7;
1085;Sjælland;2022-12-04;7;
1083;Syddanmark;2022-12-04;8;
1084;Hovedstaden;2022-12-05;32;
1082;Midtjylland;2022-12-05;8;
1081;Nordjylland;2022-12-05;7;
1085;Sjælland;2022-12-05;7;
1083;Syddanmark;2022-12-05;17;
1084;Hovedstaden;2022-12-06;29;
1082;Midtjylland;2022-12-06;9;
1081;Nordjylland;2022-12-06;6;
1085;Sjælland;2022-12-06;10;
1083;Syddanmark;2022-12-06;18;
1084;Hovedstaden;2022-12-07;23;
1082;Midtjylland;2022-12-07;11;
1081;Nordjylland;2022-12-07;14;
1085;Sjælland;2022-12-07;10;
1083;Syddanmark;2022-12-07;12;
1084;Hovedstaden;2022-12-08;26;
1082;Midtjylland;2022-12-08;14;
1081;Nordjylland;2022-12-08;4;
1085;Sjælland;2022-12-08;4;
1083;Syddanmark;2022-12-08;14;
1084;Hovedstaden;2022-12-09;24;
1082;Midtjylland;2022-12-09;11;
1081;Nordjylland;2022-12-09;5;
1085;Sjælland;2022-12-09;10;
1083;Syddanmark;2022-12-09;8;
1084;Hovedstaden;2022-12-10;12;
1082;Midtjylland;2022-12-10;12;
1081;Nordjylland;2022-12-10;7;
1085;Sjælland;2022-12-10;10;
1083;Syddanmark;2022-12-10;11;
1084;Hovedstaden;2022-12-11;25;
1082;Midtjylland;2022-12-11;14;
1081;Nordjylland;2022-12-11;2;
1085;Sjælland;2022-12-11;14;
1083;Syddanmark;2022-12-11;20;
1084;Hovedstaden;2022-12-12;27;
1082;Midtjylland;2022-12-12;19;
1081;Nordjylland;2022-12-12;12;
1085;Sjælland;2022-12-12;9;
1083;Syddanmark;2022-12-12;16;
1084;Hovedstaden;2022-12-13;31;
1082;Midtjylland;2022-12-13;9;
1081;Nordjylland;2022-12-13;14;
1085;Sjælland;2022-12-13;14;
1083;Syddanmark;2022-12-13;16;
1084;Hovedstaden;2022-12-14;37;
1082;Midtjylland;2022-12-14;22;
1081;Nordjylland;2022-12-14;9;
1085;Sjælland;2022-12-14;15;
1083;Syddanmark;2022-12-14;21;
1084;Hovedstaden;2022-12-15;29;
1082;Midtjylland;2022-12-15;18;
1081;Nordjylland;2022-12-15;12;
1085;Sjælland;2022-12-15;15;
1083;Syddanmark;2022-12-15;8;
1084;Hovedstaden;2022-12-16;24;
1082;Midtjylland;2022-12-16;16;
1081;Nordjylland;2022-12-16;10;
1085;Sjælland;2022-12-16;12;
1083;Syddanmark;2022-12-16;26;
1084;Hovedstaden;2022-12-17;23;
1082;Midtjylland;2022-12-17;18;
1081;Nordjylland;2022-12-17;10;
1085;Sjælland;2022-12-17;7;
1083;Syddanmark;2022-12-17;13;
1084;Hovedstaden;2022-12-18;32;
1082;Midtjylland;2022-12-18;15;
1081;Nordjylland;2022-12-18;11;
1085;Sjælland;2022-12-18;14;
1083;Syddanmark;2022-12-18;17;
1084;Hovedstaden;2022-12-19;41;
1082;Midtjylland;2022-12-19;21;
1081;Nordjylland;2022-12-19;16;
1085;Sjælland;2022-12-19;18;
1083;Syddanmark;2022-12-19;27;
1084;Hovedstaden;2022-12-20;41;
1082;Midtjylland;2022-12-20;20;
1081;Nordjylland;2022-12-20;14;
1085;Sjælland;2022-12-20;22;
1083;Syddanmark;2022-12-20;20;
1084;Hovedstaden;2022-12-21;47;
1082;Midtjylland;2022-12-21;21;
1081;Nordjylland;2022-12-21;8;
1085;Sjælland;2022-12-21;18;
1083;Syddanmark;2022-12-21;23;
1084;Hovedstaden;2022-12-22;30;
1082;Midtjylland;2022-12-22;27;
1081;Nordjylland;2022-12-22;16;
1085;Sjælland;2022-12-22;17;
1083;Syddanmark;2022-12-22;24;
1084;Hovedstaden;2022-12-23;35;
1082;Midtjylland;2022-12-23;17;
1081;Nordjylland;2022-12-23;8;
1085;Sjælland;2022-12-23;15;
1083;Syddanmark;2022-12-23;24;
1084;Hovedstaden;2022-12-24;28;
1082;Midtjylland;2022-12-24;8;
1081;Nordjylland;2022-12-24;8;
1085;Sjælland;2022-12-24;13;
1083;Syddanmark;2022-12-24;17;
1084;Hovedstaden;2022-12-25;33;
1082;Midtjylland;2022-12-25;20;
1081;Nordjylland;2022-12-25;11;
1085;Sjælland;2022-12-25;14;
1083;Syddanmark;2022-12-25;23;
1084;Hovedstaden;2022-12-26;31;
1082;Midtjylland;2022-12-26;19;
1081;Nordjylland;2022-12-26;11;
1085;Sjælland;2022-12-26;17;
1083;Syddanmark;2022-12-26;19;
1084;Hovedstaden;2022-12-27;38;
1082;Midtjylland;2022-12-27;21;
1081;Nordjylland;2022-12-27;16;
1085;Sjælland;2022-12-27;16;
1083;Syddanmark;2022-12-27;32;
1084;Hovedstaden;2022-12-28;37;
1082;Midtjylland;2022-12-28;26;
1081;Nordjylland;2022-12-28;11;
1085;Sjælland;2022-12-28;26;
1083;Syddanmark;2022-12-28;24;
1084;Hovedstaden;2022-12-29;33;
1082;Midtjylland;2022-12-29;26;
1081;Nordjylland;2022-12-29;14;
1085;Sjælland;2022-12-29;16;
1083;Syddanmark;2022-12-29;28;
1084;Hovedstaden;2022-12-30;33;
1082;Midtjylland;2022-12-30;19;
1081;Nordjylland;2022-12-30;4;
1085;Sjælland;2022-12-30;20;
1083;Syddanmark;2022-12-30;16;
1084;Hovedstaden;2022-12-31;26;
1082;Midtjylland;2022-12-31;14;
1081;Nordjylland;2022-12-31;8;
1085;Sjælland;2022-12-31;15;
1083;Syddanmark;2022-12-31;18;
1084;Hovedstaden;2023-01-01;23;
1082;Midtjylland;2023-01-01;14;
1081;Nordjylland;2023-01-01;10;
1085;Sjælland;2023-01-01;18;
1083;Syddanmark;2023-01-01;19;
1084;Hovedstaden;2023-01-02;32;
1082;Midtjylland;2023-01-02;21;
1081;Nordjylland;2023-01-02;12;
1085;Sjælland;2023-01-02;20;
1083;Syddanmark;2023-01-02;20;
1084;Hovedstaden;2023-01-03;30;
1082;Midtjylland;2023-01-03;25;
1081;Nordjylland;2023-01-03;13;
1085;Sjælland;2023-01-03;25;
1083;Syddanmark;2023-01-03;21;
1084;Hovedstaden;2023-01-04;37;
1082;Midtjylland;2023-01-04;15;
1081;Nordjylland;2023-01-04;14;
1085;Sjælland;2023-01-04;9;
1083;Syddanmark;2023-01-04;13;
1084;Hovedstaden;2023-01-05;32;
1082;Midtjylland;2023-01-05;20;
1081;Nordjylland;2023-01-05;6;
1085;Sjælland;2023-01-05;12;
1083;Syddanmark;2023-01-05;17;
1084;Hovedstaden;2023-01-06;22;
1082;Midtjylland;2023-01-06;11;
1081;Nordjylland;2023-01-06;6;
1085;Sjælland;2023-01-06;20;
1083;Syddanmark;2023-01-06;17;
1084;Hovedstaden;2023-01-07;14;
1082;Midtjylland;2023-01-07;11;
1081;Nordjylland;2023-01-07;5;
1085;Sjælland;2023-01-07;8;
1083;Syddanmark;2023-01-07;7;
1084;Hovedstaden;2023-01-08;14;
1082;Midtjylland;2023-01-08;9;
1081;Nordjylland;2023-01-08;7;
1085;Sjælland;2023-01-08;8;
1083;Syddanmark;2023-01-08;13;
1084;Hovedstaden;2023-01-09;22;
1082;Midtjylland;2023-01-09;10;
1081;Nordjylland;2023-01-09;12;
1085;Sjælland;2023-01-09;13;
1083;Syddanmark;2023-01-09;5;
1084;Hovedstaden;2023-01-10;18;
1082;Midtjylland;2023-01-10;7;
1081;Nordjylland;2023-01-10;4;
1085;Sjælland;2023-01-10;11;
1083;Syddanmark;2023-01-10;15;
1084;Hovedstaden;2023-01-11;14;
1082;Midtjylland;2023-01-11;9;
1081;Nordjylland;2023-01-11;6;
1085;Sjælland;2023-01-11;11;
1083;Syddanmark;2023-01-11;15;
1084;Hovedstaden;2023-01-12;15;
1082;Midtjylland;2023-01-12;9;
1081;Nordjylland;2023-01-12;4;
1085;Sjælland;2023-01-12;18;
1083;Syddanmark;2023-01-12;12;
1084;Hovedstaden;2023-01-13;12;
1082;Midtjylland;2023-01-13;11;
1081;Nordjylland;2023-01-13;3;
1085;Sjælland;2023-01-13;7;
1083;Syddanmark;2023-01-13;11;
1084;Hovedstaden;2023-01-14;12;
1082;Midtjylland;2023-01-14;5;
1081;Nordjylland;2023-01-14;4;
1085;Sjælland;2023-01-14;4;
1083;Syddanmark;2023-01-14;6;
1084;Hovedstaden;2023-01-15;18;
1082;Midtjylland;2023-01-15;5;
1081;Nordjylland;2023-01-15;7;
1085;Sjælland;2023-01-15;6;
1083;Syddanmark;2023-01-15;11;
1084;Hovedstaden;2023-01-16;9;
1082;Midtjylland;2023-01-16;8;
1081;Nordjylland;2023-01-16;9;
1085;Sjælland;2023-01-16;7;
1083;Syddanmark;2023-01-16;12;
1084;Hovedstaden;2023-01-17;12;
1082;Midtjylland;2023-01-17;5;
1081;Nordjylland;2023-01-17;1;
1085;Sjælland;2023-01-17;5;
1083;Syddanmark;2023-01-17;9;
1084;Hovedstaden;2023-01-18;8;
1082;Midtjylland;2023-01-18;5;
1081;Nordjylland;2023-01-18;2;
1085;Sjælland;2023-01-18;4;
1083;Syddanmark;2023-01-18;9;
1084;Hovedstaden;2023-01-19;11;
1082;Midtjylland;2023-01-19;3;
1081;Nordjylland;2023-01-19;3;
1085;Sjælland;2023-01-19;7;
1083;Syddanmark;2023-01-19;9;
1084;Hovedstaden;2023-01-20;5;
1082;Midtjylland;2023-01-20;5;
1081;Nordjylland;2023-01-20;5;
1085;Sjælland;2023-01-20;2;
1083;Syddanmark;2023-01-20;6;
1084;Hovedstaden;2023-01-21;5;
1082;Midtjylland;2023-01-21;4;
1081;Nordjylland;2023-01-21;2;
1085;Sjælland;2023-01-21;4;
1083;Syddanmark;2023-01-21;3;
1084;Hovedstaden;2023-01-22;12;
1082;Midtjylland;2023-01-22;1;
1081;Nordjylland;2023-01-22;2;
1085;Sjælland;2023-01-22;4;
1083;Syddanmark;2023-01-22;8;
1084;Hovedstaden;2023-01-23;8;
1082;Midtjylland;2023-01-23;4;
1081;Nordjylland;2023-01-23;2;
1085;Sjælland;2023-01-23;2;
1083;Syddanmark;2023-01-23;3;
1084;Hovedstaden;2023-01-24;9;
1082;Midtjylland;2023-01-24;5;
1081;Nordjylland;2023-01-24;2;
1085;Sjælland;2023-01-24;3;
1083;Syddanmark;2023-01-24;4;
1084;Hovedstaden;2023-01-25;5;
1082;Midtjylland;2023-01-25;5;
1085;Sjælland;2023-01-25;1;
1083;Syddanmark;2023-01-25;4;
1084;Hovedstaden;2023-01-26;5;
1082;Midtjylland;2023-01-26;4;
1081;Nordjylland;2023-01-26;1;
1085;Sjælland;2023-01-26;4;
1083;Syddanmark;2023-01-26;5;
1084;Hovedstaden;2023-01-27;7;
1082;Midtjylland;2023-01-27;3;
1081;Nordjylland;2023-01-27;1;
1085;Sjælland;2023-01-27;7;
1083;Syddanmark;2023-01-27;1;
1084;Hovedstaden;2023-01-28;3;
1082;Midtjylland;2023-01-28;3;
1081;Nordjylland;2023-01-28;1;
1085;Sjælland;2023-01-28;3;
1083;Syddanmark;2023-01-28;4;
1084;Hovedstaden;2023-01-29;6;
1082;Midtjylland;2023-01-29;3;
1081;Nordjylland;2023-01-29;1;
1085;Sjælland;2023-01-29;3;
1083;Syddanmark;2023-01-29;5;
1084;Hovedstaden;2023-01-30;8;
1082;Midtjylland;2023-01-30;5;
1081;Nordjylland;2023-01-30;4;
1085;Sjælland;2023-01-30;5;
1083;Syddanmark;2023-01-30;3;
1084;Hovedstaden;2023-01-31;4;
1082;Midtjylland;2023-01-31;8;
1081;Nordjylland;2023-01-31;9;
1085;Sjælland;2023-01-31;2;
1083;Syddanmark;2023-01-31;4;
1084;Hovedstaden;2023-02-01;7;
1082;Midtjylland;2023-02-01;5;
1081;Nordjylland;2023-02-01;4;
1085;Sjælland;2023-02-01;6;
1083;Syddanmark;2023-02-01;2;
1084;Hovedstaden;2023-02-02;7;
1082;Midtjylland;2023-02-02;5;
1081;Nordjylland;2023-02-02;3;
1085;Sjælland;2023-02-02;3;
1083;Syddanmark;2023-02-02;4;
1084;Hovedstaden;2023-02-03;8;
1082;Midtjylland;2023-02-03;5;
1081;Nordjylland;2023-02-03;1;
1085;Sjælland;2023-02-03;2;
1083;Syddanmark;2023-02-03;7;
1084;Hovedstaden;2023-02-04;6;
1082;Midtjylland;2023-02-04;3;
1081;Nordjylland;2023-02-04;1;
1085;Sjælland;2023-02-04;4;
1084;Hovedstaden;2023-02-05;4;
1082;Midtjylland;2023-02-05;6;
1081;Nordjylland;2023-02-05;4;
1085;Sjælland;2023-02-05;3;
1083;Syddanmark;2023-02-05;9;
1084;Hovedstaden;2023-02-06;4;
1082;Midtjylland;2023-02-06;3;
1081;Nordjylland;2023-02-06;4;
1085;Sjælland;2023-02-06;4;
1083;Syddanmark;2023-02-06;14;
1084;Hovedstaden;2023-02-07;13;
1082;Midtjylland;2023-02-07;10;
1081;Nordjylland;2023-02-07;3;
1085;Sjælland;2023-02-07;2;
1083;Syddanmark;2023-02-07;7;
1084;Hovedstaden;2023-02-08;7;
1082;Midtjylland;2023-02-08;2;
1081;Nordjylland;2023-02-08;1;
1085;Sjælland;2023-02-08;4;
1083;Syddanmark;2023-02-08;6;
1084;Hovedstaden;2023-02-09;6;
1082;Midtjylland;2023-02-09;3;
1081;Nordjylland;2023-02-09;3;
1085;Sjælland;2023-02-09;7;
1083;Syddanmark;2023-02-09;6;
1084;Hovedstaden;2023-02-10;5;
1082;Midtjylland;2023-02-10;6;
1081;Nordjylland;2023-02-10;1;
1085;Sjælland;2023-02-10;3;
1083;Syddanmark;2023-02-10;7;
1084;Hovedstaden;2023-02-11;4;
1082;Midtjylland;2023-02-11;7;
1081;Nordjylland;2023-02-11;2;
1085;Sjælland;2023-02-11;4;
1083;Syddanmark;2023-02-11;1;
1084;Hovedstaden;2023-02-12;2;
1082;Midtjylland;2023-02-12;4;
1081;Nordjylland;2023-02-12;1;
1085;Sjælland;2023-02-12;3;
1083;Syddanmark;2023-02-12;4;
1084;Hovedstaden;2023-02-13;11;
1082;Midtjylland;2023-02-13;9;
1081;Nordjylland;2023-02-13;2;
1085;Sjælland;2023-02-13;5;
1083;Syddanmark;2023-02-13;4;
1084;Hovedstaden;2023-02-14;5;
1082;Midtjylland;2023-02-14;1;
1081;Nordjylland;2023-02-14;1;
1085;Sjælland;2023-02-14;9;
1083;Syddanmark;2023-02-14;10;
1084;Hovedstaden;2023-02-15;5;
1082;Midtjylland;2023-02-15;5;
1081;Nordjylland;2023-02-15;2;
1085;Sjælland;2023-02-15;1;
1083;Syddanmark;2023-02-15;10;
1084;Hovedstaden;2023-02-16;5;
1082;Midtjylland;2023-02-16;4;
1081;Nordjylland;2023-02-16;2;
1085;Sjælland;2023-02-16;4;
1083;Syddanmark;2023-02-16;2;
1084;Hovedstaden;2023-02-17;6;
1082;Midtjylland;2023-02-17;7;
1081;Nordjylland;2023-02-17;5;
1085;Sjælland;2023-02-17;3;
1083;Syddanmark;2023-02-17;3;
1084;Hovedstaden;2023-02-18;7;
1082;Midtjylland;2023-02-18;5;
1081;Nordjylland;2023-02-18;6;
1085;Sjælland;2023-02-18;2;
1083;Syddanmark;2023-02-18;6;
1084;Hovedstaden;2023-02-19;11;
1082;Midtjylland;2023-02-19;1;
1081;Nordjylland;2023-02-19;2;
1085;Sjælland;2023-02-19;3;
1083;Syddanmark;2023-02-19;5;
1084;Hovedstaden;2023-02-20;7;
1082;Midtjylland;2023-02-20;2;
1081;Nordjylland;2023-02-20;2;
1085;Sjælland;2023-02-20;4;
1083;Syddanmark;2023-02-20;9;
1084;Hovedstaden;2023-02-21;11;
1082;Midtjylland;2023-02-21;1;
1081;Nordjylland;2023-02-21;6;
1085;Sjælland;2023-02-21;3;
1083;Syddanmark;2023-02-21;3;
1084;Hovedstaden;2023-02-22;8;
1082;Midtjylland;2023-02-22;5;
1081;Nordjylland;2023-02-22;2;
1085;Sjælland;2023-02-22;3;
1083;Syddanmark;2023-02-22;6;
1084;Hovedstaden;2023-02-23;9;
1082;Midtjylland;2023-02-23;8;
1081;Nordjylland;2023-02-23;1;
1085;Sjælland;2023-02-23;2;
1083;Syddanmark;2023-02-23;9;
1084;Hovedstaden;2023-02-24;8;
1082;Midtjylland;2023-02-24;4;
1081;Nordjylland;2023-02-24;3;
1085;Sjælland;2023-02-24;3;
1083;Syddanmark;2023-02-24;7;
1084;Hovedstaden;2023-02-25;8;
1082;Midtjylland;2023-02-25;3;
1081;Nordjylland;2023-02-25;1;
1085;Sjælland;2023-02-25;2;
1083;Syddanmark;2023-02-25;2;
1084;Hovedstaden;2023-02-26;10;
1082;Midtjylland;2023-02-26;1;
1081;Nordjylland;2023-02-26;3;
1085;Sjælland;2023-02-26;5;
1083;Syddanmark;2023-02-26;2;
1084;Hovedstaden;2023-02-27;13;
1082;Midtjylland;2023-02-27;3;
1081;Nordjylland;2023-02-27;3;
1085;Sjælland;2023-02-27;3;
1083;Syddanmark;2023-02-27;6;
1084;Hovedstaden;2023-02-28;7;
1082;Midtjylland;2023-02-28;8;
1081;Nordjylland;2023-02-28;3;
1085;Sjælland;2023-02-28;3;
1083;Syddanmark;2023-02-28;6;
1084;Hovedstaden;2023-03-01;8;
1082;Midtjylland;2023-03-01;10;
1081;Nordjylland;2023-03-01;4;
1085;Sjælland;2023-03-01;3;
1083;Syddanmark;2023-03-01;4;
1084;Hovedstaden;2023-03-02;7;
1082;Midtjylland;2023-03-02;9;
1085;Sjælland;2023-03-02;3;
1083;Syddanmark;2023-03-02;13;
1084;Hovedstaden;2023-03-03;6;
1082;Midtjylland;2023-03-03;4;
1081;Nordjylland;2023-03-03;4;
1085;Sjælland;2023-03-03;3;
1083;Syddanmark;2023-03-03;3;
1084;Hovedstaden;2023-03-04;11;
1082;Midtjylland;2023-03-04;2;
1081;Nordjylland;2023-03-04;2;
1085;Sjælland;2023-03-04;8;
1083;Syddanmark;2023-03-04;7;
1084;Hovedstaden;2023-03-05;9;
1082;Midtjylland;2023-03-05;5;
1081;Nordjylland;2023-03-05;3;
1085;Sjælland;2023-03-05;3;
1083;Syddanmark;2023-03-05;6;
1084;Hovedstaden;2023-03-06;11;
1082;Midtjylland;2023-03-06;9;
1081;Nordjylland;2023-03-06;5;
1085;Sjælland;2023-03-06;6;
1083;Syddanmark;2023-03-06;5;
1084;Hovedstaden;2023-03-07;16;
1082;Midtjylland;2023-03-07;8;
1081;Nordjylland;2023-03-07;3;
1085;Sjælland;2023-03-07;4;
1083;Syddanmark;2023-03-07;14;
1084;Hovedstaden;2023-03-08;13;
1082;Midtjylland;2023-03-08;6;
1081;Nordjylland;2023-03-08;4;
1085;Sjælland;2023-03-08;8;
1083;Syddanmark;2023-03-08;3;
1084;Hovedstaden;2023-03-09;9;
1082;Midtjylland;2023-03-09;4;
1081;Nordjylland;2023-03-09;4;
1085;Sjælland;2023-03-09;4;
1083;Syddanmark;2023-03-09;7;
1084;Hovedstaden;2023-03-10;9;
1082;Midtjylland;2023-03-10;7;
1085;Sjælland;2023-03-10;6;
1083;Syddanmark;2023-03-10;6;
1084;Hovedstaden;2023-03-11;11;
1082;Midtjylland;2023-03-11;2;
1081;Nordjylland;2023-03-11;2;
1085;Sjælland;2023-03-11;6;
1083;Syddanmark;2023-03-11;12;
1084;Hovedstaden;2023-03-12;6;
1082;Midtjylland;2023-03-12;4;
1085;Sjælland;2023-03-12;3;
1083;Syddanmark;2023-03-12;4;
1084;Hovedstaden;2023-03-13;19;
1082;Midtjylland;2023-03-13;9;
1081;Nordjylland;2023-03-13;6;
1085;Sjælland;2023-03-13;9;
1083;Syddanmark;2023-03-13;7;
1084;Hovedstaden;2023-03-14;21;
1082;Midtjylland;2023-03-14;11;
1081;Nordjylland;2023-03-14;1;
1085;Sjælland;2023-03-14;10;
1083;Syddanmark;2023-03-14;6;
1084;Hovedstaden;2023-03-15;30;
1082;Midtjylland;2023-03-15;10;
1081;Nordjylland;2023-03-15;4;
1085;Sjælland;2023-03-15;13;
1083;Syddanmark;2023-03-15;8;
1084;Hovedstaden;2023-03-16;22;
1082;Midtjylland;2023-03-16;11;
1081;Nordjylland;2023-03-16;3;
1085;Sjælland;2023-03-16;10;
1083;Syddanmark;2023-03-16;12;
1084;Hovedstaden;2023-03-17;17;
1082;Midtjylland;2023-03-17;14;
1081;Nordjylland;2023-03-17;4;
1085;Sjælland;2023-03-17;11;
1083;Syddanmark;2023-03-17;8;
1084;Hovedstaden;2023-03-18;15;
1082;Midtjylland;2023-03-18;16;
1081;Nordjylland;2023-03-18;8;
1085;Sjælland;2023-03-18;8;
1083;Syddanmark;2023-03-18;7;
1084;Hovedstaden;2023-03-19;15;
1082;Midtjylland;2023-03-19;12;
1081;Nordjylland;2023-03-19;2;
1085;Sjælland;2023-03-19;9;
1083;Syddanmark;2023-03-19;15;
1084;Hovedstaden;2023-03-20;20;
1082;Midtjylland;2023-03-20;15;
1081;Nordjylland;2023-03-20;4;
1085;Sjælland;2023-03-20;12;
1083;Syddanmark;2023-03-20;15;
1084;Hovedstaden;2023-03-21;22;
1082;Midtjylland;2023-03-21;14;
1081;Nordjylland;2023-03-21;7;
1085;Sjælland;2023-03-21;12;
1083;Syddanmark;2023-03-21;15;
1084;Hovedstaden;2023-03-22;23;
1082;Midtjylland;2023-03-22;8;
1081;Nordjylland;2023-03-22;3;
1085;Sjælland;2023-03-22;9;
1083;Syddanmark;2023-03-22;14;
1084;Hovedstaden;2023-03-23;22;
1082;Midtjylland;2023-03-23;9;
1081;Nordjylland;2023-03-23;4;
1085;Sjælland;2023-03-23;11;
1083;Syddanmark;2023-03-23;9;
1084;Hovedstaden;2023-03-24;21;
1082;Midtjylland;2023-03-24;18;
1081;Nordjylland;2023-03-24;5;
1085;Sjælland;2023-03-24;8;
1083;Syddanmark;2023-03-24;16;
1084;Hovedstaden;2023-03-25;17;
1082;Midtjylland;2023-03-25;15;
1081;Nordjylland;2023-03-25;4;
1085;Sjælland;2023-03-25;16;
1083;Syddanmark;2023-03-25;13;
1084;Hovedstaden;2023-03-26;22;
1082;Midtjylland;2023-03-26;15;
1081;Nordjylland;2023-03-26;3;
1085;Sjælland;2023-03-26;11;
1083;Syddanmark;2023-03-26;10;
1084;Hovedstaden;2023-03-27;24;
1082;Midtjylland;2023-03-27;13;
1081;Nordjylland;2023-03-27;7;
1085;Sjælland;2023-03-27;11;
1083;Syddanmark;2023-03-27;23;
1084;Hovedstaden;2023-03-28;21;
1082;Midtjylland;2023-03-28;6;
1081;Nordjylland;2023-03-28;3;
1085;Sjælland;2023-03-28;15;
1083;Syddanmark;2023-03-28;9;
1084;Hovedstaden;2023-03-29;16;
1082;Midtjylland;2023-03-29;13;
1081;Nordjylland;2023-03-29;3;
1085;Sjælland;2023-03-29;13;
1083;Syddanmark;2023-03-29;17;
1084;Hovedstaden;2023-03-30;15;
1082;Midtjylland;2023-03-30;12;
1085;Sjælland;2023-03-30;9;
1083;Syddanmark;2023-03-30;6;
1084;Hovedstaden;2023-03-31;11;
1082;Midtjylland;2023-03-31;12;
1081;Nordjylland;2023-03-31;5;
1085;Sjælland;2023-03-31;10;
1083;Syddanmark;2023-03-31;15;
1084;Hovedstaden;2023-04-01;22;
1082;Midtjylland;2023-04-01;5;
1081;Nordjylland;2023-04-01;8;
1085;Sjælland;2023-04-01;10;
1083;Syddanmark;2023-04-01;14;
1084;Hovedstaden;2023-04-02;18;
1082;Midtjylland;2023-04-02;7;
1081;Nordjylland;2023-04-02;8;
1085;Sjælland;2023-04-02;5;
1083;Syddanmark;2023-04-02;10;
1084;Hovedstaden;2023-04-03;17;
1082;Midtjylland;2023-04-03;13;
1081;Nordjylland;2023-04-03;13;
1085;Sjælland;2023-04-03;9;
1083;Syddanmark;2023-04-03;14;
1084;Hovedstaden;2023-04-04;16;
1082;Midtjylland;2023-04-04;8;
1081;Nordjylland;2023-04-04;7;
1085;Sjælland;2023-04-04;13;
1083;Syddanmark;2023-04-04;15;
1084;Hovedstaden;2023-04-05;17;
1082;Midtjylland;2023-04-05;6;
1081;Nordjylland;2023-04-05;7;
1085;Sjælland;2023-04-05;9;
1083;Syddanmark;2023-04-05;16;
1084;Hovedstaden;2023-04-06;24;
1082;Midtjylland;2023-04-06;8;
1081;Nordjylland;2023-04-06;8;
1085;Sjælland;2023-04-06;12;
1083;Syddanmark;2023-04-06;8;
1084;Hovedstaden;2023-04-07;26;
1082;Midtjylland;2023-04-07;14;
1081;Nordjylland;2023-04-07;5;
1085;Sjælland;2023-04-07;8;
1083;Syddanmark;2023-04-07;8;
1084;Hovedstaden;2023-04-08;19;
1082;Midtjylland;2023-04-08;15;
1081;Nordjylland;2023-04-08;7;
1085;Sjælland;2023-04-08;6;
1083;Syddanmark;2023-04-08;15;
1084;Hovedstaden;2023-04-09;23;
1082;Midtjylland;2023-04-09;9;
1081;Nordjylland;2023-04-09;5;
1085;Sjælland;2023-04-09;13;
1083;Syddanmark;2023-04-09;14;
1084;Hovedstaden;2023-04-10;18;
1082;Midtjylland;2023-04-10;11;
1081;Nordjylland;2023-04-10;4;
1085;Sjælland;2023-04-10;8;
1083;Syddanmark;2023-04-10;16;
1084;Hovedstaden;2023-04-11;19;
1082;Midtjylland;2023-04-11;15;
1081;Nordjylland;2023-04-11;6;
1085;Sjælland;2023-04-11;14;
1083;Syddanmark;2023-04-11;16;
1084;Hovedstaden;2023-04-12;26;
1082;Midtjylland;2023-04-12;11;
1081;Nordjylland;2023-04-12;6;
1085;Sjælland;2023-04-12;17;
1083;Syddanmark;2023-04-12;14;
1084;Hovedstaden;2023-04-13;20;
1082;Midtjylland;2023-04-13;10;
1081;Nordjylland;2023-04-13;4;
1085;Sjælland;2023-04-13;12;
1083;Syddanmark;2023-04-13;21;
1084;Hovedstaden;2023-04-14;19;
1082;Midtjylland;2023-04-14;12;
1081;Nordjylland;2023-04-14;6;
1085;Sjælland;2023-04-14;11;
1083;Syddanmark;2023-04-14;10;
1084;Hovedstaden;2023-04-15;21;
1082;Midtjylland;2023-04-15;11;
1081;Nordjylland;2023-04-15;4;
1085;Sjælland;2023-04-15;1;
1083;Syddanmark;2023-04-15;14;
1084;Hovedstaden;2023-04-16;11;
1082;Midtjylland;2023-04-16;12;
1081;Nordjylland;2023-04-16;6;
1085;Sjælland;2023-04-16;7;
1083;Syddanmark;2023-04-16;10;
1084;Hovedstaden;2023-04-17;20;
1082;Midtjylland;2023-04-17;11;
1081;Nordjylland;2023-04-17;2;
1085;Sjælland;2023-04-17;7;
1083;Syddanmark;2023-04-17;13;
1084;Hovedstaden;2023-04-18;15;
1082;Midtjylland;2023-04-18;10;
1081;Nordjylland;2023-04-18;6;
1085;Sjælland;2023-04-18;10;
1083;Syddanmark;2023-04-18;7;
1084;Hovedstaden;2023-04-19;17;
1082;Midtjylland;2023-04-19;9;
1081;Nordjylland;2023-04-19;9;
1085;Sjælland;2023-04-19;7;
1083;Syddanmark;2023-04-19;10;
1084;Hovedstaden;2023-04-20;13;
1082;Midtjylland;2023-04-20;7;
1081;Nordjylland;2023-04-20;8;
1085;Sjælland;2023-04-20;15;
1083;Syddanmark;2023-04-20;10;
1084;Hovedstaden;2023-04-21;17;
1082;Midtjylland;2023-04-21;16;
1081;Nordjylland;2023-04-21;7;
1085;Sjælland;2023-04-21;12;
1083;Syddanmark;2023-04-21;6;
1084;Hovedstaden;2023-04-22;13;
1082;Midtjylland;2023-04-22;9;
1081;Nordjylland;2023-04-22;1;
1085;Sjælland;2023-04-22;12;
1083;Syddanmark;2023-04-22;3;
1084;Hovedstaden;2023-04-23;12;
1082;Midtjylland;2023-04-23;6;
1081;Nordjylland;2023-04-23;8;
1085;Sjælland;2023-04-23;10;
1083;Syddanmark;2023-04-23;14;
1084;Hovedstaden;2023-04-24;21;
1082;Midtjylland;2023-04-24;10;
1081;Nordjylland;2023-04-24;6;
1085;Sjælland;2023-04-24;11;
1083;Syddanmark;2023-04-24;12;
1084;Hovedstaden;2023-04-25;22;
1082;Midtjylland;2023-04-25;7;
1081;Nordjylland;2023-04-25;6;
1085;Sjælland;2023-04-25;9;
1083;Syddanmark;2023-04-25;8;
1084;Hovedstaden;2023-04-26;10;
1082;Midtjylland;2023-04-26;7;
1081;Nordjylland;2023-04-26;3;
1085;Sjælland;2023-04-26;6;
1083;Syddanmark;2023-04-26;6;
1084;Hovedstaden;2023-04-27;23;
1082;Midtjylland;2023-04-27;8;
1081;Nordjylland;2023-04-27;6;
1085;Sjælland;2023-04-27;9;
1083;Syddanmark;2023-04-27;11;
1084;Hovedstaden;2023-04-28;9;
1082;Midtjylland;2023-04-28;9;
1081;Nordjylland;2023-04-28;10;
1085;Sjælland;2023-04-28;1;
1083;Syddanmark;2023-04-28;4;
1084;Hovedstaden;2023-04-29;8;
1082;Midtjylland;2023-04-29;4;
1081;Nordjylland;2023-04-29;5;
1085;Sjælland;2023-04-29;10;
1083;Syddanmark;2023-04-29;9;
1084;Hovedstaden;2023-04-30;13;
1082;Midtjylland;2023-04-30;3;
1081;Nordjylland;2023-04-30;1;
1085;Sjælland;2023-04-30;6;
1083;Syddanmark;2023-04-30;9;
1084;Hovedstaden;2023-05-01;14;
1082;Midtjylland;2023-05-01;8;
1081;Nordjylland;2023-05-01;7;
1085;Sjælland;2023-05-01;10;
1083;Syddanmark;2023-05-01;13;
1084;Hovedstaden;2023-05-02;13;
1082;Midtjylland;2023-05-02;9;
1081;Nordjylland;2023-05-02;6;
1085;Sjælland;2023-05-02;3;
1083;Syddanmark;2023-05-02;11;
1084;Hovedstaden;2023-05-03;12;
1082;Midtjylland;2023-05-03;6;
1081;Nordjylland;2023-05-03;3;
1085;Sjælland;2023-05-03;12;
1083;Syddanmark;2023-05-03;11;
1084;Hovedstaden;2023-05-04;8;
1082;Midtjylland;2023-05-04;8;
1081;Nordjylland;2023-05-04;5;
1085;Sjælland;2023-05-04;4;
1083;Syddanmark;2023-05-04;12;
1084;Hovedstaden;2023-05-05;12;
1082;Midtjylland;2023-05-05;5;
1081;Nordjylland;2023-05-05;3;
1085;Sjælland;2023-05-05;8;
1083;Syddanmark;2023-05-05;2;
1084;Hovedstaden;2023-05-06;13;
1082;Midtjylland;2023-05-06;7;
1081;Nordjylland;2023-05-06;5;
1085;Sjælland;2023-05-06;6;
1083;Syddanmark;2023-05-06;5;
1084;Hovedstaden;2023-05-07;13;
1082;Midtjylland;2023-05-07;12;
1081;Nordjylland;2023-05-07;4;
1085;Sjælland;2023-05-07;6;
1083;Syddanmark;2023-05-07;13;
1084;Hovedstaden;2023-05-08;19;
1082;Midtjylland;2023-05-08;9;
1081;Nordjylland;2023-05-08;6;
1085;Sjælland;2023-05-08;9;
1083;Syddanmark;2023-05-08;12;
1084;Hovedstaden;2023-05-09;19;
1082;Midtjylland;2023-05-09;6;
1081;Nordjylland;2023-05-09;6;
1085;Sjælland;2023-05-09;13;
1083;Syddanmark;2023-05-09;10;
1084;Hovedstaden;2023-05-10;13;
1082;Midtjylland;2023-05-10;9;
1081;Nordjylland;2023-05-10;7;
1085;Sjælland;2023-05-10;14;
1083;Syddanmark;2023-05-10;8;
1084;Hovedstaden;2023-05-11;19;
1082;Midtjylland;2023-05-11;10;
1081;Nordjylland;2023-05-11;6;
1085;Sjælland;2023-05-11;8;
1083;Syddanmark;2023-05-11;6;
1084;Hovedstaden;2023-05-12;11;
1082;Midtjylland;2023-05-12;6;
1081;Nordjylland;2023-05-12;1;
1085;Sjælland;2023-05-12;6;
1083;Syddanmark;2023-05-12;11;
1084;Hovedstaden;2023-05-13;12;
1082;Midtjylland;2023-05-13;4;
1081;Nordjylland;2023-05-13;2;
1085;Sjælland;2023-05-13;3;
1083;Syddanmark;2023-05-13;9;
1084;Hovedstaden;2023-05-14;11;
1082;Midtjylland;2023-05-14;5;
1081;Nordjylland;2023-05-14;5;
1085;Sjælland;2023-05-14;2;
1083;Syddanmark;2023-05-14;13;
1084;Hovedstaden;2023-05-15;13;
1082;Midtjylland;2023-05-15;9;
1081;Nordjylland;2023-05-15;3;
1085;Sjælland;2023-05-15;7;
1083;Syddanmark;2023-05-15;14;
1084;Hovedstaden;2023-05-16;10;
1082;Midtjylland;2023-05-16;5;
1081;Nordjylland;2023-05-16;5;
1085;Sjælland;2023-05-16;5;
1083;Syddanmark;2023-05-16;7;
1084;Hovedstaden;2023-05-17;9;
1082;Midtjylland;2023-05-17;4;
1081;Nordjylland;2023-05-17;1;
1085;Sjælland;2023-05-17;5;
1083;Syddanmark;2023-05-17;4;
1084;Hovedstaden;2023-05-18;8;
1082;Midtjylland;2023-05-18;2;
1081;Nordjylland;2023-05-18;3;
1085;Sjælland;2023-05-18;6;
1083;Syddanmark;2023-05-18;7;
1084;Hovedstaden;2023-05-19;15;
1082;Midtjylland;2023-05-19;3;
1081;Nordjylland;2023-05-19;3;
1085;Sjælland;2023-05-19;1;
1083;Syddanmark;2023-05-19;4;
1084;Hovedstaden;2023-05-20;9;
1082;Midtjylland;2023-05-20;5;
1081;Nordjylland;2023-05-20;1;
1085;Sjælland;2023-05-20;5;
1083;Syddanmark;2023-05-20;4;
1084;Hovedstaden;2023-05-21;8;
1082;Midtjylland;2023-05-21;6;
1081;Nordjylland;2023-05-21;3;
1085;Sjælland;2023-05-21;6;
1083;Syddanmark;2023-05-21;11;
1084;Hovedstaden;2023-05-22;10;
1082;Midtjylland;2023-05-22;3;
1081;Nordjylland;2023-05-22;2;
1085;Sjælland;2023-05-22;2;
1083;Syddanmark;2023-05-22;7;
1084;Hovedstaden;2023-05-23;6;
1082;Midtjylland;2023-05-23;2;
1081;Nordjylland;2023-05-23;3;
1085;Sjælland;2023-05-23;3;
1083;Syddanmark;2023-05-23;8;
1084;Hovedstaden;2023-05-24;7;
1082;Midtjylland;2023-05-24;5;
1081;Nordjylland;2023-05-24;3;
1085;Sjælland;2023-05-24;3;
1083;Syddanmark;2023-05-24;5;
1084;Hovedstaden;2023-05-25;5;
1082;Midtjylland;2023-05-25;6;
1081;Nordjylland;2023-05-25;2;
1085;Sjælland;2023-05-25;2;
1083;Syddanmark;2023-05-25;4;
1084;Hovedstaden;2023-05-26;5;
1082;Midtjylland;2023-05-26;2;
1081;Nordjylland;2023-05-26;3;
1085;Sjælland;2023-05-26;1;
1083;Syddanmark;2023-05-26;3;
1084;Hovedstaden;2023-05-27;8;
1081;Nordjylland;2023-05-27;1;
1085;Sjælland;2023-05-27;3;
1083;Syddanmark;2023-05-27;1;
1084;Hovedstaden;2023-05-28;2;
1082;Midtjylland;2023-05-28;4;
1081;Nordjylland;2023-05-28;6;
1085;Sjælland;2023-05-28;4;
1083;Syddanmark;2023-05-28;3;
1084;Hovedstaden;2023-05-29;2;
1082;Midtjylland;2023-05-29;7;
1081;Nordjylland;2023-05-29;2;
1085;Sjælland;2023-05-29;4;
1083;Syddanmark;2023-05-29;4;
1084;Hovedstaden;2023-05-30;4;
1082;Midtjylland;2023-05-30;5;
1081;Nordjylland;2023-05-30;2;
1085;Sjælland;2023-05-30;4;
1083;Syddanmark;2023-05-30;5;
1084;Hovedstaden;2023-05-31;6;
1082;Midtjylland;2023-05-31;1;
1081;Nordjylland;2023-05-31;2;
1085;Sjælland;2023-05-31;4;
1083;Syddanmark;2023-05-31;5;
1084;Hovedstaden;2023-06-01;7;
1082;Midtjylland;2023-06-01;3;
1081;Nordjylland;2023-06-01;1;
1085;Sjælland;2023-06-01;2;
1084;Hovedstaden;2023-06-02;3;
1082;Midtjylland;2023-06-02;1;
1081;Nordjylland;2023-06-02;1;
1085;Sjælland;2023-06-02;2;
1083;Syddanmark;2023-06-02;6;
1084;Hovedstaden;2023-06-03;2;
1082;Midtjylland;2023-06-03;2;
1081;Nordjylland;2023-06-03;3;
1085;Sjælland;2023-06-03;4;
1083;Syddanmark;2023-06-03;3;
1084;Hovedstaden;2023-06-04;3;
1082;Midtjylland;2023-06-04;1;
1081;Nordjylland;2023-06-04;1;
1085;Sjælland;2023-06-04;3;
1083;Syddanmark;2023-06-04;3;
1084;Hovedstaden;2023-06-05;6;
1082;Midtjylland;2023-06-05;2;
1085;Sjælland;2023-06-05;3;
1083;Syddanmark;2023-06-05;1;
1084;Hovedstaden;2023-06-06;6;
1081;Nordjylland;2023-06-06;1;
1085;Sjælland;2023-06-06;3;
1083;Syddanmark;2023-06-06;4;
1082;Midtjylland;2023-06-07;3;
1081;Nordjylland;2023-06-07;1;
1085;Sjælland;2023-06-07;2;
1083;Syddanmark;2023-06-07;6;
1084;Hovedstaden;2023-06-08;4;
1082;Midtjylland;2023-06-08;3;
1081;Nordjylland;2023-06-08;2;
1085;Sjælland;2023-06-08;2;
1083;Syddanmark;2023-06-08;4;
1084;Hovedstaden;2023-06-09;3;
1082;Midtjylland;2023-06-09;3;
1081;Nordjylland;2023-06-09;2;
1085;Sjælland;2023-06-09;1;
1083;Syddanmark;2023-06-09;1;
1084;Hovedstaden;2023-06-10;4;
1082;Midtjylland;2023-06-10;2;
1085;Sjælland;2023-06-10;3;
1083;Syddanmark;2023-06-10;4;
1084;Hovedstaden;2023-06-11;4;
1082;Midtjylland;2023-06-11;2;
1081;Nordjylland;2023-06-11;1;
1085;Sjælland;2023-06-11;1;
1083;Syddanmark;2023-06-11;2;
1084;Hovedstaden;2023-06-12;4;
1082;Midtjylland;2023-06-12;3;
1081;Nordjylland;2023-06-12;2;
1085;Sjælland;2023-06-12;4;
1083;Syddanmark;2023-06-12;5;
1084;Hovedstaden;2023-06-13;1;
1082;Midtjylland;2023-06-13;1;
1085;Sjælland;2023-06-13;1;
1083;Syddanmark;2023-06-13;2;
1084;Hovedstaden;2023-06-14;6;
1083;Syddanmark;2023-06-14;1;
1084;Hovedstaden;2023-06-15;4;
1081;Nordjylland;2023-06-15;2;
1085;Sjælland;2023-06-15;5;
1083;Syddanmark;2023-06-15;4;
1084;Hovedstaden;2023-06-16;7;
1081;Nordjylland;2023-06-16;1;
1085;Sjælland;2023-06-16;1;
1083;Syddanmark;2023-06-16;1;
1084;Hovedstaden;2023-06-17;4;
1082;Midtjylland;2023-06-17;2;
1085;Sjælland;2023-06-17;2;
1083;Syddanmark;2023-06-17;4;
1085;Sjælland;2023-06-18;1;
1084;Hovedstaden;2023-06-19;4;
1082;Midtjylland;2023-06-19;2;
1081;Nordjylland;2023-06-19;1;
1085;Sjælland;2023-06-19;6;
1083;Syddanmark;2023-06-19;3;
1084;Hovedstaden;2023-06-20;2;
1082;Midtjylland;2023-06-20;2;
1085;Sjælland;2023-06-20;1;
1083;Syddanmark;2023-06-20;3;
1082;Midtjylland;2023-06-21;4;
1081;Nordjylland;2023-06-21;2;
1083;Syddanmark;2023-06-21;2;
1084;Hovedstaden;2023-06-22;2;
1085;Sjælland;2023-06-22;3;
1083;Syddanmark;2023-06-22;1;
1084;Hovedstaden;2023-06-23;1;
1082;Midtjylland;2023-06-23;2;
1081;Nordjylland;2023-06-23;1;
1083;Syddanmark;2023-06-23;4;
1082;Midtjylland;2023-06-24;2;
1081;Nordjylland;2023-06-24;2;
1085;Sjælland;2023-06-24;1;
1084;Hovedstaden;2023-06-25;1;
1085;Sjælland;2023-06-25;1;
1083;Syddanmark;2023-06-25;1;
1084;Hovedstaden;2023-06-26;2;
1081;Nordjylland;2023-06-26;1;
1083;Syddanmark;2023-06-26;2;
1084;Hovedstaden;2023-06-27;2;
1082;Midtjylland;2023-06-27;1;
1081;Nordjylland;2023-06-27;2;
1084;Hovedstaden;2023-06-28;1;
1085;Sjælland;2023-06-28;1;
1083;Syddanmark;2023-06-28;2;
1084;Hovedstaden;2023-06-29;1;
1081;Nordjylland;2023-06-29;2;
1085;Sjælland;2023-06-29;1;
1082;Midtjylland;2023-06-30;2;
1081;Nordjylland;2023-06-30;1;
1085;Sjælland;2023-06-30;1;
1083;Syddanmark;2023-06-30;1;
1084;Hovedstaden;2023-07-01;4;
1082;Midtjylland;2023-07-01;2;
1085;Sjælland;2023-07-01;1;
1083;Syddanmark;2023-07-01;1;
1081;Nordjylland;2023-07-02;1;
1084;Hovedstaden;2023-07-03;5;
1082;Midtjylland;2023-07-03;3;
1081;Nordjylland;2023-07-03;1;
1085;Sjælland;2023-07-03;3;
1084;Hovedstaden;2023-07-04;2;
1082;Midtjylland;2023-07-04;1;
1085;Sjælland;2023-07-04;3;
1083;Syddanmark;2023-07-04;3;
1084;Hovedstaden;2023-07-05;2;
1081;Nordjylland;2023-07-05;1;
1085;Sjælland;2023-07-05;3;
1084;Hovedstaden;2023-07-06;2;
1082;Midtjylland;2023-07-06;1;
1083;Syddanmark;2023-07-06;3;
1082;Midtjylland;2023-07-07;1;
1081;Nordjylland;2023-07-07;1;
1083;Syddanmark;2023-07-07;3;
1084;Hovedstaden;2023-07-08;1;
1084;Hovedstaden;2023-07-09;3;
1085;Sjælland;2023-07-09;1;
1084;Hovedstaden;2023-07-10;2;
1082;Midtjylland;2023-07-10;2;
1085;Sjælland;2023-07-10;2;
1083;Syddanmark;2023-07-10;4;
1082;Midtjylland;2023-07-11;1;
1081;Nordjylland;2023-07-11;2;
1085;Sjælland;2023-07-11;2;
1083;Syddanmark;2023-07-11;1;
1084;Hovedstaden;2023-07-12;2;
1082;Midtjylland;2023-07-12;1;
1083;Syddanmark;2023-07-12;3;
1084;Hovedstaden;2023-07-13;3;
1081;Nordjylland;2023-07-13;2;
1085;Sjælland;2023-07-13;1;
1083;Syddanmark;2023-07-13;2;
1084;Hovedstaden;2023-07-14;1;
1081;Nordjylland;2023-07-14;2;
1085;Sjælland;2023-07-14;1;
1084;Hovedstaden;2023-07-15;2;
1082;Midtjylland;2023-07-15;1;
1081;Nordjylland;2023-07-15;1;
1083;Syddanmark;2023-07-15;3;
1084;Hovedstaden;2023-07-16;3;
1081;Nordjylland;2023-07-16;1;
1085;Sjælland;2023-07-16;1;
1084;Hovedstaden;2023-07-17;1;
1081;Nordjylland;2023-07-17;3;
1083;Syddanmark;2023-07-17;2;
1084;Hovedstaden;2023-07-18;1;
1083;Syddanmark;2023-07-18;3;
1084;Hovedstaden;2023-07-19;3;
1084;Hovedstaden;2023-07-20;2;
1081;Nordjylland;2023-07-20;1;
1084;Hovedstaden;2023-07-21;4;
1082;Midtjylland;2023-07-21;1;
1081;Nordjylland;2023-07-21;1;
1085;Sjælland;2023-07-21;1;
1083;Syddanmark;2023-07-21;1;
1081;Nordjylland;2023-07-22;1;
1084;Hovedstaden;2023-07-23;2;
1081;Nordjylland;2023-07-23;1;
1085;Sjælland;2023-07-23;1;
1083;Syddanmark;2023-07-23;1;
1082;Midtjylland;2023-07-24;1;
1081;Nordjylland;2023-07-24;2;
1085;Sjælland;2023-07-24;2;
1084;Hovedstaden;2023-07-25;3;
1081;Nordjylland;2023-07-25;2;
1085;Sjælland;2023-07-25;1;
1083;Syddanmark;2023-07-25;1;
1084;Hovedstaden;2023-07-26;4;
1081;Nordjylland;2023-07-26;1;
1085;Sjælland;2023-07-26;1;
1083;Syddanmark;2023-07-26;1;
1084;Hovedstaden;2023-07-27;3;
1082;Midtjylland;2023-07-27;1;
1081;Nordjylland;2023-07-27;4;
1085;Sjælland;2023-07-27;2;
1083;Syddanmark;2023-07-27;1;
1084;Hovedstaden;2023-07-28;2;
1083;Syddanmark;2023-07-28;1;
1084;Hovedstaden;2023-07-29;1;
1081;Nordjylland;2023-07-29;1;
1085;Sjælland;2023-07-29;2;
1083;Syddanmark;2023-07-29;1;
1082;Midtjylland;2023-07-30;4;
1081;Nordjylland;2023-07-30;3;
1085;Sjælland;2023-07-30;1;
1083;Syddanmark;2023-07-30;1;
1084;Hovedstaden;2023-07-31;3;
1082;Midtjylland;2023-07-31;1;
1084;Hovedstaden;2023-08-01;1;
1082;Midtjylland;2023-08-01;2;
1085;Sjælland;2023-08-01;2;
1083;Syddanmark;2023-08-01;3;
1084;Hovedstaden;2023-08-02;7;
1082;Midtjylland;2023-08-02;2;
1081;Nordjylland;2023-08-02;1;
1085;Sjælland;2023-08-02;3;
1083;Syddanmark;2023-08-02;1;
1084;Hovedstaden;2023-08-03;2;
1081;Nordjylland;2023-08-03;2;
1085;Sjælland;2023-08-03;1;
1083;Syddanmark;2023-08-03;3;
1084;Hovedstaden;2023-08-04;5;
1082;Midtjylland;2023-08-04;1;
1081;Nordjylland;2023-08-04;3;
1085;Sjælland;2023-08-04;2;
1083;Syddanmark;2023-08-04;1;
1084;Hovedstaden;2023-08-05;3;
1085;Sjælland;2023-08-05;1;
1083;Syddanmark;2023-08-05;4;
1084;Hovedstaden;2023-08-06;2;
1082;Midtjylland;2023-08-06;1;
1085;Sjælland;2023-08-06;2;
1083;Syddanmark;2023-08-06;2;
1084;Hovedstaden;2023-08-07;3;
1082;Midtjylland;2023-08-07;1;
1081;Nordjylland;2023-08-07;4;
1085;Sjælland;2023-08-07;1;
1083;Syddanmark;2023-08-07;1;
1084;Hovedstaden;2023-08-08;5;
1082;Midtjylland;2023-08-08;3;
1081;Nordjylland;2023-08-08;4;
1083;Syddanmark;2023-08-08;3;
1084;Hovedstaden;2023-08-09;9;
1082;Midtjylland;2023-08-09;1;
1081;Nordjylland;2023-08-09;2;
1085;Sjælland;2023-08-09;2;
1083;Syddanmark;2023-08-09;3;
1084;Hovedstaden;2023-08-10;6;
1082;Midtjylland;2023-08-10;2;
1085;Sjælland;2023-08-10;3;
1083;Syddanmark;2023-08-10;2;
1084;Hovedstaden;2023-08-11;6;
1082;Midtjylland;2023-08-11;1;
1085;Sjælland;2023-08-11;1;
1083;Syddanmark;2023-08-11;1;
1084;Hovedstaden;2023-08-12;6;
1082;Midtjylland;2023-08-12;6;
1081;Nordjylland;2023-08-12;1;
1085;Sjælland;2023-08-12;2;
1083;Syddanmark;2023-08-12;1;
1084;Hovedstaden;2023-08-13;5;
1082;Midtjylland;2023-08-13;3;
1081;Nordjylland;2023-08-13;2;
1085;Sjælland;2023-08-13;4;
1083;Syddanmark;2023-08-13;3;
1084;Hovedstaden;2023-08-14;11;
1082;Midtjylland;2023-08-14;5;
1081;Nordjylland;2023-08-14;2;
1085;Sjælland;2023-08-14;2;
1083;Syddanmark;2023-08-14;4;
1084;Hovedstaden;2023-08-15;8;
1082;Midtjylland;2023-08-15;5;
1081;Nordjylland;2023-08-15;2;
1085;Sjælland;2023-08-15;5;
1083;Syddanmark;2023-08-15;2;
1084;Hovedstaden;2023-08-16;7;
1082;Midtjylland;2023-08-16;3;
1081;Nordjylland;2023-08-16;1;
1085;Sjælland;2023-08-16;5;
1083;Syddanmark;2023-08-16;5;
1084;Hovedstaden;2023-08-17;5;
1082;Midtjylland;2023-08-17;5;
1081;Nordjylland;2023-08-17;2;
1085;Sjælland;2023-08-17;2;
1083;Syddanmark;2023-08-17;5;
1084;Hovedstaden;2023-08-18;5;
1082;Midtjylland;2023-08-18;5;
1085;Sjælland;2023-08-18;7;
1083;Syddanmark;2023-08-18;4;
1084;Hovedstaden;2023-08-19;6;
1082;Midtjylland;2023-08-19;4;
1085;Sjælland;2023-08-19;2;
1083;Syddanmark;2023-08-19;4;
1084;Hovedstaden;2023-08-20;4;
1082;Midtjylland;2023-08-20;4;
1085;Sjælland;2023-08-20;3;
1083;Syddanmark;2023-08-20;3;
1084;Hovedstaden;2023-08-21;5;
1082;Midtjylland;2023-08-21;4;
1085;Sjælland;2023-08-21;2;
1083;Syddanmark;2023-08-21;6;
1084;Hovedstaden;2023-08-22;11;
1082;Midtjylland;2023-08-22;8;
1081;Nordjylland;2023-08-22;4;
1085;Sjælland;2023-08-22;6;
1083;Syddanmark;2023-08-22;2;
1084;Hovedstaden;2023-08-23;6;
1081;Nordjylland;2023-08-23;2;
1085;Sjælland;2023-08-23;1;
1083;Syddanmark;2023-08-23;1;
1084;Hovedstaden;2023-08-24;6;
1082;Midtjylland;2023-08-24;6;
1081;Nordjylland;2023-08-24;2;
1085;Sjælland;2023-08-24;4;
1083;Syddanmark;2023-08-24;8;
1084;Hovedstaden;2023-08-25;6;
1082;Midtjylland;2023-08-25;6;
1081;Nordjylland;2023-08-25;3;
1085;Sjælland;2023-08-25;4;
1083;Syddanmark;2023-08-25;4;
1084;Hovedstaden;2023-08-26;6;
1082;Midtjylland;2023-08-26;2;
1081;Nordjylland;2023-08-26;1;
1085;Sjælland;2023-08-26;2;
1083;Syddanmark;2023-08-26;5;
1084;Hovedstaden;2023-08-27;7;
1082;Midtjylland;2023-08-27;5;
1081;Nordjylland;2023-08-27;2;
1085;Sjælland;2023-08-27;3;
1083;Syddanmark;2023-08-27;7;
1084;Hovedstaden;2023-08-28;11;
1082;Midtjylland;2023-08-28;3;
1081;Nordjylland;2023-08-28;3;
1085;Sjælland;2023-08-28;3;
1083;Syddanmark;2023-08-28;9;
1084;Hovedstaden;2023-08-29;8;
1082;Midtjylland;2023-08-29;6;
1081;Nordjylland;2023-08-29;2;
1085;Sjælland;2023-08-29;3;
1083;Syddanmark;2023-08-29;6;
1084;Hovedstaden;2023-08-30;9;
1082;Midtjylland;2023-08-30;5;
1081;Nordjylland;2023-08-30;1;
1085;Sjælland;2023-08-30;4;
1083;Syddanmark;2023-08-30;3;
1084;Hovedstaden;2023-08-31;7;
1081;Nordjylland;2023-08-31;1;
1085;Sjælland;2023-08-31;1;
1083;Syddanmark;2023-08-31;4;
1084;Hovedstaden;2023-09-01;9;
1082;Midtjylland;2023-09-01;5;
1081;Nordjylland;2023-09-01;2;
1085;Sjælland;2023-09-01;3;
1083;Syddanmark;2023-09-01;4;
1084;Hovedstaden;2023-09-02;4;
1082;Midtjylland;2023-09-02;1;
1081;Nordjylland;2023-09-02;3;
1085;Sjælland;2023-09-02;5;
1083;Syddanmark;2023-09-02;4;
1084;Hovedstaden;2023-09-03;9;
1082;Midtjylland;2023-09-03;7;
1081;Nordjylland;2023-09-03;2;
1085;Sjælland;2023-09-03;6;
1083;Syddanmark;2023-09-03;6;
1084;Hovedstaden;2023-09-04;6;
1082;Midtjylland;2023-09-04;6;
1081;Nordjylland;2023-09-04;4;
1085;Sjælland;2023-09-04;5;
1083;Syddanmark;2023-09-04;6;
1084;Hovedstaden;2023-09-05;5;
1082;Midtjylland;2023-09-05;6;
1081;Nordjylland;2023-09-05;3;
1083;Syddanmark;2023-09-05;7;
1084;Hovedstaden;2023-09-06;10;
1082;Midtjylland;2023-09-06;5;
1081;Nordjylland;2023-09-06;4;
1085;Sjælland;2023-09-06;4;
1083;Syddanmark;2023-09-06;5;
1084;Hovedstaden;2023-09-07;12;
1082;Midtjylland;2023-09-07;2;
1085;Sjælland;2023-09-07;4;
1083;Syddanmark;2023-09-07;12;
1084;Hovedstaden;2023-09-08;8;
1082;Midtjylland;2023-09-08;6;
1081;Nordjylland;2023-09-08;1;
1085;Sjælland;2023-09-08;5;
1083;Syddanmark;2023-09-08;6;
1084;Hovedstaden;2023-09-09;6;
1082;Midtjylland;2023-09-09;3;
1081;Nordjylland;2023-09-09;4;
1085;Sjælland;2023-09-09;2;
1083;Syddanmark;2023-09-09;5;
1084;Hovedstaden;2023-09-10;10;
1082;Midtjylland;2023-09-10;9;
1081;Nordjylland;2023-09-10;3;
1085;Sjælland;2023-09-10;7;
1083;Syddanmark;2023-09-10;6;
1084;Hovedstaden;2023-09-11;10;
1082;Midtjylland;2023-09-11;7;
1085;Sjælland;2023-09-11;5;
1083;Syddanmark;2023-09-11;4;
1084;Hovedstaden;2023-09-12;5;
1082;Midtjylland;2023-09-12;5;
1081;Nordjylland;2023-09-12;8;
1085;Sjælland;2023-09-12;3;
1083;Syddanmark;2023-09-12;3;
1084;Hovedstaden;2023-09-13;4;
1082;Midtjylland;2023-09-13;5;
1081;Nordjylland;2023-09-13;4;
1085;Sjælland;2023-09-13;3;
1083;Syddanmark;2023-09-13;7;
1084;Hovedstaden;2023-09-14;5;
1082;Midtjylland;2023-09-14;6;
1081;Nordjylland;2023-09-14;3;
1085;Sjælland;2023-09-14;3;
1083;Syddanmark;2023-09-14;6;
1084;Hovedstaden;2023-09-15;7;
1082;Midtjylland;2023-09-15;5;
1081;Nordjylland;2023-09-15;7;
1085;Sjælland;2023-09-15;4;
1083;Syddanmark;2023-09-15;5;
1084;Hovedstaden;2023-09-16;7;
1082;Midtjylland;2023-09-16;2;
1081;Nordjylland;2023-09-16;4;
1085;Sjælland;2023-09-16;1;
1083;Syddanmark;2023-09-16;4;
1084;Hovedstaden;2023-09-17;10;
1082;Midtjylland;2023-09-17;3;
1085;Sjælland;2023-09-17;4;
1083;Syddanmark;2023-09-17;4;
1084;Hovedstaden;2023-09-18;5;
1082;Midtjylland;2023-09-18;3;
1081;Nordjylland;2023-09-18;4;
1085;Sjælland;2023-09-18;1;
1083;Syddanmark;2023-09-18;8;
1084;Hovedstaden;2023-09-19;4;
1082;Midtjylland;2023-09-19;8;
1081;Nordjylland;2023-09-19;2;
1085;Sjælland;2023-09-19;4;
1083;Syddanmark;2023-09-19;5;
1084;Hovedstaden;2023-09-20;12;
1082;Midtjylland;2023-09-20;3;
1081;Nordjylland;2023-09-20;3;
1085;Sjælland;2023-09-20;4;
1083;Syddanmark;2023-09-20;2;
1084;Hovedstaden;2023-09-21;8;
1082;Midtjylland;2023-09-21;4;
1081;Nordjylland;2023-09-21;6;
1085;Sjælland;2023-09-21;3;
1083;Syddanmark;2023-09-21;5;
1084;Hovedstaden;2023-09-22;4;
1082;Midtjylland;2023-09-22;2;
1081;Nordjylland;2023-09-22;2;
1085;Sjælland;2023-09-22;1;
1084;Hovedstaden;2023-09-23;5;
1082;Midtjylland;2023-09-23;1;
1081;Nordjylland;2023-09-23;2;
1085;Sjælland;2023-09-23;3;
1084;Hovedstaden;2023-09-24;6;
1082;Midtjylland;2023-09-24;5;
1081;Nordjylland;2023-09-24;2;
1085;Sjælland;2023-09-24;2;
1084;Hovedstaden;2023-09-25;7;
1082;Midtjylland;2023-09-25;4;
1081;Nordjylland;2023-09-25;2;
1085;Sjælland;2023-09-25;5;
1083;Syddanmark;2023-09-25;2;
1084;Hovedstaden;2023-09-26;6;
1082;Midtjylland;2023-09-26;5;
1081;Nordjylland;2023-09-26;2;
1085;Sjælland;2023-09-26;7;
1083;Syddanmark;2023-09-26;4;
1084;Hovedstaden;2023-09-27;6;
1082;Midtjylland;2023-09-27;1;
1081;Nordjylland;2023-09-27;1;
1085;Sjælland;2023-09-27;4;
1083;Syddanmark;2023-09-27;6;
1084;Hovedstaden;2023-09-28;12;
1082;Midtjylland;2023-09-28;3;
1081;Nordjylland;2023-09-28;1;
1085;Sjælland;2023-09-28;3;
1083;Syddanmark;2023-09-28;3;
1084;Hovedstaden;2023-09-29;10;
1082;Midtjylland;2023-09-29;3;
1085;Sjælland;2023-09-29;5;
1083;Syddanmark;2023-09-29;9;
1084;Hovedstaden;2023-09-30;4;
1082;Midtjylland;2023-09-30;3;
1081;Nordjylland;2023-09-30;2;
1085;Sjælland;2023-09-30;4;
1083;Syddanmark;2023-09-30;3;
1084;Hovedstaden;2023-10-01;10;
1082;Midtjylland;2023-10-01;4;
1081;Nordjylland;2023-10-01;3;
1085;Sjælland;2023-10-01;5;
1083;Syddanmark;2023-10-01;4;
1084;Hovedstaden;2023-10-02;10;
1082;Midtjylland;2023-10-02;5;
1081;Nordjylland;2023-10-02;10;
1085;Sjælland;2023-10-02;3;
1083;Syddanmark;2023-10-02;4;
1084;Hovedstaden;2023-10-03;8;
1082;Midtjylland;2023-10-03;2;
1081;Nordjylland;2023-10-03;5;
1085;Sjælland;2023-10-03;6;
1083;Syddanmark;2023-10-03;6;
1084;Hovedstaden;2023-10-04;5;
1082;Midtjylland;2023-10-04;6;
1081;Nordjylland;2023-10-04;3;
1083;Syddanmark;2023-10-04;6;
1084;Hovedstaden;2023-10-05;17;
1082;Midtjylland;2023-10-05;7;
1081;Nordjylland;2023-10-05;7;
1085;Sjælland;2023-10-05;3;
1083;Syddanmark;2023-10-05;6;
1084;Hovedstaden;2023-10-06;7;
1082;Midtjylland;2023-10-06;7;
1081;Nordjylland;2023-10-06;3;
1085;Sjælland;2023-10-06;2;
1083;Syddanmark;2023-10-06;6;
1084;Hovedstaden;2023-10-07;9;
1082;Midtjylland;2023-10-07;8;
1081;Nordjylland;2023-10-07;5;
1085;Sjælland;2023-10-07;5;
1083;Syddanmark;2023-10-07;9;
1084;Hovedstaden;2023-10-08;15;
1082;Midtjylland;2023-10-08;6;
1081;Nordjylland;2023-10-08;7;
1085;Sjælland;2023-10-08;4;
1083;Syddanmark;2023-10-08;8;
1084;Hovedstaden;2023-10-09;12;
1082;Midtjylland;2023-10-09;6;
1081;Nordjylland;2023-10-09;9;
1085;Sjælland;2023-10-09;4;
1083;Syddanmark;2023-10-09;10;
1084;Hovedstaden;2023-10-10;4;
1082;Midtjylland;2023-10-10;6;
1081;Nordjylland;2023-10-10;4;
1085;Sjælland;2023-10-10;1;
1083;Syddanmark;2023-10-10;9;
1084;Hovedstaden;2023-10-11;8;
1082;Midtjylland;2023-10-11;8;
1081;Nordjylland;2023-10-11;8;
1085;Sjælland;2023-10-11;7;
1083;Syddanmark;2023-10-11;13;
1084;Hovedstaden;2023-10-12;9;
1082;Midtjylland;2023-10-12;5;
1081;Nordjylland;2023-10-12;6;
1085;Sjælland;2023-10-12;4;
1083;Syddanmark;2023-10-12;9;
1084;Hovedstaden;2023-10-13;12;
1082;Midtjylland;2023-10-13;5;
1081;Nordjylland;2023-10-13;7;
1085;Sjælland;2023-10-13;10;
1083;Syddanmark;2023-10-13;11;
1084;Hovedstaden;2023-10-14;13;
1082;Midtjylland;2023-10-14;5;
1081;Nordjylland;2023-10-14;3;
1085;Sjælland;2023-10-14;8;
1083;Syddanmark;2023-10-14;5;
1084;Hovedstaden;2023-10-15;7;
1082;Midtjylland;2023-10-15;5;
1081;Nordjylland;2023-10-15;5;
1085;Sjælland;2023-10-15;7;
1083;Syddanmark;2023-10-15;8;
1084;Hovedstaden;2023-10-16;9;
1082;Midtjylland;2023-10-16;9;
1081;Nordjylland;2023-10-16;9;
1085;Sjælland;2023-10-16;5;
1083;Syddanmark;2023-10-16;10;
1084;Hovedstaden;2023-10-17;8;
1082;Midtjylland;2023-10-17;7;
1081;Nordjylland;2023-10-17;7;
1085;Sjælland;2023-10-17;12;
1083;Syddanmark;2023-10-17;9;
1084;Hovedstaden;2023-10-18;15;
1082;Midtjylland;2023-10-18;9;
1081;Nordjylland;2023-10-18;7;
1085;Sjælland;2023-10-18;9;
1083;Syddanmark;2023-10-18;14;
1084;Hovedstaden;2023-10-19;9;
1082;Midtjylland;2023-10-19;13;
1081;Nordjylland;2023-10-19;4;
1085;Sjælland;2023-10-19;7;
1083;Syddanmark;2023-10-19;9;
1084;Hovedstaden;2023-10-20;11;
1082;Midtjylland;2023-10-20;5;
1081;Nordjylland;2023-10-20;8;
1085;Sjælland;2023-10-20;11;
1083;Syddanmark;2023-10-20;9;
1084;Hovedstaden;2023-10-21;12;
1082;Midtjylland;2023-10-21;6;
1081;Nordjylland;2023-10-21;12;
1085;Sjælland;2023-10-21;3;
1083;Syddanmark;2023-10-21;9;
1084;Hovedstaden;2023-10-22;8;
1082;Midtjylland;2023-10-22;8;
1081;Nordjylland;2023-10-22;16;
1085;Sjælland;2023-10-22;10;
1083;Syddanmark;2023-10-22;6;
1084;Hovedstaden;2023-10-23;22;
1082;Midtjylland;2023-10-23;10;
1081;Nordjylland;2023-10-23;11;
1085;Sjælland;2023-10-23;16;
1083;Syddanmark;2023-10-23;9;
1084;Hovedstaden;2023-10-24;12;
1082;Midtjylland;2023-10-24;10;
1081;Nordjylland;2023-10-24;15;
1085;Sjælland;2023-10-24;9;
1083;Syddanmark;2023-10-24;14;
1084;Hovedstaden;2023-10-25;17;
1082;Midtjylland;2023-10-25;5;
1081;Nordjylland;2023-10-25;13;
1085;Sjælland;2023-10-25;8;
1083;Syddanmark;2023-10-25;13;
1084;Hovedstaden;2023-10-26;14;
1082;Midtjylland;2023-10-26;7;
1081;Nordjylland;2023-10-26;5;
1085;Sjælland;2023-10-26;6;
1083;Syddanmark;2023-10-26;9;
1084;Hovedstaden;2023-10-27;10;
1082;Midtjylland;2023-10-27;12;
1081;Nordjylland;2023-10-27;8;
1085;Sjælland;2023-10-27;9;
1083;Syddanmark;2023-10-27;14;
1084;Hovedstaden;2023-10-28;11;
1082;Midtjylland;2023-10-28;11;
1081;Nordjylland;2023-10-28;9;
1085;Sjælland;2023-10-28;5;
1083;Syddanmark;2023-10-28;5;
1084;Hovedstaden;2023-10-29;17;
1082;Midtjylland;2023-10-29;11;
1081;Nordjylland;2023-10-29;7;
1085;Sjælland;2023-10-29;10;
1083;Syddanmark;2023-10-29;11;
1084;Hovedstaden;2023-10-30;18;
1082;Midtjylland;2023-10-30;14;
1081;Nordjylland;2023-10-30;9;
1085;Sjælland;2023-10-30;14;
1083;Syddanmark;2023-10-30;12;
1084;Hovedstaden;2023-10-31;19;
1082;Midtjylland;2023-10-31;13;
1081;Nordjylland;2023-10-31;7;
1085;Sjælland;2023-10-31;9;
1083;Syddanmark;2023-10-31;14;
1084;Hovedstaden;2023-11-01;24;
1082;Midtjylland;2023-11-01;11;
1081;Nordjylland;2023-11-01;7;
1085;Sjælland;2023-11-01;6;
1083;Syddanmark;2023-11-01;13;
1084;Hovedstaden;2023-11-02;26;
1082;Midtjylland;2023-11-02;9;
1081;Nordjylland;2023-11-02;14;
1085;Sjælland;2023-11-02;12;
1083;Syddanmark;2023-11-02;12;
1084;Hovedstaden;2023-11-03;23;
1082;Midtjylland;2023-11-03;9;
1081;Nordjylland;2023-11-03;10;
1085;Sjælland;2023-11-03;12;
1083;Syddanmark;2023-11-03;13;
1084;Hovedstaden;2023-11-04;16;
1082;Midtjylland;2023-11-04;11;
1081;Nordjylland;2023-11-04;9;
1085;Sjælland;2023-11-04;6;
1083;Syddanmark;2023-11-04;14;
1084;Hovedstaden;2023-11-05;20;
1082;Midtjylland;2023-11-05;8;
1081;Nordjylland;2023-11-05;7;
1085;Sjælland;2023-11-05;12;
1083;Syddanmark;2023-11-05;11;
1084;Hovedstaden;2023-11-06;24;
1082;Midtjylland;2023-11-06;15;
1081;Nordjylland;2023-11-06;5;
1085;Sjælland;2023-11-06;11;
1083;Syddanmark;2023-11-06;20;
1084;Hovedstaden;2023-11-07;26;
1082;Midtjylland;2023-11-07;8;
1081;Nordjylland;2023-11-07;11;
1085;Sjælland;2023-11-07;8;
1083;Syddanmark;2023-11-07;16;
1084;Hovedstaden;2023-11-08;20;
1082;Midtjylland;2023-11-08;9;
1081;Nordjylland;2023-11-08;11;
1085;Sjælland;2023-11-08;11;
1083;Syddanmark;2023-11-08;9;
1084;Hovedstaden;2023-11-09;22;
1082;Midtjylland;2023-11-09;12;
1081;Nordjylland;2023-11-09;3;
1085;Sjælland;2023-11-09;12;
1083;Syddanmark;2023-11-09;14;
1084;Hovedstaden;2023-11-10;18;
1082;Midtjylland;2023-11-10;6;
1081;Nordjylland;2023-11-10;10;
1085;Sjælland;2023-11-10;8;
1083;Syddanmark;2023-11-10;17;
1084;Hovedstaden;2023-11-11;17;
1082;Midtjylland;2023-11-11;8;
1081;Nordjylland;2023-11-11;7;
1085;Sjælland;2023-11-11;10;
1083;Syddanmark;2023-11-11;12;
1084;Hovedstaden;2023-11-12;10;
1082;Midtjylland;2023-11-12;6;
1081;Nordjylland;2023-11-12;5;
1085;Sjælland;2023-11-12;14;
1083;Syddanmark;2023-11-12;12;
1084;Hovedstaden;2023-11-13;23;
1082;Midtjylland;2023-11-13;12;
1081;Nordjylland;2023-11-13;12;
1085;Sjælland;2023-11-13;10;
1083;Syddanmark;2023-11-13;14;
1084;Hovedstaden;2023-11-14;25;
1082;Midtjylland;2023-11-14;5;
1081;Nordjylland;2023-11-14;5;
1085;Sjælland;2023-11-14;13;
1083;Syddanmark;2023-11-14;12;
1084;Hovedstaden;2023-11-15;27;
1082;Midtjylland;2023-11-15;9;
1081;Nordjylland;2023-11-15;6;
1085;Sjælland;2023-11-15;14;
1083;Syddanmark;2023-11-15;18;
1084;Hovedstaden;2023-11-16;22;
1082;Midtjylland;2023-11-16;15;
1081;Nordjylland;2023-11-16;6;
1085;Sjælland;2023-11-16;20;
1083;Syddanmark;2023-11-16;15;
1084;Hovedstaden;2023-11-17;20;
1082;Midtjylland;2023-11-17;14;
1081;Nordjylland;2023-11-17;9;
1085;Sjælland;2023-11-17;9;
1083;Syddanmark;2023-11-17;18;
1084;Hovedstaden;2023-11-18;24;
1082;Midtjylland;2023-11-18;12;
1081;Nordjylland;2023-11-18;6;
1085;Sjælland;2023-11-18;13;
1083;Syddanmark;2023-11-18;11;
1084;Hovedstaden;2023-11-19;24;
1082;Midtjylland;2023-11-19;13;
1081;Nordjylland;2023-11-19;5;
1085;Sjælland;2023-11-19;11;
1083;Syddanmark;2023-11-19;15;
1084;Hovedstaden;2023-11-20;34;
1082;Midtjylland;2023-11-20;20;
1081;Nordjylland;2023-11-20;8;
1085;Sjælland;2023-11-20;17;
1083;Syddanmark;2023-11-20;10;
1084;Hovedstaden;2023-11-21;44;
1082;Midtjylland;2023-11-21;13;
1081;Nordjylland;2023-11-21;11;
1085;Sjælland;2023-11-21;17;
1083;Syddanmark;2023-11-21;19;
1084;Hovedstaden;2023-11-22;33;
1082;Midtjylland;2023-11-22;11;
1081;Nordjylland;2023-11-22;11;
1085;Sjælland;2023-11-22;10;
1083;Syddanmark;2023-11-22;26;
1084;Hovedstaden;2023-11-23;26;
1082;Midtjylland;2023-11-23;16;
1081;Nordjylland;2023-11-23;13;
1085;Sjælland;2023-11-23;21;
1083;Syddanmark;2023-11-23;18;
1084;Hovedstaden;2023-11-24;28;
1082;Midtjylland;2023-11-24;11;
1081;Nordjylland;2023-11-24;15;
1085;Sjælland;2023-11-24;22;
1083;Syddanmark;2023-11-24;17;
1084;Hovedstaden;2023-11-25;19;
1082;Midtjylland;2023-11-25;14;
1081;Nordjylland;2023-11-25;13;
1085;Sjælland;2023-11-25;22;
1083;Syddanmark;2023-11-25;16;
1084;Hovedstaden;2023-11-26;17;
1082;Midtjylland;2023-11-26;12;
1081;Nordjylland;2023-11-26;11;
1085;Sjælland;2023-11-26;21;
1083;Syddanmark;2023-11-26;14;
1084;Hovedstaden;2023-11-27;28;
1082;Midtjylland;2023-11-27;20;
1081;Nordjylland;2023-11-27;7;
1085;Sjælland;2023-11-27;17;
1083;Syddanmark;2023-11-27;31;
1084;Hovedstaden;2023-11-28;18;
1082;Midtjylland;2023-11-28;17;
1081;Nordjylland;2023-11-28;6;
1085;Sjælland;2023-11-28;19;
1083;Syddanmark;2023-11-28;19;
1084;Hovedstaden;2023-11-29;38;
1082;Midtjylland;2023-11-29;13;
1081;Nordjylland;2023-11-29;17;
1085;Sjælland;2023-11-29;18;
1083;Syddanmark;2023-11-29;19;
1084;Hovedstaden;2023-11-30;28;
1082;Midtjylland;2023-11-30;23;
1081;Nordjylland;2023-11-30;15;
1085;Sjælland;2023-11-30;19;
1083;Syddanmark;2023-11-30;25;
1084;Hovedstaden;2023-12-01;31;
1082;Midtjylland;2023-12-01;22;
1081;Nordjylland;2023-12-01;7;
1085;Sjælland;2023-12-01;17;
1083;Syddanmark;2023-12-01;22;
1084;Hovedstaden;2023-12-02;24;
1082;Midtjylland;2023-12-02;16;
1081;Nordjylland;2023-12-02;10;
1085;Sjælland;2023-12-02;11;
1083;Syddanmark;2023-12-02;20;
1084;Hovedstaden;2023-12-03;21;
1082;Midtjylland;2023-12-03;12;
1081;Nordjylland;2023-12-03;9;
1085;Sjælland;2023-12-03;17;
1083;Syddanmark;2023-12-03;11;
1084;Hovedstaden;2023-12-04;33;
1082;Midtjylland;2023-12-04;23;
1081;Nordjylland;2023-12-04;18;
1085;Sjælland;2023-12-04;21;
1083;Syddanmark;2023-12-04;16;
1084;Hovedstaden;2023-12-05;37;
1082;Midtjylland;2023-12-05;22;
1081;Nordjylland;2023-12-05;11;
1085;Sjælland;2023-12-05;30;
1083;Syddanmark;2023-12-05;16;
1084;Hovedstaden;2023-12-06;34;
1082;Midtjylland;2023-12-06;21;
1081;Nordjylland;2023-12-06;11;
1085;Sjælland;2023-12-06;28;
1083;Syddanmark;2023-12-06;28;
1084;Hovedstaden;2023-12-07;48;
1082;Midtjylland;2023-12-07;23;
1081;Nordjylland;2023-12-07;13;
1085;Sjælland;2023-12-07;30;
1083;Syddanmark;2023-12-07;22;
1084;Hovedstaden;2023-12-08;41;
1082;Midtjylland;2023-12-08;28;
1081;Nordjylland;2023-12-08;16;
1085;Sjælland;2023-12-08;22;
1083;Syddanmark;2023-12-08;22;
1084;Hovedstaden;2023-12-09;48;
1082;Midtjylland;2023-12-09;17;
1081;Nordjylland;2023-12-09;9;
1085;Sjælland;2023-12-09;18;
1083;Syddanmark;2023-12-09;33;
1084;Hovedstaden;2023-12-10;41;
1082;Midtjylland;2023-12-10;27;
1081;Nordjylland;2023-12-10;11;
1085;Sjælland;2023-12-10;32;
1083;Syddanmark;2023-12-10;31;
1084;Hovedstaden;2023-12-11;45;
1082;Midtjylland;2023-12-11;29;
1081;Nordjylland;2023-12-11;10;
1085;Sjælland;2023-12-11;29;
1083;Syddanmark;2023-12-11;30;
1084;Hovedstaden;2023-12-12;43;
1082;Midtjylland;2023-12-12;23;
1081;Nordjylland;2023-12-12;15;
1085;Sjælland;2023-12-12;19;
1083;Syddanmark;2023-12-12;26;
1084;Hovedstaden;2023-12-13;40;
1082;Midtjylland;2023-12-13;25;
1081;Nordjylland;2023-12-13;7;
1085;Sjælland;2023-12-13;27;
1083;Syddanmark;2023-12-13;31;
1084;Hovedstaden;2023-12-14;40;
1082;Midtjylland;2023-12-14;19;
1081;Nordjylland;2023-12-14;16;
1085;Sjælland;2023-12-14;31;
1083;Syddanmark;2023-12-14;35;
1084;Hovedstaden;2023-12-15;52;
1082;Midtjylland;2023-12-15;25;
1081;Nordjylland;2023-12-15;9;
1085;Sjælland;2023-12-15;22;
1083;Syddanmark;2023-12-15;28;
1084;Hovedstaden;2023-12-16;43;
1082;Midtjylland;2023-12-16;19;
1081;Nordjylland;2023-12-16;14;
1085;Sjælland;2023-12-16;20;
1083;Syddanmark;2023-12-16;22;
1084;Hovedstaden;2023-12-17;42;
1082;Midtjylland;2023-12-17;16;
1081;Nordjylland;2023-12-17;8;
1085;Sjælland;2023-12-17;23;
1083;Syddanmark;2023-12-17;38;
1084;Hovedstaden;2023-12-18;49;
1082;Midtjylland;2023-12-18;24;
1081;Nordjylland;2023-12-18;12;
1085;Sjælland;2023-12-18;25;
1083;Syddanmark;2023-12-18;28;
1084;Hovedstaden;2023-12-19;44;
1082;Midtjylland;2023-12-19;23;
1081;Nordjylland;2023-12-19;11;
1085;Sjælland;2023-12-19;17;
1083;Syddanmark;2023-12-19;30;
1084;Hovedstaden;2023-12-20;39;
1082;Midtjylland;2023-12-20;18;
1081;Nordjylland;2023-12-20;7;
1085;Sjælland;2023-12-20;20;
1083;Syddanmark;2023-12-20;19;
1084;Hovedstaden;2023-12-21;38;
1082;Midtjylland;2023-12-21;24;
1081;Nordjylland;2023-12-21;11;
1085;Sjælland;2023-12-21;20;
1083;Syddanmark;2023-12-21;25;
1084;Hovedstaden;2023-12-22;35;
1082;Midtjylland;2023-12-22;21;
1081;Nordjylland;2023-12-22;10;
1085;Sjælland;2023-12-22;21;
1083;Syddanmark;2023-12-22;22;
1084;Hovedstaden;2023-12-23;21;
1082;Midtjylland;2023-12-23;14;
1081;Nordjylland;2023-12-23;8;
1085;Sjælland;2023-12-23;11;
1083;Syddanmark;2023-12-23;17;
1084;Hovedstaden;2023-12-24;31;
1082;Midtjylland;2023-12-24;10;
1081;Nordjylland;2023-12-24;8;
1085;Sjælland;2023-12-24;15;
1083;Syddanmark;2023-12-24;12;
1084;Hovedstaden;2023-12-25;28;
1082;Midtjylland;2023-12-25;32;
1081;Nordjylland;2023-12-25;11;
1085;Sjælland;2023-12-25;13;
1083;Syddanmark;2023-12-25;26;
1084;Hovedstaden;2023-12-26;39;
1082;Midtjylland;2023-12-26;15;
1081;Nordjylland;2023-12-26;8;
1085;Sjælland;2023-12-26;7;
1083;Syddanmark;2023-12-26;18;
1084;Hovedstaden;2023-12-27;23;
1082;Midtjylland;2023-12-27;19;
1081;Nordjylland;2023-12-27;7;
1085;Sjælland;2023-12-27;14;
1083;Syddanmark;2023-12-27;16;
1084;Hovedstaden;2023-12-28;33;
1082;Midtjylland;2023-12-28;14;
1081;Nordjylland;2023-12-28;8;
1085;Sjælland;2023-12-28;16;
1083;Syddanmark;2023-12-28;16;
1084;Hovedstaden;2023-12-29;32;
1082;Midtjylland;2023-12-29;12;
1081;Nordjylland;2023-12-29;10;
1085;Sjælland;2023-12-29;20;
1083;Syddanmark;2023-12-29;16;
1084;Hovedstaden;2023-12-30;18;
1082;Midtjylland;2023-12-30;9;
1081;Nordjylland;2023-12-30;8;
1085;Sjælland;2023-12-30;8;
1083;Syddanmark;2023-12-30;14;
1084;Hovedstaden;2023-12-31;23;
1082;Midtjylland;2023-12-31;7;
1081;Nordjylland;2023-12-31;9;
1085;Sjælland;2023-12-31;11;
1083;Syddanmark;2023-12-31;12;
1084;Hovedstaden;2024-01-01;14;
1082;Midtjylland;2024-01-01;12;
1081;Nordjylland;2024-01-01;4;
1085;Sjælland;2024-01-01;12;
1083;Syddanmark;2024-01-01;11;
1084;Hovedstaden;2024-01-02;30;
1082;Midtjylland;2024-01-02;21;
1081;Nordjylland;2024-01-02;7;
1085;Sjælland;2024-01-02;15;
1083;Syddanmark;2024-01-02;12;
1084;Hovedstaden;2024-01-03;17;
1082;Midtjylland;2024-01-03;10;
1081;Nordjylland;2024-01-03;6;
1085;Sjælland;2024-01-03;12;
1083;Syddanmark;2024-01-03;14;
1084;Hovedstaden;2024-01-04;12;
1082;Midtjylland;2024-01-04;7;
1081;Nordjylland;2024-01-04;3;
1085;Sjælland;2024-01-04;6;
1083;Syddanmark;2024-01-04;12;
1084;Hovedstaden;2024-01-05;10;
1082;Midtjylland;2024-01-05;10;
1081;Nordjylland;2024-01-05;8;
1085;Sjælland;2024-01-05;8;
1083;Syddanmark;2024-01-05;13;
1084;Hovedstaden;2024-01-06;10;
1082;Midtjylland;2024-01-06;6;
1081;Nordjylland;2024-01-06;2;
1085;Sjælland;2024-01-06;9;
1083;Syddanmark;2024-01-06;6;
1084;Hovedstaden;2024-01-07;9;
1082;Midtjylland;2024-01-07;9;
1081;Nordjylland;2024-01-07;4;
1085;Sjælland;2024-01-07;2;
1083;Syddanmark;2024-01-07;13;
1084;Hovedstaden;2024-01-08;10;
1082;Midtjylland;2024-01-08;3;
1081;Nordjylland;2024-01-08;1;
1085;Sjælland;2024-01-08;4;
1083;Syddanmark;2024-01-08;5;
1084;Hovedstaden;2024-01-09;10;
1082;Midtjylland;2024-01-09;6;
1081;Nordjylland;2024-01-09;4;
1085;Sjælland;2024-01-09;4;
1083;Syddanmark;2024-01-09;3;
1084;Hovedstaden;2024-01-10;5;
1082;Midtjylland;2024-01-10;6;
1081;Nordjylland;2024-01-10;3;
1085;Sjælland;2024-01-10;1;
1083;Syddanmark;2024-01-10;5;
1084;Hovedstaden;2024-01-11;7;
1082;Midtjylland;2024-01-11;4;
1081;Nordjylland;2024-01-11;2;
1085;Sjælland;2024-01-11;4;
1083;Syddanmark;2024-01-11;7;
1084;Hovedstaden;2024-01-12;7;
1082;Midtjylland;2024-01-12;4;
1081;Nordjylland;2024-01-12;1;
1085;Sjælland;2024-01-12;4;
1083;Syddanmark;2024-01-12;11;
1084;Hovedstaden;2024-01-13;6;
1082;Midtjylland;2024-01-13;4;
1085;Sjælland;2024-01-13;2;
1083;Syddanmark;2024-01-13;3;
1084;Hovedstaden;2024-01-14;6;
1082;Midtjylland;2024-01-14;6;
1081;Nordjylland;2024-01-14;1;
1085;Sjælland;2024-01-14;1;
1083;Syddanmark;2024-01-14;8;
1084;Hovedstaden;2024-01-15;10;
1082;Midtjylland;2024-01-15;5;
1081;Nordjylland;2024-01-15;1;
1085;Sjælland;2024-01-15;4;
1083;Syddanmark;2024-01-15;7;
1084;Hovedstaden;2024-01-16;5;
1082;Midtjylland;2024-01-16;6;
1081;Nordjylland;2024-01-16;3;
1085;Sjælland;2024-01-16;2;
1083;Syddanmark;2024-01-16;2;
1084;Hovedstaden;2024-01-17;4;
1082;Midtjylland;2024-01-17;5;
1081;Nordjylland;2024-01-17;3;
1085;Sjælland;2024-01-17;10;
1083;Syddanmark;2024-01-17;4;
1084;Hovedstaden;2024-01-18;5;
1082;Midtjylland;2024-01-18;3;
1081;Nordjylland;2024-01-18;2;
1085;Sjælland;2024-01-18;8;
1083;Syddanmark;2024-01-18;3;
1084;Hovedstaden;2024-01-19;8;
1082;Midtjylland;2024-01-19;3;
1081;Nordjylland;2024-01-19;4;
1085;Sjælland;2024-01-19;1;
1083;Syddanmark;2024-01-19;8;
1084;Hovedstaden;2024-01-20;6;
1082;Midtjylland;2024-01-20;3;
1081;Nordjylland;2024-01-20;1;
1085;Sjælland;2024-01-20;2;
1083;Syddanmark;2024-01-20;4;
1084;Hovedstaden;2024-01-21;5;
1082;Midtjylland;2024-01-21;4;
1081;Nordjylland;2024-01-21;3;
1083;Syddanmark;2024-01-21;6;
1084;Hovedstaden;2024-01-22;7;
1082;Midtjylland;2024-01-22;2;
1081;Nordjylland;2024-01-22;1;
1085;Sjælland;2024-01-22;2;
1083;Syddanmark;2024-01-22;4;
1084;Hovedstaden;2024-01-23;4;
1082;Midtjylland;2024-01-23;2;
1081;Nordjylland;2024-01-23;5;
1085;Sjælland;2024-01-23;2;
1083;Syddanmark;2024-01-23;7;
1084;Hovedstaden;2024-01-24;6;
1082;Midtjylland;2024-01-24;3;
1081;Nordjylland;2024-01-24;1;
1085;Sjælland;2024-01-24;4;
1083;Syddanmark;2024-01-24;1;
1084;Hovedstaden;2024-01-25;5;
1082;Midtjylland;2024-01-25;2;
1081;Nordjylland;2024-01-25;2;
1085;Sjælland;2024-01-25;3;
1083;Syddanmark;2024-01-25;3;
1084;Hovedstaden;2024-01-26;6;
1082;Midtjylland;2024-01-26;3;
1081;Nordjylland;2024-01-26;1;
1085;Sjælland;2024-01-26;5;
1083;Syddanmark;2024-01-26;4;
1084;Hovedstaden;2024-01-27;2;
1085;Sjælland;2024-01-27;1;
1084;Hovedstaden;2024-01-28;4;
1082;Midtjylland;2024-01-28;4;
1085;Sjælland;2024-01-28;3;
1083;Syddanmark;2024-01-28;3;
1084;Hovedstaden;2024-01-29;1;
1082;Midtjylland;2024-01-29;4;
1085;Sjælland;2024-01-29;1;
1083;Syddanmark;2024-01-29;3;
1084;Hovedstaden;2024-01-30;4;
1082;Midtjylland;2024-01-30;2;
1085;Sjælland;2024-01-30;3;
1083;Syddanmark;2024-01-30;3;
1084;Hovedstaden;2024-01-31;1;
1082;Midtjylland;2024-01-31;4;
1081;Nordjylland;2024-01-31;2;
1084;Hovedstaden;2024-02-01;5;
1085;Sjælland;2024-02-01;4;
1083;Syddanmark;2024-02-01;5;
1084;Hovedstaden;2024-02-02;3;
1082;Midtjylland;2024-02-02;1;
1081;Nordjylland;2024-02-02;1;
1083;Syddanmark;2024-02-02;3;
1084;Hovedstaden;2024-02-03;3;
1082;Midtjylland;2024-02-03;1;
1084;Hovedstaden;2024-02-04;3;
1082;Midtjylland;2024-02-04;1;
1081;Nordjylland;2024-02-04;1;
1085;Sjælland;2024-02-04;2;
1083;Syddanmark;2024-02-04;4;
1084;Hovedstaden;2024-02-05;4;
1082;Midtjylland;2024-02-05;2;
1081;Nordjylland;2024-02-05;2;
1085;Sjælland;2024-02-05;1;
1083;Syddanmark;2024-02-05;2;
1084;Hovedstaden;2024-02-06;2;
1082;Midtjylland;2024-02-06;5;
1083;Syddanmark;2024-02-06;2;
1084;Hovedstaden;2024-02-07;3;
1082;Midtjylland;2024-02-07;1;
1085;Sjælland;2024-02-07;2;
1083;Syddanmark;2024-02-07;2;
1084;Hovedstaden;2024-02-08;3;
1082;Midtjylland;2024-02-08;1;
1081;Nordjylland;2024-02-08;2;
1085;Sjælland;2024-02-08;2;
1083;Syddanmark;2024-02-08;2;
1084;Hovedstaden;2024-02-09;2;
1081;Nordjylland;2024-02-09;1;
1085;Sjælland;2024-02-09;3;
1083;Syddanmark;2024-02-09;2;
1084;Hovedstaden;2024-02-10;4;
1082;Midtjylland;2024-02-10;2;
1081;Nordjylland;2024-02-10;1;
1083;Syddanmark;2024-02-10;2;
1084;Hovedstaden;2024-02-11;4;
1082;Midtjylland;2024-02-11;3;
1085;Sjælland;2024-02-11;2;
1083;Syddanmark;2024-02-11;3;
1084;Hovedstaden;2024-02-12;3;
1081;Nordjylland;2024-02-12;3;
1085;Sjælland;2024-02-12;2;
1084;Hovedstaden;2024-02-13;1;
1082;Midtjylland;2024-02-13;2;
1081;Nordjylland;2024-02-13;1;
1085;Sjælland;2024-02-13;3;
1083;Syddanmark;2024-02-13;5;
1084;Hovedstaden;2024-02-14;2;
1082;Midtjylland;2024-02-14;3;
1081;Nordjylland;2024-02-14;3;
1085;Sjælland;2024-02-14;2;
1083;Syddanmark;2024-02-14;6;
1084;Hovedstaden;2024-02-15;2;
1082;Midtjylland;2024-02-15;3;
1085;Sjælland;2024-02-15;1;
1083;Syddanmark;2024-02-15;1;
1084;Hovedstaden;2024-02-16;3;
1082;Midtjylland;2024-02-16;2;
1085;Sjælland;2024-02-16;1;
1084;Hovedstaden;2024-02-17;1;
1082;Midtjylland;2024-02-17;1;
1081;Nordjylland;2024-02-17;1;
1085;Sjælland;2024-02-17;1;
1083;Syddanmark;2024-02-17;2;
1084;Hovedstaden;2024-02-18;4;
1082;Midtjylland;2024-02-18;1;
1085;Sjælland;2024-02-18;3;
1083;Syddanmark;2024-02-18;1;
1084;Hovedstaden;2024-02-19;5;
1082;Midtjylland;2024-02-19;3;
1081;Nordjylland;2024-02-19;1;
1083;Syddanmark;2024-02-19;4;
1084;Hovedstaden;2024-02-20;6;
1082;Midtjylland;2024-02-20;1;
1083;Syddanmark;2024-02-20;1;
1084;Hovedstaden;2024-02-21;3;
1082;Midtjylland;2024-02-21;1;
1081;Nordjylland;2024-02-21;1;
1085;Sjælland;2024-02-21;2;
1083;Syddanmark;2024-02-21;1;
1084;Hovedstaden;2024-02-22;1;
1082;Midtjylland;2024-02-22;1;
1085;Sjælland;2024-02-22;2;
1084;Hovedstaden;2024-02-23;4;
1082;Midtjylland;2024-02-23;2;
1084;Hovedstaden;2024-02-24;3;
1082;Midtjylland;2024-02-24;2;
1085;Sjælland;2024-02-24;2;
1083;Syddanmark;2024-02-24;1;
1084;Hovedstaden;2024-02-25;2;
1085;Sjælland;2024-02-25;1;
1084;Hovedstaden;2024-02-26;3;
1082;Midtjylland;2024-02-26;1;
1081;Nordjylland;2024-02-26;4;
1085;Sjælland;2024-02-26;1;
1083;Syddanmark;2024-02-26;2;
1084;Hovedstaden;2024-02-27;1;
1082;Midtjylland;2024-02-27;1;
1085;Sjælland;2024-02-27;2;
1084;Hovedstaden;2024-02-28;1;
1082;Midtjylland;2024-02-28;1;
1081;Nordjylland;2024-02-28;1;
1085;Sjælland;2024-02-28;1;
1083;Syddanmark;2024-02-28;1;
1084;Hovedstaden;2024-02-29;2;
1082;Midtjylland;2024-02-29;1;
1081;Nordjylland;2024-02-29;2;
1083;Syddanmark;2024-02-29;3;
1084;Hovedstaden;2024-03-01;1;
1081;Nordjylland;2024-03-01;2;
1085;Sjælland;2024-03-01;2;
1083;Syddanmark;2024-03-01;1;
1084;Hovedstaden;2024-03-02;2;
1082;Midtjylland;2024-03-02;1;
1085;Sjælland;2024-03-02;1;
1084;Hovedstaden;2024-03-03;2;
1083;Syddanmark;2024-03-03;1;
1084;Hovedstaden;2024-03-04;3;
1082;Midtjylland;2024-03-04;4;
1083;Syddanmark;2024-03-04;2;
1084;Hovedstaden;2024-03-05;1;
1082;Midtjylland;2024-03-05;1;
1081;Nordjylland;2024-03-05;1;
1083;Syddanmark;2024-03-05;2;
1084;Hovedstaden;2024-03-06;4;
1082;Midtjylland;2024-03-06;1;
1085;Sjælland;2024-03-06;1;
1084;Hovedstaden;2024-03-07;2;
1085;Sjælland;2024-03-07;1;
1083;Syddanmark;2024-03-07;1;
1084;Hovedstaden;2024-03-08;2;
1082;Midtjylland;2024-03-08;1;
1085;Sjælland;2024-03-08;1;
1084;Hovedstaden;2024-03-09;2;
1083;Syddanmark;2024-03-09;1;
1084;Hovedstaden;2024-03-10;3;
1085;Sjælland;2024-03-10;3;
1083;Syddanmark;2024-03-10;1;
1084;Hovedstaden;2024-03-11;2;
1082;Midtjylland;2024-03-11;2;
1081;Nordjylland;2024-03-11;1;
1085;Sjælland;2024-03-11;2;
1083;Syddanmark;2024-03-11;1;
1084;Hovedstaden;2024-03-12;3;
1082;Midtjylland;2024-03-12;1;
1083;Syddanmark;2024-03-12;1;
1084;Hovedstaden;2024-03-13;2;
1082;Midtjylland;2024-03-13;1;
1083;Syddanmark;2024-03-13;2;
1084;Hovedstaden;2024-03-14;3;
1082;Midtjylland;2024-03-14;1;
1082;Midtjylland;2024-03-15;1;
1081;Nordjylland;2024-03-15;1;
1083;Syddanmark;2024-03-15;2;
1085;Sjælland;2024-03-16;1;
1083;Syddanmark;2024-03-16;1;
1083;Syddanmark;2024-03-17;3;
1084;Hovedstaden;2024-03-18;1;
1082;Midtjylland;2024-03-18;1;
1083;Syddanmark;2024-03-18;1;
1084;Hovedstaden;2024-03-19;2;
1082;Midtjylland;2024-03-19;3;
1085;Sjælland;2024-03-19;1;
1083;Syddanmark;2024-03-19;2;
1084;Hovedstaden;2024-03-20;6;
1082;Midtjylland;2024-03-20;2;
1083;Syddanmark;2024-03-20;1;
1084;Hovedstaden;2024-03-21;2;
1082;Midtjylland;2024-03-21;1;
1085;Sjælland;2024-03-21;1;
1084;Hovedstaden;2024-03-22;2;
1081;Nordjylland;2024-03-22;1;
1084;Hovedstaden;2024-03-23;1;
1082;Midtjylland;2024-03-23;3;
1085;Sjælland;2024-03-23;3;
1083;Syddanmark;2024-03-23;1;
1084;Hovedstaden;2024-03-24;2;
1085;Sjælland;2024-03-24;1;
1084;Hovedstaden;2024-03-25;2;
1081;Nordjylland;2024-03-25;1;
1085;Sjælland;2024-03-25;1;
1083;Syddanmark;2024-03-25;2;
1084;Hovedstaden;2024-03-26;3;
1081;Nordjylland;2024-03-26;1;
1083;Syddanmark;2024-03-26;1;
1084;Hovedstaden;2024-03-27;1;
1082;Midtjylland;2024-03-27;1;
1081;Nordjylland;2024-03-27;2;
1085;Sjælland;2024-03-27;1;
1083;Syddanmark;2024-03-27;1;
1084;Hovedstaden;2024-03-28;3;
1084;Hovedstaden;2024-03-29;1;
1082;Midtjylland;2024-03-29;1;
1085;Sjælland;2024-03-29;3;
1085;Sjælland;2024-03-30;1;
1084;Hovedstaden;2024-03-31;3;
1081;Nordjylland;2024-03-31;1;
1085;Sjælland;2024-03-31;2;
1083;Syddanmark;2024-03-31;3;
1084;Hovedstaden;2024-04-01;2;
1085;Sjælland;2024-04-01;1;
1082;Midtjylland;2024-04-02;1;
1084;Hovedstaden;2024-04-03;2;
1085;Sjælland;2024-04-03;2;
1084;Hovedstaden;2024-04-05;1;
1083;Syddanmark;2024-04-05;1;
1082;Midtjylland;2024-04-06;2;
1084;Hovedstaden;2024-04-07;2;
1082;Midtjylland;2024-04-07;3;
1085;Sjælland;2024-04-07;1;
1083;Syddanmark;2024-04-07;1;
1081;Nordjylland;2024-04-08;1;
1085;Sjælland;2024-04-08;1;
1084;Hovedstaden;2024-04-09;2;
1082;Midtjylland;2024-04-09;1;
1083;Syddanmark;2024-04-09;3;
1083;Syddanmark;2024-04-10;1;
1084;Hovedstaden;2024-04-11;1;
1081;Nordjylland;2024-04-11;2;
1083;Syddanmark;2024-04-11;1;
1084;Hovedstaden;2024-04-12;2;
1084;Hovedstaden;2024-04-13;1;
1081;Nordjylland;2024-04-14;2;
1085;Sjælland;2024-04-14;1;
1084;Hovedstaden;2024-04-15;2;
1081;Nordjylland;2024-04-15;2;
1085;Sjælland;2024-04-15;2;
1083;Syddanmark;2024-04-15;1;
1084;Hovedstaden;2024-04-16;1;
1083;Syddanmark;2024-04-16;2;
1082;Midtjylland;2024-04-17;1;
1085;Sjælland;2024-04-17;1;
1084;Hovedstaden;2024-04-18;1;
1082;Midtjylland;2024-04-18;1;
1085;Sjælland;2024-04-18;1;
1083;Syddanmark;2024-04-18;1;
1084;Hovedstaden;2024-04-19;2;
1085;Sjælland;2024-04-19;2;
1084;Hovedstaden;2024-04-20;1;
1085;Sjælland;2024-04-20;2;
1083;Syddanmark;2024-04-20;1;
1084;Hovedstaden;2024-04-21;1;
1085;Sjælland;2024-04-21;1;
1082;Midtjylland;2024-04-22;3;
1084;Hovedstaden;2024-04-23;1;
1085;Sjælland;2024-04-23;2;
1083;Syddanmark;2024-04-23;1;
1084;Hovedstaden;2024-04-24;3;
1085;Sjælland;2024-04-24;1;
1083;Syddanmark;2024-04-24;1;
1084;Hovedstaden;2024-04-25;1;
1083;Syddanmark;2024-04-25;1;
1084;Hovedstaden;2024-04-26;1;
1082;Midtjylland;2024-04-26;1;
1081;Nordjylland;2024-04-26;1;
1085;Sjælland;2024-04-26;1;
1082;Midtjylland;2024-04-27;1;
1083;Syddanmark;2024-04-27;2;
1084;Hovedstaden;2024-04-28;1;
1084;Hovedstaden;2024-04-29;3;
1082;Midtjylland;2024-04-29;1;
1085;Sjælland;2024-04-29;2;
1084;Hovedstaden;2024-04-30;2;
1082;Midtjylland;2024-04-30;1;
1085;Sjælland;2024-04-30;2;
1084;Hovedstaden;2024-05-01;2;
1085;Sjælland;2024-05-01;2;
1083;Syddanmark;2024-05-01;1;
1084;Hovedstaden;2024-05-02;2;
1083;Syddanmark;2024-05-02;1;
1084;Hovedstaden;2024-05-03;5;
1081;Nordjylland;2024-05-04;1;
1085;Sjælland;2024-05-04;1;
1083;Syddanmark;2024-05-04;1;
1084;Hovedstaden;2024-05-05;1;
1084;Hovedstaden;2024-05-06;4;
1082;Midtjylland;2024-05-06;1;
1084;Hovedstaden;2024-05-07;3;
1082;Midtjylland;2024-05-07;1;
1085;Sjælland;2024-05-07;3;
1084;Hovedstaden;2024-05-08;2;
1085;Sjælland;2024-05-08;1;
1084;Hovedstaden;2024-05-09;4;
1085;Sjælland;2024-05-10;1;
1083;Syddanmark;2024-05-10;1;
1084;Hovedstaden;2024-05-11;1;
1084;Hovedstaden;2024-05-12;4;
1081;Nordjylland;2024-05-13;1;
1085;Sjælland;2024-05-13;3;
1083;Syddanmark;2024-05-13;2;
1084;Hovedstaden;2024-05-14;3;
1082;Midtjylland;2024-05-14;2;
1084;Hovedstaden;2024-05-15;1;
1081;Nordjylland;2024-05-15;1;
1083;Syddanmark;2024-05-15;1;
1084;Hovedstaden;2024-05-16;3;
1082;Midtjylland;2024-05-16;1;
1085;Sjælland;2024-05-16;1;
1083;Syddanmark;2024-05-16;1;
1084;Hovedstaden;2024-05-17;3;
1082;Midtjylland;2024-05-17;1;
1084;Hovedstaden;2024-05-18;1;
1082;Midtjylland;2024-05-18;1;
1084;Hovedstaden;2024-05-19;3;
1084;Hovedstaden;2024-05-20;1;
1082;Midtjylland;2024-05-20;1;
1085;Sjælland;2024-05-20;2;
1083;Syddanmark;2024-05-20;1;
1084;Hovedstaden;2024-05-21;2;
1082;Midtjylland;2024-05-21;2;
1081;Nordjylland;2024-05-21;1;
1085;Sjælland;2024-05-21;3;
1083;Syddanmark;2024-05-21;1;
1084;Hovedstaden;2024-05-22;1;
1081;Nordjylland;2024-05-22;1;
1084;Hovedstaden;2024-05-23;1;
1084;Hovedstaden;2024-05-24;1;
1081;Nordjylland;2024-05-24;1;
1084;Hovedstaden;2024-05-25;3;
1081;Nordjylland;2024-05-26;1;
1084;Hovedstaden;2024-05-27;1;
1082;Midtjylland;2024-05-27;1;
1084;Hovedstaden;2024-05-28;3;
1081;Nordjylland;2024-05-28;1;
1085;Sjælland;2024-05-28;1;
1083;Syddanmark;2024-05-28;2;
1084;Hovedstaden;2024-05-29;1;
1084;Hovedstaden;2024-05-30;3;
1081;Nordjylland;2024-05-31;1;
1085;Sjælland;2024-05-31;1;
1085;Sjælland;2024-06-01;1;
1083;Syddanmark;2024-06-01;1;
1084;Hovedstaden;2024-06-02;2;
1084;Hovedstaden;2024-06-03;2;
1085;Sjælland;2024-06-03;1;
1083;Syddanmark;2024-06-03;1;
1084;Hovedstaden;2024-06-04;5;
1084;Hovedstaden;2024-06-05;1;
1085;Sjælland;2024-06-05;2;
1084;Hovedstaden;2024-06-06;3;
1082;Midtjylland;2024-06-06;2;
1085;Sjælland;2024-06-06;1;
1083;Syddanmark;2024-06-06;2;
1084;Hovedstaden;2024-06-07;4;
1081;Nordjylland;2024-06-07;2;
1085;Sjælland;2024-06-07;1;
1084;Hovedstaden;2024-06-08;2;
1081;Nordjylland;2024-06-08;1;
1085;Sjælland;2024-06-08;1;
1084;Hovedstaden;2024-06-09;1;
1084;Hovedstaden;2024-06-10;4;
1082;Midtjylland;2024-06-10;1;
1084;Hovedstaden;2024-06-11;2;
1081;Nordjylland;2024-06-11;1;
1085;Sjælland;2024-06-11;1;
1083;Syddanmark;2024-06-11;1;
1084;Hovedstaden;2024-06-12;5;
1081;Nordjylland;2024-06-12;2;
1084;Hovedstaden;2024-06-13;6;
1082;Midtjylland;2024-06-13;1;
1084;Hovedstaden;2024-06-14;3;
1081;Nordjylland;2024-06-14;1;
1085;Sjælland;2024-06-14;1;
1084;Hovedstaden;2024-06-15;4;
1085;Sjælland;2024-06-15;1;
1083;Syddanmark;2024-06-15;1;
1084;Hovedstaden;2024-06-16;6;
1082;Midtjylland;2024-06-16;2;
1081;Nordjylland;2024-06-16;2;
1085;Sjælland;2024-06-16;4;
1084;Hovedstaden;2024-06-17;5;
1082;Midtjylland;2024-06-17;1;
1085;Sjælland;2024-06-17;2;
1083;Syddanmark;2024-06-17;1;
1084;Hovedstaden;2024-06-18;4;
1082;Midtjylland;2024-06-18;1;
1085;Sjælland;2024-06-18;2;
1083;Syddanmark;2024-06-18;2;
1084;Hovedstaden;2024-06-19;4;
1082;Midtjylland;2024-06-19;1;
1085;Sjælland;2024-06-19;2;
1083;Syddanmark;2024-06-19;2;
1084;Hovedstaden;2024-06-20;10;
1082;Midtjylland;2024-06-20;1;
1081;Nordjylland;2024-06-20;1;
1085;Sjælland;2024-06-20;1;
1084;Hovedstaden;2024-06-21;5;
1085;Sjælland;2024-06-21;4;
1083;Syddanmark;2024-06-21;1;
1084;Hovedstaden;2024-06-22;7;
1082;Midtjylland;2024-06-22;1;
1083;Syddanmark;2024-06-22;2;
1084;Hovedstaden;2024-06-23;6;
1082;Midtjylland;2024-06-23;5;
1081;Nordjylland;2024-06-23;1;
1085;Sjælland;2024-06-23;1;
1083;Syddanmark;2024-06-23;1;
1084;Hovedstaden;2024-06-24;6;
1085;Sjælland;2024-06-24;2;
1083;Syddanmark;2024-06-24;4;
1084;Hovedstaden;2024-06-25;3;
1082;Midtjylland;2024-06-25;1;
1085;Sjælland;2024-06-25;2;
1084;Hovedstaden;2024-06-26;2;
1081;Nordjylland;2024-06-26;1;
1085;Sjælland;2024-06-26;1;
1083;Syddanmark;2024-06-26;3;
1084;Hovedstaden;2024-06-27;12;
1082;Midtjylland;2024-06-27;1;
1081;Nordjylland;2024-06-27;1;
1085;Sjælland;2024-06-27;3;
1083;Syddanmark;2024-06-27;1;
1084;Hovedstaden;2024-06-28;5;
1082;Midtjylland;2024-06-28;3;
1083;Syddanmark;2024-06-28;2;
1084;Hovedstaden;2024-06-29;5;
1082;Midtjylland;2024-06-29;2;
1081;Nordjylland;2024-06-29;1;
1085;Sjælland;2024-06-29;2;
1083;Syddanmark;2024-06-29;2;
1084;Hovedstaden;2024-06-30;6;
1082;Midtjylland;2024-06-30;1;
1081;Nordjylland;2024-06-30;1;
1085;Sjælland;2024-06-30;3;
1083;Syddanmark;2024-06-30;3;
1084;Hovedstaden;2024-07-01;4;
1082;Midtjylland;2024-07-01;3;
1081;Nordjylland;2024-07-01;1;
1085;Sjælland;2024-07-01;2;
1083;Syddanmark;2024-07-01;3;
1084;Hovedstaden;2024-07-02;6;
1082;Midtjylland;2024-07-02;4;
1081;Nordjylland;2024-07-02;1;
1085;Sjælland;2024-07-02;4;
1083;Syddanmark;2024-07-02;2;
1084;Hovedstaden;2024-07-03;6;
1082;Midtjylland;2024-07-03;5;
1081;Nordjylland;2024-07-03;2;
1085;Sjælland;2024-07-03;3;
1083;Syddanmark;2024-07-03;1;
1084;Hovedstaden;2024-07-04;8;
1082;Midtjylland;2024-07-04;2;
1081;Nordjylland;2024-07-04;1;
1085;Sjælland;2024-07-04;4;
1084;Hovedstaden;2024-07-05;11;
1082;Midtjylland;2024-07-05;2;
1081;Nordjylland;2024-07-05;3;
1085;Sjælland;2024-07-05;3;
1083;Syddanmark;2024-07-05;1;
1084;Hovedstaden;2024-07-06;1;
1081;Nordjylland;2024-07-06;1;
1085;Sjælland;2024-07-06;1;
1083;Syddanmark;2024-07-06;5;
1084;Hovedstaden;2024-07-07;13;
1082;Midtjylland;2024-07-07;2;
1081;Nordjylland;2024-07-07;1;
1085;Sjælland;2024-07-07;1;
1084;Hovedstaden;2024-07-08;8;
1082;Midtjylland;2024-07-08;5;
1081;Nordjylland;2024-07-08;3;
1085;Sjælland;2024-07-08;3;
1083;Syddanmark;2024-07-08;6;
1084;Hovedstaden;2024-07-09;11;
1082;Midtjylland;2024-07-09;1;
1081;Nordjylland;2024-07-09;2;
1085;Sjælland;2024-07-09;3;
1083;Syddanmark;2024-07-09;5;
1084;Hovedstaden;2024-07-10;6;
1082;Midtjylland;2024-07-10;9;
1081;Nordjylland;2024-07-10;4;
1085;Sjælland;2024-07-10;5;
1083;Syddanmark;2024-07-10;10;
1084;Hovedstaden;2024-07-11;9;
1082;Midtjylland;2024-07-11;5;
1081;Nordjylland;2024-07-11;4;
1085;Sjælland;2024-07-11;5;
1083;Syddanmark;2024-07-11;5;
1084;Hovedstaden;2024-07-12;11;
1082;Midtjylland;2024-07-12;3;
1081;Nordjylland;2024-07-12;1;
1085;Sjælland;2024-07-12;1;
1083;Syddanmark;2024-07-12;3;
1084;Hovedstaden;2024-07-13;12;
1082;Midtjylland;2024-07-13;4;
1081;Nordjylland;2024-07-13;1;
1085;Sjælland;2024-07-13;5;
1083;Syddanmark;2024-07-13;8;
1084;Hovedstaden;2024-07-14;15;
1082;Midtjylland;2024-07-14;4;
1081;Nordjylland;2024-07-14;1;
1083;Syddanmark;2024-07-14;4;
1084;Hovedstaden;2024-07-15;13;
1082;Midtjylland;2024-07-15;2;
1081;Nordjylland;2024-07-15;3;
1085;Sjælland;2024-07-15;9;
1083;Syddanmark;2024-07-15;11;
1084;Hovedstaden;2024-07-16;12;
1082;Midtjylland;2024-07-16;4;
1081;Nordjylland;2024-07-16;4;
1085;Sjælland;2024-07-16;4;
1083;Syddanmark;2024-07-16;3;
1084;Hovedstaden;2024-07-17;13;
1082;Midtjylland;2024-07-17;2;
1081;Nordjylland;2024-07-17;4;
1085;Sjælland;2024-07-17;2;
1083;Syddanmark;2024-07-17;5;
1084;Hovedstaden;2024-07-18;10;
1082;Midtjylland;2024-07-18;9;
1081;Nordjylland;2024-07-18;4;
1085;Sjælland;2024-07-18;4;
1083;Syddanmark;2024-07-18;8;
1084;Hovedstaden;2024-07-19;6;
1082;Midtjylland;2024-07-19;2;
1085;Sjælland;2024-07-19;6;
1083;Syddanmark;2024-07-19;8;
1084;Hovedstaden;2024-07-20;14;
1082;Midtjylland;2024-07-20;10;
1081;Nordjylland;2024-07-20;2;
1085;Sjælland;2024-07-20;4;
1083;Syddanmark;2024-07-20;7;
1084;Hovedstaden;2024-07-21;10;
1082;Midtjylland;2024-07-21;3;
1081;Nordjylland;2024-07-21;6;
1085;Sjælland;2024-07-21;6;
1083;Syddanmark;2024-07-21;7;
1084;Hovedstaden;2024-07-22;17;
1082;Midtjylland;2024-07-22;4;
1081;Nordjylland;2024-07-22;7;
1085;Sjælland;2024-07-22;2;
1083;Syddanmark;2024-07-22;5;
1084;Hovedstaden;2024-07-23;8;
1082;Midtjylland;2024-07-23;5;
1081;Nordjylland;2024-07-23;2;
1085;Sjælland;2024-07-23;4;
1083;Syddanmark;2024-07-23;1;
1084;Hovedstaden;2024-07-24;3;
1082;Midtjylland;2024-07-24;2;
1081;Nordjylland;2024-07-24;2;
1083;Syddanmark;2024-07-24;5;
1084;Hovedstaden;2024-07-25;13;
1082;Midtjylland;2024-07-25;4;
1081;Nordjylland;2024-07-25;3;
1085;Sjælland;2024-07-25;4;
1083;Syddanmark;2024-07-25;6;
1084;Hovedstaden;2024-07-26;9;
1082;Midtjylland;2024-07-26;2;
1081;Nordjylland;2024-07-26;1;
1085;Sjælland;2024-07-26;4;
1083;Syddanmark;2024-07-26;4;
1084;Hovedstaden;2024-07-27;4;
1082;Midtjylland;2024-07-27;3;
1081;Nordjylland;2024-07-27;4;
1085;Sjælland;2024-07-27;4;
1083;Syddanmark;2024-07-27;3;
1084;Hovedstaden;2024-07-28;7;
1082;Midtjylland;2024-07-28;3;
1081;Nordjylland;2024-07-28;6;
1085;Sjælland;2024-07-28;1;
1083;Syddanmark;2024-07-28;2;
1084;Hovedstaden;2024-07-29;9;
1082;Midtjylland;2024-07-29;5;
1081;Nordjylland;2024-07-29;6;
1085;Sjælland;2024-07-29;5;
1083;Syddanmark;2024-07-29;2;
1084;Hovedstaden;2024-07-30;11;
1082;Midtjylland;2024-07-30;2;
1081;Nordjylland;2024-07-30;3;
1085;Sjælland;2024-07-30;6;
1083;Syddanmark;2024-07-30;6;
1084;Hovedstaden;2024-07-31;10;
1082;Midtjylland;2024-07-31;4;
1081;Nordjylland;2024-07-31;1;
1085;Sjælland;2024-07-31;5;
1083;Syddanmark;2024-07-31;5;
1084;Hovedstaden;2024-08-01;5;
1082;Midtjylland;2024-08-01;3;
1081;Nordjylland;2024-08-01;3;
1085;Sjælland;2024-08-01;1;
1083;Syddanmark;2024-08-01;4;
1084;Hovedstaden;2024-08-02;6;
1082;Midtjylland;2024-08-02;5;
1081;Nordjylland;2024-08-02;3;
1085;Sjælland;2024-08-02;4;
1083;Syddanmark;2024-08-02;2;
1084;Hovedstaden;2024-08-03;12;
1082;Midtjylland;2024-08-03;7;
1081;Nordjylland;2024-08-03;2;
1085;Sjælland;2024-08-03;6;
1083;Syddanmark;2024-08-03;3;
1084;Hovedstaden;2024-08-04;5;
1082;Midtjylland;2024-08-04;2;
1081;Nordjylland;2024-08-04;2;
1085;Sjælland;2024-08-04;5;
1083;Syddanmark;2024-08-04;4;
1084;Hovedstaden;2024-08-05;7;
1082;Midtjylland;2024-08-05;6;
1081;Nordjylland;2024-08-05;7;
1085;Sjælland;2024-08-05;3;
1083;Syddanmark;2024-08-05;4;
1084;Hovedstaden;2024-08-06;7;
1082;Midtjylland;2024-08-06;3;
1081;Nordjylland;2024-08-06;1;
1085;Sjælland;2024-08-06;2;
1083;Syddanmark;2024-08-06;4;
1084;Hovedstaden;2024-08-07;8;
1081;Nordjylland;2024-08-07;3;
1085;Sjælland;2024-08-07;3;
1083;Syddanmark;2024-08-07;5;
1084;Hovedstaden;2024-08-08;8;
1082;Midtjylland;2024-08-08;5;
1081;Nordjylland;2024-08-08;4;
1085;Sjælland;2024-08-08;3;
1083;Syddanmark;2024-08-08;6;
1084;Hovedstaden;2024-08-09;6;
1082;Midtjylland;2024-08-09;3;
1081;Nordjylland;2024-08-09;2;
1085;Sjælland;2024-08-09;6;
1083;Syddanmark;2024-08-09;5;
1084;Hovedstaden;2024-08-10;4;
1082;Midtjylland;2024-08-10;4;
1085;Sjælland;2024-08-10;4;
1083;Syddanmark;2024-08-10;4;
1084;Hovedstaden;2024-08-11;5;
1082;Midtjylland;2024-08-11;1;
1081;Nordjylland;2024-08-11;5;
1085;Sjælland;2024-08-11;4;
1083;Syddanmark;2024-08-11;2;
1084;Hovedstaden;2024-08-12;3;
1082;Midtjylland;2024-08-12;4;
1085;Sjælland;2024-08-12;9;
1083;Syddanmark;2024-08-12;4;
1084;Hovedstaden;2024-08-13;10;
1082;Midtjylland;2024-08-13;3;
1081;Nordjylland;2024-08-13;3;
1085;Sjælland;2024-08-13;4;
1083;Syddanmark;2024-08-13;5;
1084;Hovedstaden;2024-08-14;10;
1082;Midtjylland;2024-08-14;4;
1081;Nordjylland;2024-08-14;2;
1085;Sjælland;2024-08-14;4;
1083;Syddanmark;2024-08-14;6;
1084;Hovedstaden;2024-08-15;13;
1082;Midtjylland;2024-08-15;5;
1085;Sjælland;2024-08-15;2;
1083;Syddanmark;2024-08-15;4;
1084;Hovedstaden;2024-08-16;5;
1082;Midtjylland;2024-08-16;7;
1081;Nordjylland;2024-08-16;3;
1085;Sjælland;2024-08-16;6;
1083;Syddanmark;2024-08-16;3;
1084;Hovedstaden;2024-08-17;5;
1082;Midtjylland;2024-08-17;2;
1081;Nordjylland;2024-08-17;4;
1085;Sjælland;2024-08-17;3;
1083;Syddanmark;2024-08-17;4;
1084;Hovedstaden;2024-08-18;5;
1082;Midtjylland;2024-08-18;2;
1081;Nordjylland;2024-08-18;3;
1085;Sjælland;2024-08-18;7;
1083;Syddanmark;2024-08-18;4;
1084;Hovedstaden;2024-08-19;11;
1082;Midtjylland;2024-08-19;4;
1081;Nordjylland;2024-08-19;3;
1085;Sjælland;2024-08-19;2;
1083;Syddanmark;2024-08-19;4;
1084;Hovedstaden;2024-08-20;8;
1082;Midtjylland;2024-08-20;2;
1081;Nordjylland;2024-08-20;4;
1085;Sjælland;2024-08-20;4;
1083;Syddanmark;2024-08-20;5;
1084;Hovedstaden;2024-08-21;3;
1082;Midtjylland;2024-08-21;5;
1081;Nordjylland;2024-08-21;4;
1085;Sjælland;2024-08-21;3;
1083;Syddanmark;2024-08-21;8;
1084;Hovedstaden;2024-08-22;7;
1082;Midtjylland;2024-08-22;5;
1081;Nordjylland;2024-08-22;3;
1085;Sjælland;2024-08-22;2;
1083;Syddanmark;2024-08-22;4;
1084;Hovedstaden;2024-08-23;7;
1082;Midtjylland;2024-08-23;5;
1081;Nordjylland;2024-08-23;3;
1085;Sjælland;2024-08-23;2;
1083;Syddanmark;2024-08-23;5;
1084;Hovedstaden;2024-08-24;5;
1082;Midtjylland;2024-08-24;1;
1081;Nordjylland;2024-08-24;5;
1085;Sjælland;2024-08-24;4;
1083;Syddanmark;2024-08-24;2;
1084;Hovedstaden;2024-08-25;9;
1082;Midtjylland;2024-08-25;3;
1081;Nordjylland;2024-08-25;4;
1085;Sjælland;2024-08-25;4;
1083;Syddanmark;2024-08-25;7;
1084;Hovedstaden;2024-08-26;9;
1082;Midtjylland;2024-08-26;3;
1081;Nordjylland;2024-08-26;4;
1085;Sjælland;2024-08-26;6;
1083;Syddanmark;2024-08-26;9;
1084;Hovedstaden;2024-08-27;7;
1082;Midtjylland;2024-08-27;4;
1081;Nordjylland;2024-08-27;3;
1085;Sjælland;2024-08-27;3;
1083;Syddanmark;2024-08-27;9;
1084;Hovedstaden;2024-08-28;3;
1082;Midtjylland;2024-08-28;7;
1081;Nordjylland;2024-08-28;3;
1085;Sjælland;2024-08-28;6;
1083;Syddanmark;2024-08-28;5;
1084;Hovedstaden;2024-08-29;13;
1082;Midtjylland;2024-08-29;4;
1081;Nordjylland;2024-08-29;5;
1085;Sjælland;2024-08-29;4;
1083;Syddanmark;2024-08-29;8;
1084;Hovedstaden;2024-08-30;9;
1082;Midtjylland;2024-08-30;5;
1081;Nordjylland;2024-08-30;6;
1085;Sjælland;2024-08-30;7;
1083;Syddanmark;2024-08-30;4;
1084;Hovedstaden;2024-08-31;3;
1082;Midtjylland;2024-08-31;5;
1081;Nordjylland;2024-08-31;3;
1085;Sjælland;2024-08-31;5;
1083;Syddanmark;2024-08-31;2;
1084;Hovedstaden;2024-09-01;7;
1082;Midtjylland;2024-09-01;9;
1081;Nordjylland;2024-09-01;4;
1085;Sjælland;2024-09-01;5;
1083;Syddanmark;2024-09-01;7;
1084;Hovedstaden;2024-09-02;12;
1082;Midtjylland;2024-09-02;6;
1081;Nordjylland;2024-09-02;3;
1085;Sjælland;2024-09-02;3;
1083;Syddanmark;2024-09-02;10;
1084;Hovedstaden;2024-09-03;13;
1082;Midtjylland;2024-09-03;6;
1081;Nordjylland;2024-09-03;10;
1085;Sjælland;2024-09-03;10;
1083;Syddanmark;2024-09-03;4;
1084;Hovedstaden;2024-09-04;2;
1082;Midtjylland;2024-09-04;5;
1081;Nordjylland;2024-09-04;5;
1085;Sjælland;2024-09-04;3;
1083;Syddanmark;2024-09-04;8;
1084;Hovedstaden;2024-09-05;7;
1082;Midtjylland;2024-09-05;5;
1081;Nordjylland;2024-09-05;4;
1085;Sjælland;2024-09-05;10;
1083;Syddanmark;2024-09-05;8;
1084;Hovedstaden;2024-09-06;11;
1082;Midtjylland;2024-09-06;5;
1081;Nordjylland;2024-09-06;5;
1085;Sjælland;2024-09-06;10;
1083;Syddanmark;2024-09-06;8;
1084;Hovedstaden;2024-09-07;6;
1081;Nordjylland;2024-09-07;6;
1085;Sjælland;2024-09-07;11;
1083;Syddanmark;2024-09-07;4;
1084;Hovedstaden;2024-09-08;13;
1082;Midtjylland;2024-09-08;2;
1081;Nordjylland;2024-09-08;1;
1085;Sjælland;2024-09-08;4;
1083;Syddanmark;2024-09-08;4;
1084;Hovedstaden;2024-09-09;3;
1082;Midtjylland;2024-09-09;5;
1081;Nordjylland;2024-09-09;3;
1085;Sjælland;2024-09-09;7;
1083;Syddanmark;2024-09-09;10;
1084;Hovedstaden;2024-09-10;7;
1082;Midtjylland;2024-09-10;2;
1081;Nordjylland;2024-09-10;3;
1085;Sjælland;2024-09-10;5;
1083;Syddanmark;2024-09-10;6;
1084;Hovedstaden;2024-09-11;6;
1082;Midtjylland;2024-09-11;1;
1081;Nordjylland;2024-09-11;8;
1085;Sjælland;2024-09-11;5;
1083;Syddanmark;2024-09-11;5;
1084;Hovedstaden;2024-09-12;6;
1082;Midtjylland;2024-09-12;2;
1081;Nordjylland;2024-09-12;3;
1085;Sjælland;2024-09-12;7;
1083;Syddanmark;2024-09-12;2;
1084;Hovedstaden;2024-09-13;3;
1082;Midtjylland;2024-09-13;5;
1081;Nordjylland;2024-09-13;3;
1085;Sjælland;2024-09-13;4;
1083;Syddanmark;2024-09-13;4;
1084;Hovedstaden;2024-09-14;8;
1082;Midtjylland;2024-09-14;3;
1081;Nordjylland;2024-09-14;4;
1085;Sjælland;2024-09-14;4;
1083;Syddanmark;2024-09-14;4;
1084;Hovedstaden;2024-09-15;11;
1082;Midtjylland;2024-09-15;3;
1081;Nordjylland;2024-09-15;2;
1085;Sjælland;2024-09-15;5;
1083;Syddanmark;2024-09-15;6;
1084;Hovedstaden;2024-09-16;8;
1082;Midtjylland;2024-09-16;2;
1081;Nordjylland;2024-09-16;5;
1085;Sjælland;2024-09-16;7;
1083;Syddanmark;2024-09-16;6;
1084;Hovedstaden;2024-09-17;10;
1082;Midtjylland;2024-09-17;8;
1081;Nordjylland;2024-09-17;1;
1085;Sjælland;2024-09-17;6;
1083;Syddanmark;2024-09-17;6;
1084;Hovedstaden;2024-09-18;6;
1082;Midtjylland;2024-09-18;2;
1081;Nordjylland;2024-09-18;1;
1085;Sjælland;2024-09-18;3;
1083;Syddanmark;2024-09-18;4;
1084;Hovedstaden;2024-09-19;3;
1082;Midtjylland;2024-09-19;3;
1081;Nordjylland;2024-09-19;2;
1085;Sjælland;2024-09-19;5;
1083;Syddanmark;2024-09-19;5;
1084;Hovedstaden;2024-09-20;7;
1082;Midtjylland;2024-09-20;4;
1081;Nordjylland;2024-09-20;3;
1085;Sjælland;2024-09-20;5;
1083;Syddanmark;2024-09-20;4;
1084;Hovedstaden;2024-09-21;7;
1082;Midtjylland;2024-09-21;1;
1081;Nordjylland;2024-09-21;3;
1085;Sjælland;2024-09-21;6;
1083;Syddanmark;2024-09-21;4;
1084;Hovedstaden;2024-09-22;11;
1082;Midtjylland;2024-09-22;3;
1081;Nordjylland;2024-09-22;6;
1085;Sjælland;2024-09-22;8;
1083;Syddanmark;2024-09-22;6;
1084;Hovedstaden;2024-09-23;8;
1082;Midtjylland;2024-09-23;5;
1081;Nordjylland;2024-09-23;8;
1085;Sjælland;2024-09-23;3;
1083;Syddanmark;2024-09-23;5;
1084;Hovedstaden;2024-09-24;10;
1082;Midtjylland;2024-09-24;9;
1081;Nordjylland;2024-09-24;1;
1085;Sjælland;2024-09-24;7;
1083;Syddanmark;2024-09-24;5;
1084;Hovedstaden;2024-09-25;8;
1082;Midtjylland;2024-09-25;4;
1081;Nordjylland;2024-09-25;2;
1085;Sjælland;2024-09-25;2;
1083;Syddanmark;2024-09-25;3;
1084;Hovedstaden;2024-09-26;11;
1082;Midtjylland;2024-09-26;2;
1081;Nordjylland;2024-09-26;4;
1085;Sjælland;2024-09-26;6;
1083;Syddanmark;2024-09-26;5;
1084;Hovedstaden;2024-09-27;7;
1082;Midtjylland;2024-09-27;8;
1081;Nordjylland;2024-09-27;2;
1085;Sjælland;2024-09-27;3;
1083;Syddanmark;2024-09-27;2;
1084;Hovedstaden;2024-09-28;5;
1082;Midtjylland;2024-09-28;1;
1081;Nordjylland;2024-09-28;5;
1085;Sjælland;2024-09-28;3;
1083;Syddanmark;2024-09-28;5;
1084;Hovedstaden;2024-09-29;1;
1082;Midtjylland;2024-09-29;2;
1081;Nordjylland;2024-09-29;1;
1085;Sjælland;2024-09-29;3;
1083;Syddanmark;2024-09-29;7;
1084;Hovedstaden;2024-09-30;12;
1082;Midtjylland;2024-09-30;5;
1081;Nordjylland;2024-09-30;2;
1085;Sjælland;2024-09-30;4;
1083;Syddanmark;2024-09-30;8;
1084;Hovedstaden;2024-10-01;5;
1082;Midtjylland;2024-10-01;2;
1081;Nordjylland;2024-10-01;3;
1085;Sjælland;2024-10-01;5;
1083;Syddanmark;2024-10-01;3;
1084;Hovedstaden;2024-10-02;16;
1082;Midtjylland;2024-10-02;1;
1081;Nordjylland;2024-10-02;3;
1085;Sjælland;2024-10-02;9;
1083;Syddanmark;2024-10-02;6;
1084;Hovedstaden;2024-10-03;16;
1082;Midtjylland;2024-10-03;4;
1081;Nordjylland;2024-10-03;3;
1085;Sjælland;2024-10-03;6;
1083;Syddanmark;2024-10-03;6;
1084;Hovedstaden;2024-10-04;4;
1082;Midtjylland;2024-10-04;5;
1081;Nordjylland;2024-10-04;2;
1085;Sjælland;2024-10-04;9;
1083;Syddanmark;2024-10-04;8;
1084;Hovedstaden;2024-10-05;8;
1082;Midtjylland;2024-10-05;7;
1081;Nordjylland;2024-10-05;2;
1083;Syddanmark;2024-10-05;5;
1084;Hovedstaden;2024-10-06;12;
1082;Midtjylland;2024-10-06;6;
1081;Nordjylland;2024-10-06;4;
1085;Sjælland;2024-10-06;5;
1083;Syddanmark;2024-10-06;8;
1084;Hovedstaden;2024-10-07;11;
1082;Midtjylland;2024-10-07;7;
1081;Nordjylland;2024-10-07;4;
1085;Sjælland;2024-10-07;8;
1083;Syddanmark;2024-10-07;18;
1084;Hovedstaden;2024-10-08;12;
1082;Midtjylland;2024-10-08;3;
1081;Nordjylland;2024-10-08;4;
1085;Sjælland;2024-10-08;6;
1083;Syddanmark;2024-10-08;4;
1084;Hovedstaden;2024-10-09;6;
1082;Midtjylland;2024-10-09;2;
1081;Nordjylland;2024-10-09;3;
1085;Sjælland;2024-10-09;7;
1083;Syddanmark;2024-10-09;6;
1084;Hovedstaden;2024-10-10;8;
1082;Midtjylland;2024-10-10;5;
1081;Nordjylland;2024-10-10;9;
1085;Sjælland;2024-10-10;5;
1083;Syddanmark;2024-10-10;5;
1084;Hovedstaden;2024-10-11;8;
1082;Midtjylland;2024-10-11;10;
1081;Nordjylland;2024-10-11;4;
1085;Sjælland;2024-10-11;6;
1083;Syddanmark;2024-10-11;15;
1084;Hovedstaden;2024-10-12;11;
1082;Midtjylland;2024-10-12;4;
1081;Nordjylland;2024-10-12;3;
1085;Sjælland;2024-10-12;1;
1083;Syddanmark;2024-10-12;7;
1084;Hovedstaden;2024-10-13;16;
1082;Midtjylland;2024-10-13;1;
1081;Nordjylland;2024-10-13;2;
1085;Sjælland;2024-10-13;7;
1083;Syddanmark;2024-10-13;8;
1084;Hovedstaden;2024-10-14;14;
1082;Midtjylland;2024-10-14;4;
1081;Nordjylland;2024-10-14;3;
1085;Sjælland;2024-10-14;6;
1083;Syddanmark;2024-10-14;8;
1084;Hovedstaden;2024-10-15;8;
1082;Midtjylland;2024-10-15;4;
1081;Nordjylland;2024-10-15;4;
1085;Sjælland;2024-10-15;8;
1083;Syddanmark;2024-10-15;5;
1084;Hovedstaden;2024-10-16;15;
1082;Midtjylland;2024-10-16;4;
1085;Sjælland;2024-10-16;3;
1083;Syddanmark;2024-10-16;8;
1084;Hovedstaden;2024-10-17;13;
1082;Midtjylland;2024-10-17;4;
1081;Nordjylland;2024-10-17;2;
1085;Sjælland;2024-10-17;3;
1083;Syddanmark;2024-10-17;11;
1084;Hovedstaden;2024-10-18;7;
1082;Midtjylland;2024-10-18;3;
1081;Nordjylland;2024-10-18;2;
1085;Sjælland;2024-10-18;4;
1083;Syddanmark;2024-10-18;8;
1084;Hovedstaden;2024-10-19;9;
1082;Midtjylland;2024-10-19;3;
1085;Sjælland;2024-10-19;4;
1083;Syddanmark;2024-10-19;9;
1084;Hovedstaden;2024-10-20;15;
1082;Midtjylland;2024-10-20;5;
1081;Nordjylland;2024-10-20;2;
1085;Sjælland;2024-10-20;7;
1083;Syddanmark;2024-10-20;8;
1084;Hovedstaden;2024-10-21;12;
1082;Midtjylland;2024-10-21;7;
1081;Nordjylland;2024-10-21;4;
1085;Sjælland;2024-10-21;5;
1083;Syddanmark;2024-10-21;10;
1084;Hovedstaden;2024-10-22;8;
1082;Midtjylland;2024-10-22;2;
1085;Sjælland;2024-10-22;9;
1083;Syddanmark;2024-10-22;7;
1084;Hovedstaden;2024-10-23;11;
1082;Midtjylland;2024-10-23;2;
1081;Nordjylland;2024-10-23;3;
1085;Sjælland;2024-10-23;6;
1083;Syddanmark;2024-10-23;8;
1084;Hovedstaden;2024-10-24;14;
1082;Midtjylland;2024-10-24;1;
1081;Nordjylland;2024-10-24;3;
1085;Sjælland;2024-10-24;6;
1083;Syddanmark;2024-10-24;6;
1084;Hovedstaden;2024-10-25;13;
1082;Midtjylland;2024-10-25;3;
1081;Nordjylland;2024-10-25;4;
1085;Sjælland;2024-10-25;8;
1083;Syddanmark;2024-10-25;4;
1084;Hovedstaden;2024-10-26;8;
1082;Midtjylland;2024-10-26;3;
1081;Nordjylland;2024-10-26;3;
1085;Sjælland;2024-10-26;4;
1083;Syddanmark;2024-10-26;5;
1084;Hovedstaden;2024-10-27;7;
1082;Midtjylland;2024-10-27;1;
1081;Nordjylland;2024-10-27;3;
1085;Sjælland;2024-10-27;11;
1083;Syddanmark;2024-10-27;3;
1084;Hovedstaden;2024-10-28;7;
1082;Midtjylland;2024-10-28;2;
1081;Nordjylland;2024-10-28;3;
1085;Sjælland;2024-10-28;7;
1083;Syddanmark;2024-10-28;9;
1084;Hovedstaden;2024-10-29;12;
1082;Midtjylland;2024-10-29;3;
1081;Nordjylland;2024-10-29;2;
1085;Sjælland;2024-10-29;5;
1083;Syddanmark;2024-10-29;7;
1084;Hovedstaden;2024-10-30;9;
1082;Midtjylland;2024-10-30;3;
1081;Nordjylland;2024-10-30;6;
1085;Sjælland;2024-10-30;5;
1083;Syddanmark;2024-10-30;6;
1084;Hovedstaden;2024-10-31;5;
1082;Midtjylland;2024-10-31;3;
1085;Sjælland;2024-10-31;6;
1083;Syddanmark;2024-10-31;6;
1084;Hovedstaden;2024-11-01;9;
1082;Midtjylland;2024-11-01;1;
1085;Sjælland;2024-11-01;5;
1083;Syddanmark;2024-11-01;4;
1084;Hovedstaden;2024-11-02;11;
1082;Midtjylland;2024-11-02;1;
1085;Sjælland;2024-11-02;3;
1083;Syddanmark;2024-11-02;5;
1084;Hovedstaden;2024-11-03;8;
1082;Midtjylland;2024-11-03;1;
1081;Nordjylland;2024-11-03;5;
1085;Sjælland;2024-11-03;5;
1083;Syddanmark;2024-11-03;4;
1084;Hovedstaden;2024-11-04;7;
1082;Midtjylland;2024-11-04;1;
1081;Nordjylland;2024-11-04;2;
1085;Sjælland;2024-11-04;4;
1083;Syddanmark;2024-11-04;3;
1084;Hovedstaden;2024-11-05;5;
1082;Midtjylland;2024-11-05;1;
1081;Nordjylland;2024-11-05;2;
1085;Sjælland;2024-11-05;6;
1083;Syddanmark;2024-11-05;3;
1084;Hovedstaden;2024-11-06;7;
1081;Nordjylland;2024-11-06;3;
1085;Sjælland;2024-11-06;5;
1083;Syddanmark;2024-11-06;4;
1084;Hovedstaden;2024-11-07;5;
1082;Midtjylland;2024-11-07;1;
1081;Nordjylland;2024-11-07;1;
1085;Sjælland;2024-11-07;6;
1083;Syddanmark;2024-11-07;8;
1084;Hovedstaden;2024-11-08;6;
1082;Midtjylland;2024-11-08;1;
1081;Nordjylland;2024-11-08;1;
1085;Sjælland;2024-11-08;5;
1083;Syddanmark;2024-11-08;5;
1084;Hovedstaden;2024-11-09;6;
1082;Midtjylland;2024-11-09;1;
1085;Sjælland;2024-11-09;5;
1083;Syddanmark;2024-11-09;3;
1084;Hovedstaden;2024-11-10;4;
1081;Nordjylland;2024-11-10;1;
1085;Sjælland;2024-11-10;4;
1083;Syddanmark;2024-11-10;2;
1084;Hovedstaden;2024-11-11;9;
1082;Midtjylland;2024-11-11;1;
1085;Sjælland;2024-11-11;5;
1083;Syddanmark;2024-11-11;6;
1084;Hovedstaden;2024-11-12;2;
1082;Midtjylland;2024-11-12;2;
1081;Nordjylland;2024-11-12;1;
1085;Sjælland;2024-11-12;2;
1083;Syddanmark;2024-11-12;3;
1084;Hovedstaden;2024-11-13;3;
1082;Midtjylland;2024-11-13;2;
1081;Nordjylland;2024-11-13;1;
1085;Sjælland;2024-11-13;4;
1083;Syddanmark;2024-11-13;2;
1084;Hovedstaden;2024-11-14;10;
1082;Midtjylland;2024-11-14;2;
1081;Nordjylland;2024-11-14;1;
1085;Sjælland;2024-11-14;3;
1083;Syddanmark;2024-11-14;8;
1084;Hovedstaden;2024-11-15;3;
1085;Sjælland;2024-11-15;7;
1083;Syddanmark;2024-11-15;4;
1084;Hovedstaden;2024-11-16;2;
1082;Midtjylland;2024-11-16;1;
1085;Sjælland;2024-11-16;3;
1083;Syddanmark;2024-11-16;1;
1084;Hovedstaden;2024-11-17;5;
1082;Midtjylland;2024-11-17;1;
1085;Sjælland;2024-11-17;7;
1083;Syddanmark;2024-11-17;2;
1084;Hovedstaden;2024-11-18;4;
1085;Sjælland;2024-11-18;8;
1083;Syddanmark;2024-11-18;1;
1084;Hovedstaden;2024-11-19;1;
1082;Midtjylland;2024-11-19;1;
1081;Nordjylland;2024-11-19;1;
1085;Sjælland;2024-11-19;4;
1083;Syddanmark;2024-11-19;4;
1084;Hovedstaden;2024-11-20;5;
1082;Midtjylland;2024-11-20;2;
1085;Sjælland;2024-11-20;5;
1083;Syddanmark;2024-11-20;2;
1084;Hovedstaden;2024-11-21;5;
1082;Midtjylland;2024-11-21;1;
1085;Sjælland;2024-11-21;6;
1083;Syddanmark;2024-11-21;3;
1084;Hovedstaden;2024-11-22;9;
1082;Midtjylland;2024-11-22;1;
1081;Nordjylland;2024-11-22;1;
1085;Sjælland;2024-11-22;3;
1083;Syddanmark;2024-11-22;4;
1084;Hovedstaden;2024-11-23;7;
1085;Sjælland;2024-11-23;2;
1083;Syddanmark;2024-11-23;1;
1084;Hovedstaden;2024-11-24;8;
1082;Midtjylland;2024-11-24;1;
1085;Sjælland;2024-11-24;3;
1083;Syddanmark;2024-11-24;5;
1084;Hovedstaden;2024-11-25;3;
1082;Midtjylland;2024-11-25;1;
1081;Nordjylland;2024-11-25;1;
1085;Sjælland;2024-11-25;6;
1083;Syddanmark;2024-11-25;4;
1084;Hovedstaden;2024-11-26;3;
1082;Midtjylland;2024-11-26;1;
1085;Sjælland;2024-11-26;6;
1083;Syddanmark;2024-11-26;3;
1084;Hovedstaden;2024-11-27;3;
1081;Nordjylland;2024-11-27;1;
1085;Sjælland;2024-11-27;7;
1083;Syddanmark;2024-11-27;4;
1084;Hovedstaden;2024-11-28;4;
1085;Sjælland;2024-11-28;9;
1084;Hovedstaden;2024-11-29;6;
1082;Midtjylland;2024-11-29;1;
1081;Nordjylland;2024-11-29;1;
1085;Sjælland;2024-11-29;8;
1083;Syddanmark;2024-11-29;4;
1084;Hovedstaden;2024-11-30;3;
1082;Midtjylland;2024-11-30;1;
1085;Sjælland;2024-11-30;8;
1083;Syddanmark;2024-11-30;1;
1084;Hovedstaden;2024-12-01;7;
1082;Midtjylland;2024-12-01;1;
1085;Sjælland;2024-12-01;4;
1083;Syddanmark;2024-12-01;4;
1084;Hovedstaden;2024-12-02;11;
1082;Midtjylland;2024-12-02;4;
1081;Nordjylland;2024-12-02;3;
1085;Sjælland;2024-12-02;5;
1083;Syddanmark;2024-12-02;4;
1084;Hovedstaden;2024-12-03;12;
1082;Midtjylland;2024-12-03;2;
1081;Nordjylland;2024-12-03;1;
1085;Sjælland;2024-12-03;5;
1083;Syddanmark;2024-12-03;1;
1084;Hovedstaden;2024-12-04;8;
1082;Midtjylland;2024-12-04;2;
1085;Sjælland;2024-12-04;6;
1083;Syddanmark;2024-12-04;2;
1084;Hovedstaden;2024-12-05;4;
1082;Midtjylland;2024-12-05;3;
1081;Nordjylland;2024-12-05;3;
1085;Sjælland;2024-12-05;5;
1083;Syddanmark;2024-12-05;2;
1084;Hovedstaden;2024-12-06;5;
1082;Midtjylland;2024-12-06;2;
1081;Nordjylland;2024-12-06;2;
1085;Sjælland;2024-12-06;3;
1083;Syddanmark;2024-12-06;6;
1084;Hovedstaden;2024-12-07;10;
1085;Sjælland;2024-12-07;5;
1083;Syddanmark;2024-12-07;5;
1084;Hovedstaden;2024-12-08;8;
1082;Midtjylland;2024-12-08;4;
1081;Nordjylland;2024-12-08;2;
1085;Sjælland;2024-12-08;3;
1083;Syddanmark;2024-12-08;6;
1084;Hovedstaden;2024-12-09;10;
1082;Midtjylland;2024-12-09;2;
1085;Sjælland;2024-12-09;2;
1083;Syddanmark;2024-12-09;2;
1084;Hovedstaden;2024-12-10;6;
1082;Midtjylland;2024-12-10;2;
1085;Sjælland;2024-12-10;2;
1083;Syddanmark;2024-12-10;4;
1084;Hovedstaden;2024-12-11;6;
1082;Midtjylland;2024-12-11;1;
1085;Sjælland;2024-12-11;6;
1083;Syddanmark;2024-12-11;4;
1084;Hovedstaden;2024-12-12;9;
1081;Nordjylland;2024-12-12;2;
1085;Sjælland;2024-12-12;9;
1083;Syddanmark;2024-12-12;5;
1084;Hovedstaden;2024-12-13;10;
1082;Midtjylland;2024-12-13;3;
1081;Nordjylland;2024-12-13;1;
1085;Sjælland;2024-12-13;5;
1083;Syddanmark;2024-12-13;3;
1084;Hovedstaden;2024-12-14;6;
1082;Midtjylland;2024-12-14;2;
1081;Nordjylland;2024-12-14;1;
1085;Sjælland;2024-12-14;1;
1083;Syddanmark;2024-12-14;4;
1084;Hovedstaden;2024-12-15;11;
1082;Midtjylland;2024-12-15;1;
1081;Nordjylland;2024-12-15;3;
1085;Sjælland;2024-12-15;6;
1083;Syddanmark;2024-12-15;5;
1084;Hovedstaden;2024-12-16;11;
1082;Midtjylland;2024-12-16;2;
1081;Nordjylland;2024-12-16;1;
1085;Sjælland;2024-12-16;5;
1083;Syddanmark;2024-12-16;7;
1084;Hovedstaden;2024-12-17;8;
1082;Midtjylland;2024-12-17;2;
1081;Nordjylland;2024-12-17;5;
1085;Sjælland;2024-12-17;9;
1083;Syddanmark;2024-12-17;3;
1084;Hovedstaden;2024-12-18;9;
1082;Midtjylland;2024-12-18;2;
1081;Nordjylland;2024-12-18;2;
1085;Sjælland;2024-12-18;2;
1083;Syddanmark;2024-12-18;3;
1084;Hovedstaden;2024-12-19;11;
1082;Midtjylland;2024-12-19;2;
1081;Nordjylland;2024-12-19;2;
1085;Sjælland;2024-12-19;5;
1083;Syddanmark;2024-12-19;2;
1084;Hovedstaden;2024-12-20;6;
1082;Midtjylland;2024-12-20;4;
1085;Sjælland;2024-12-20;8;
1083;Syddanmark;2024-12-20;2;
1084;Hovedstaden;2024-12-21;7;
1082;Midtjylland;2024-12-21;1;
1085;Sjælland;2024-12-21;4;
1083;Syddanmark;2024-12-21;6;
1084;Hovedstaden;2024-12-22;7;
1082;Midtjylland;2024-12-22;4;
1081;Nordjylland;2024-12-22;3;
1085;Sjælland;2024-12-22;4;
1083;Syddanmark;2024-12-22;2;
1084;Hovedstaden;2024-12-23;5;
1081;Nordjylland;2024-12-23;2;
1085;Sjælland;2024-12-23;1;
1083;Syddanmark;2024-12-23;1;
1084;Hovedstaden;2024-12-24;7;
1082;Midtjylland;2024-12-24;5;
1085;Sjælland;2024-12-24;2;
1083;Syddanmark;2024-12-24;3;
1084;Hovedstaden;2024-12-25;2;
1082;Midtjylland;2024-12-25;1;
1081;Nordjylland;2024-12-25;3;
1085;Sjælland;2024-12-25;3;
1083;Syddanmark;2024-12-25;2;
1084;Hovedstaden;2024-12-26;5;
1082;Midtjylland;2024-12-26;2;
1081;Nordjylland;2024-12-26;2;
1085;Sjælland;2024-12-26;3;
1083;Syddanmark;2024-12-26;4;
1084;Hovedstaden;2024-12-27;11;
1082;Midtjylland;2024-12-27;3;
1085;Sjælland;2024-12-27;7;
1083;Syddanmark;2024-12-27;5;
1084;Hovedstaden;2024-12-28;12;
1081;Nordjylland;2024-12-28;2;
1085;Sjælland;2024-12-28;5;
1083;Syddanmark;2024-12-28;3;
1084;Hovedstaden;2024-12-29;7;
1082;Midtjylland;2024-12-29;4;
1085;Sjælland;2024-12-29;4;
1083;Syddanmark;2024-12-29;3;
1084;Hovedstaden;2024-12-30;7;
1082;Midtjylland;2024-12-30;2;
1085;Sjælland;2024-12-30;7;
1083;Syddanmark;2024-12-30;4;
1084;Hovedstaden;2024-12-31;4;
1082;Midtjylland;2024-12-31;2;
1081;Nordjylland;2024-12-31;1;
1083;Syddanmark;2024-12-31;4;
1084;Hovedstaden;2025-01-01;5;
1082;Midtjylland;2025-01-01;2;
1081;Nordjylland;2025-01-01;2;
1085;Sjælland;2025-01-01;3;
1083;Syddanmark;2025-01-01;1;
1084;Hovedstaden;2025-01-02;6;
1082;Midtjylland;2025-01-02;2;
1081;Nordjylland;2025-01-02;3;
1085;Sjælland;2025-01-02;6;
1083;Syddanmark;2025-01-02;3;
1084;Hovedstaden;2025-01-03;8;
1082;Midtjylland;2025-01-03;2;
1081;Nordjylland;2025-01-03;1;
1085;Sjælland;2025-01-03;7;
1083;Syddanmark;2025-01-03;2;
1084;Hovedstaden;2025-01-04;4;
1082;Midtjylland;2025-01-04;3;
1081;Nordjylland;2025-01-04;2;
1085;Sjælland;2025-01-04;5;
1083;Syddanmark;2025-01-04;6;
1084;Hovedstaden;2025-01-05;9;
1082;Midtjylland;2025-01-05;1;
1081;Nordjylland;2025-01-05;5;
1085;Sjælland;2025-01-05;2;
1083;Syddanmark;2025-01-05;1;
1084;Hovedstaden;2025-01-06;4;
1082;Midtjylland;2025-01-06;3;
1081;Nordjylland;2025-01-06;4;
1085;Sjælland;2025-01-06;2;
1083;Syddanmark;2025-01-06;4;
1084;Hovedstaden;2025-01-07;4;
1081;Nordjylland;2025-01-07;2;
1085;Sjælland;2025-01-07;4;
1083;Syddanmark;2025-01-07;5;
1084;Hovedstaden;2025-01-08;3;
1081;Nordjylland;2025-01-08;2;
1085;Sjælland;2025-01-08;1;
1083;Syddanmark;2025-01-08;3;
1084;Hovedstaden;2025-01-09;4;
1081;Nordjylland;2025-01-09;1;
1085;Sjælland;2025-01-09;6;
1083;Syddanmark;2025-01-09;4;
1084;Hovedstaden;2025-01-10;5;
1082;Midtjylland;2025-01-10;4;
1083;Syddanmark;2025-01-10;2;
1084;Hovedstaden;2025-01-11;8;
1082;Midtjylland;2025-01-11;4;
1081;Nordjylland;2025-01-11;3;
1083;Syddanmark;2025-01-11;4;
1084;Hovedstaden;2025-01-12;7;
1081;Nordjylland;2025-01-12;3;
1085;Sjælland;2025-01-12;3;
1083;Syddanmark;2025-01-12;1;
1084;Hovedstaden;2025-01-13;6;
1082;Midtjylland;2025-01-13;1;
1081;Nordjylland;2025-01-13;1;
1085;Sjælland;2025-01-13;6;
1083;Syddanmark;2025-01-13;1;
1084;Hovedstaden;2025-01-14;1;
1082;Midtjylland;2025-01-14;1;
1081;Nordjylland;2025-01-14;2;
1085;Sjælland;2025-01-14;2;
1083;Syddanmark;2025-01-14;2;
1084;Hovedstaden;2025-01-15;2;
1085;Sjælland;2025-01-15;3;
1083;Syddanmark;2025-01-15;2;
1084;Hovedstaden;2025-01-16;4;
1082;Midtjylland;2025-01-16;2;
1081;Nordjylland;2025-01-16;1;
1085;Sjælland;2025-01-16;2;
1083;Syddanmark;2025-01-16;1;
1084;Hovedstaden;2025-01-17;3;
1082;Midtjylland;2025-01-17;1;
1085;Sjælland;2025-01-17;1;
1083;Syddanmark;2025-01-17;2;
1082;Midtjylland;2025-01-18;1;
1081;Nordjylland;2025-01-18;2;
1085;Sjælland;2025-01-18;2;
1083;Syddanmark;2025-01-18;1;
1084;Hovedstaden;2025-01-19;2;
1082;Midtjylland;2025-01-19;1;
1085;Sjælland;2025-01-19;3;
1084;Hovedstaden;2025-01-20;4;
1081;Nordjylland;2025-01-20;2;
1085;Sjælland;2025-01-20;1;
1083;Syddanmark;2025-01-20;2;
1082;Midtjylland;2025-01-21;1;
1085;Sjælland;2025-01-21;2;
1083;Syddanmark;2025-01-21;1;
1084;Hovedstaden;2025-01-22;5;
1081;Nordjylland;2025-01-22;1;
1085;Sjælland;2025-01-22;4;
1083;Syddanmark;2025-01-22;2;
1084;Hovedstaden;2025-01-23;3;
1081;Nordjylland;2025-01-23;2;
1085;Sjælland;2025-01-23;4;
1083;Syddanmark;2025-01-23;3;
1084;Hovedstaden;2025-01-24;4;
1082;Midtjylland;2025-01-24;1;
1081;Nordjylland;2025-01-24;1;
1085;Sjælland;2025-01-24;3;
1083;Syddanmark;2025-01-24;2;
1084;Hovedstaden;2025-01-25;1;
1082;Midtjylland;2025-01-25;1;
1085;Sjælland;2025-01-25;2;
1084;Hovedstaden;2025-01-26;3;
1081;Nordjylland;2025-01-26;2;
1085;Sjælland;2025-01-26;2;
1083;Syddanmark;2025-01-26;2;
1084;Hovedstaden;2025-01-27;4;
1085;Sjælland;2025-01-27;6;
1084;Hovedstaden;2025-01-28;2;
1082;Midtjylland;2025-01-28;1;
1081;Nordjylland;2025-01-28;2;
1085;Sjælland;2025-01-28;5;
1083;Syddanmark;2025-01-28;2;
1084;Hovedstaden;2025-01-29;3;
1081;Nordjylland;2025-01-29;2;
1085;Sjælland;2025-01-29;4;
1083;Syddanmark;2025-01-29;2;
1084;Hovedstaden;2025-01-30;3;
1081;Nordjylland;2025-01-30;3;
1085;Sjælland;2025-01-30;2;
1083;Syddanmark;2025-01-30;1;
1084;Hovedstaden;2025-01-31;4;
1082;Midtjylland;2025-01-31;1;
1081;Nordjylland;2025-01-31;2;
1085;Sjælland;2025-01-31;2;
1083;Syddanmark;2025-01-31;4;
1084;Hovedstaden;2025-02-01;2;
1082;Midtjylland;2025-02-01;2;
1083;Syddanmark;2025-02-01;3;
1084;Hovedstaden;2025-02-02;2;
1085;Sjælland;2025-02-02;3;
1083;Syddanmark;2025-02-02;2;
1084;Hovedstaden;2025-02-03;4;
1082;Midtjylland;2025-02-03;2;
1081;Nordjylland;2025-02-03;1;
1085;Sjælland;2025-02-03;1;
1084;Hovedstaden;2025-02-04;1;
1082;Midtjylland;2025-02-04;1;
1085;Sjælland;2025-02-04;2;
1083;Syddanmark;2025-02-04;1;
1084;Hovedstaden;2025-02-05;3;
1082;Midtjylland;2025-02-05;1;
1081;Nordjylland;2025-02-05;1;
1085;Sjælland;2025-02-05;2;
1084;Hovedstaden;2025-02-06;3;
1082;Midtjylland;2025-02-06;1;
1081;Nordjylland;2025-02-06;2;
1085;Sjælland;2025-02-06;5;
1083;Syddanmark;2025-02-06;3;
1084;Hovedstaden;2025-02-07;3;
1082;Midtjylland;2025-02-07;1;
1081;Nordjylland;2025-02-07;3;
1085;Sjælland;2025-02-07;3;
1083;Syddanmark;2025-02-07;3;
1084;Hovedstaden;2025-02-08;5;
1081;Nordjylland;2025-02-08;1;
1083;Syddanmark;2025-02-08;1;
1082;Midtjylland;2025-02-09;3;
1085;Sjælland;2025-02-09;1;
1083;Syddanmark;2025-02-09;4;
1084;Hovedstaden;2025-02-10;3;
1082;Midtjylland;2025-02-10;1;
1081;Nordjylland;2025-02-10;1;
1085;Sjælland;2025-02-10;1;
1083;Syddanmark;2025-02-10;3;
1084;Hovedstaden;2025-02-11;2;
1082;Midtjylland;2025-02-11;1;
1085;Sjælland;2025-02-11;2;
1083;Syddanmark;2025-02-11;3;
1084;Hovedstaden;2025-02-12;1;
1082;Midtjylland;2025-02-12;2;
1081;Nordjylland;2025-02-12;2;
1085;Sjælland;2025-02-12;1;
1083;Syddanmark;2025-02-12;4;
1081;Nordjylland;2025-02-13;2;
1085;Sjælland;2025-02-13;1;
1083;Syddanmark;2025-02-13;3;
1084;Hovedstaden;2025-02-14;4;
1082;Midtjylland;2025-02-14;1;
1081;Nordjylland;2025-02-14;2;
1083;Syddanmark;2025-02-14;7;
1084;Hovedstaden;2025-02-15;1;
1082;Midtjylland;2025-02-15;1;
1081;Nordjylland;2025-02-15;1;
1085;Sjælland;2025-02-15;4;
1083;Syddanmark;2025-02-15;2;
1084;Hovedstaden;2025-02-16;3;
1085;Sjælland;2025-02-16;3;
1083;Syddanmark;2025-02-16;2;
1084;Hovedstaden;2025-02-17;2;
1081;Nordjylland;2025-02-17;1;
1085;Sjælland;2025-02-17;2;
1083;Syddanmark;2025-02-17;3;
1085;Sjælland;2025-02-18;3;
1083;Syddanmark;2025-02-18;4;
1084;Hovedstaden;2025-02-19;1;
1082;Midtjylland;2025-02-19;1;
1085;Sjælland;2025-02-19;4;
1083;Syddanmark;2025-02-19;2;
1084;Hovedstaden;2025-02-20;4;
1082;Midtjylland;2025-02-20;1;
1081;Nordjylland;2025-02-20;2;
1085;Sjælland;2025-02-20;2;
1083;Syddanmark;2025-02-20;2;
1084;Hovedstaden;2025-02-21;3;
1082;Midtjylland;2025-02-21;3;
1081;Nordjylland;2025-02-21;3;
1083;Syddanmark;2025-02-21;1;
1084;Hovedstaden;2025-02-22;5;
1085;Sjælland;2025-02-22;1;
1083;Syddanmark;2025-02-22;2;
1084;Hovedstaden;2025-02-23;2;
1081;Nordjylland;2025-02-23;1;
1085;Sjælland;2025-02-23;3;
1083;Syddanmark;2025-02-23;2;
1084;Hovedstaden;2025-02-24;3;
1082;Midtjylland;2025-02-24;1;
1081;Nordjylland;2025-02-24;2;
1085;Sjælland;2025-02-24;1;
1083;Syddanmark;2025-02-24;1;
1084;Hovedstaden;2025-02-25;5;
1081;Nordjylland;2025-02-25;1;
1085;Sjælland;2025-02-25;1;
1083;Syddanmark;2025-02-25;1;
1084;Hovedstaden;2025-02-26;4;
1082;Midtjylland;2025-02-26;2;
1081;Nordjylland;2025-02-26;1;
1085;Sjælland;2025-02-26;1;
1083;Syddanmark;2025-02-26;3;
1084;Hovedstaden;2025-02-27;6;
1082;Midtjylland;2025-02-27;1;
1081;Nordjylland;2025-02-27;3;
1085;Sjælland;2025-02-27;3;
1083;Syddanmark;2025-02-27;5;
1084;Hovedstaden;2025-02-28;4;
1083;Syddanmark;2025-02-28;2;
1084;Hovedstaden;2025-03-01;2;
1083;Syddanmark;2025-03-01;2;
1084;Hovedstaden;2025-03-02;2;
1081;Nordjylland;2025-03-02;1;
1083;Syddanmark;2025-03-02;4;
1084;Hovedstaden;2025-03-03;7;
1081;Nordjylland;2025-03-03;2;
1085;Sjælland;2025-03-03;1;
1083;Syddanmark;2025-03-03;1;
1084;Hovedstaden;2025-03-04;6;
1081;Nordjylland;2025-03-04;1;
1085;Sjælland;2025-03-04;1;
1083;Syddanmark;2025-03-04;2;
1084;Hovedstaden;2025-03-05;3;
1082;Midtjylland;2025-03-05;1;
1081;Nordjylland;2025-03-05;1;
1085;Sjælland;2025-03-05;1;
1083;Syddanmark;2025-03-05;4;
1084;Hovedstaden;2025-03-06;3;
1082;Midtjylland;2025-03-06;2;
1085;Sjælland;2025-03-06;1;
1083;Syddanmark;2025-03-06;4;
1082;Midtjylland;2025-03-07;3;
1081;Nordjylland;2025-03-07;3;
1083;Syddanmark;2025-03-07;1;
1081;Nordjylland;2025-03-08;3;
1085;Sjælland;2025-03-08;1;
1083;Syddanmark;2025-03-08;2;
1084;Hovedstaden;2025-03-09;1;
1081;Nordjylland;2025-03-09;3;
1085;Sjælland;2025-03-09;1;
1084;Hovedstaden;2025-03-10;3;
1082;Midtjylland;2025-03-10;1;
1085;Sjælland;2025-03-10;3;
1083;Syddanmark;2025-03-10;5;
1084;Hovedstaden;2025-03-11;2;
1082;Midtjylland;2025-03-11;1;
1081;Nordjylland;2025-03-11;2;
1085;Sjælland;2025-03-11;1;
1083;Syddanmark;2025-03-11;2;
1084;Hovedstaden;2025-03-12;1;
1085;Sjælland;2025-03-12;1;
1083;Syddanmark;2025-03-12;5;
1084;Hovedstaden;2025-03-13;3;
1081;Nordjylland;2025-03-13;2;
1085;Sjælland;2025-03-13;1;
1083;Syddanmark;2025-03-13;3;
1084;Hovedstaden;2025-03-14;1;
1082;Midtjylland;2025-03-14;1;
1081;Nordjylland;2025-03-14;1;
1085;Sjælland;2025-03-14;1;
1083;Syddanmark;2025-03-14;4;
1084;Hovedstaden;2025-03-15;2;
1082;Midtjylland;2025-03-15;1;
1081;Nordjylland;2025-03-15;3;
1085;Sjælland;2025-03-15;2;
1084;Hovedstaden;2025-03-16;4;
1082;Midtjylland;2025-03-16;2;
1081;Nordjylland;2025-03-16;1;
1085;Sjælland;2025-03-16;4;
1083;Syddanmark;2025-03-16;4;
1084;Hovedstaden;2025-03-17;3;
1082;Midtjylland;2025-03-17;2;
1081;Nordjylland;2025-03-17;1;
1085;Sjælland;2025-03-17;1;
1083;Syddanmark;2025-03-17;2;
1081;Nordjylland;2025-03-18;1;
1085;Sjælland;2025-03-18;5;
1083;Syddanmark;2025-03-18;3;
1084;Hovedstaden;2025-03-19;4;
1082;Midtjylland;2025-03-19;1;
1081;Nordjylland;2025-03-19;1;
1085;Sjælland;2025-03-19;2;
1083;Syddanmark;2025-03-19;1;
1084;Hovedstaden;2025-03-20;2;
1082;Midtjylland;2025-03-20;2;
1081;Nordjylland;2025-03-20;2;
1085;Sjælland;2025-03-20;1;
1084;Hovedstaden;2025-03-21;6;
1081;Nordjylland;2025-03-21;1;
1085;Sjælland;2025-03-21;3;
1083;Syddanmark;2025-03-21;1;
1081;Nordjylland;2025-03-22;2;
1083;Syddanmark;2025-03-22;2;
1084;Hovedstaden;2025-03-23;4;
1085;Sjælland;2025-03-23;2;
1083;Syddanmark;2025-03-23;2;
1084;Hovedstaden;2025-03-24;2;
1081;Nordjylland;2025-03-24;1;
1085;Sjælland;2025-03-24;1;
1083;Syddanmark;2025-03-24;4;
1084;Hovedstaden;2025-03-25;3;
1085;Sjælland;2025-03-25;1;
1084;Hovedstaden;2025-03-26;2;
1081;Nordjylland;2025-03-26;1;
1085;Sjælland;2025-03-26;2;
1084;Hovedstaden;2025-03-27;3;
1083;Syddanmark;2025-03-27;2;
1084;Hovedstaden;2025-03-28;2;
1085;Sjælland;2025-03-28;1;
1083;Syddanmark;2025-03-28;1;
1084;Hovedstaden;2025-03-29;3;
1082;Midtjylland;2025-03-29;1;
1081;Nordjylland;2025-03-29;1;
1084;Hovedstaden;2025-03-30;1;
1084;Hovedstaden;2025-03-31;3;
1085;Sjælland;2025-03-31;1;
1083;Syddanmark;2025-03-31;2;
1084;Hovedstaden;2025-04-01;3;
1085;Sjælland;2025-04-01;1;
1083;Syddanmark;2025-04-02;1;
1084;Hovedstaden;2025-04-03;1;
1084;Hovedstaden;2025-04-05;3;
1084;Hovedstaden;2025-04-06;2;
1083;Syddanmark;2025-04-06;1;
1084;Hovedstaden;2025-04-07;4;
1081;Nordjylland;2025-04-07;1;
1083;Syddanmark;2025-04-07;1;
1085;Sjælland;2025-04-08;1;
1083;Syddanmark;2025-04-08;1;
1085;Sjælland;2025-04-09;3;
1084;Hovedstaden;2025-04-10;3;
1081;Nordjylland;2025-04-10;1;
1085;Sjælland;2025-04-10;1;
1084;Hovedstaden;2025-04-11;1;
1081;Nordjylland;2025-04-11;1;
1084;Hovedstaden;2025-04-12;2;
1085;Sjælland;2025-04-12;2;
1083;Syddanmark;2025-04-12;1;
1084;Hovedstaden;2025-04-13;4;
1084;Hovedstaden;2025-04-14;3;
1083;Syddanmark;2025-04-14;2;
1084;Hovedstaden;2025-04-15;1;
1082;Midtjylland;2025-04-15;1;
1083;Syddanmark;2025-04-15;1;
1084;Hovedstaden;2025-04-16;1;
1081;Nordjylland;2025-04-16;1;
1083;Syddanmark;2025-04-16;1;
1084;Hovedstaden;2025-04-17;2;
1085;Sjælland;2025-04-17;1;
1084;Hovedstaden;2025-04-18;3;
1082;Midtjylland;2025-04-18;1;
1081;Nordjylland;2025-04-18;1;
1085;Sjælland;2025-04-18;1;
1084;Hovedstaden;2025-04-19;2;
1081;Nordjylland;2025-04-19;1;
1084;Hovedstaden;2025-04-20;3;
1081;Nordjylland;2025-04-20;1;
1084;Hovedstaden;2025-04-21;2;
1082;Midtjylland;2025-04-21;1;
1085;Sjælland;2025-04-21;1;
1084;Hovedstaden;2025-04-22;2;
1082;Midtjylland;2025-04-22;1;
1085;Sjælland;2025-04-22;2;
1084;Hovedstaden;2025-04-23;1;
1083;Syddanmark;2025-04-23;2;
1084;Hovedstaden;2025-04-24;1;
1081;Nordjylland;2025-04-24;2;
1083;Syddanmark;2025-04-24;2;
1083;Syddanmark;2025-04-25;2;
1084;Hovedstaden;2025-04-26;3;
1085;Sjælland;2025-04-26;1;
1084;Hovedstaden;2025-04-27;1;
1082;Midtjylland;2025-04-27;1;
1081;Nordjylland;2025-04-27;1;
1085;Sjælland;2025-04-27;1;
1084;Hovedstaden;2025-04-28;5;
1085;Sjælland;2025-04-28;1;
1084;Hovedstaden;2025-04-29;3;
1085;Sjælland;2025-04-29;1;
1083;Syddanmark;2025-04-29;3;
1084;Hovedstaden;2025-04-30;1;
1082;Midtjylland;2025-04-30;1;
1081;Nordjylland;2025-04-30;1;
1083;Syddanmark;2025-04-30;1;
1084;Hovedstaden;2025-05-01;1;
1082;Midtjylland;2025-05-01;1;
1085;Sjælland;2025-05-01;2;
1084;Hovedstaden;2025-05-02;3;
1083;Syddanmark;2025-05-02;1;
1084;Hovedstaden;2025-05-03;1;
1084;Hovedstaden;2025-05-04;2;
1084;Hovedstaden;2025-05-05;1;
1082;Midtjylland;2025-05-05;2;
1084;Hovedstaden;2025-05-06;4;
1083;Syddanmark;2025-05-06;1;
1084;Hovedstaden;2025-05-07;1;
1082;Midtjylland;2025-05-07;1;
1085;Sjælland;2025-05-07;1;
1083;Syddanmark;2025-05-08;2;
1084;Hovedstaden;2025-05-09;1;
1085;Sjælland;2025-05-09;1;
1083;Syddanmark;2025-05-09;2;
1084;Hovedstaden;2025-05-10;3;
1084;Hovedstaden;2025-05-11;3;
1081;Nordjylland;2025-05-11;1;
1084;Hovedstaden;2025-05-12;5;
1081;Nordjylland;2025-05-12;1;
1083;Syddanmark;2025-05-12;1;
1084;Hovedstaden;2025-05-13;1;
1084;Hovedstaden;2025-05-14;2;
1083;Syddanmark;2025-05-14;1;
1084;Hovedstaden;2025-05-15;3;
1085;Sjælland;2025-05-15;2;
1083;Syddanmark;2025-05-15;1;
1084;Hovedstaden;2025-05-16;1;
1082;Midtjylland;2025-05-16;1;
1084;Hovedstaden;2025-05-17;3;
1085;Sjælland;2025-05-17;1;
1083;Syddanmark;2025-05-17;1;
1084;Hovedstaden;2025-05-18;2;
1085;Sjælland;2025-05-18;1;
1084;Hovedstaden;2025-05-19;4;
1082;Midtjylland;2025-05-19;1;
1081;Nordjylland;2025-05-19;2;
1085;Sjælland;2025-05-19;1;
1083;Syddanmark;2025-05-19;2;
1084;Hovedstaden;2025-05-20;3;
1082;Midtjylland;2025-05-20;1;
1081;Nordjylland;2025-05-20;1;
1084;Hovedstaden;2025-05-21;2;
1081;Nordjylland;2025-05-21;1;
1085;Sjælland;2025-05-21;3;
1084;Hovedstaden;2025-05-22;2;
1082;Midtjylland;2025-05-22;1;
1083;Syddanmark;2025-05-22;2;
1084;Hovedstaden;2025-05-23;4;
1081;Nordjylland;2025-05-23;1;
1085;Sjælland;2025-05-23;3;
1083;Syddanmark;2025-05-23;2;
1084;Hovedstaden;2025-05-24;1;
1084;Hovedstaden;2025-05-25;3;
1085;Sjælland;2025-05-25;2;
1083;Syddanmark;2025-05-25;1;
1084;Hovedstaden;2025-05-26;1;
1082;Midtjylland;2025-05-26;1;
1081;Nordjylland;2025-05-26;1;
1085;Sjælland;2025-05-26;1;
1084;Hovedstaden;2025-05-27;1;
1083;Syddanmark;2025-05-27;1;
1084;Hovedstaden;2025-05-28;1;
1082;Midtjylland;2025-05-28;1;
1081;Nordjylland;2025-05-28;1;
1085;Sjælland;2025-05-28;1;
1083;Syddanmark;2025-05-28;1;
1084;Hovedstaden;2025-05-29;2;
1084;Hovedstaden;2025-05-30;2;
1082;Midtjylland;2025-05-30;1;
1083;Syddanmark;2025-05-30;2;
1084;Hovedstaden;2025-05-31;3;
1085;Sjælland;2025-05-31;1;
1083;Syddanmark;2025-05-31;1;
1084;Hovedstaden;2025-06-01;2;
1084;Hovedstaden;2025-06-02;2;
1082;Midtjylland;2025-06-02;1;
1081;Nordjylland;2025-06-02;1;
1085;Sjælland;2025-06-02;2;
1083;Syddanmark;2025-06-02;1;
1084;Hovedstaden;2025-06-03;5;
1081;Nordjylland;2025-06-03;2;
1085;Sjælland;2025-06-03;1;
1083;Syddanmark;2025-06-03;2;
1084;Hovedstaden;2025-06-04;3;
1085;Sjælland;2025-06-04;1;
1083;Syddanmark;2025-06-04;1;
1084;Hovedstaden;2025-06-05;2;
1081;Nordjylland;2025-06-05;1;
1085;Sjælland;2025-06-05;1;
1083;Syddanmark;2025-06-05;1;
1084;Hovedstaden;2025-06-06;1;
1082;Midtjylland;2025-06-06;1;
1083;Syddanmark;2025-06-06;1;
1081;Nordjylland;2025-06-07;2;
1085;Sjælland;2025-06-07;2;
1084;Hovedstaden;2025-06-08;1;
1085;Sjælland;2025-06-08;2;
1084;Hovedstaden;2025-06-09;3;
1085;Sjælland;2025-06-09;1;
1084;Hovedstaden;2025-06-10;2;
1085;Sjælland;2025-06-10;1;
1084;Hovedstaden;2025-06-11;3;
1082;Midtjylland;2025-06-11;1;
1083;Syddanmark;2025-06-11;1;
1084;Hovedstaden;2025-06-12;1;
1081;Nordjylland;2025-06-12;2;
1084;Hovedstaden;2025-06-13;2;
1085;Sjælland;2025-06-13;2;
1083;Syddanmark;2025-06-13;1;
1084;Hovedstaden;2025-06-14;3;
1083;Syddanmark;2025-06-14;2;
1085;Sjælland;2025-06-15;3;
1084;Hovedstaden;2025-06-16;1;
1082;Midtjylland;2025-06-16;1;
1083;Syddanmark;2025-06-16;2;
1084;Hovedstaden;2025-06-17;4;
1085;Sjælland;2025-06-17;1;
1083;Syddanmark;2025-06-18;1;
1084;Hovedstaden;2025-06-19;3;
1082;Midtjylland;2025-06-19;1;
1085;Sjælland;2025-06-19;1;
1083;Syddanmark;2025-06-19;1;
1084;Hovedstaden;2025-06-20;2;
1085;Sjælland;2025-06-20;1;
1083;Syddanmark;2025-06-20;2;
1084;Hovedstaden;2025-06-21;4;
1084;Hovedstaden;2025-06-22;2;
1084;Hovedstaden;2025-06-23;2;
1081;Nordjylland;2025-06-23;1;
1085;Sjælland;2025-06-23;1;
1083;Syddanmark;2025-06-23;1;
1084;Hovedstaden;2025-06-24;1;
1081;Nordjylland;2025-06-24;1;
1082;Midtjylland;2025-06-26;1;
1085;Sjælland;2025-06-26;1;
1084;Hovedstaden;2025-06-27;2;
1085;Sjælland;2025-06-27;1;
1083;Syddanmark;2025-06-27;1;
1084;Hovedstaden;2025-06-28;1;
1082;Midtjylland;2025-06-28;1;
1081;Nordjylland;2025-06-28;2;
1083;Syddanmark;2025-06-28;1;
1084;Hovedstaden;2025-06-29;5;
1085;Sjælland;2025-06-29;1;
1084;Hovedstaden;2025-06-30;2;
1081;Nordjylland;2025-06-30;1;
1085;Sjælland;2025-06-30;1;
1081;Nordjylland;2025-07-01;1;
1084;Hovedstaden;2025-07-02;5;
1082;Midtjylland;2025-07-02;1;
1081;Nordjylland;2025-07-02;2;
1085;Sjælland;2025-07-02;1;
1083;Syddanmark;2025-07-02;1;
1084;Hovedstaden;2025-07-03;2;
1081;Nordjylland;2025-07-03;1;
1084;Hovedstaden;2025-07-04;1;
1081;Nordjylland;2025-07-04;1;
1081;Nordjylland;2025-07-05;2;
1085;Sjælland;2025-07-05;1;
1084;Hovedstaden;2025-07-06;2;
1085;Sjælland;2025-07-06;2;
1083;Syddanmark;2025-07-06;1;
1084;Hovedstaden;2025-07-07;3;
1081;Nordjylland;2025-07-07;1;
1085;Sjælland;2025-07-07;1;
1085;Sjælland;2025-07-08;2;
1083;Syddanmark;2025-07-08;2;
1084;Hovedstaden;2025-07-10;1;
1082;Midtjylland;2025-07-10;1;
1081;Nordjylland;2025-07-10;1;
1084;Hovedstaden;2025-07-11;3;
1085;Sjælland;2025-07-12;2;
1083;Syddanmark;2025-07-12;2;
1085;Sjælland;2025-07-13;1;
1084;Hovedstaden;2025-07-14;2;
1082;Midtjylland;2025-07-14;2;
1081;Nordjylland;2025-07-14;1;
1085;Sjælland;2025-07-14;1;
1084;Hovedstaden;2025-07-15;1;
1082;Midtjylland;2025-07-15;1;
1085;Sjælland;2025-07-15;1;
1083;Syddanmark;2025-07-15;1;
1084;Hovedstaden;2025-07-16;2;
1081;Nordjylland;2025-07-16;2;
1085;Sjælland;2025-07-16;1;
1083;Syddanmark;2025-07-16;1;
1084;Hovedstaden;2025-07-17;2;
1081;Nordjylland;2025-07-17;2;
1084;Hovedstaden;2025-07-18;3;
1083;Syddanmark;2025-07-18;1;
1083;Syddanmark;2025-07-19;1;
1085;Sjælland;2025-07-20;1;
1083;Syddanmark;2025-07-20;1;
1084;Hovedstaden;2025-07-21;2;
1082;Midtjylland;2025-07-21;1;
1081;Nordjylland;2025-07-21;1;
1085;Sjælland;2025-07-21;1;
1084;Hovedstaden;2025-07-22;3;
1081;Nordjylland;2025-07-22;2;
1084;Hovedstaden;2025-07-23;2;
1085;Sjælland;2025-07-23;1;
1083;Syddanmark;2025-07-23;1;
1082;Midtjylland;2025-07-24;1;
1085;Sjælland;2025-07-24;1;
1083;Syddanmark;2025-07-24;1;
1084;Hovedstaden;2025-07-25;1;
1082;Midtjylland;2025-07-25;1;
1081;Nordjylland;2025-07-25;1;
1085;Sjælland;2025-07-25;1;
1084;Hovedstaden;2025-07-26;1;
1083;Syddanmark;2025-07-26;1;
1084;Hovedstaden;2025-07-27;2;
1083;Syddanmark;2025-07-27;1;
1084;Hovedstaden;2025-07-28;1;
1081;Nordjylland;2025-07-28;2;
1085;Sjælland;2025-07-28;1;
1084;Hovedstaden;2025-07-29;3;
1082;Midtjylland;2025-07-29;1;
1081;Nordjylland;2025-07-29;1;
1085;Sjælland;2025-07-29;1;
1084;Hovedstaden;2025-07-30;1;
1084;Hovedstaden;2025-07-31;3;
1082;Midtjylland;2025-07-31;1;
1085;Sjælland;2025-07-31;1;
1083;Syddanmark;2025-07-31;2;
1084;Hovedstaden;2025-08-01;2;
1081;Nordjylland;2025-08-02;1;
1085;Sjælland;2025-08-02;1;
1084;Hovedstaden;2025-08-03;2;
1084;Hovedstaden;2025-08-04;1;
1085;Sjælland;2025-08-04;1;
1083;Syddanmark;2025-08-04;1;
1084;Hovedstaden;2025-08-05;1;
1084;Hovedstaden;2025-08-06;1;
1081;Nordjylland;2025-08-06;1;
1084;Hovedstaden;2025-08-07;2;
1081;Nordjylland;2025-08-07;1;
1085;Sjælland;2025-08-07;1;
1083;Syddanmark;2025-08-07;1;
1084;Hovedstaden;2025-08-08;5;
1081;Nordjylland;2025-08-08;1;
1085;Sjælland;2025-08-08;3;
1084;Hovedstaden;2025-08-09;3;
1082;Midtjylland;2025-08-09;1;
1085;Sjælland;2025-08-09;2;
1083;Syddanmark;2025-08-09;2;
1084;Hovedstaden;2025-08-10;5;
1085;Sjælland;2025-08-10;1;
1084;Hovedstaden;2025-08-11;6;
1082;Midtjylland;2025-08-11;2;
1085;Sjælland;2025-08-11;2;
1083;Syddanmark;2025-08-11;2;
1084;Hovedstaden;2025-08-12;4;
1082;Midtjylland;2025-08-12;2;
1085;Sjælland;2025-08-12;1;
1084;Hovedstaden;2025-08-13;3;
1085;Sjælland;2025-08-13;2;
1083;Syddanmark;2025-08-13;2;
1084;Hovedstaden;2025-08-14;8;
1082;Midtjylland;2025-08-14;1;
1083;Syddanmark;2025-08-14;1;
1084;Hovedstaden;2025-08-15;3;
1082;Midtjylland;2025-08-15;1;
1085;Sjælland;2025-08-15;4;
1083;Syddanmark;2025-08-15;1;
1084;Hovedstaden;2025-08-16;1;
1085;Sjælland;2025-08-16;2;
1083;Syddanmark;2025-08-16;3;
1081;Nordjylland;2025-08-17;1;
1085;Sjælland;2025-08-17;2;
1083;Syddanmark;2025-08-17;2;
1084;Hovedstaden;2025-08-18;1;
1082;Midtjylland;2025-08-18;2;
1081;Nordjylland;2025-08-18;2;
1083;Syddanmark;2025-08-18;2;
1084;Hovedstaden;2025-08-19;3;
1082;Midtjylland;2025-08-19;2;
1081;Nordjylland;2025-08-19;1;
1083;Syddanmark;2025-08-19;5;
1084;Hovedstaden;2025-08-20;2;
1082;Midtjylland;2025-08-20;1;
1081;Nordjylland;2025-08-20;2;
1085;Sjælland;2025-08-20;3;
1083;Syddanmark;2025-08-20;1;
1084;Hovedstaden;2025-08-21;4;
1081;Nordjylland;2025-08-21;3;
1085;Sjælland;2025-08-21;1;
1083;Syddanmark;2025-08-21;3;
1084;Hovedstaden;2025-08-22;2;
1082;Midtjylland;2025-08-22;2;
1081;Nordjylland;2025-08-22;2;
1085;Sjælland;2025-08-22;3;
1083;Syddanmark;2025-08-22;3;
1084;Hovedstaden;2025-08-23;4;
1085;Sjælland;2025-08-23;1;
1084;Hovedstaden;2025-08-24;2;
1081;Nordjylland;2025-08-24;1;
1083;Syddanmark;2025-08-24;4;
1084;Hovedstaden;2025-08-25;5;
1082;Midtjylland;2025-08-25;1;
1081;Nordjylland;2025-08-25;2;
1085;Sjælland;2025-08-25;1;
1083;Syddanmark;2025-08-25;2;
1084;Hovedstaden;2025-08-26;3;
1081;Nordjylland;2025-08-26;1;
1085;Sjælland;2025-08-26;2;
1083;Syddanmark;2025-08-26;2;
1084;Hovedstaden;2025-08-27;3;
1082;Midtjylland;2025-08-27;2;
1085;Sjælland;2025-08-27;1;
1083;Syddanmark;2025-08-27;5;
1084;Hovedstaden;2025-08-28;2;
1082;Midtjylland;2025-08-28;1;
1085;Sjælland;2025-08-28;2;
1083;Syddanmark;2025-08-28;4;
1084;Hovedstaden;2025-08-29;9;
1081;Nordjylland;2025-08-29;1;
1085;Sjælland;2025-08-29;1;
1083;Syddanmark;2025-08-29;5;
1084;Hovedstaden;2025-08-30;4;
1082;Midtjylland;2025-08-30;1;
1081;Nordjylland;2025-08-30;2;
1085;Sjælland;2025-08-30;2;
1083;Syddanmark;2025-08-30;4;
1084;Hovedstaden;2025-08-31;3;
1081;Nordjylland;2025-08-31;2;
1083;Syddanmark;2025-08-31;1;
1084;Hovedstaden;2025-09-01;9;
1082;Midtjylland;2025-09-01;3;
1081;Nordjylland;2025-09-01;4;
1085;Sjælland;2025-09-01;1;
1083;Syddanmark;2025-09-01;3;
1084;Hovedstaden;2025-09-02;4;
1082;Midtjylland;2025-09-02;1;
1081;Nordjylland;2025-09-02;1;
1085;Sjælland;2025-09-02;2;
1083;Syddanmark;2025-09-02;2;
1084;Hovedstaden;2025-09-03;5;
1082;Midtjylland;2025-09-03;3;
1081;Nordjylland;2025-09-03;2;
1085;Sjælland;2025-09-03;3;
1083;Syddanmark;2025-09-03;2;
1084;Hovedstaden;2025-09-04;2;
1082;Midtjylland;2025-09-04;5;
1081;Nordjylland;2025-09-04;3;
1085;Sjælland;2025-09-04;3;
1084;Hovedstaden;2025-09-05;5;
1082;Midtjylland;2025-09-05;2;
1081;Nordjylland;2025-09-05;4;
1085;Sjælland;2025-09-05;4;
1083;Syddanmark;2025-09-05;2;
1082;Midtjylland;2025-09-06;2;
1081;Nordjylland;2025-09-06;3;
1085;Sjælland;2025-09-06;1;
1083;Syddanmark;2025-09-06;4;
1084;Hovedstaden;2025-09-07;2;
1081;Nordjylland;2025-09-07;1;
1085;Sjælland;2025-09-07;2;
1083;Syddanmark;2025-09-07;4;
1082;Midtjylland;2025-09-08;2;
1081;Nordjylland;2025-09-08;6;
1083;Syddanmark;2025-09-08;6;
1084;Hovedstaden;2025-09-09;5;
1081;Nordjylland;2025-09-09;4;
1085;Sjælland;2025-09-09;3;
1083;Syddanmark;2025-09-09;1;
1084;Hovedstaden;2025-09-10;1;
1081;Nordjylland;2025-09-10;4;
1085;Sjælland;2025-09-10;1;
1083;Syddanmark;2025-09-10;3;
1084;Hovedstaden;2025-09-11;2;
1082;Midtjylland;2025-09-11;4;
1081;Nordjylland;2025-09-11;3;
1085;Sjælland;2025-09-11;2;
1083;Syddanmark;2025-09-11;7;
1084;Hovedstaden;2025-09-12;3;
1081;Nordjylland;2025-09-12;1;
1083;Syddanmark;2025-09-12;4;
1084;Hovedstaden;2025-09-13;4;
1082;Midtjylland;2025-09-13;1;
1081;Nordjylland;2025-09-13;1;
1085;Sjælland;2025-09-13;2;
1084;Hovedstaden;2025-09-14;5;
1082;Midtjylland;2025-09-14;1;
1081;Nordjylland;2025-09-14;3;
1085;Sjælland;2025-09-14;1;
1083;Syddanmark;2025-09-14;4;
1084;Hovedstaden;2025-09-15;9;
1082;Midtjylland;2025-09-15;3;
1084;Hovedstaden;2025-09-16;6;
1082;Midtjylland;2025-09-16;2;
1081;Nordjylland;2025-09-16;2;
1085;Sjælland;2025-09-16;4;
1083;Syddanmark;2025-09-16;2;
1084;Hovedstaden;2025-09-17;5;
1082;Midtjylland;2025-09-17;3;
1081;Nordjylland;2025-09-17;3;
1085;Sjælland;2025-09-17;2;
1083;Syddanmark;2025-09-17;4;
1084;Hovedstaden;2025-09-18;2;
1085;Sjælland;2025-09-18;3;
1084;Hovedstaden;2025-09-19;4;
1082;Midtjylland;2025-09-19;3;
1085;Sjælland;2025-09-19;2;
1083;Syddanmark;2025-09-19;6;
1084;Hovedstaden;2025-09-20;1;
1082;Midtjylland;2025-09-20;2;
1081;Nordjylland;2025-09-20;3;
1085;Sjælland;2025-09-20;4;
1083;Syddanmark;2025-09-20;2;
1082;Midtjylland;2025-09-21;1;
1081;Nordjylland;2025-09-21;1;
1085;Sjælland;2025-09-21;3;
1083;Syddanmark;2025-09-21;2;
1084;Hovedstaden;2025-09-22;3;
1081;Nordjylland;2025-09-22;2;
1085;Sjælland;2025-09-22;1;
1083;Syddanmark;2025-09-22;2;
1082;Midtjylland;2025-09-23;1;
1081;Nordjylland;2025-09-23;1;
1085;Sjælland;2025-09-23;2;
1083;Syddanmark;2025-09-23;5;
1084;Hovedstaden;2025-09-24;9;
1082;Midtjylland;2025-09-24;1;
1081;Nordjylland;2025-09-24;2;
1085;Sjælland;2025-09-24;2;
1083;Syddanmark;2025-09-24;4;
1084;Hovedstaden;2025-09-25;4;
1082;Midtjylland;2025-09-25;3;
1081;Nordjylland;2025-09-25;4;
1085;Sjælland;2025-09-25;4;
1083;Syddanmark;2025-09-25;3;
1084;Hovedstaden;2025-09-26;7;
1082;Midtjylland;2025-09-26;1;
1081;Nordjylland;2025-09-26;2;
1085;Sjælland;2025-09-26;2;
1084;Hovedstaden;2025-09-27;7;
1082;Midtjylland;2025-09-27;1;
1081;Nordjylland;2025-09-27;4;
1085;Sjælland;2025-09-27;2;
1083;Syddanmark;2025-09-27;1;
1084;Hovedstaden;2025-09-28;5;
1082;Midtjylland;2025-09-28;1;
1081;Nordjylland;2025-09-28;2;
1085;Sjælland;2025-09-28;1;
1083;Syddanmark;2025-09-28;3;
1084;Hovedstaden;2025-09-29;3;
1082;Midtjylland;2025-09-29;3;
1081;Nordjylland;2025-09-29;3;
1085;Sjælland;2025-09-29;3;
1083;Syddanmark;2025-09-29;1;
1084;Hovedstaden;2025-09-30;4;
1082;Midtjylland;2025-09-30;4;
1081;Nordjylland;2025-09-30;5;
1085;Sjælland;2025-09-30;3;
1084;Hovedstaden;2025-10-01;2;
1081;Nordjylland;2025-10-01;2;
1083;Syddanmark;2025-10-01;4;
1084;Hovedstaden;2025-10-02;6;
1082;Midtjylland;2025-10-02;1;
1081;Nordjylland;2025-10-02;3;
1083;Syddanmark;2025-10-02;3;
1084;Hovedstaden;2025-10-03;7;
1082;Midtjylland;2025-10-03;1;
1081;Nordjylland;2025-10-03;1;
1085;Sjælland;2025-10-03;1;
1083;Syddanmark;2025-10-03;5;
1084;Hovedstaden;2025-10-04;7;
1082;Midtjylland;2025-10-04;2;
1081;Nordjylland;2025-10-04;1;
1085;Sjælland;2025-10-04;2;
1083;Syddanmark;2025-10-04;2;
1084;Hovedstaden;2025-10-05;8;
1081;Nordjylland;2025-10-05;5;
1085;Sjælland;2025-10-05;3;
1083;Syddanmark;2025-10-05;4;
1084;Hovedstaden;2025-10-06;5;
1082;Midtjylland;2025-10-06;3;
1081;Nordjylland;2025-10-06;4;
1085;Sjælland;2025-10-06;3;
1083;Syddanmark;2025-10-06;7;
1084;Hovedstaden;2025-10-07;11;
1082;Midtjylland;2025-10-07;3;
1081;Nordjylland;2025-10-07;1;
1085;Sjælland;2025-10-07;3;
1084;Hovedstaden;2025-10-08;6;
1085;Sjælland;2025-10-08;1;
1083;Syddanmark;2025-10-08;1;
1084;Hovedstaden;2025-10-09;5;
1082;Midtjylland;2025-10-09;4;
1081;Nordjylland;2025-10-09;1;
1085;Sjælland;2025-10-09;2;
1083;Syddanmark;2025-10-09;5;
1084;Hovedstaden;2025-10-10;3;
1082;Midtjylland;2025-10-10;1;
1081;Nordjylland;2025-10-10;2;
1084;Hovedstaden;2025-10-11;7;
1082;Midtjylland;2025-10-11;1;
1081;Nordjylland;2025-10-11;3;
1085;Sjælland;2025-10-11;2;
1083;Syddanmark;2025-10-11;4;
1084;Hovedstaden;2025-10-12;9;
1082;Midtjylland;2025-10-12;1;
1081;Nordjylland;2025-10-12;3;
1085;Sjælland;2025-10-12;1;
1083;Syddanmark;2025-10-12;2;
1084;Hovedstaden;2025-10-13;10;
1082;Midtjylland;2025-10-13;3;
1081;Nordjylland;2025-10-13;5;
1085;Sjælland;2025-10-13;2;
1083;Syddanmark;2025-10-13;6;
1084;Hovedstaden;2025-10-14;4;
1082;Midtjylland;2025-10-14;4;
1081;Nordjylland;2025-10-14;3;
1083;Syddanmark;2025-10-14;6;
1084;Hovedstaden;2025-10-15;7;
1082;Midtjylland;2025-10-15;3;
1085;Sjælland;2025-10-15;2;
1083;Syddanmark;2025-10-15;4;
1084;Hovedstaden;2025-10-16;9;
1082;Midtjylland;2025-10-16;2;
1081;Nordjylland;2025-10-16;1;
1085;Sjælland;2025-10-16;2;
1083;Syddanmark;2025-10-16;3;
1084;Hovedstaden;2025-10-17;4;
1082;Midtjylland;2025-10-17;2;
1081;Nordjylland;2025-10-17;4;
1083;Syddanmark;2025-10-17;7;
1084;Hovedstaden;2025-10-18;4;
1082;Midtjylland;2025-10-18;1;
1081;Nordjylland;2025-10-18;1;
1085;Sjælland;2025-10-18;3;
1083;Syddanmark;2025-10-18;2;
1084;Hovedstaden;2025-10-19;5;
1082;Midtjylland;2025-10-19;1;
1081;Nordjylland;2025-10-19;3;
1083;Syddanmark;2025-10-19;1;
