"Regionskode";"Region";"Dato";"Bekræftede tilfælde i alt";"timestamp_2025-10-21T10:00:08.562"
1085;Sjælland;2020-02-26;1;
1084;Hovedstaden;2020-02-27;1;
1082;Midtjylland;2020-02-28;1;
1084;Hovedstaden;2020-03-01;1;
1084;Hovedstaden;2020-03-02;2;
1085;Sjælland;2020-03-02;1;
1083;Syddanmark;2020-03-02;1;
1084;Hovedstaden;2020-03-03;4;
1084;Hovedstaden;2020-03-04;2;
1085;Sjælland;2020-03-04;1;
1084;Hovedstaden;2020-03-05;10;
1081;Nordjylland;2020-03-06;1;
1085;Sjælland;2020-03-06;1;
1084;Hovedstaden;2020-03-07;8;
1082;Midtjylland;2020-03-07;1;
1084;Hovedstaden;2020-03-08;12;
1082;Midtjylland;2020-03-08;22;
1081;Nordjylland;2020-03-08;1;
1085;Sjælland;2020-03-08;4;
1083;Syddanmark;2020-03-08;8;
1084;Hovedstaden;2020-03-09;68;
1082;Midtjylland;2020-03-09;43;
1081;Nordjylland;2020-03-09;8;
1085;Sjælland;2020-03-09;35;
1083;Syddanmark;2020-03-09;49;
1084;Hovedstaden;2020-03-10;114;
1082;Midtjylland;2020-03-10;72;
1081;Nordjylland;2020-03-10;13;
1085;Sjælland;2020-03-10;27;
1083;Syddanmark;2020-03-10;27;
1084;Hovedstaden;2020-03-11;86;
1082;Midtjylland;2020-03-11;25;
1081;Nordjylland;2020-03-11;23;
1085;Sjælland;2020-03-11;27;
1083;Syddanmark;2020-03-11;42;
1084;Hovedstaden;2020-03-12;18;
1082;Midtjylland;2020-03-12;8;
1081;Nordjylland;2020-03-12;1;
1085;Sjælland;2020-03-12;6;
1083;Syddanmark;2020-03-12;8;
1084;Hovedstaden;2020-03-13;21;
1082;Midtjylland;2020-03-13;7;
1081;Nordjylland;2020-03-13;1;
1085;Sjælland;2020-03-13;3;
1083;Syddanmark;2020-03-13;1;
1084;Hovedstaden;2020-03-14;16;
1082;Midtjylland;2020-03-14;6;
1081;Nordjylland;2020-03-14;3;
1085;Sjælland;2020-03-14;7;
1083;Syddanmark;2020-03-14;5;
1084;Hovedstaden;2020-03-15;25;
1082;Midtjylland;2020-03-15;4;
1081;Nordjylland;2020-03-15;3;
1085;Sjælland;2020-03-15;10;
1083;Syddanmark;2020-03-15;3;
1084;Hovedstaden;2020-03-16;50;
1082;Midtjylland;2020-03-16;2;
1081;Nordjylland;2020-03-16;1;
1085;Sjælland;2020-03-16;15;
1083;Syddanmark;2020-03-16;6;
1084;Hovedstaden;2020-03-17;49;
1082;Midtjylland;2020-03-17;7;
1081;Nordjylland;2020-03-17;4;
1085;Sjælland;2020-03-17;10;
1083;Syddanmark;2020-03-17;6;
1084;Hovedstaden;2020-03-18;48;
1082;Midtjylland;2020-03-18;11;
1081;Nordjylland;2020-03-18;6;
1085;Sjælland;2020-03-18;14;
1083;Syddanmark;2020-03-18;4;
1084;Hovedstaden;2020-03-19;55;
1082;Midtjylland;2020-03-19;23;
1081;Nordjylland;2020-03-19;5;
1085;Sjælland;2020-03-19;6;
1083;Syddanmark;2020-03-19;16;
1084;Hovedstaden;2020-03-20;55;
1082;Midtjylland;2020-03-20;9;
1081;Nordjylland;2020-03-20;5;
1085;Sjælland;2020-03-20;19;
1083;Syddanmark;2020-03-20;14;
1084;Hovedstaden;2020-03-21;27;
1082;Midtjylland;2020-03-21;5;
1081;Nordjylland;2020-03-21;1;
1085;Sjælland;2020-03-21;8;
1083;Syddanmark;2020-03-21;6;
1084;Hovedstaden;2020-03-22;35;
1082;Midtjylland;2020-03-22;9;
1081;Nordjylland;2020-03-22;2;
1085;Sjælland;2020-03-22;11;
1083;Syddanmark;2020-03-22;5;
1084;Hovedstaden;2020-03-23;72;
1082;Midtjylland;2020-03-23;21;
1081;Nordjylland;2020-03-23;10;
1085;Sjælland;2020-03-23;17;
1083;Syddanmark;2020-03-23;11;
1084;Hovedstaden;2020-03-24;74;
1082;Midtjylland;2020-03-24;16;
1081;Nordjylland;2020-03-24;7;
1085;Sjælland;2020-03-24;17;
1083;Syddanmark;2020-03-24;23;
1084;Hovedstaden;2020-03-25;71;
1082;Midtjylland;2020-03-25;22;
1081;Nordjylland;2020-03-25;8;
1085;Sjælland;2020-03-25;29;
1083;Syddanmark;2020-03-25;19;
1084;Hovedstaden;2020-03-26;89;
1082;Midtjylland;2020-03-26;27;
1081;Nordjylland;2020-03-26;12;
1085;Sjælland;2020-03-26;18;
1083;Syddanmark;2020-03-26;23;
1084;Hovedstaden;2020-03-27;120;
1082;Midtjylland;2020-03-27;25;
1081;Nordjylland;2020-03-27;9;
1085;Sjælland;2020-03-27;27;
1083;Syddanmark;2020-03-27;31;
1084;Hovedstaden;2020-03-28;119;
1082;Midtjylland;2020-03-28;20;
1081;Nordjylland;2020-03-28;11;
1085;Sjælland;2020-03-28;24;
1083;Syddanmark;2020-03-28;23;
1084;Hovedstaden;2020-03-29;82;
1082;Midtjylland;2020-03-29;8;
1081;Nordjylland;2020-03-29;9;
1085;Sjælland;2020-03-29;15;
1083;Syddanmark;2020-03-29;12;
1084;Hovedstaden;2020-03-30;160;
1082;Midtjylland;2020-03-30;41;
1081;Nordjylland;2020-03-30;11;
1085;Sjælland;2020-03-30;56;
1083;Syddanmark;2020-03-30;40;
1084;Hovedstaden;2020-03-31;121;
1082;Midtjylland;2020-03-31;50;
1081;Nordjylland;2020-03-31;18;
1085;Sjælland;2020-03-31;38;
1083;Syddanmark;2020-03-31;23;
1084;Hovedstaden;2020-04-01;140;
1082;Midtjylland;2020-04-01;54;
1081;Nordjylland;2020-04-01;16;
1085;Sjælland;2020-04-01;33;
1083;Syddanmark;2020-04-01;36;
1084;Hovedstaden;2020-04-02;185;
1082;Midtjylland;2020-04-02;47;
1081;Nordjylland;2020-04-02;25;
1085;Sjælland;2020-04-02;65;
1083;Syddanmark;2020-04-02;52;
1084;Hovedstaden;2020-04-03;257;
1082;Midtjylland;2020-04-03;69;
1081;Nordjylland;2020-04-03;28;
1085;Sjælland;2020-04-03;51;
1083;Syddanmark;2020-04-03;61;
1084;Hovedstaden;2020-04-04;211;
1082;Midtjylland;2020-04-04;30;
1081;Nordjylland;2020-04-04;8;
1085;Sjælland;2020-04-04;26;
1083;Syddanmark;2020-04-04;14;
1084;Hovedstaden;2020-04-05;101;
1082;Midtjylland;2020-04-05;20;
1081;Nordjylland;2020-04-05;5;
1085;Sjælland;2020-04-05;18;
1083;Syddanmark;2020-04-05;12;
1084;Hovedstaden;2020-04-06;217;
1082;Midtjylland;2020-04-06;70;
1081;Nordjylland;2020-04-06;21;
1085;Sjælland;2020-04-06;63;
1083;Syddanmark;2020-04-06;46;
1084;Hovedstaden;2020-04-07;181;
1082;Midtjylland;2020-04-07;66;
1081;Nordjylland;2020-04-07;9;
1085;Sjælland;2020-04-07;51;
1083;Syddanmark;2020-04-07;35;
1084;Hovedstaden;2020-04-08;166;
1082;Midtjylland;2020-04-08;50;
1081;Nordjylland;2020-04-08;7;
1085;Sjælland;2020-04-08;52;
1083;Syddanmark;2020-04-08;19;
1084;Hovedstaden;2020-04-09;73;
1082;Midtjylland;2020-04-09;23;
1081;Nordjylland;2020-04-09;8;
1085;Sjælland;2020-04-09;19;
1083;Syddanmark;2020-04-09;11;
1084;Hovedstaden;2020-04-10;88;
1082;Midtjylland;2020-04-10;17;
1081;Nordjylland;2020-04-10;7;
1085;Sjælland;2020-04-10;21;
1083;Syddanmark;2020-04-10;7;
1084;Hovedstaden;2020-04-11;74;
1082;Midtjylland;2020-04-11;33;
1081;Nordjylland;2020-04-11;2;
1085;Sjælland;2020-04-11;15;
1083;Syddanmark;2020-04-11;14;
1084;Hovedstaden;2020-04-12;94;
1082;Midtjylland;2020-04-12;21;
1081;Nordjylland;2020-04-12;8;
1085;Sjælland;2020-04-12;19;
1083;Syddanmark;2020-04-12;13;
1084;Hovedstaden;2020-04-13;95;
1082;Midtjylland;2020-04-13;31;
1081;Nordjylland;2020-04-13;5;
1085;Sjælland;2020-04-13;18;
1083;Syddanmark;2020-04-13;6;
1084;Hovedstaden;2020-04-14;133;
1082;Midtjylland;2020-04-14;45;
1081;Nordjylland;2020-04-14;2;
1085;Sjælland;2020-04-14;50;
1083;Syddanmark;2020-04-14;25;
1084;Hovedstaden;2020-04-15;118;
1082;Midtjylland;2020-04-15;26;
1081;Nordjylland;2020-04-15;8;
1085;Sjælland;2020-04-15;30;
1083;Syddanmark;2020-04-15;14;
1084;Hovedstaden;2020-04-16;89;
1082;Midtjylland;2020-04-16;42;
1081;Nordjylland;2020-04-16;5;
1085;Sjælland;2020-04-16;24;
1083;Syddanmark;2020-04-16;17;
1084;Hovedstaden;2020-04-17;88;
1082;Midtjylland;2020-04-17;23;
1081;Nordjylland;2020-04-17;4;
1085;Sjælland;2020-04-17;43;
1083;Syddanmark;2020-04-17;10;
1084;Hovedstaden;2020-04-18;58;
1082;Midtjylland;2020-04-18;17;
1081;Nordjylland;2020-04-18;2;
1085;Sjælland;2020-04-18;22;
1083;Syddanmark;2020-04-18;3;
1084;Hovedstaden;2020-04-19;60;
1082;Midtjylland;2020-04-19;15;
1081;Nordjylland;2020-04-19;2;
1085;Sjælland;2020-04-19;29;
1083;Syddanmark;2020-04-19;4;
1084;Hovedstaden;2020-04-20;137;
1082;Midtjylland;2020-04-20;26;
1081;Nordjylland;2020-04-20;6;
1085;Sjælland;2020-04-20;36;
1083;Syddanmark;2020-04-20;6;
1084;Hovedstaden;2020-04-21;119;
1082;Midtjylland;2020-04-21;18;
1081;Nordjylland;2020-04-21;5;
1085;Sjælland;2020-04-21;45;
1083;Syddanmark;2020-04-21;12;
1084;Hovedstaden;2020-04-22;153;
1082;Midtjylland;2020-04-22;31;
1081;Nordjylland;2020-04-22;5;
1085;Sjælland;2020-04-22;34;
1083;Syddanmark;2020-04-22;2;
1084;Hovedstaden;2020-04-23;135;
1082;Midtjylland;2020-04-23;31;
1081;Nordjylland;2020-04-23;3;
1085;Sjælland;2020-04-23;50;
1083;Syddanmark;2020-04-23;8;
1084;Hovedstaden;2020-04-24;95;
1082;Midtjylland;2020-04-24;26;
1081;Nordjylland;2020-04-24;2;
1085;Sjælland;2020-04-24;35;
1083;Syddanmark;2020-04-24;5;
1084;Hovedstaden;2020-04-25;67;
1082;Midtjylland;2020-04-25;29;
1081;Nordjylland;2020-04-25;5;
1085;Sjælland;2020-04-25;23;
1083;Syddanmark;2020-04-25;8;
1084;Hovedstaden;2020-04-26;75;
1082;Midtjylland;2020-04-26;15;
1081;Nordjylland;2020-04-26;4;
1085;Sjælland;2020-04-26;17;
1083;Syddanmark;2020-04-26;7;
1084;Hovedstaden;2020-04-27;128;
1082;Midtjylland;2020-04-27;18;
1081;Nordjylland;2020-04-27;5;
1085;Sjælland;2020-04-27;61;
1083;Syddanmark;2020-04-27;4;
1084;Hovedstaden;2020-04-28;83;
1082;Midtjylland;2020-04-28;24;
1085;Sjælland;2020-04-28;29;
1084;Hovedstaden;2020-04-29;92;
1082;Midtjylland;2020-04-29;17;
1081;Nordjylland;2020-04-29;3;
1085;Sjælland;2020-04-29;21;
1083;Syddanmark;2020-04-29;6;
1084;Hovedstaden;2020-04-30;95;
1082;Midtjylland;2020-04-30;13;
1081;Nordjylland;2020-04-30;5;
1085;Sjælland;2020-04-30;31;
1083;Syddanmark;2020-04-30;2;
1084;Hovedstaden;2020-05-01;82;
1082;Midtjylland;2020-05-01;16;
1081;Nordjylland;2020-05-01;19;
1085;Sjælland;2020-05-01;25;
1083;Syddanmark;2020-05-01;5;
1084;Hovedstaden;2020-05-02;55;
1082;Midtjylland;2020-05-02;20;
1081;Nordjylland;2020-05-02;2;
1085;Sjælland;2020-05-02;29;
1083;Syddanmark;2020-05-02;6;
1084;Hovedstaden;2020-05-03;50;
1082;Midtjylland;2020-05-03;7;
1081;Nordjylland;2020-05-03;2;
1085;Sjælland;2020-05-03;11;
1083;Syddanmark;2020-05-03;5;
1084;Hovedstaden;2020-05-04;77;
1082;Midtjylland;2020-05-04;8;
1085;Sjælland;2020-05-04;29;
1083;Syddanmark;2020-05-04;4;
1084;Hovedstaden;2020-05-05;71;
1082;Midtjylland;2020-05-05;8;
1081;Nordjylland;2020-05-05;2;
1085;Sjælland;2020-05-05;34;
1083;Syddanmark;2020-05-05;5;
1084;Hovedstaden;2020-05-06;81;
1082;Midtjylland;2020-05-06;6;
1085;Sjælland;2020-05-06;15;
1083;Syddanmark;2020-05-06;2;
1084;Hovedstaden;2020-05-07;75;
1082;Midtjylland;2020-05-07;10;
1081;Nordjylland;2020-05-07;1;
1085;Sjælland;2020-05-07;32;
1083;Syddanmark;2020-05-07;3;
1084;Hovedstaden;2020-05-08;51;
1082;Midtjylland;2020-05-08;5;
1085;Sjælland;2020-05-08;9;
1083;Syddanmark;2020-05-08;3;
1084;Hovedstaden;2020-05-09;48;
1082;Midtjylland;2020-05-09;4;
1081;Nordjylland;2020-05-09;1;
1085;Sjælland;2020-05-09;11;
1084;Hovedstaden;2020-05-10;38;
1082;Midtjylland;2020-05-10;3;
1081;Nordjylland;2020-05-10;4;
1085;Sjælland;2020-05-10;7;
1083;Syddanmark;2020-05-10;4;
1084;Hovedstaden;2020-05-11;49;
1082;Midtjylland;2020-05-11;3;
1081;Nordjylland;2020-05-11;1;
1085;Sjælland;2020-05-11;12;
1083;Syddanmark;2020-05-11;12;
1084;Hovedstaden;2020-05-12;35;
1082;Midtjylland;2020-05-12;1;
1081;Nordjylland;2020-05-12;1;
1085;Sjælland;2020-05-12;10;
1083;Syddanmark;2020-05-12;9;
1084;Hovedstaden;2020-05-13;41;
1082;Midtjylland;2020-05-13;4;
1081;Nordjylland;2020-05-13;1;
1085;Sjælland;2020-05-13;12;
1083;Syddanmark;2020-05-13;5;
1084;Hovedstaden;2020-05-14;35;
1082;Midtjylland;2020-05-14;4;
1085;Sjælland;2020-05-14;14;
1083;Syddanmark;2020-05-14;8;
1084;Hovedstaden;2020-05-15;57;
1082;Midtjylland;2020-05-15;4;
1081;Nordjylland;2020-05-15;1;
1085;Sjælland;2020-05-15;14;
1083;Syddanmark;2020-05-15;11;
1084;Hovedstaden;2020-05-16;18;
1082;Midtjylland;2020-05-16;4;
1081;Nordjylland;2020-05-16;1;
1085;Sjælland;2020-05-16;8;
1083;Syddanmark;2020-05-16;3;
1084;Hovedstaden;2020-05-17;31;
1082;Midtjylland;2020-05-17;8;
1085;Sjælland;2020-05-17;7;
1083;Syddanmark;2020-05-17;4;
1084;Hovedstaden;2020-05-18;54;
1082;Midtjylland;2020-05-18;7;
1081;Nordjylland;2020-05-18;1;
1085;Sjælland;2020-05-18;8;
1083;Syddanmark;2020-05-18;10;
1084;Hovedstaden;2020-05-19;41;
1082;Midtjylland;2020-05-19;5;
1081;Nordjylland;2020-05-19;2;
1085;Sjælland;2020-05-19;7;
1083;Syddanmark;2020-05-19;4;
1084;Hovedstaden;2020-05-20;52;
1081;Nordjylland;2020-05-20;1;
1085;Sjælland;2020-05-20;12;
1083;Syddanmark;2020-05-20;3;
1084;Hovedstaden;2020-05-21;24;
1082;Midtjylland;2020-05-21;1;
1085;Sjælland;2020-05-21;5;
1084;Hovedstaden;2020-05-22;47;
1082;Midtjylland;2020-05-22;3;
1081;Nordjylland;2020-05-22;2;
1085;Sjælland;2020-05-22;14;
1083;Syddanmark;2020-05-22;4;
1084;Hovedstaden;2020-05-23;30;
1082;Midtjylland;2020-05-23;3;
1085;Sjælland;2020-05-23;4;
1084;Hovedstaden;2020-05-24;28;
1085;Sjælland;2020-05-24;5;
1083;Syddanmark;2020-05-24;2;
1084;Hovedstaden;2020-05-25;43;
1082;Midtjylland;2020-05-25;1;
1081;Nordjylland;2020-05-25;1;
1085;Sjælland;2020-05-25;5;
1083;Syddanmark;2020-05-25;2;
1084;Hovedstaden;2020-05-26;46;
1082;Midtjylland;2020-05-26;2;
1081;Nordjylland;2020-05-26;2;
1085;Sjælland;2020-05-26;7;
1083;Syddanmark;2020-05-26;5;
1084;Hovedstaden;2020-05-27;42;
1082;Midtjylland;2020-05-27;2;
1085;Sjælland;2020-05-27;8;
1084;Hovedstaden;2020-05-28;28;
1085;Sjælland;2020-05-28;7;
1083;Syddanmark;2020-05-28;2;
1084;Hovedstaden;2020-05-29;28;
1085;Sjælland;2020-05-29;11;
1083;Syddanmark;2020-05-29;3;
1084;Hovedstaden;2020-05-30;23;
1085;Sjælland;2020-05-30;9;
1083;Syddanmark;2020-05-30;1;
1084;Hovedstaden;2020-05-31;16;
1085;Sjælland;2020-05-31;6;
1084;Hovedstaden;2020-06-01;21;
1082;Midtjylland;2020-06-01;2;
1085;Sjælland;2020-06-01;8;
1083;Syddanmark;2020-06-01;2;
1084;Hovedstaden;2020-06-02;32;
1082;Midtjylland;2020-06-02;3;
1085;Sjælland;2020-06-02;16;
1083;Syddanmark;2020-06-02;4;
1084;Hovedstaden;2020-06-03;33;
1085;Sjælland;2020-06-03;18;
1083;Syddanmark;2020-06-03;1;
1084;Hovedstaden;2020-06-04;26;
1082;Midtjylland;2020-06-04;3;
1085;Sjælland;2020-06-04;6;
1083;Syddanmark;2020-06-04;5;
1084;Hovedstaden;2020-06-05;29;
1085;Sjælland;2020-06-05;4;
1083;Syddanmark;2020-06-05;1;
1084;Hovedstaden;2020-06-06;11;
1082;Midtjylland;2020-06-06;1;
1085;Sjælland;2020-06-06;2;
1083;Syddanmark;2020-06-06;1;
1084;Hovedstaden;2020-06-07;14;
1084;Hovedstaden;2020-06-08;29;
1082;Midtjylland;2020-06-08;4;
1081;Nordjylland;2020-06-08;1;
1085;Sjælland;2020-06-08;2;
1083;Syddanmark;2020-06-08;8;
1084;Hovedstaden;2020-06-09;22;
1082;Midtjylland;2020-06-09;2;
1085;Sjælland;2020-06-09;4;
1083;Syddanmark;2020-06-09;3;
1084;Hovedstaden;2020-06-10;20;
1082;Midtjylland;2020-06-10;2;
1081;Nordjylland;2020-06-10;9;
1085;Sjælland;2020-06-10;7;
1083;Syddanmark;2020-06-10;1;
1084;Hovedstaden;2020-06-11;36;
1082;Midtjylland;2020-06-11;1;
1081;Nordjylland;2020-06-11;2;
1085;Sjælland;2020-06-11;9;
1084;Hovedstaden;2020-06-12;26;
1082;Midtjylland;2020-06-12;3;
1081;Nordjylland;2020-06-12;25;
1085;Sjælland;2020-06-12;4;
1083;Syddanmark;2020-06-12;1;
1084;Hovedstaden;2020-06-13;20;
1082;Midtjylland;2020-06-13;2;
1085;Sjælland;2020-06-13;6;
1084;Hovedstaden;2020-06-14;10;
1082;Midtjylland;2020-06-14;1;
1081;Nordjylland;2020-06-14;8;
1085;Sjælland;2020-06-14;2;
1084;Hovedstaden;2020-06-15;32;
1082;Midtjylland;2020-06-15;1;
1081;Nordjylland;2020-06-15;3;
1085;Sjælland;2020-06-15;4;
1084;Hovedstaden;2020-06-16;25;
1082;Midtjylland;2020-06-16;5;
1081;Nordjylland;2020-06-16;7;
1085;Sjælland;2020-06-16;8;
1083;Syddanmark;2020-06-16;1;
1084;Hovedstaden;2020-06-17;41;
1082;Midtjylland;2020-06-17;3;
1081;Nordjylland;2020-06-17;16;
1085;Sjælland;2020-06-17;12;
1083;Syddanmark;2020-06-17;2;
1084;Hovedstaden;2020-06-18;37;
1082;Midtjylland;2020-06-18;2;
1081;Nordjylland;2020-06-18;2;
1085;Sjælland;2020-06-18;6;
1083;Syddanmark;2020-06-18;1;
1084;Hovedstaden;2020-06-19;24;
1082;Midtjylland;2020-06-19;2;
1081;Nordjylland;2020-06-19;1;
1085;Sjælland;2020-06-19;15;
1084;Hovedstaden;2020-06-20;31;
1082;Midtjylland;2020-06-20;2;
1081;Nordjylland;2020-06-20;2;
1085;Sjælland;2020-06-20;4;
1084;Hovedstaden;2020-06-21;26;
1082;Midtjylland;2020-06-21;1;
1081;Nordjylland;2020-06-21;3;
1085;Sjælland;2020-06-21;1;
1083;Syddanmark;2020-06-21;2;
1084;Hovedstaden;2020-06-22;39;
1081;Nordjylland;2020-06-22;3;
1085;Sjælland;2020-06-22;3;
1084;Hovedstaden;2020-06-23;8;
1082;Midtjylland;2020-06-23;4;
1081;Nordjylland;2020-06-23;4;
1085;Sjælland;2020-06-23;1;
1083;Syddanmark;2020-06-23;2;
1084;Hovedstaden;2020-06-24;15;
1082;Midtjylland;2020-06-24;3;
1081;Nordjylland;2020-06-24;17;
1085;Sjælland;2020-06-24;5;
1083;Syddanmark;2020-06-24;5;
1084;Hovedstaden;2020-06-25;18;
1082;Midtjylland;2020-06-25;5;
1081;Nordjylland;2020-06-25;5;
1085;Sjælland;2020-06-25;1;
1083;Syddanmark;2020-06-25;1;
1084;Hovedstaden;2020-06-26;13;
1082;Midtjylland;2020-06-26;3;
1081;Nordjylland;2020-06-26;2;
1085;Sjælland;2020-06-26;2;
1083;Syddanmark;2020-06-26;1;
1084;Hovedstaden;2020-06-27;7;
1082;Midtjylland;2020-06-27;3;
1081;Nordjylland;2020-06-27;9;
1084;Hovedstaden;2020-06-28;5;
1082;Midtjylland;2020-06-28;4;
1081;Nordjylland;2020-06-28;1;
1083;Syddanmark;2020-06-28;1;
1084;Hovedstaden;2020-06-29;20;
1082;Midtjylland;2020-06-29;1;
1081;Nordjylland;2020-06-29;2;
1085;Sjælland;2020-06-29;2;
1083;Syddanmark;2020-06-29;2;
1084;Hovedstaden;2020-06-30;11;
1082;Midtjylland;2020-06-30;2;
1081;Nordjylland;2020-06-30;6;
1085;Sjælland;2020-06-30;5;
1083;Syddanmark;2020-06-30;1;
1084;Hovedstaden;2020-07-01;6;
1082;Midtjylland;2020-07-01;2;
1081;Nordjylland;2020-07-01;2;
1084;Hovedstaden;2020-07-02;14;
1082;Midtjylland;2020-07-02;1;
1084;Hovedstaden;2020-07-03;12;
1082;Midtjylland;2020-07-03;1;
1081;Nordjylland;2020-07-03;5;
1085;Sjælland;2020-07-03;1;
1084;Hovedstaden;2020-07-04;9;
1082;Midtjylland;2020-07-04;1;
1081;Nordjylland;2020-07-04;1;
1083;Syddanmark;2020-07-04;2;
1084;Hovedstaden;2020-07-05;10;
1082;Midtjylland;2020-07-05;1;
1081;Nordjylland;2020-07-05;1;
1083;Syddanmark;2020-07-05;1;
1084;Hovedstaden;2020-07-06;6;
1081;Nordjylland;2020-07-06;2;
1085;Sjælland;2020-07-06;2;
1083;Syddanmark;2020-07-06;1;
1084;Hovedstaden;2020-07-07;9;
1082;Midtjylland;2020-07-07;1;
1081;Nordjylland;2020-07-07;2;
1083;Syddanmark;2020-07-07;1;
1084;Hovedstaden;2020-07-08;19;
1082;Midtjylland;2020-07-08;1;
1081;Nordjylland;2020-07-08;3;
1085;Sjælland;2020-07-08;3;
1083;Syddanmark;2020-07-08;1;
1084;Hovedstaden;2020-07-09;22;
1082;Midtjylland;2020-07-09;4;
1081;Nordjylland;2020-07-09;6;
1085;Sjælland;2020-07-09;9;
1084;Hovedstaden;2020-07-10;23;
1081;Nordjylland;2020-07-10;3;
1085;Sjælland;2020-07-10;4;
1083;Syddanmark;2020-07-10;3;
1084;Hovedstaden;2020-07-11;20;
1085;Sjælland;2020-07-11;2;
1083;Syddanmark;2020-07-11;2;
1084;Hovedstaden;2020-07-12;15;
1082;Midtjylland;2020-07-12;1;
1081;Nordjylland;2020-07-12;2;
1085;Sjælland;2020-07-12;5;
1084;Hovedstaden;2020-07-13;16;
1082;Midtjylland;2020-07-13;6;
1085;Sjælland;2020-07-13;9;
1083;Syddanmark;2020-07-13;2;
1084;Hovedstaden;2020-07-14;20;
1082;Midtjylland;2020-07-14;4;
1081;Nordjylland;2020-07-14;1;
1085;Sjælland;2020-07-14;5;
1083;Syddanmark;2020-07-14;4;
1084;Hovedstaden;2020-07-15;33;
1082;Midtjylland;2020-07-15;3;
1081;Nordjylland;2020-07-15;2;
1085;Sjælland;2020-07-15;4;
1083;Syddanmark;2020-07-15;2;
1084;Hovedstaden;2020-07-16;33;
1082;Midtjylland;2020-07-16;5;
1085;Sjælland;2020-07-16;9;
1083;Syddanmark;2020-07-16;5;
1084;Hovedstaden;2020-07-17;19;
1082;Midtjylland;2020-07-17;1;
1081;Nordjylland;2020-07-17;3;
1085;Sjælland;2020-07-17;10;
1084;Hovedstaden;2020-07-18;30;
1085;Sjælland;2020-07-18;13;
1084;Hovedstaden;2020-07-19;18;
1082;Midtjylland;2020-07-19;1;
1081;Nordjylland;2020-07-19;2;
1085;Sjælland;2020-07-19;7;
1084;Hovedstaden;2020-07-20;22;
1082;Midtjylland;2020-07-20;3;
1085;Sjælland;2020-07-20;7;
1083;Syddanmark;2020-07-20;1;
1084;Hovedstaden;2020-07-21;27;
1082;Midtjylland;2020-07-21;2;
1081;Nordjylland;2020-07-21;3;
1085;Sjælland;2020-07-21;4;
1084;Hovedstaden;2020-07-22;22;
1081;Nordjylland;2020-07-22;4;
1085;Sjælland;2020-07-22;7;
1083;Syddanmark;2020-07-22;2;
1084;Hovedstaden;2020-07-23;37;
1082;Midtjylland;2020-07-23;2;
1081;Nordjylland;2020-07-23;3;
1085;Sjælland;2020-07-23;5;
1083;Syddanmark;2020-07-23;5;
1084;Hovedstaden;2020-07-24;21;
1082;Midtjylland;2020-07-24;8;
1081;Nordjylland;2020-07-24;1;
1085;Sjælland;2020-07-24;2;
1083;Syddanmark;2020-07-24;4;
1084;Hovedstaden;2020-07-25;9;
1082;Midtjylland;2020-07-25;5;
1081;Nordjylland;2020-07-25;1;
1085;Sjælland;2020-07-25;9;
1083;Syddanmark;2020-07-25;3;
1084;Hovedstaden;2020-07-26;13;
1082;Midtjylland;2020-07-26;4;
1081;Nordjylland;2020-07-26;1;
1085;Sjælland;2020-07-26;2;
1083;Syddanmark;2020-07-26;4;
1084;Hovedstaden;2020-07-27;23;
1082;Midtjylland;2020-07-27;6;
1081;Nordjylland;2020-07-27;2;
1085;Sjælland;2020-07-27;22;
1083;Syddanmark;2020-07-27;10;
1084;Hovedstaden;2020-07-28;29;
1082;Midtjylland;2020-07-28;12;
1081;Nordjylland;2020-07-28;4;
1085;Sjælland;2020-07-28;26;
1083;Syddanmark;2020-07-28;5;
1084;Hovedstaden;2020-07-29;23;
1082;Midtjylland;2020-07-29;10;
1081;Nordjylland;2020-07-29;5;
1085;Sjælland;2020-07-29;13;
1083;Syddanmark;2020-07-29;9;
1084;Hovedstaden;2020-07-30;26;
1082;Midtjylland;2020-07-30;21;
1081;Nordjylland;2020-07-30;4;
1085;Sjælland;2020-07-30;26;
1083;Syddanmark;2020-07-30;7;
1084;Hovedstaden;2020-07-31;13;
1082;Midtjylland;2020-07-31;18;
1081;Nordjylland;2020-07-31;3;
1085;Sjælland;2020-07-31;13;
1083;Syddanmark;2020-07-31;10;
1084;Hovedstaden;2020-08-01;11;
1082;Midtjylland;2020-08-01;30;
1081;Nordjylland;2020-08-01;4;
1085;Sjælland;2020-08-01;14;
1083;Syddanmark;2020-08-01;6;
1084;Hovedstaden;2020-08-02;21;
1082;Midtjylland;2020-08-02;39;
1081;Nordjylland;2020-08-02;6;
1085;Sjælland;2020-08-02;9;
1083;Syddanmark;2020-08-02;3;
1084;Hovedstaden;2020-08-03;21;
1082;Midtjylland;2020-08-03;53;
1081;Nordjylland;2020-08-03;5;
1085;Sjælland;2020-08-03;29;
1083;Syddanmark;2020-08-03;9;
1084;Hovedstaden;2020-08-04;25;
1082;Midtjylland;2020-08-04;59;
1081;Nordjylland;2020-08-04;4;
1085;Sjælland;2020-08-04;21;
1083;Syddanmark;2020-08-04;12;
1084;Hovedstaden;2020-08-05;29;
1082;Midtjylland;2020-08-05;66;
1081;Nordjylland;2020-08-05;4;
1085;Sjælland;2020-08-05;8;
1083;Syddanmark;2020-08-05;9;
1084;Hovedstaden;2020-08-06;35;
1082;Midtjylland;2020-08-06;86;
1081;Nordjylland;2020-08-06;4;
1085;Sjælland;2020-08-06;32;
1083;Syddanmark;2020-08-06;14;
1084;Hovedstaden;2020-08-07;20;
1082;Midtjylland;2020-08-07;106;
1081;Nordjylland;2020-08-07;4;
1085;Sjælland;2020-08-07;7;
1083;Syddanmark;2020-08-07;4;
1084;Hovedstaden;2020-08-08;19;
1082;Midtjylland;2020-08-08;57;
1081;Nordjylland;2020-08-08;2;
1085;Sjælland;2020-08-08;8;
1083;Syddanmark;2020-08-08;3;
1084;Hovedstaden;2020-08-09;42;
1082;Midtjylland;2020-08-09;65;
1081;Nordjylland;2020-08-09;9;
1085;Sjælland;2020-08-09;4;
1083;Syddanmark;2020-08-09;10;
1084;Hovedstaden;2020-08-10;45;
1082;Midtjylland;2020-08-10;80;
1081;Nordjylland;2020-08-10;7;
1085;Sjælland;2020-08-10;10;
1083;Syddanmark;2020-08-10;12;
1084;Hovedstaden;2020-08-11;41;
1082;Midtjylland;2020-08-11;67;
1081;Nordjylland;2020-08-11;2;
1085;Sjælland;2020-08-11;18;
1083;Syddanmark;2020-08-11;9;
1084;Hovedstaden;2020-08-12;49;
1082;Midtjylland;2020-08-12;81;
1081;Nordjylland;2020-08-12;17;
1085;Sjælland;2020-08-12;5;
1083;Syddanmark;2020-08-12;8;
1084;Hovedstaden;2020-08-13;35;
1082;Midtjylland;2020-08-13;58;
1081;Nordjylland;2020-08-13;8;
1085;Sjælland;2020-08-13;2;
1083;Syddanmark;2020-08-13;12;
1084;Hovedstaden;2020-08-14;49;
1082;Midtjylland;2020-08-14;30;
1081;Nordjylland;2020-08-14;8;
1085;Sjælland;2020-08-14;14;
1083;Syddanmark;2020-08-14;10;
1084;Hovedstaden;2020-08-15;25;
1082;Midtjylland;2020-08-15;79;
1081;Nordjylland;2020-08-15;6;
1085;Sjælland;2020-08-15;6;
1083;Syddanmark;2020-08-15;11;
1084;Hovedstaden;2020-08-16;30;
1082;Midtjylland;2020-08-16;32;
1081;Nordjylland;2020-08-16;10;
1085;Sjælland;2020-08-16;7;
1083;Syddanmark;2020-08-16;11;
1084;Hovedstaden;2020-08-17;30;
1082;Midtjylland;2020-08-17;43;
1081;Nordjylland;2020-08-17;8;
1085;Sjælland;2020-08-17;6;
1083;Syddanmark;2020-08-17;10;
1084;Hovedstaden;2020-08-18;40;
1082;Midtjylland;2020-08-18;41;
1081;Nordjylland;2020-08-18;7;
1085;Sjælland;2020-08-18;14;
1083;Syddanmark;2020-08-18;10;
1084;Hovedstaden;2020-08-19;34;
1082;Midtjylland;2020-08-19;27;
1081;Nordjylland;2020-08-19;8;
1085;Sjælland;2020-08-19;4;
1083;Syddanmark;2020-08-19;13;
1084;Hovedstaden;2020-08-20;25;
1082;Midtjylland;2020-08-20;31;
1081;Nordjylland;2020-08-20;4;
1085;Sjælland;2020-08-20;11;
1083;Syddanmark;2020-08-20;11;
1084;Hovedstaden;2020-08-21;29;
1082;Midtjylland;2020-08-21;26;
1081;Nordjylland;2020-08-21;7;
1085;Sjælland;2020-08-21;5;
1083;Syddanmark;2020-08-21;15;
1084;Hovedstaden;2020-08-22;29;
1082;Midtjylland;2020-08-22;29;
1081;Nordjylland;2020-08-22;6;
1085;Sjælland;2020-08-22;5;
1083;Syddanmark;2020-08-22;19;
1084;Hovedstaden;2020-08-23;23;
1082;Midtjylland;2020-08-23;23;
1081;Nordjylland;2020-08-23;8;
1085;Sjælland;2020-08-23;4;
1083;Syddanmark;2020-08-23;15;
1084;Hovedstaden;2020-08-24;25;
1082;Midtjylland;2020-08-24;29;
1081;Nordjylland;2020-08-24;6;
1085;Sjælland;2020-08-24;6;
1083;Syddanmark;2020-08-24;6;
1084;Hovedstaden;2020-08-25;38;
1082;Midtjylland;2020-08-25;22;
1081;Nordjylland;2020-08-25;9;
1085;Sjælland;2020-08-25;4;
1083;Syddanmark;2020-08-25;10;
1084;Hovedstaden;2020-08-26;36;
1082;Midtjylland;2020-08-26;20;
1081;Nordjylland;2020-08-26;4;
1085;Sjælland;2020-08-26;10;
1083;Syddanmark;2020-08-26;10;
1084;Hovedstaden;2020-08-27;23;
1082;Midtjylland;2020-08-27;19;
1081;Nordjylland;2020-08-27;4;
1085;Sjælland;2020-08-27;7;
1083;Syddanmark;2020-08-27;15;
1084;Hovedstaden;2020-08-28;42;
1082;Midtjylland;2020-08-28;25;
1081;Nordjylland;2020-08-28;9;
1085;Sjælland;2020-08-28;9;
1083;Syddanmark;2020-08-28;22;
1084;Hovedstaden;2020-08-29;38;
1082;Midtjylland;2020-08-29;18;
1081;Nordjylland;2020-08-29;11;
1085;Sjælland;2020-08-29;2;
1083;Syddanmark;2020-08-29;14;
1084;Hovedstaden;2020-08-30;51;
1082;Midtjylland;2020-08-30;23;
1081;Nordjylland;2020-08-30;6;
1085;Sjælland;2020-08-30;5;
1083;Syddanmark;2020-08-30;19;
1084;Hovedstaden;2020-08-31;67;
1082;Midtjylland;2020-08-31;19;
1081;Nordjylland;2020-08-31;3;
1085;Sjælland;2020-08-31;9;
1083;Syddanmark;2020-08-31;22;
1084;Hovedstaden;2020-09-01;91;
1082;Midtjylland;2020-09-01;31;
1081;Nordjylland;2020-09-01;7;
1085;Sjælland;2020-09-01;16;
1083;Syddanmark;2020-09-01;51;
1084;Hovedstaden;2020-09-02;85;
1082;Midtjylland;2020-09-02;16;
1081;Nordjylland;2020-09-02;4;
1085;Sjælland;2020-09-02;14;
1083;Syddanmark;2020-09-02;36;
1084;Hovedstaden;2020-09-03;115;
1082;Midtjylland;2020-09-03;16;
1081;Nordjylland;2020-09-03;11;
1085;Sjælland;2020-09-03;15;
1083;Syddanmark;2020-09-03;35;
1084;Hovedstaden;2020-09-04;114;
1082;Midtjylland;2020-09-04;21;
1081;Nordjylland;2020-09-04;15;
1085;Sjælland;2020-09-04;23;
1083;Syddanmark;2020-09-04;26;
1084;Hovedstaden;2020-09-05;104;
1082;Midtjylland;2020-09-05;14;
1081;Nordjylland;2020-09-05;12;
1085;Sjælland;2020-09-05;17;
1083;Syddanmark;2020-09-05;52;
1084;Hovedstaden;2020-09-06;151;
1082;Midtjylland;2020-09-06;18;
1081;Nordjylland;2020-09-06;16;
1085;Sjælland;2020-09-06;18;
1083;Syddanmark;2020-09-06;19;
1084;Hovedstaden;2020-09-07;158;
1082;Midtjylland;2020-09-07;20;
1081;Nordjylland;2020-09-07;27;
1085;Sjælland;2020-09-07;66;
1083;Syddanmark;2020-09-07;24;
1084;Hovedstaden;2020-09-08;157;
1082;Midtjylland;2020-09-08;41;
1081;Nordjylland;2020-09-08;24;
1085;Sjælland;2020-09-08;50;
1083;Syddanmark;2020-09-08;55;
1084;Hovedstaden;2020-09-09;157;
1082;Midtjylland;2020-09-09;28;
1081;Nordjylland;2020-09-09;29;
1085;Sjælland;2020-09-09;24;
1083;Syddanmark;2020-09-09;55;
1084;Hovedstaden;2020-09-10;197;
1082;Midtjylland;2020-09-10;28;
1081;Nordjylland;2020-09-10;37;
1085;Sjælland;2020-09-10;50;
1083;Syddanmark;2020-09-10;55;
1084;Hovedstaden;2020-09-11;169;
1082;Midtjylland;2020-09-11;71;
1081;Nordjylland;2020-09-11;43;
1085;Sjælland;2020-09-11;21;
1083;Syddanmark;2020-09-11;42;
1084;Hovedstaden;2020-09-12;174;
1082;Midtjylland;2020-09-12;29;
1081;Nordjylland;2020-09-12;31;
1085;Sjælland;2020-09-12;23;
1083;Syddanmark;2020-09-12;44;
1084;Hovedstaden;2020-09-13;171;
1082;Midtjylland;2020-09-13;16;
1081;Nordjylland;2020-09-13;42;
1085;Sjælland;2020-09-13;17;
1083;Syddanmark;2020-09-13;52;
1084;Hovedstaden;2020-09-14;223;
1082;Midtjylland;2020-09-14;36;
1081;Nordjylland;2020-09-14;48;
1085;Sjælland;2020-09-14;31;
1083;Syddanmark;2020-09-14;43;
1084;Hovedstaden;2020-09-15;240;
1082;Midtjylland;2020-09-15;47;
1081;Nordjylland;2020-09-15;61;
1085;Sjælland;2020-09-15;37;
1083;Syddanmark;2020-09-15;50;
1084;Hovedstaden;2020-09-16;308;
1082;Midtjylland;2020-09-16;63;
1081;Nordjylland;2020-09-16;66;
1085;Sjælland;2020-09-16;47;
1083;Syddanmark;2020-09-16;68;
1084;Hovedstaden;2020-09-17;314;
1082;Midtjylland;2020-09-17;61;
1081;Nordjylland;2020-09-17;37;
1085;Sjælland;2020-09-17;44;
1083;Syddanmark;2020-09-17;62;
1084;Hovedstaden;2020-09-18;260;
1082;Midtjylland;2020-09-18;69;
1081;Nordjylland;2020-09-18;46;
1085;Sjælland;2020-09-18;48;
1083;Syddanmark;2020-09-18;52;
1084;Hovedstaden;2020-09-19;228;
1082;Midtjylland;2020-09-19;49;
1081;Nordjylland;2020-09-19;31;
1085;Sjælland;2020-09-19;48;
1083;Syddanmark;2020-09-19;60;
1084;Hovedstaden;2020-09-20;226;
1082;Midtjylland;2020-09-20;51;
1081;Nordjylland;2020-09-20;42;
1085;Sjælland;2020-09-20;46;
1083;Syddanmark;2020-09-20;42;
1084;Hovedstaden;2020-09-21;298;
1082;Midtjylland;2020-09-21;65;
1081;Nordjylland;2020-09-21;58;
1085;Sjælland;2020-09-21;56;
1083;Syddanmark;2020-09-21;58;
1084;Hovedstaden;2020-09-22;301;
1082;Midtjylland;2020-09-22;93;
1081;Nordjylland;2020-09-22;53;
1085;Sjælland;2020-09-22;68;
1083;Syddanmark;2020-09-22;72;
1084;Hovedstaden;2020-09-23;299;
1082;Midtjylland;2020-09-23;124;
1081;Nordjylland;2020-09-23;49;
1085;Sjælland;2020-09-23;96;
1083;Syddanmark;2020-09-23;84;
1084;Hovedstaden;2020-09-24;288;
1082;Midtjylland;2020-09-24;113;
1081;Nordjylland;2020-09-24;38;
1085;Sjælland;2020-09-24;80;
1083;Syddanmark;2020-09-24;80;
1084;Hovedstaden;2020-09-25;207;
1082;Midtjylland;2020-09-25;104;
1081;Nordjylland;2020-09-25;40;
1085;Sjælland;2020-09-25;65;
1083;Syddanmark;2020-09-25;72;
1084;Hovedstaden;2020-09-26;179;
1082;Midtjylland;2020-09-26;92;
1081;Nordjylland;2020-09-26;32;
1085;Sjælland;2020-09-26;54;
1083;Syddanmark;2020-09-26;38;
1084;Hovedstaden;2020-09-27;184;
1082;Midtjylland;2020-09-27;79;
1081;Nordjylland;2020-09-27;22;
1085;Sjælland;2020-09-27;39;
1083;Syddanmark;2020-09-27;34;
1084;Hovedstaden;2020-09-28;212;
1082;Midtjylland;2020-09-28;109;
1081;Nordjylland;2020-09-28;40;
1085;Sjælland;2020-09-28;63;
1083;Syddanmark;2020-09-28;59;
1084;Hovedstaden;2020-09-29;191;
1082;Midtjylland;2020-09-29;107;
1081;Nordjylland;2020-09-29;44;
1085;Sjælland;2020-09-29;52;
1083;Syddanmark;2020-09-29;56;
1084;Hovedstaden;2020-09-30;175;
1082;Midtjylland;2020-09-30;94;
1081;Nordjylland;2020-09-30;39;
1085;Sjælland;2020-09-30;59;
1083;Syddanmark;2020-09-30;66;
1084;Hovedstaden;2020-10-01;164;
1082;Midtjylland;2020-10-01;108;
1081;Nordjylland;2020-10-01;41;
1085;Sjælland;2020-10-01;56;
1083;Syddanmark;2020-10-01;58;
1084;Hovedstaden;2020-10-02;141;
1082;Midtjylland;2020-10-02;101;
1081;Nordjylland;2020-10-02;36;
1085;Sjælland;2020-10-02;41;
1083;Syddanmark;2020-10-02;47;
1084;Hovedstaden;2020-10-03;146;
1082;Midtjylland;2020-10-03;70;
1081;Nordjylland;2020-10-03;31;
1085;Sjælland;2020-10-03;32;
1083;Syddanmark;2020-10-03;59;
1084;Hovedstaden;2020-10-04;146;
1082;Midtjylland;2020-10-04;58;
1081;Nordjylland;2020-10-04;30;
1085;Sjælland;2020-10-04;30;
1083;Syddanmark;2020-10-04;42;
1084;Hovedstaden;2020-10-05;162;
1082;Midtjylland;2020-10-05;105;
1081;Nordjylland;2020-10-05;60;
1085;Sjælland;2020-10-05;41;
1083;Syddanmark;2020-10-05;61;
1084;Hovedstaden;2020-10-06;194;
1082;Midtjylland;2020-10-06;108;
1081;Nordjylland;2020-10-06;31;
1085;Sjælland;2020-10-06;40;
1083;Syddanmark;2020-10-06;53;
1084;Hovedstaden;2020-10-07;158;
1082;Midtjylland;2020-10-07;152;
1081;Nordjylland;2020-10-07;49;
1085;Sjælland;2020-10-07;37;
1083;Syddanmark;2020-10-07;56;
1084;Hovedstaden;2020-10-08;153;
1082;Midtjylland;2020-10-08;137;
1081;Nordjylland;2020-10-08;50;
1085;Sjælland;2020-10-08;28;
1083;Syddanmark;2020-10-08;55;
1084;Hovedstaden;2020-10-09;152;
1082;Midtjylland;2020-10-09;116;
1081;Nordjylland;2020-10-09;43;
1085;Sjælland;2020-10-09;30;
1083;Syddanmark;2020-10-09;71;
1084;Hovedstaden;2020-10-10;108;
1082;Midtjylland;2020-10-10;87;
1081;Nordjylland;2020-10-10;32;
1085;Sjælland;2020-10-10;25;
1083;Syddanmark;2020-10-10;29;
1084;Hovedstaden;2020-10-11;97;
1082;Midtjylland;2020-10-11;66;
1081;Nordjylland;2020-10-11;30;
1085;Sjælland;2020-10-11;29;
1083;Syddanmark;2020-10-11;33;
1084;Hovedstaden;2020-10-12;141;
1082;Midtjylland;2020-10-12;128;
1081;Nordjylland;2020-10-12;45;
1085;Sjælland;2020-10-12;70;
1083;Syddanmark;2020-10-12;72;
1084;Hovedstaden;2020-10-13;157;
1082;Midtjylland;2020-10-13;95;
1081;Nordjylland;2020-10-13;55;
1085;Sjælland;2020-10-13;24;
1083;Syddanmark;2020-10-13;94;
1084;Hovedstaden;2020-10-14;201;
1082;Midtjylland;2020-10-14;96;
1081;Nordjylland;2020-10-14;62;
1085;Sjælland;2020-10-14;36;
1083;Syddanmark;2020-10-14;74;
1084;Hovedstaden;2020-10-15;182;
1082;Midtjylland;2020-10-15;112;
1081;Nordjylland;2020-10-15;33;
1085;Sjælland;2020-10-15;39;
1083;Syddanmark;2020-10-15;85;
1084;Hovedstaden;2020-10-16;188;
1082;Midtjylland;2020-10-16;105;
1081;Nordjylland;2020-10-16;49;
1085;Sjælland;2020-10-16;47;
1083;Syddanmark;2020-10-16;77;
1084;Hovedstaden;2020-10-17;217;
1082;Midtjylland;2020-10-17;75;
1081;Nordjylland;2020-10-17;42;
1085;Sjælland;2020-10-17;28;
1083;Syddanmark;2020-10-17;69;
1084;Hovedstaden;2020-10-18;226;
1082;Midtjylland;2020-10-18;71;
1081;Nordjylland;2020-10-18;43;
1085;Sjælland;2020-10-18;35;
1083;Syddanmark;2020-10-18;77;
1084;Hovedstaden;2020-10-19;293;
1082;Midtjylland;2020-10-19;140;
1081;Nordjylland;2020-10-19;72;
1085;Sjælland;2020-10-19;68;
1083;Syddanmark;2020-10-19;115;
1084;Hovedstaden;2020-10-20;317;
1082;Midtjylland;2020-10-20;191;
1081;Nordjylland;2020-10-20;84;
1085;Sjælland;2020-10-20;70;
1083;Syddanmark;2020-10-20;117;
1084;Hovedstaden;2020-10-21;330;
1082;Midtjylland;2020-10-21;234;
1081;Nordjylland;2020-10-21;92;
1085;Sjælland;2020-10-21;76;
1083;Syddanmark;2020-10-21;116;
1084;Hovedstaden;2020-10-22;407;
1082;Midtjylland;2020-10-22;150;
1081;Nordjylland;2020-10-22;102;
1085;Sjælland;2020-10-22;75;
1083;Syddanmark;2020-10-22;131;
1084;Hovedstaden;2020-10-23;370;
1082;Midtjylland;2020-10-23;174;
1081;Nordjylland;2020-10-23;117;
1085;Sjælland;2020-10-23;79;
1083;Syddanmark;2020-10-23;120;
1084;Hovedstaden;2020-10-24;385;
1082;Midtjylland;2020-10-24;144;
1081;Nordjylland;2020-10-24;104;
1085;Sjælland;2020-10-24;89;
1083;Syddanmark;2020-10-24;97;
1084;Hovedstaden;2020-10-25;440;
1082;Midtjylland;2020-10-25;156;
1081;Nordjylland;2020-10-25;109;
1085;Sjælland;2020-10-25;79;
1083;Syddanmark;2020-10-25;134;
1084;Hovedstaden;2020-10-26;446;
1082;Midtjylland;2020-10-26;163;
1081;Nordjylland;2020-10-26;132;
1085;Sjælland;2020-10-26;99;
1083;Syddanmark;2020-10-26;167;
1084;Hovedstaden;2020-10-27;575;
1082;Midtjylland;2020-10-27;241;
1081;Nordjylland;2020-10-27;148;
1085;Sjælland;2020-10-27;135;
1083;Syddanmark;2020-10-27;145;
1084;Hovedstaden;2020-10-28;529;
1082;Midtjylland;2020-10-28;230;
1081;Nordjylland;2020-10-28;114;
1085;Sjælland;2020-10-28;141;
1083;Syddanmark;2020-10-28;187;
1084;Hovedstaden;2020-10-29;459;
1082;Midtjylland;2020-10-29;141;
1081;Nordjylland;2020-10-29;121;
1085;Sjælland;2020-10-29;120;
1083;Syddanmark;2020-10-29;172;
1084;Hovedstaden;2020-10-30;494;
1082;Midtjylland;2020-10-30;195;
1081;Nordjylland;2020-10-30;113;
1085;Sjælland;2020-10-30;152;
1083;Syddanmark;2020-10-30;127;
1084;Hovedstaden;2020-10-31;503;
1082;Midtjylland;2020-10-31;169;
1081;Nordjylland;2020-10-31;96;
1085;Sjælland;2020-10-31;108;
1083;Syddanmark;2020-10-31;99;
1084;Hovedstaden;2020-11-01;465;
1082;Midtjylland;2020-11-01;173;
1081;Nordjylland;2020-11-01;96;
1085;Sjælland;2020-11-01;84;
1083;Syddanmark;2020-11-01;139;
1084;Hovedstaden;2020-11-02;605;
1082;Midtjylland;2020-11-02;206;
1081;Nordjylland;2020-11-02;116;
1085;Sjælland;2020-11-02;183;
1083;Syddanmark;2020-11-02;162;
1084;Hovedstaden;2020-11-03;579;
1082;Midtjylland;2020-11-03;213;
1081;Nordjylland;2020-11-03;137;
1085;Sjælland;2020-11-03;146;
1083;Syddanmark;2020-11-03;182;
1084;Hovedstaden;2020-11-04;584;
1082;Midtjylland;2020-11-04;234;
1081;Nordjylland;2020-11-04;83;
1085;Sjælland;2020-11-04;172;
1083;Syddanmark;2020-11-04;172;
1084;Hovedstaden;2020-11-05;472;
1082;Midtjylland;2020-11-05;182;
1081;Nordjylland;2020-11-05;83;
1085;Sjælland;2020-11-05;140;
1083;Syddanmark;2020-11-05;150;
1084;Hovedstaden;2020-11-06;463;
1082;Midtjylland;2020-11-06;162;
1081;Nordjylland;2020-11-06;60;
1085;Sjælland;2020-11-06;144;
1083;Syddanmark;2020-11-06;130;
1084;Hovedstaden;2020-11-07;385;
1082;Midtjylland;2020-11-07;174;
1081;Nordjylland;2020-11-07;68;
1085;Sjælland;2020-11-07;115;
1083;Syddanmark;2020-11-07;102;
1084;Hovedstaden;2020-11-08;352;
1082;Midtjylland;2020-11-08;154;
1081;Nordjylland;2020-11-08;41;
1085;Sjælland;2020-11-08;90;
1083;Syddanmark;2020-11-08;100;
1084;Hovedstaden;2020-11-09;484;
1082;Midtjylland;2020-11-09;204;
1081;Nordjylland;2020-11-09;71;
1085;Sjælland;2020-11-09;118;
1083;Syddanmark;2020-11-09;166;
1084;Hovedstaden;2020-11-10;496;
1082;Midtjylland;2020-11-10;226;
1081;Nordjylland;2020-11-10;61;
1085;Sjælland;2020-11-10;147;
1083;Syddanmark;2020-11-10;126;
1084;Hovedstaden;2020-11-11;441;
1082;Midtjylland;2020-11-11;264;
1081;Nordjylland;2020-11-11;70;
1085;Sjælland;2020-11-11;152;
1083;Syddanmark;2020-11-11;162;
1084;Hovedstaden;2020-11-12;475;
1082;Midtjylland;2020-11-12;248;
1081;Nordjylland;2020-11-12;67;
1085;Sjælland;2020-11-12;118;
1083;Syddanmark;2020-11-12;144;
1084;Hovedstaden;2020-11-13;519;
1082;Midtjylland;2020-11-13;233;
1081;Nordjylland;2020-11-13;77;
1085;Sjælland;2020-11-13;151;
1083;Syddanmark;2020-11-13;168;
1084;Hovedstaden;2020-11-14;468;
1082;Midtjylland;2020-11-14;224;
1081;Nordjylland;2020-11-14;65;
1085;Sjælland;2020-11-14;103;
1083;Syddanmark;2020-11-14;182;
1084;Hovedstaden;2020-11-15;452;
1082;Midtjylland;2020-11-15;204;
1081;Nordjylland;2020-11-15;73;
1085;Sjælland;2020-11-15;110;
1083;Syddanmark;2020-11-15;150;
1084;Hovedstaden;2020-11-16;550;
1082;Midtjylland;2020-11-16;301;
1081;Nordjylland;2020-11-16;58;
1085;Sjælland;2020-11-16;143;
1083;Syddanmark;2020-11-16;200;
1084;Hovedstaden;2020-11-17;591;
1082;Midtjylland;2020-11-17;300;
1081;Nordjylland;2020-11-17;65;
1085;Sjælland;2020-11-17;137;
1083;Syddanmark;2020-11-17;238;
1084;Hovedstaden;2020-11-18;592;
1082;Midtjylland;2020-11-18;298;
1081;Nordjylland;2020-11-18;53;
1085;Sjælland;2020-11-18;147;
1083;Syddanmark;2020-11-18;241;
1084;Hovedstaden;2020-11-19;573;
1082;Midtjylland;2020-11-19;241;
1081;Nordjylland;2020-11-19;44;
1085;Sjælland;2020-11-19;140;
1083;Syddanmark;2020-11-19;223;
1084;Hovedstaden;2020-11-20;551;
1082;Midtjylland;2020-11-20;216;
1081;Nordjylland;2020-11-20;64;
1085;Sjælland;2020-11-20;158;
1083;Syddanmark;2020-11-20;235;
1084;Hovedstaden;2020-11-21;515;
1082;Midtjylland;2020-11-21;178;
1081;Nordjylland;2020-11-21;36;
1085;Sjælland;2020-11-21;111;
1083;Syddanmark;2020-11-21;161;
1084;Hovedstaden;2020-11-22;515;
1082;Midtjylland;2020-11-22;192;
1081;Nordjylland;2020-11-22;38;
1085;Sjælland;2020-11-22;95;
1083;Syddanmark;2020-11-22;169;
1084;Hovedstaden;2020-11-23;592;
1082;Midtjylland;2020-11-23;191;
1081;Nordjylland;2020-11-23;35;
1085;Sjælland;2020-11-23;144;
1083;Syddanmark;2020-11-23;227;
1084;Hovedstaden;2020-11-24;674;
1082;Midtjylland;2020-11-24;238;
1081;Nordjylland;2020-11-24;42;
1085;Sjælland;2020-11-24;151;
1083;Syddanmark;2020-11-24;224;
1084;Hovedstaden;2020-11-25;669;
1082;Midtjylland;2020-11-25;235;
1081;Nordjylland;2020-11-25;46;
1085;Sjælland;2020-11-25;170;
1083;Syddanmark;2020-11-25;196;
1084;Hovedstaden;2020-11-26;619;
1082;Midtjylland;2020-11-26;247;
1081;Nordjylland;2020-11-26;45;
1085;Sjælland;2020-11-26;165;
1083;Syddanmark;2020-11-26;181;
1084;Hovedstaden;2020-11-27;694;
1082;Midtjylland;2020-11-27;231;
1081;Nordjylland;2020-11-27;38;
1085;Sjælland;2020-11-27;134;
1083;Syddanmark;2020-11-27;213;
1084;Hovedstaden;2020-11-28;628;
1082;Midtjylland;2020-11-28;212;
1081;Nordjylland;2020-11-28;26;
1085;Sjælland;2020-11-28;146;
1083;Syddanmark;2020-11-28;139;
1084;Hovedstaden;2020-11-29;674;
1082;Midtjylland;2020-11-29;185;
1081;Nordjylland;2020-11-29;37;
1085;Sjælland;2020-11-29;143;
1083;Syddanmark;2020-11-29;134;
1084;Hovedstaden;2020-11-30;761;
1082;Midtjylland;2020-11-30;326;
1081;Nordjylland;2020-11-30;39;
1085;Sjælland;2020-11-30;206;
1083;Syddanmark;2020-11-30;199;
1084;Hovedstaden;2020-12-01;960;
1082;Midtjylland;2020-12-01;292;
1081;Nordjylland;2020-12-01;47;
1085;Sjælland;2020-12-01;207;
1083;Syddanmark;2020-12-01;208;
1084;Hovedstaden;2020-12-02;1030;
1082;Midtjylland;2020-12-02;326;
1081;Nordjylland;2020-12-02;60;
1085;Sjælland;2020-12-02;268;
1083;Syddanmark;2020-12-02;196;
1084;Hovedstaden;2020-12-03;1026;
1082;Midtjylland;2020-12-03;332;
1081;Nordjylland;2020-12-03;53;
1085;Sjælland;2020-12-03;249;
1083;Syddanmark;2020-12-03;248;
1084;Hovedstaden;2020-12-04;1058;
1082;Midtjylland;2020-12-04;403;
1081;Nordjylland;2020-12-04;65;
1085;Sjælland;2020-12-04;264;
1083;Syddanmark;2020-12-04;228;
1084;Hovedstaden;2020-12-05;974;
1082;Midtjylland;2020-12-05;266;
1081;Nordjylland;2020-12-05;53;
1085;Sjælland;2020-12-05;267;
1083;Syddanmark;2020-12-05;155;
1084;Hovedstaden;2020-12-06;1113;
1082;Midtjylland;2020-12-06;305;
1081;Nordjylland;2020-12-06;70;
1085;Sjælland;2020-12-06;274;
1083;Syddanmark;2020-12-06;214;
1084;Hovedstaden;2020-12-07;1513;
1082;Midtjylland;2020-12-07;443;
1081;Nordjylland;2020-12-07;105;
1085;Sjælland;2020-12-07;382;
1083;Syddanmark;2020-12-07;309;
1084;Hovedstaden;2020-12-08;1671;
1082;Midtjylland;2020-12-08;519;
1081;Nordjylland;2020-12-08;139;
1085;Sjælland;2020-12-08;466;
1083;Syddanmark;2020-12-08;330;
1084;Hovedstaden;2020-12-09;1695;
1082;Midtjylland;2020-12-09;578;
1081;Nordjylland;2020-12-09;145;
1085;Sjælland;2020-12-09;441;
1083;Syddanmark;2020-12-09;333;
1084;Hovedstaden;2020-12-10;1809;
1082;Midtjylland;2020-12-10;600;
1081;Nordjylland;2020-12-10;166;
1085;Sjælland;2020-12-10;427;
1083;Syddanmark;2020-12-10;282;
1084;Hovedstaden;2020-12-11;1741;
1082;Midtjylland;2020-12-11;583;
1081;Nordjylland;2020-12-11;125;
1085;Sjælland;2020-12-11;506;
1083;Syddanmark;2020-12-11;341;
1084;Hovedstaden;2020-12-12;1685;
1082;Midtjylland;2020-12-12;544;
1081;Nordjylland;2020-12-12;160;
1085;Sjælland;2020-12-12;411;
1083;Syddanmark;2020-12-12;288;
1084;Hovedstaden;2020-12-13;1891;
1082;Midtjylland;2020-12-13;476;
1081;Nordjylland;2020-12-13;123;
1085;Sjælland;2020-12-13;376;
1083;Syddanmark;2020-12-13;299;
1084;Hovedstaden;2020-12-14;2016;
1082;Midtjylland;2020-12-14;765;
1081;Nordjylland;2020-12-14;193;
1085;Sjælland;2020-12-14;592;
1083;Syddanmark;2020-12-14;422;
1084;Hovedstaden;2020-12-15;2127;
1082;Midtjylland;2020-12-15;805;
1081;Nordjylland;2020-12-15;211;
1085;Sjælland;2020-12-15;610;
1083;Syddanmark;2020-12-15;543;
1084;Hovedstaden;2020-12-16;2212;
1082;Midtjylland;2020-12-16;748;
1081;Nordjylland;2020-12-16;226;
1085;Sjælland;2020-12-16;685;
1083;Syddanmark;2020-12-16;521;
1084;Hovedstaden;2020-12-17;1739;
1082;Midtjylland;2020-12-17;609;
1081;Nordjylland;2020-12-17;202;
1085;Sjælland;2020-12-17;571;
1083;Syddanmark;2020-12-17;494;
1084;Hovedstaden;2020-12-18;1521;
1082;Midtjylland;2020-12-18;548;
1081;Nordjylland;2020-12-18;213;
1085;Sjælland;2020-12-18;475;
1083;Syddanmark;2020-12-18;376;
1084;Hovedstaden;2020-12-19;1278;
1082;Midtjylland;2020-12-19;514;
1081;Nordjylland;2020-12-19;211;
1085;Sjælland;2020-12-19;388;
1083;Syddanmark;2020-12-19;365;
1084;Hovedstaden;2020-12-20;1173;
1082;Midtjylland;2020-12-20;390;
1081;Nordjylland;2020-12-20;169;
1085;Sjælland;2020-12-20;398;
1083;Syddanmark;2020-12-20;322;
1084;Hovedstaden;2020-12-21;1450;
1082;Midtjylland;2020-12-21;513;
1081;Nordjylland;2020-12-21;197;
1085;Sjælland;2020-12-21;489;
1083;Syddanmark;2020-12-21;451;
1084;Hovedstaden;2020-12-22;1345;
1082;Midtjylland;2020-12-22;470;
1081;Nordjylland;2020-12-22;242;
1085;Sjælland;2020-12-22;459;
1083;Syddanmark;2020-12-22;355;
1084;Hovedstaden;2020-12-23;1428;
1082;Midtjylland;2020-12-23;515;
1081;Nordjylland;2020-12-23;255;
1085;Sjælland;2020-12-23;443;
1083;Syddanmark;2020-12-23;438;
1084;Hovedstaden;2020-12-24;730;
1082;Midtjylland;2020-12-24;248;
1081;Nordjylland;2020-12-24;134;
1085;Sjælland;2020-12-24;156;
1083;Syddanmark;2020-12-24;208;
1084;Hovedstaden;2020-12-25;805;
1082;Midtjylland;2020-12-25;214;
1081;Nordjylland;2020-12-25;130;
1085;Sjælland;2020-12-25;205;
1083;Syddanmark;2020-12-25;233;
1084;Hovedstaden;2020-12-26;1279;
1082;Midtjylland;2020-12-26;462;
1081;Nordjylland;2020-12-26;178;
1085;Sjælland;2020-12-26;446;
1083;Syddanmark;2020-12-26;324;
1084;Hovedstaden;2020-12-27;1014;
1082;Midtjylland;2020-12-27;416;
1081;Nordjylland;2020-12-27;171;
1085;Sjælland;2020-12-27;327;
1083;Syddanmark;2020-12-27;260;
1084;Hovedstaden;2020-12-28;1291;
1082;Midtjylland;2020-12-28;570;
1081;Nordjylland;2020-12-28;261;
1085;Sjælland;2020-12-28;544;
1083;Syddanmark;2020-12-28;400;
1084;Hovedstaden;2020-12-29;991;
1082;Midtjylland;2020-12-29;519;
1081;Nordjylland;2020-12-29;187;
1085;Sjælland;2020-12-29;442;
1083;Syddanmark;2020-12-29;340;
1084;Hovedstaden;2020-12-30;1184;
1082;Midtjylland;2020-12-30;480;
1081;Nordjylland;2020-12-30;213;
1085;Sjælland;2020-12-30;520;
1083;Syddanmark;2020-12-30;376;
1084;Hovedstaden;2020-12-31;565;
1082;Midtjylland;2020-12-31;242;
1081;Nordjylland;2020-12-31;104;
1085;Sjælland;2020-12-31;153;
1083;Syddanmark;2020-12-31;168;
1084;Hovedstaden;2021-01-01;573;
1082;Midtjylland;2021-01-01;230;
1081;Nordjylland;2021-01-01;94;
1085;Sjælland;2021-01-01;139;
1083;Syddanmark;2021-01-01;167;
1084;Hovedstaden;2021-01-02;838;
1082;Midtjylland;2021-01-02;439;
1081;Nordjylland;2021-01-02;186;
1085;Sjælland;2021-01-02;322;
1083;Syddanmark;2021-01-02;261;
1084;Hovedstaden;2021-01-03;714;
1082;Midtjylland;2021-01-03;330;
1081;Nordjylland;2021-01-03;178;
1085;Sjælland;2021-01-03;221;
1083;Syddanmark;2021-01-03;225;
1084;Hovedstaden;2021-01-04;1063;
1082;Midtjylland;2021-01-04;458;
1081;Nordjylland;2021-01-04;210;
1085;Sjælland;2021-01-04;399;
1083;Syddanmark;2021-01-04;349;
1084;Hovedstaden;2021-01-05;828;
1082;Midtjylland;2021-01-05;316;
1081;Nordjylland;2021-01-05;154;
1085;Sjælland;2021-01-05;351;
1083;Syddanmark;2021-01-05;280;
1084;Hovedstaden;2021-01-06;716;
1082;Midtjylland;2021-01-06;280;
1081;Nordjylland;2021-01-06;177;
1085;Sjælland;2021-01-06;272;
1083;Syddanmark;2021-01-06;212;
1084;Hovedstaden;2021-01-07;586;
1082;Midtjylland;2021-01-07;337;
1081;Nordjylland;2021-01-07;145;
1085;Sjælland;2021-01-07;247;
1083;Syddanmark;2021-01-07;272;
1084;Hovedstaden;2021-01-08;608;
1082;Midtjylland;2021-01-08;254;
1081;Nordjylland;2021-01-08;118;
1085;Sjælland;2021-01-08;223;
1083;Syddanmark;2021-01-08;229;
1084;Hovedstaden;2021-01-09;484;
1082;Midtjylland;2021-01-09;222;
1081;Nordjylland;2021-01-09;101;
1085;Sjælland;2021-01-09;212;
1083;Syddanmark;2021-01-09;174;
1084;Hovedstaden;2021-01-10;408;
1082;Midtjylland;2021-01-10;185;
1081;Nordjylland;2021-01-10;81;
1085;Sjælland;2021-01-10;167;
1083;Syddanmark;2021-01-10;149;
1084;Hovedstaden;2021-01-11;616;
1082;Midtjylland;2021-01-11;197;
1081;Nordjylland;2021-01-11;107;
1085;Sjælland;2021-01-11;224;
1083;Syddanmark;2021-01-11;208;
1084;Hovedstaden;2021-01-12;590;
1082;Midtjylland;2021-01-12;180;
1081;Nordjylland;2021-01-12;105;
1085;Sjælland;2021-01-12;234;
1083;Syddanmark;2021-01-12;152;
1084;Hovedstaden;2021-01-13;515;
1082;Midtjylland;2021-01-13;171;
1081;Nordjylland;2021-01-13;120;
1085;Sjælland;2021-01-13;158;
1083;Syddanmark;2021-01-13;151;
1084;Hovedstaden;2021-01-14;424;
1082;Midtjylland;2021-01-14;187;
1081;Nordjylland;2021-01-14;98;
1085;Sjælland;2021-01-14;148;
1083;Syddanmark;2021-01-14;150;
1084;Hovedstaden;2021-01-15;392;
1082;Midtjylland;2021-01-15;117;
1081;Nordjylland;2021-01-15;86;
1085;Sjælland;2021-01-15;133;
1083;Syddanmark;2021-01-15;128;
1084;Hovedstaden;2021-01-16;340;
1082;Midtjylland;2021-01-16;72;
1081;Nordjylland;2021-01-16;74;
1085;Sjælland;2021-01-16;106;
1083;Syddanmark;2021-01-16;127;
1084;Hovedstaden;2021-01-17;321;
1082;Midtjylland;2021-01-17;78;
1081;Nordjylland;2021-01-17;65;
1085;Sjælland;2021-01-17;115;
1083;Syddanmark;2021-01-17;98;
1084;Hovedstaden;2021-01-18;445;
1082;Midtjylland;2021-01-18;120;
1081;Nordjylland;2021-01-18;74;
1085;Sjælland;2021-01-18;140;
1083;Syddanmark;2021-01-18;152;
1084;Hovedstaden;2021-01-19;362;
1082;Midtjylland;2021-01-19;112;
1081;Nordjylland;2021-01-19;94;
1085;Sjælland;2021-01-19;164;
1083;Syddanmark;2021-01-19;182;
1084;Hovedstaden;2021-01-20;317;
1082;Midtjylland;2021-01-20;111;
1081;Nordjylland;2021-01-20;80;
1085;Sjælland;2021-01-20;149;
1083;Syddanmark;2021-01-20;119;
1084;Hovedstaden;2021-01-21;379;
1082;Midtjylland;2021-01-21;120;
1081;Nordjylland;2021-01-21;74;
1085;Sjælland;2021-01-21;146;
1083;Syddanmark;2021-01-21;139;
1084;Hovedstaden;2021-01-22;289;
1082;Midtjylland;2021-01-22;95;
1081;Nordjylland;2021-01-22;84;
1085;Sjælland;2021-01-22;130;
1083;Syddanmark;2021-01-22;117;
1084;Hovedstaden;2021-01-23;257;
1082;Midtjylland;2021-01-23;84;
1081;Nordjylland;2021-01-23;45;
1085;Sjælland;2021-01-23;100;
1083;Syddanmark;2021-01-23;105;
1084;Hovedstaden;2021-01-24;246;
1082;Midtjylland;2021-01-24;55;
1081;Nordjylland;2021-01-24;57;
1085;Sjælland;2021-01-24;84;
1083;Syddanmark;2021-01-24;72;
1084;Hovedstaden;2021-01-25;332;
1082;Midtjylland;2021-01-25;84;
1081;Nordjylland;2021-01-25;52;
1085;Sjælland;2021-01-25;131;
1083;Syddanmark;2021-01-25;124;
1084;Hovedstaden;2021-01-26;280;
1082;Midtjylland;2021-01-26;95;
1081;Nordjylland;2021-01-26;67;
1085;Sjælland;2021-01-26;135;
1083;Syddanmark;2021-01-26;106;
1084;Hovedstaden;2021-01-27;250;
1082;Midtjylland;2021-01-27;65;
1081;Nordjylland;2021-01-27;36;
1085;Sjælland;2021-01-27;102;
1083;Syddanmark;2021-01-27;79;
1084;Hovedstaden;2021-01-28;237;
1082;Midtjylland;2021-01-28;72;
1081;Nordjylland;2021-01-28;40;
1085;Sjælland;2021-01-28;83;
1083;Syddanmark;2021-01-28;70;
1084;Hovedstaden;2021-01-29;183;
1082;Midtjylland;2021-01-29;46;
1081;Nordjylland;2021-01-29;31;
1085;Sjælland;2021-01-29;64;
1083;Syddanmark;2021-01-29;82;
1084;Hovedstaden;2021-01-30;168;
1082;Midtjylland;2021-01-30;39;
1081;Nordjylland;2021-01-30;28;
1085;Sjælland;2021-01-30;56;
1083;Syddanmark;2021-01-30;70;
1084;Hovedstaden;2021-01-31;183;
1082;Midtjylland;2021-01-31;45;
1081;Nordjylland;2021-01-31;32;
1085;Sjælland;2021-01-31;62;
1083;Syddanmark;2021-01-31;67;
1084;Hovedstaden;2021-02-01;213;
1082;Midtjylland;2021-02-01;65;
1081;Nordjylland;2021-02-01;46;
1085;Sjælland;2021-02-01;88;
1083;Syddanmark;2021-02-01;93;
1084;Hovedstaden;2021-02-02;210;
1082;Midtjylland;2021-02-02;63;
1081;Nordjylland;2021-02-02;45;
1085;Sjælland;2021-02-02;77;
1083;Syddanmark;2021-02-02;93;
1084;Hovedstaden;2021-02-03;159;
1082;Midtjylland;2021-02-03;55;
1081;Nordjylland;2021-02-03;42;
1085;Sjælland;2021-02-03;72;
1083;Syddanmark;2021-02-03;100;
1084;Hovedstaden;2021-02-04;197;
1082;Midtjylland;2021-02-04;68;
1081;Nordjylland;2021-02-04;30;
1085;Sjælland;2021-02-04;75;
1083;Syddanmark;2021-02-04;69;
1084;Hovedstaden;2021-02-05;172;
1082;Midtjylland;2021-02-05;66;
1081;Nordjylland;2021-02-05;33;
1085;Sjælland;2021-02-05;61;
1083;Syddanmark;2021-02-05;75;
1084;Hovedstaden;2021-02-06;170;
1082;Midtjylland;2021-02-06;71;
1081;Nordjylland;2021-02-06;30;
1085;Sjælland;2021-02-06;67;
1083;Syddanmark;2021-02-06;96;
1084;Hovedstaden;2021-02-07;171;
1082;Midtjylland;2021-02-07;77;
1081;Nordjylland;2021-02-07;33;
1085;Sjælland;2021-02-07;46;
1083;Syddanmark;2021-02-07;62;
1084;Hovedstaden;2021-02-08;165;
1082;Midtjylland;2021-02-08;66;
1081;Nordjylland;2021-02-08;38;
1085;Sjælland;2021-02-08;102;
1083;Syddanmark;2021-02-08;70;
1084;Hovedstaden;2021-02-09;178;
1082;Midtjylland;2021-02-09;72;
1081;Nordjylland;2021-02-09;37;
1085;Sjælland;2021-02-09;73;
1083;Syddanmark;2021-02-09;98;
1084;Hovedstaden;2021-02-10;178;
1082;Midtjylland;2021-02-10;87;
1081;Nordjylland;2021-02-10;44;
1085;Sjælland;2021-02-10;62;
1083;Syddanmark;2021-02-10;76;
1084;Hovedstaden;2021-02-11;150;
1082;Midtjylland;2021-02-11;60;
1081;Nordjylland;2021-02-11;21;
1085;Sjælland;2021-02-11;82;
1083;Syddanmark;2021-02-11;63;
1084;Hovedstaden;2021-02-12;145;
1082;Midtjylland;2021-02-12;40;
1081;Nordjylland;2021-02-12;34;
1085;Sjælland;2021-02-12;53;
1083;Syddanmark;2021-02-12;45;
1084;Hovedstaden;2021-02-13;126;
1082;Midtjylland;2021-02-13;56;
1081;Nordjylland;2021-02-13;31;
1085;Sjælland;2021-02-13;31;
1083;Syddanmark;2021-02-13;88;
1084;Hovedstaden;2021-02-14;126;
1082;Midtjylland;2021-02-14;44;
1081;Nordjylland;2021-02-14;34;
1085;Sjælland;2021-02-14;46;
1083;Syddanmark;2021-02-14;91;
1084;Hovedstaden;2021-02-15;163;
1082;Midtjylland;2021-02-15;63;
1081;Nordjylland;2021-02-15;33;
1085;Sjælland;2021-02-15;50;
1083;Syddanmark;2021-02-15;96;
1084;Hovedstaden;2021-02-16;170;
1082;Midtjylland;2021-02-16;86;
1081;Nordjylland;2021-02-16;21;
1085;Sjælland;2021-02-16;64;
1083;Syddanmark;2021-02-16;186;
1084;Hovedstaden;2021-02-17;186;
1082;Midtjylland;2021-02-17;77;
1081;Nordjylland;2021-02-17;30;
1085;Sjælland;2021-02-17;48;
1083;Syddanmark;2021-02-17;167;
1084;Hovedstaden;2021-02-18;146;
1082;Midtjylland;2021-02-18;90;
1081;Nordjylland;2021-02-18;74;
1085;Sjælland;2021-02-18;70;
1083;Syddanmark;2021-02-18;169;
1084;Hovedstaden;2021-02-19;187;
1082;Midtjylland;2021-02-19;51;
1081;Nordjylland;2021-02-19;26;
1085;Sjælland;2021-02-19;77;
1083;Syddanmark;2021-02-19;125;
1084;Hovedstaden;2021-02-20;157;
1082;Midtjylland;2021-02-20;65;
1081;Nordjylland;2021-02-20;26;
1085;Sjælland;2021-02-20;61;
1083;Syddanmark;2021-02-20;124;
1084;Hovedstaden;2021-02-21;163;
1082;Midtjylland;2021-02-21;80;
1081;Nordjylland;2021-02-21;21;
1085;Sjælland;2021-02-21;59;
1083;Syddanmark;2021-02-21;151;
1084;Hovedstaden;2021-02-22;203;
1082;Midtjylland;2021-02-22;82;
1081;Nordjylland;2021-02-22;40;
1085;Sjælland;2021-02-22;94;
1083;Syddanmark;2021-02-22;175;
1084;Hovedstaden;2021-02-23;258;
1082;Midtjylland;2021-02-23;66;
1081;Nordjylland;2021-02-23;42;
1085;Sjælland;2021-02-23;100;
1083;Syddanmark;2021-02-23;148;
1084;Hovedstaden;2021-02-24;233;
1082;Midtjylland;2021-02-24;62;
1081;Nordjylland;2021-02-24;25;
1085;Sjælland;2021-02-24;89;
1083;Syddanmark;2021-02-24;131;
1084;Hovedstaden;2021-02-25;233;
1082;Midtjylland;2021-02-25;64;
1081;Nordjylland;2021-02-25;29;
1085;Sjælland;2021-02-25;104;
1083;Syddanmark;2021-02-25;117;
1084;Hovedstaden;2021-02-26;231;
1082;Midtjylland;2021-02-26;45;
1081;Nordjylland;2021-02-26;20;
1085;Sjælland;2021-02-26;66;
1083;Syddanmark;2021-02-26;131;
1084;Hovedstaden;2021-02-27;204;
1082;Midtjylland;2021-02-27;50;
1081;Nordjylland;2021-02-27;20;
1085;Sjælland;2021-02-27;62;
1083;Syddanmark;2021-02-27;89;
1084;Hovedstaden;2021-02-28;242;
1082;Midtjylland;2021-02-28;47;
1081;Nordjylland;2021-02-28;26;
1085;Sjælland;2021-02-28;49;
1083;Syddanmark;2021-02-28;115;
1084;Hovedstaden;2021-03-01;265;
1082;Midtjylland;2021-03-01;64;
1081;Nordjylland;2021-03-01;34;
1085;Sjælland;2021-03-01;106;
1083;Syddanmark;2021-03-01;126;
1084;Hovedstaden;2021-03-02;257;
1082;Midtjylland;2021-03-02;83;
1081;Nordjylland;2021-03-02;19;
1085;Sjælland;2021-03-02;97;
1083;Syddanmark;2021-03-02;147;
1084;Hovedstaden;2021-03-03;220;
1082;Midtjylland;2021-03-03;75;
1081;Nordjylland;2021-03-03;22;
1085;Sjælland;2021-03-03;84;
1083;Syddanmark;2021-03-03;147;
1084;Hovedstaden;2021-03-04;228;
1082;Midtjylland;2021-03-04;49;
1081;Nordjylland;2021-03-04;18;
1085;Sjælland;2021-03-04;82;
1083;Syddanmark;2021-03-04;112;
1084;Hovedstaden;2021-03-05;214;
1082;Midtjylland;2021-03-05;58;
1081;Nordjylland;2021-03-05;21;
1085;Sjælland;2021-03-05;66;
1083;Syddanmark;2021-03-05;114;
1084;Hovedstaden;2021-03-06;207;
1082;Midtjylland;2021-03-06;47;
1081;Nordjylland;2021-03-06;19;
1085;Sjælland;2021-03-06;72;
1083;Syddanmark;2021-03-06;110;
1084;Hovedstaden;2021-03-07;193;
1082;Midtjylland;2021-03-07;73;
1081;Nordjylland;2021-03-07;24;
1085;Sjælland;2021-03-07;61;
1083;Syddanmark;2021-03-07;108;
1084;Hovedstaden;2021-03-08;257;
1082;Midtjylland;2021-03-08;94;
1081;Nordjylland;2021-03-08;21;
1085;Sjælland;2021-03-08;80;
1083;Syddanmark;2021-03-08;150;
1084;Hovedstaden;2021-03-09;268;
1082;Midtjylland;2021-03-09;89;
1081;Nordjylland;2021-03-09;18;
1085;Sjælland;2021-03-09;81;
1083;Syddanmark;2021-03-09;186;
1084;Hovedstaden;2021-03-10;214;
1082;Midtjylland;2021-03-10;81;
1081;Nordjylland;2021-03-10;24;
1085;Sjælland;2021-03-10;61;
1083;Syddanmark;2021-03-10;166;
1084;Hovedstaden;2021-03-11;252;
1082;Midtjylland;2021-03-11;71;
1081;Nordjylland;2021-03-11;34;
1085;Sjælland;2021-03-11;84;
1083;Syddanmark;2021-03-11;147;
1084;Hovedstaden;2021-03-12;222;
1082;Midtjylland;2021-03-12;62;
1081;Nordjylland;2021-03-12;20;
1085;Sjælland;2021-03-12;63;
1083;Syddanmark;2021-03-12;124;
1084;Hovedstaden;2021-03-13;193;
1082;Midtjylland;2021-03-13;60;
1081;Nordjylland;2021-03-13;24;
1085;Sjælland;2021-03-13;47;
1083;Syddanmark;2021-03-13;140;
1084;Hovedstaden;2021-03-14;217;
1082;Midtjylland;2021-03-14;69;
1081;Nordjylland;2021-03-14;23;
1085;Sjælland;2021-03-14;47;
1083;Syddanmark;2021-03-14;132;
1084;Hovedstaden;2021-03-15;258;
1082;Midtjylland;2021-03-15;84;
1081;Nordjylland;2021-03-15;28;
1085;Sjælland;2021-03-15;83;
1083;Syddanmark;2021-03-15;191;
1084;Hovedstaden;2021-03-16;283;
1082;Midtjylland;2021-03-16;125;
1081;Nordjylland;2021-03-16;48;
1085;Sjælland;2021-03-16;94;
1083;Syddanmark;2021-03-16;201;
1084;Hovedstaden;2021-03-17;256;
1082;Midtjylland;2021-03-17;88;
1081;Nordjylland;2021-03-17;42;
1085;Sjælland;2021-03-17;90;
1083;Syddanmark;2021-03-17;196;
1084;Hovedstaden;2021-03-18;291;
1082;Midtjylland;2021-03-18;75;
1081;Nordjylland;2021-03-18;30;
1085;Sjælland;2021-03-18;84;
1083;Syddanmark;2021-03-18;174;
1084;Hovedstaden;2021-03-19;331;
1082;Midtjylland;2021-03-19;75;
1081;Nordjylland;2021-03-19;21;
1085;Sjælland;2021-03-19;83;
1083;Syddanmark;2021-03-19;137;
1084;Hovedstaden;2021-03-20;291;
1082;Midtjylland;2021-03-20;68;
1081;Nordjylland;2021-03-20;40;
1085;Sjælland;2021-03-20;56;
1083;Syddanmark;2021-03-20;132;
1084;Hovedstaden;2021-03-21;279;
1082;Midtjylland;2021-03-21;85;
1081;Nordjylland;2021-03-21;31;
1085;Sjælland;2021-03-21;51;
1083;Syddanmark;2021-03-21;121;
1084;Hovedstaden;2021-03-22;370;
1082;Midtjylland;2021-03-22;101;
1081;Nordjylland;2021-03-22;47;
1085;Sjælland;2021-03-22;83;
1083;Syddanmark;2021-03-22;189;
1084;Hovedstaden;2021-03-23;393;
1082;Midtjylland;2021-03-23;127;
1081;Nordjylland;2021-03-23;35;
1085;Sjælland;2021-03-23;89;
1083;Syddanmark;2021-03-23;160;
1084;Hovedstaden;2021-03-24;394;
1082;Midtjylland;2021-03-24;112;
1081;Nordjylland;2021-03-24;42;
1085;Sjælland;2021-03-24;83;
1083;Syddanmark;2021-03-24;162;
1084;Hovedstaden;2021-03-25;357;
1082;Midtjylland;2021-03-25;80;
1081;Nordjylland;2021-03-25;29;
1085;Sjælland;2021-03-25;67;
1083;Syddanmark;2021-03-25;118;
1084;Hovedstaden;2021-03-26;379;
1082;Midtjylland;2021-03-26;80;
1081;Nordjylland;2021-03-26;25;
1085;Sjælland;2021-03-26;78;
1083;Syddanmark;2021-03-26;139;
1084;Hovedstaden;2021-03-27;338;
1082;Midtjylland;2021-03-27;101;
1081;Nordjylland;2021-03-27;36;
1085;Sjælland;2021-03-27;79;
1083;Syddanmark;2021-03-27;120;
1084;Hovedstaden;2021-03-28;322;
1082;Midtjylland;2021-03-28;77;
1081;Nordjylland;2021-03-28;25;
1085;Sjælland;2021-03-28;65;
1083;Syddanmark;2021-03-28;125;
1084;Hovedstaden;2021-03-29;406;
1082;Midtjylland;2021-03-29;97;
1081;Nordjylland;2021-03-29;40;
1085;Sjælland;2021-03-29;89;
1083;Syddanmark;2021-03-29;133;
1084;Hovedstaden;2021-03-30;370;
1082;Midtjylland;2021-03-30;93;
1081;Nordjylland;2021-03-30;42;
1085;Sjælland;2021-03-30;63;
1083;Syddanmark;2021-03-30;109;
1084;Hovedstaden;2021-03-31;376;
1082;Midtjylland;2021-03-31;99;
1081;Nordjylland;2021-03-31;50;
1085;Sjælland;2021-03-31;59;
1083;Syddanmark;2021-03-31;108;
1084;Hovedstaden;2021-04-01;360;
1082;Midtjylland;2021-04-01;111;
1081;Nordjylland;2021-04-01;46;
1085;Sjælland;2021-04-01;90;
1083;Syddanmark;2021-04-01;106;
1084;Hovedstaden;2021-04-02;277;
1082;Midtjylland;2021-04-02;91;
1081;Nordjylland;2021-04-02;36;
1085;Sjælland;2021-04-02;64;
1083;Syddanmark;2021-04-02;86;
1084;Hovedstaden;2021-04-03;242;
1082;Midtjylland;2021-04-03;109;
1081;Nordjylland;2021-04-03;39;
1085;Sjælland;2021-04-03;56;
1083;Syddanmark;2021-04-03;73;
1084;Hovedstaden;2021-04-04;243;
1082;Midtjylland;2021-04-04;77;
1081;Nordjylland;2021-04-04;43;
1085;Sjælland;2021-04-04;41;
1083;Syddanmark;2021-04-04;63;
1084;Hovedstaden;2021-04-05;271;
1082;Midtjylland;2021-04-05;88;
1081;Nordjylland;2021-04-05;53;
1085;Sjælland;2021-04-05;66;
1083;Syddanmark;2021-04-05;80;
1084;Hovedstaden;2021-04-06;381;
1082;Midtjylland;2021-04-06;99;
1081;Nordjylland;2021-04-06;53;
1085;Sjælland;2021-04-06;64;
1083;Syddanmark;2021-04-06;109;
1084;Hovedstaden;2021-04-07;328;
1082;Midtjylland;2021-04-07;108;
1081;Nordjylland;2021-04-07;68;
1085;Sjælland;2021-04-07;86;
1083;Syddanmark;2021-04-07;119;
1084;Hovedstaden;2021-04-08;359;
1082;Midtjylland;2021-04-08;128;
1081;Nordjylland;2021-04-08;40;
1085;Sjælland;2021-04-08;98;
1083;Syddanmark;2021-04-08;90;
1084;Hovedstaden;2021-04-09;374;
1082;Midtjylland;2021-04-09;94;
1081;Nordjylland;2021-04-09;54;
1085;Sjælland;2021-04-09;93;
1083;Syddanmark;2021-04-09;110;
1084;Hovedstaden;2021-04-10;263;
1082;Midtjylland;2021-04-10;76;
1081;Nordjylland;2021-04-10;58;
1085;Sjælland;2021-04-10;57;
1083;Syddanmark;2021-04-10;93;
1084;Hovedstaden;2021-04-11;239;
1082;Midtjylland;2021-04-11;98;
1081;Nordjylland;2021-04-11;41;
1085;Sjælland;2021-04-11;75;
1083;Syddanmark;2021-04-11;79;
1084;Hovedstaden;2021-04-12;369;
1082;Midtjylland;2021-04-12;109;
1081;Nordjylland;2021-04-12;68;
1085;Sjælland;2021-04-12;107;
1083;Syddanmark;2021-04-12;107;
1084;Hovedstaden;2021-04-13;335;
1082;Midtjylland;2021-04-13;152;
1081;Nordjylland;2021-04-13;54;
1085;Sjælland;2021-04-13;101;
1083;Syddanmark;2021-04-13;97;
1084;Hovedstaden;2021-04-14;335;
1082;Midtjylland;2021-04-14;135;
1081;Nordjylland;2021-04-14;54;
1085;Sjælland;2021-04-14;76;
1083;Syddanmark;2021-04-14;94;
1084;Hovedstaden;2021-04-15;326;
1082;Midtjylland;2021-04-15;157;
1081;Nordjylland;2021-04-15;49;
1085;Sjælland;2021-04-15;90;
1083;Syddanmark;2021-04-15;109;
1084;Hovedstaden;2021-04-16;335;
1082;Midtjylland;2021-04-16;145;
1081;Nordjylland;2021-04-16;43;
1085;Sjælland;2021-04-16;86;
1083;Syddanmark;2021-04-16;96;
1084;Hovedstaden;2021-04-17;308;
1082;Midtjylland;2021-04-17;139;
1081;Nordjylland;2021-04-17;56;
1085;Sjælland;2021-04-17;70;
1083;Syddanmark;2021-04-17;79;
1084;Hovedstaden;2021-04-18;357;
1082;Midtjylland;2021-04-18;151;
1081;Nordjylland;2021-04-18;50;
1085;Sjælland;2021-04-18;78;
1083;Syddanmark;2021-04-18;79;
1084;Hovedstaden;2021-04-19;379;
1082;Midtjylland;2021-04-19;182;
1081;Nordjylland;2021-04-19;90;
1085;Sjælland;2021-04-19;104;
1083;Syddanmark;2021-04-19;107;
1084;Hovedstaden;2021-04-20;363;
1082;Midtjylland;2021-04-20;198;
1081;Nordjylland;2021-04-20;84;
1085;Sjælland;2021-04-20;99;
1083;Syddanmark;2021-04-20;104;
1084;Hovedstaden;2021-04-21;317;
1082;Midtjylland;2021-04-21;144;
1081;Nordjylland;2021-04-21;39;
1085;Sjælland;2021-04-21;86;
1083;Syddanmark;2021-04-21;73;
1084;Hovedstaden;2021-04-22;292;
1082;Midtjylland;2021-04-22;104;
1081;Nordjylland;2021-04-22;51;
1085;Sjælland;2021-04-22;84;
1083;Syddanmark;2021-04-22;89;
1084;Hovedstaden;2021-04-23;267;
1082;Midtjylland;2021-04-23;119;
1081;Nordjylland;2021-04-23;81;
1085;Sjælland;2021-04-23;64;
1083;Syddanmark;2021-04-23;94;
1084;Hovedstaden;2021-04-24;230;
1082;Midtjylland;2021-04-24;131;
1081;Nordjylland;2021-04-24;61;
1085;Sjælland;2021-04-24;69;
1083;Syddanmark;2021-04-24;77;
1084;Hovedstaden;2021-04-25;274;
1082;Midtjylland;2021-04-25;118;
1081;Nordjylland;2021-04-25;64;
1085;Sjælland;2021-04-25;66;
1083;Syddanmark;2021-04-25;75;
1084;Hovedstaden;2021-04-26;349;
1082;Midtjylland;2021-04-26;132;
1081;Nordjylland;2021-04-26;75;
1085;Sjælland;2021-04-26;103;
1083;Syddanmark;2021-04-26;114;
1084;Hovedstaden;2021-04-27;436;
1082;Midtjylland;2021-04-27;147;
1081;Nordjylland;2021-04-27;76;
1085;Sjælland;2021-04-27;96;
1083;Syddanmark;2021-04-27;138;
1084;Hovedstaden;2021-04-28;396;
1082;Midtjylland;2021-04-28;146;
1081;Nordjylland;2021-04-28;65;
1085;Sjælland;2021-04-28;92;
1083;Syddanmark;2021-04-28;108;
1084;Hovedstaden;2021-04-29;382;
1082;Midtjylland;2021-04-29;146;
1081;Nordjylland;2021-04-29;59;
1085;Sjælland;2021-04-29;100;
1083;Syddanmark;2021-04-29;113;
1084;Hovedstaden;2021-04-30;367;
1082;Midtjylland;2021-04-30;130;
1081;Nordjylland;2021-04-30;64;
1085;Sjælland;2021-04-30;69;
1083;Syddanmark;2021-04-30;126;
1084;Hovedstaden;2021-05-01;302;
1082;Midtjylland;2021-05-01;161;
1081;Nordjylland;2021-05-01;63;
1085;Sjælland;2021-05-01;68;
1083;Syddanmark;2021-05-01;95;
1084;Hovedstaden;2021-05-02;358;
1082;Midtjylland;2021-05-02;135;
1081;Nordjylland;2021-05-02;59;
1085;Sjælland;2021-05-02;56;
1083;Syddanmark;2021-05-02;104;
1084;Hovedstaden;2021-05-03;495;
1082;Midtjylland;2021-05-03;190;
1081;Nordjylland;2021-05-03;73;
1085;Sjælland;2021-05-03;135;
1083;Syddanmark;2021-05-03;128;
1084;Hovedstaden;2021-05-04;467;
1082;Midtjylland;2021-05-04;197;
1081;Nordjylland;2021-05-04;58;
1085;Sjælland;2021-05-04;117;
1083;Syddanmark;2021-05-04;134;
1084;Hovedstaden;2021-05-05;512;
1082;Midtjylland;2021-05-05;198;
1081;Nordjylland;2021-05-05;86;
1085;Sjælland;2021-05-05;123;
1083;Syddanmark;2021-05-05;135;
1084;Hovedstaden;2021-05-06;443;
1082;Midtjylland;2021-05-06;154;
1081;Nordjylland;2021-05-06;56;
1085;Sjælland;2021-05-06;147;
1083;Syddanmark;2021-05-06;87;
1084;Hovedstaden;2021-05-07;420;
1082;Midtjylland;2021-05-07;176;
1081;Nordjylland;2021-05-07;62;
1085;Sjælland;2021-05-07;114;
1083;Syddanmark;2021-05-07;129;
1084;Hovedstaden;2021-05-08;440;
1082;Midtjylland;2021-05-08;177;
1081;Nordjylland;2021-05-08;64;
1085;Sjælland;2021-05-08;84;
1083;Syddanmark;2021-05-08;83;
1084;Hovedstaden;2021-05-09;393;
1082;Midtjylland;2021-05-09;152;
1081;Nordjylland;2021-05-09;73;
1085;Sjælland;2021-05-09;100;
1083;Syddanmark;2021-05-09;82;
1084;Hovedstaden;2021-05-10;469;
1082;Midtjylland;2021-05-10;285;
1081;Nordjylland;2021-05-10;75;
1085;Sjælland;2021-05-10;184;
1083;Syddanmark;2021-05-10;116;
1084;Hovedstaden;2021-05-11;624;
1082;Midtjylland;2021-05-11;265;
1081;Nordjylland;2021-05-11;116;
1085;Sjælland;2021-05-11;166;
1083;Syddanmark;2021-05-11;129;
1084;Hovedstaden;2021-05-12;561;
1082;Midtjylland;2021-05-12;206;
1081;Nordjylland;2021-05-12;103;
1085;Sjælland;2021-05-12;187;
1083;Syddanmark;2021-05-12;100;
1084;Hovedstaden;2021-05-13;441;
1082;Midtjylland;2021-05-13;152;
1081;Nordjylland;2021-05-13;102;
1085;Sjælland;2021-05-13;120;
1083;Syddanmark;2021-05-13;89;
1084;Hovedstaden;2021-05-14;398;
1082;Midtjylland;2021-05-14;163;
1081;Nordjylland;2021-05-14;77;
1085;Sjælland;2021-05-14;135;
1083;Syddanmark;2021-05-14;99;
1084;Hovedstaden;2021-05-15;418;
1082;Midtjylland;2021-05-15;191;
1081;Nordjylland;2021-05-15;97;
1085;Sjælland;2021-05-15;133;
1083;Syddanmark;2021-05-15;102;
1084;Hovedstaden;2021-05-16;444;
1082;Midtjylland;2021-05-16;148;
1081;Nordjylland;2021-05-16;105;
1085;Sjælland;2021-05-16;124;
1083;Syddanmark;2021-05-16;99;
1084;Hovedstaden;2021-05-17;502;
1082;Midtjylland;2021-05-17;210;
1081;Nordjylland;2021-05-17;110;
1085;Sjælland;2021-05-17;158;
1083;Syddanmark;2021-05-17;170;
1084;Hovedstaden;2021-05-18;548;
1082;Midtjylland;2021-05-18;182;
1081;Nordjylland;2021-05-18;121;
1085;Sjælland;2021-05-18;158;
1083;Syddanmark;2021-05-18;144;
1084;Hovedstaden;2021-05-19;501;
1082;Midtjylland;2021-05-19;178;
1081;Nordjylland;2021-05-19;127;
1085;Sjælland;2021-05-19;200;
1083;Syddanmark;2021-05-19;131;
1084;Hovedstaden;2021-05-20;455;
1082;Midtjylland;2021-05-20;144;
1081;Nordjylland;2021-05-20;144;
1085;Sjælland;2021-05-20;156;
1083;Syddanmark;2021-05-20;118;
1084;Hovedstaden;2021-05-21;376;
1082;Midtjylland;2021-05-21;133;
1081;Nordjylland;2021-05-21;87;
1085;Sjælland;2021-05-21;136;
1083;Syddanmark;2021-05-21;98;
1084;Hovedstaden;2021-05-22;328;
1082;Midtjylland;2021-05-22;168;
1081;Nordjylland;2021-05-22;100;
1085;Sjælland;2021-05-22;83;
1083;Syddanmark;2021-05-22;106;
1084;Hovedstaden;2021-05-23;305;
1082;Midtjylland;2021-05-23;180;
1081;Nordjylland;2021-05-23;114;
1085;Sjælland;2021-05-23;98;
1083;Syddanmark;2021-05-23;103;
1084;Hovedstaden;2021-05-24;357;
1082;Midtjylland;2021-05-24;181;
1081;Nordjylland;2021-05-24;99;
1085;Sjælland;2021-05-24;121;
1083;Syddanmark;2021-05-24;102;
1084;Hovedstaden;2021-05-25;425;
1082;Midtjylland;2021-05-25;222;
1081;Nordjylland;2021-05-25;152;
1085;Sjælland;2021-05-25;130;
1083;Syddanmark;2021-05-25;171;
1084;Hovedstaden;2021-05-26;549;
1082;Midtjylland;2021-05-26;177;
1081;Nordjylland;2021-05-26;189;
1085;Sjælland;2021-05-26;128;
1083;Syddanmark;2021-05-26;156;
1084;Hovedstaden;2021-05-27;436;
1082;Midtjylland;2021-05-27;192;
1081;Nordjylland;2021-05-27;108;
1085;Sjælland;2021-05-27;129;
1083;Syddanmark;2021-05-27;132;
1084;Hovedstaden;2021-05-28;373;
1082;Midtjylland;2021-05-28;183;
1081;Nordjylland;2021-05-28;114;
1085;Sjælland;2021-05-28;112;
1083;Syddanmark;2021-05-28;141;
1084;Hovedstaden;2021-05-29;355;
1082;Midtjylland;2021-05-29;148;
1081;Nordjylland;2021-05-29;111;
1085;Sjælland;2021-05-29;81;
1083;Syddanmark;2021-05-29;119;
1084;Hovedstaden;2021-05-30;337;
1082;Midtjylland;2021-05-30;169;
1081;Nordjylland;2021-05-30;124;
1085;Sjælland;2021-05-30;82;
1083;Syddanmark;2021-05-30;111;
1084;Hovedstaden;2021-05-31;433;
1082;Midtjylland;2021-05-31;191;
1081;Nordjylland;2021-05-31;154;
1085;Sjælland;2021-05-31;100;
1083;Syddanmark;2021-05-31;137;
1084;Hovedstaden;2021-06-01;499;
1082;Midtjylland;2021-06-01;199;
1081;Nordjylland;2021-06-01;176;
1085;Sjælland;2021-06-01;100;
1083;Syddanmark;2021-06-01;128;
1084;Hovedstaden;2021-06-02;418;
1082;Midtjylland;2021-06-02;192;
1081;Nordjylland;2021-06-02;140;
1085;Sjælland;2021-06-02;101;
1083;Syddanmark;2021-06-02;78;
1084;Hovedstaden;2021-06-03;349;
1082;Midtjylland;2021-06-03;133;
1081;Nordjylland;2021-06-03;101;
1085;Sjælland;2021-06-03;102;
1083;Syddanmark;2021-06-03;66;
1084;Hovedstaden;2021-06-04;306;
1082;Midtjylland;2021-06-04;163;
1081;Nordjylland;2021-06-04;83;
1085;Sjælland;2021-06-04;87;
1083;Syddanmark;2021-06-04;67;
1084;Hovedstaden;2021-06-05;238;
1082;Midtjylland;2021-06-05;144;
1081;Nordjylland;2021-06-05;83;
1085;Sjælland;2021-06-05;104;
1083;Syddanmark;2021-06-05;55;
1084;Hovedstaden;2021-06-06;239;
1082;Midtjylland;2021-06-06;123;
1081;Nordjylland;2021-06-06;77;
1085;Sjælland;2021-06-06;64;
1083;Syddanmark;2021-06-06;43;
1084;Hovedstaden;2021-06-07;272;
1082;Midtjylland;2021-06-07;123;
1081;Nordjylland;2021-06-07;92;
1085;Sjælland;2021-06-07;60;
1083;Syddanmark;2021-06-07;75;
1084;Hovedstaden;2021-06-08;223;
1082;Midtjylland;2021-06-08;98;
1081;Nordjylland;2021-06-08;60;
1085;Sjælland;2021-06-08;68;
1083;Syddanmark;2021-06-08;64;
1084;Hovedstaden;2021-06-09;195;
1082;Midtjylland;2021-06-09;104;
1081;Nordjylland;2021-06-09;61;
1085;Sjælland;2021-06-09;72;
1083;Syddanmark;2021-06-09;50;
1084;Hovedstaden;2021-06-10;174;
1082;Midtjylland;2021-06-10;79;
1081;Nordjylland;2021-06-10;67;
1085;Sjælland;2021-06-10;52;
1083;Syddanmark;2021-06-10;46;
1084;Hovedstaden;2021-06-11;125;
1082;Midtjylland;2021-06-11;76;
1081;Nordjylland;2021-06-11;50;
1085;Sjælland;2021-06-11;34;
1083;Syddanmark;2021-06-11;31;
1084;Hovedstaden;2021-06-12;110;
1082;Midtjylland;2021-06-12;44;
1081;Nordjylland;2021-06-12;36;
1085;Sjælland;2021-06-12;34;
1083;Syddanmark;2021-06-12;24;
1084;Hovedstaden;2021-06-13;87;
1082;Midtjylland;2021-06-13;50;
1081;Nordjylland;2021-06-13;37;
1085;Sjælland;2021-06-13;24;
1083;Syddanmark;2021-06-13;31;
1084;Hovedstaden;2021-06-14;119;
1082;Midtjylland;2021-06-14;60;
1081;Nordjylland;2021-06-14;49;
1085;Sjælland;2021-06-14;50;
1083;Syddanmark;2021-06-14;33;
1084;Hovedstaden;2021-06-15;127;
1082;Midtjylland;2021-06-15;62;
1081;Nordjylland;2021-06-15;56;
1085;Sjælland;2021-06-15;29;
1083;Syddanmark;2021-06-15;34;
1084;Hovedstaden;2021-06-16;143;
1082;Midtjylland;2021-06-16;60;
1081;Nordjylland;2021-06-16;23;
1085;Sjælland;2021-06-16;36;
1083;Syddanmark;2021-06-16;25;
1084;Hovedstaden;2021-06-17;102;
1082;Midtjylland;2021-06-17;37;
1081;Nordjylland;2021-06-17;29;
1085;Sjælland;2021-06-17;30;
1083;Syddanmark;2021-06-17;15;
1084;Hovedstaden;2021-06-18;98;
1082;Midtjylland;2021-06-18;43;
1081;Nordjylland;2021-06-18;29;
1085;Sjælland;2021-06-18;23;
1083;Syddanmark;2021-06-18;10;
1084;Hovedstaden;2021-06-19;94;
1082;Midtjylland;2021-06-19;21;
1081;Nordjylland;2021-06-19;22;
1085;Sjælland;2021-06-19;22;
1083;Syddanmark;2021-06-19;14;
1084;Hovedstaden;2021-06-20;79;
1082;Midtjylland;2021-06-20;39;
1081;Nordjylland;2021-06-20;17;
1085;Sjælland;2021-06-20;16;
1083;Syddanmark;2021-06-20;10;
1084;Hovedstaden;2021-06-21;108;
1082;Midtjylland;2021-06-21;29;
1081;Nordjylland;2021-06-21;17;
1085;Sjælland;2021-06-21;10;
1083;Syddanmark;2021-06-21;25;
1084;Hovedstaden;2021-06-22;101;
1082;Midtjylland;2021-06-22;21;
1081;Nordjylland;2021-06-22;14;
1085;Sjælland;2021-06-22;18;
1083;Syddanmark;2021-06-22;21;
1084;Hovedstaden;2021-06-23;98;
1082;Midtjylland;2021-06-23;37;
1081;Nordjylland;2021-06-23;34;
1085;Sjælland;2021-06-23;17;
1083;Syddanmark;2021-06-23;20;
1084;Hovedstaden;2021-06-24;110;
1082;Midtjylland;2021-06-24;42;
1081;Nordjylland;2021-06-24;21;
1085;Sjælland;2021-06-24;12;
1083;Syddanmark;2021-06-24;28;
1084;Hovedstaden;2021-06-25;98;
1082;Midtjylland;2021-06-25;36;
1081;Nordjylland;2021-06-25;20;
1085;Sjælland;2021-06-25;19;
1083;Syddanmark;2021-06-25;18;
1084;Hovedstaden;2021-06-26;93;
1082;Midtjylland;2021-06-26;16;
1081;Nordjylland;2021-06-26;13;
1085;Sjælland;2021-06-26;7;
1083;Syddanmark;2021-06-26;15;
1084;Hovedstaden;2021-06-27;117;
1082;Midtjylland;2021-06-27;19;
1081;Nordjylland;2021-06-27;21;
1085;Sjælland;2021-06-27;11;
1083;Syddanmark;2021-06-27;18;
1084;Hovedstaden;2021-06-28;171;
1082;Midtjylland;2021-06-28;41;
1081;Nordjylland;2021-06-28;38;
1085;Sjælland;2021-06-28;21;
1083;Syddanmark;2021-06-28;18;
1084;Hovedstaden;2021-06-29;251;
1082;Midtjylland;2021-06-29;37;
1081;Nordjylland;2021-06-29;44;
1085;Sjælland;2021-06-29;46;
1083;Syddanmark;2021-06-29;20;
1084;Hovedstaden;2021-06-30;312;
1082;Midtjylland;2021-06-30;58;
1081;Nordjylland;2021-06-30;31;
1085;Sjælland;2021-06-30;47;
1083;Syddanmark;2021-06-30;32;
1084;Hovedstaden;2021-07-01;210;
1082;Midtjylland;2021-07-01;45;
1081;Nordjylland;2021-07-01;27;
1085;Sjælland;2021-07-01;64;
1083;Syddanmark;2021-07-01;41;
1084;Hovedstaden;2021-07-02;224;
1082;Midtjylland;2021-07-02;53;
1081;Nordjylland;2021-07-02;26;
1085;Sjælland;2021-07-02;38;
1083;Syddanmark;2021-07-02;32;
1084;Hovedstaden;2021-07-03;186;
1082;Midtjylland;2021-07-03;54;
1081;Nordjylland;2021-07-03;37;
1085;Sjælland;2021-07-03;46;
1083;Syddanmark;2021-07-03;32;
1084;Hovedstaden;2021-07-04;228;
1082;Midtjylland;2021-07-04;64;
1081;Nordjylland;2021-07-04;28;
1085;Sjælland;2021-07-04;40;
1083;Syddanmark;2021-07-04;45;
1084;Hovedstaden;2021-07-05;312;
1082;Midtjylland;2021-07-05;151;
1081;Nordjylland;2021-07-05;46;
1085;Sjælland;2021-07-05;58;
1083;Syddanmark;2021-07-05;110;
1084;Hovedstaden;2021-07-06;352;
1082;Midtjylland;2021-07-06;116;
1081;Nordjylland;2021-07-06;34;
1085;Sjælland;2021-07-06;51;
1083;Syddanmark;2021-07-06;107;
1084;Hovedstaden;2021-07-07;299;
1082;Midtjylland;2021-07-07;143;
1081;Nordjylland;2021-07-07;36;
1085;Sjælland;2021-07-07;57;
1083;Syddanmark;2021-07-07;83;
1084;Hovedstaden;2021-07-08;275;
1082;Midtjylland;2021-07-08;120;
1081;Nordjylland;2021-07-08;35;
1085;Sjælland;2021-07-08;53;
1083;Syddanmark;2021-07-08;60;
1084;Hovedstaden;2021-07-09;304;
1082;Midtjylland;2021-07-09;128;
1081;Nordjylland;2021-07-09;27;
1085;Sjælland;2021-07-09;48;
1083;Syddanmark;2021-07-09;60;
1084;Hovedstaden;2021-07-10;353;
1082;Midtjylland;2021-07-10;129;
1081;Nordjylland;2021-07-10;33;
1085;Sjælland;2021-07-10;62;
1083;Syddanmark;2021-07-10;78;
1084;Hovedstaden;2021-07-11;484;
1082;Midtjylland;2021-07-11;210;
1081;Nordjylland;2021-07-11;41;
1085;Sjælland;2021-07-11;63;
1083;Syddanmark;2021-07-11;125;
1084;Hovedstaden;2021-07-12;577;
1082;Midtjylland;2021-07-12;264;
1081;Nordjylland;2021-07-12;45;
1085;Sjælland;2021-07-12;84;
1083;Syddanmark;2021-07-12;142;
1084;Hovedstaden;2021-07-13;640;
1082;Midtjylland;2021-07-13;270;
1081;Nordjylland;2021-07-13;52;
1085;Sjælland;2021-07-13;96;
1083;Syddanmark;2021-07-13;159;
1084;Hovedstaden;2021-07-14;612;
1082;Midtjylland;2021-07-14;298;
1081;Nordjylland;2021-07-14;45;
1085;Sjælland;2021-07-14;103;
1083;Syddanmark;2021-07-14;130;
1084;Hovedstaden;2021-07-15;556;
1082;Midtjylland;2021-07-15;238;
1081;Nordjylland;2021-07-15;46;
1085;Sjælland;2021-07-15;77;
1083;Syddanmark;2021-07-15;120;
1084;Hovedstaden;2021-07-16;405;
1082;Midtjylland;2021-07-16;198;
1081;Nordjylland;2021-07-16;33;
1085;Sjælland;2021-07-16;81;
1083;Syddanmark;2021-07-16;91;
1084;Hovedstaden;2021-07-17;387;
1082;Midtjylland;2021-07-17;172;
1081;Nordjylland;2021-07-17;43;
1085;Sjælland;2021-07-17;74;
1083;Syddanmark;2021-07-17;102;
1084;Hovedstaden;2021-07-18;326;
1082;Midtjylland;2021-07-18;162;
1081;Nordjylland;2021-07-18;39;
1085;Sjælland;2021-07-18;91;
1083;Syddanmark;2021-07-18;103;
1084;Hovedstaden;2021-07-19;389;
1082;Midtjylland;2021-07-19;237;
1081;Nordjylland;2021-07-19;60;
1085;Sjælland;2021-07-19;73;
1083;Syddanmark;2021-07-19;94;
1084;Hovedstaden;2021-07-20;394;
1082;Midtjylland;2021-07-20;197;
1081;Nordjylland;2021-07-20;35;
1085;Sjælland;2021-07-20;61;
1083;Syddanmark;2021-07-20;122;
1084;Hovedstaden;2021-07-21;372;
1082;Midtjylland;2021-07-21;200;
1081;Nordjylland;2021-07-21;60;
1085;Sjælland;2021-07-21;67;
1083;Syddanmark;2021-07-21;101;
1084;Hovedstaden;2021-07-22;298;
1082;Midtjylland;2021-07-22;182;
1081;Nordjylland;2021-07-22;50;
1085;Sjælland;2021-07-22;69;
1083;Syddanmark;2021-07-22;101;
1084;Hovedstaden;2021-07-23;301;
1082;Midtjylland;2021-07-23;196;
1081;Nordjylland;2021-07-23;46;
1085;Sjælland;2021-07-23;64;
1083;Syddanmark;2021-07-23;125;
1084;Hovedstaden;2021-07-24;268;
1082;Midtjylland;2021-07-24;184;
1081;Nordjylland;2021-07-24;58;
1085;Sjælland;2021-07-24;49;
1083;Syddanmark;2021-07-24;76;
1084;Hovedstaden;2021-07-25;348;
1082;Midtjylland;2021-07-25;200;
1081;Nordjylland;2021-07-25;55;
1085;Sjælland;2021-07-25;53;
1083;Syddanmark;2021-07-25;115;
1084;Hovedstaden;2021-07-26;406;
1082;Midtjylland;2021-07-26;276;
1081;Nordjylland;2021-07-26;108;
1085;Sjælland;2021-07-26;90;
1083;Syddanmark;2021-07-26;149;
1084;Hovedstaden;2021-07-27;398;
1082;Midtjylland;2021-07-27;253;
1081;Nordjylland;2021-07-27;125;
1085;Sjælland;2021-07-27;71;
1083;Syddanmark;2021-07-27;117;
1084;Hovedstaden;2021-07-28;382;
1082;Midtjylland;2021-07-28;216;
1081;Nordjylland;2021-07-28;161;
1085;Sjælland;2021-07-28;69;
1083;Syddanmark;2021-07-28;156;
1084;Hovedstaden;2021-07-29;315;
1082;Midtjylland;2021-07-29;225;
1081;Nordjylland;2021-07-29;127;
1085;Sjælland;2021-07-29;61;
1083;Syddanmark;2021-07-29;159;
1084;Hovedstaden;2021-07-30;346;
1082;Midtjylland;2021-07-30;212;
1081;Nordjylland;2021-07-30;89;
1085;Sjælland;2021-07-30;78;
1083;Syddanmark;2021-07-30;122;
1084;Hovedstaden;2021-07-31;290;
1082;Midtjylland;2021-07-31;180;
1081;Nordjylland;2021-07-31;115;
1085;Sjælland;2021-07-31;55;
1083;Syddanmark;2021-07-31;109;
1084;Hovedstaden;2021-08-01;335;
1082;Midtjylland;2021-08-01;181;
1081;Nordjylland;2021-08-01;115;
1085;Sjælland;2021-08-01;77;
1083;Syddanmark;2021-08-01;128;
1084;Hovedstaden;2021-08-02;339;
1082;Midtjylland;2021-08-02;229;
1081;Nordjylland;2021-08-02;114;
1085;Sjælland;2021-08-02;78;
1083;Syddanmark;2021-08-02;148;
1084;Hovedstaden;2021-08-03;306;
1082;Midtjylland;2021-08-03;245;
1081;Nordjylland;2021-08-03;89;
1085;Sjælland;2021-08-03;93;
1083;Syddanmark;2021-08-03;152;
1084;Hovedstaden;2021-08-04;350;
1082;Midtjylland;2021-08-04;215;
1081;Nordjylland;2021-08-04;113;
1085;Sjælland;2021-08-04;69;
1083;Syddanmark;2021-08-04;172;
1084;Hovedstaden;2021-08-05;357;
1082;Midtjylland;2021-08-05;200;
1081;Nordjylland;2021-08-05;122;
1085;Sjælland;2021-08-05;73;
1083;Syddanmark;2021-08-05;177;
1084;Hovedstaden;2021-08-06;371;
1082;Midtjylland;2021-08-06;205;
1081;Nordjylland;2021-08-06;112;
1085;Sjælland;2021-08-06;87;
1083;Syddanmark;2021-08-06;139;
1084;Hovedstaden;2021-08-07;384;
1082;Midtjylland;2021-08-07;190;
1081;Nordjylland;2021-08-07;90;
1085;Sjælland;2021-08-07;60;
1083;Syddanmark;2021-08-07;125;
1084;Hovedstaden;2021-08-08;395;
1082;Midtjylland;2021-08-08;231;
1081;Nordjylland;2021-08-08;115;
1085;Sjælland;2021-08-08;87;
1083;Syddanmark;2021-08-08;155;
1084;Hovedstaden;2021-08-09;473;
1082;Midtjylland;2021-08-09;200;
1081;Nordjylland;2021-08-09;121;
1085;Sjælland;2021-08-09;126;
1083;Syddanmark;2021-08-09;177;
1084;Hovedstaden;2021-08-10;421;
1082;Midtjylland;2021-08-10;258;
1081;Nordjylland;2021-08-10;115;
1085;Sjælland;2021-08-10;109;
1083;Syddanmark;2021-08-10;179;
1084;Hovedstaden;2021-08-11;396;
1082;Midtjylland;2021-08-11;235;
1081;Nordjylland;2021-08-11;103;
1085;Sjælland;2021-08-11;123;
1083;Syddanmark;2021-08-11;133;
1084;Hovedstaden;2021-08-12;381;
1082;Midtjylland;2021-08-12;257;
1081;Nordjylland;2021-08-12;110;
1085;Sjælland;2021-08-12;112;
1083;Syddanmark;2021-08-12;142;
1084;Hovedstaden;2021-08-13;398;
1082;Midtjylland;2021-08-13;207;
1081;Nordjylland;2021-08-13;104;
1085;Sjælland;2021-08-13;124;
1083;Syddanmark;2021-08-13;133;
1084;Hovedstaden;2021-08-14;330;
1082;Midtjylland;2021-08-14;200;
1081;Nordjylland;2021-08-14;78;
1085;Sjælland;2021-08-14;76;
1083;Syddanmark;2021-08-14;150;
1084;Hovedstaden;2021-08-15;395;
1082;Midtjylland;2021-08-15;243;
1081;Nordjylland;2021-08-15;67;
1085;Sjælland;2021-08-15;74;
1083;Syddanmark;2021-08-15;164;
1084;Hovedstaden;2021-08-16;426;
1082;Midtjylland;2021-08-16;252;
1081;Nordjylland;2021-08-16;103;
1085;Sjælland;2021-08-16;100;
1083;Syddanmark;2021-08-16;222;
1084;Hovedstaden;2021-08-17;374;
1082;Midtjylland;2021-08-17;247;
1081;Nordjylland;2021-08-17;106;
1085;Sjælland;2021-08-17;87;
1083;Syddanmark;2021-08-17;214;
1084;Hovedstaden;2021-08-18;425;
1082;Midtjylland;2021-08-18;211;
1081;Nordjylland;2021-08-18;84;
1085;Sjælland;2021-08-18;88;
1083;Syddanmark;2021-08-18;172;
1084;Hovedstaden;2021-08-19;435;
1082;Midtjylland;2021-08-19;222;
1081;Nordjylland;2021-08-19;95;
1085;Sjælland;2021-08-19;92;
1083;Syddanmark;2021-08-19;182;
1084;Hovedstaden;2021-08-20;475;
1082;Midtjylland;2021-08-20;197;
1081;Nordjylland;2021-08-20;82;
1085;Sjælland;2021-08-20;100;
1083;Syddanmark;2021-08-20;139;
1084;Hovedstaden;2021-08-21;446;
1082;Midtjylland;2021-08-21;113;
1081;Nordjylland;2021-08-21;55;
1085;Sjælland;2021-08-21;59;
1083;Syddanmark;2021-08-21;100;
1084;Hovedstaden;2021-08-22;545;
1082;Midtjylland;2021-08-22;170;
1081;Nordjylland;2021-08-22;62;
1085;Sjælland;2021-08-22;73;
1083;Syddanmark;2021-08-22;146;
1084;Hovedstaden;2021-08-23;512;
1082;Midtjylland;2021-08-23;206;
1081;Nordjylland;2021-08-23;70;
1085;Sjælland;2021-08-23;96;
1083;Syddanmark;2021-08-23;171;
1084;Hovedstaden;2021-08-24;559;
1082;Midtjylland;2021-08-24;152;
1081;Nordjylland;2021-08-24;62;
1085;Sjælland;2021-08-24;80;
1083;Syddanmark;2021-08-24;162;
1084;Hovedstaden;2021-08-25;511;
1082;Midtjylland;2021-08-25;149;
1081;Nordjylland;2021-08-25;50;
1085;Sjælland;2021-08-25;99;
1083;Syddanmark;2021-08-25;151;
1084;Hovedstaden;2021-08-26;500;
1082;Midtjylland;2021-08-26;201;
1081;Nordjylland;2021-08-26;75;
1085;Sjælland;2021-08-26;80;
1083;Syddanmark;2021-08-26;179;
1084;Hovedstaden;2021-08-27;361;
1082;Midtjylland;2021-08-27;143;
1081;Nordjylland;2021-08-27;43;
1085;Sjælland;2021-08-27;76;
1083;Syddanmark;2021-08-27;121;
1084;Hovedstaden;2021-08-28;377;
1082;Midtjylland;2021-08-28;118;
1081;Nordjylland;2021-08-28;32;
1085;Sjælland;2021-08-28;62;
1083;Syddanmark;2021-08-28;86;
1084;Hovedstaden;2021-08-29;432;
1082;Midtjylland;2021-08-29;124;
1081;Nordjylland;2021-08-29;38;
1085;Sjælland;2021-08-29;74;
1083;Syddanmark;2021-08-29;112;
1084;Hovedstaden;2021-08-30;446;
1082;Midtjylland;2021-08-30;148;
1081;Nordjylland;2021-08-30;61;
1085;Sjælland;2021-08-30;98;
1083;Syddanmark;2021-08-30;157;
1084;Hovedstaden;2021-08-31;412;
1082;Midtjylland;2021-08-31;155;
1081;Nordjylland;2021-08-31;51;
1085;Sjælland;2021-08-31;69;
1083;Syddanmark;2021-08-31;133;
1084;Hovedstaden;2021-09-01;400;
1082;Midtjylland;2021-09-01;115;
1081;Nordjylland;2021-09-01;38;
1085;Sjælland;2021-09-01;82;
1083;Syddanmark;2021-09-01;81;
1084;Hovedstaden;2021-09-02;316;
1082;Midtjylland;2021-09-02;83;
1081;Nordjylland;2021-09-02;36;
1085;Sjælland;2021-09-02;79;
1083;Syddanmark;2021-09-02;75;
1084;Hovedstaden;2021-09-03;280;
1082;Midtjylland;2021-09-03;107;
1081;Nordjylland;2021-09-03;25;
1085;Sjælland;2021-09-03;56;
1083;Syddanmark;2021-09-03;72;
1084;Hovedstaden;2021-09-04;239;
1082;Midtjylland;2021-09-04;74;
1081;Nordjylland;2021-09-04;16;
1085;Sjælland;2021-09-04;31;
1083;Syddanmark;2021-09-04;62;
1084;Hovedstaden;2021-09-05;284;
1082;Midtjylland;2021-09-05;72;
1081;Nordjylland;2021-09-05;20;
1085;Sjælland;2021-09-05;49;
1083;Syddanmark;2021-09-05;54;
1084;Hovedstaden;2021-09-06;321;
1082;Midtjylland;2021-09-06;67;
1081;Nordjylland;2021-09-06;25;
1085;Sjælland;2021-09-06;103;
1083;Syddanmark;2021-09-06;76;
1084;Hovedstaden;2021-09-07;321;
1082;Midtjylland;2021-09-07;99;
1081;Nordjylland;2021-09-07;16;
1085;Sjælland;2021-09-07;93;
1083;Syddanmark;2021-09-07;83;
1084;Hovedstaden;2021-09-08;274;
1082;Midtjylland;2021-09-08;75;
1081;Nordjylland;2021-09-08;28;
1085;Sjælland;2021-09-08;65;
1083;Syddanmark;2021-09-08;60;
1084;Hovedstaden;2021-09-09;219;
1082;Midtjylland;2021-09-09;91;
1081;Nordjylland;2021-09-09;28;
1085;Sjælland;2021-09-09;89;
1083;Syddanmark;2021-09-09;69;
1084;Hovedstaden;2021-09-10;176;
1082;Midtjylland;2021-09-10;68;
1081;Nordjylland;2021-09-10;17;
1085;Sjælland;2021-09-10;63;
1083;Syddanmark;2021-09-10;58;
1084;Hovedstaden;2021-09-11;174;
1082;Midtjylland;2021-09-11;55;
1081;Nordjylland;2021-09-11;10;
1085;Sjælland;2021-09-11;42;
1083;Syddanmark;2021-09-11;33;
1084;Hovedstaden;2021-09-12;194;
1082;Midtjylland;2021-09-12;43;
1081;Nordjylland;2021-09-12;19;
1085;Sjælland;2021-09-12;50;
1083;Syddanmark;2021-09-12;27;
1084;Hovedstaden;2021-09-13;198;
1082;Midtjylland;2021-09-13;62;
1081;Nordjylland;2021-09-13;38;
1085;Sjælland;2021-09-13;66;
1083;Syddanmark;2021-09-13;49;
1084;Hovedstaden;2021-09-14;184;
1082;Midtjylland;2021-09-14;47;
1081;Nordjylland;2021-09-14;23;
1085;Sjælland;2021-09-14;43;
1083;Syddanmark;2021-09-14;50;
1084;Hovedstaden;2021-09-15;154;
1082;Midtjylland;2021-09-15;55;
1081;Nordjylland;2021-09-15;27;
1085;Sjælland;2021-09-15;41;
1083;Syddanmark;2021-09-15;40;
1084;Hovedstaden;2021-09-16;144;
1082;Midtjylland;2021-09-16;45;
1081;Nordjylland;2021-09-16;23;
1085;Sjælland;2021-09-16;36;
1083;Syddanmark;2021-09-16;60;
1084;Hovedstaden;2021-09-17;147;
1082;Midtjylland;2021-09-17;46;
1081;Nordjylland;2021-09-17;16;
1085;Sjælland;2021-09-17;36;
1083;Syddanmark;2021-09-17;67;
1084;Hovedstaden;2021-09-18;91;
1082;Midtjylland;2021-09-18;44;
1081;Nordjylland;2021-09-18;10;
1085;Sjælland;2021-09-18;33;
1083;Syddanmark;2021-09-18;31;
1084;Hovedstaden;2021-09-19;124;
1082;Midtjylland;2021-09-19;53;
1081;Nordjylland;2021-09-19;17;
1085;Sjælland;2021-09-19;23;
1083;Syddanmark;2021-09-19;54;
1084;Hovedstaden;2021-09-20;144;
1082;Midtjylland;2021-09-20;61;
1081;Nordjylland;2021-09-20;30;
1085;Sjælland;2021-09-20;73;
1083;Syddanmark;2021-09-20;72;
1084;Hovedstaden;2021-09-21;124;
1082;Midtjylland;2021-09-21;62;
1081;Nordjylland;2021-09-21;29;
1085;Sjælland;2021-09-21;58;
1083;Syddanmark;2021-09-21;68;
1084;Hovedstaden;2021-09-22;139;
1082;Midtjylland;2021-09-22;64;
1081;Nordjylland;2021-09-22;54;
1085;Sjælland;2021-09-22;50;
1083;Syddanmark;2021-09-22;50;
1084;Hovedstaden;2021-09-23;144;
1082;Midtjylland;2021-09-23;58;
1081;Nordjylland;2021-09-23;59;
1085;Sjælland;2021-09-23;54;
1083;Syddanmark;2021-09-23;55;
1084;Hovedstaden;2021-09-24;143;
1082;Midtjylland;2021-09-24;44;
1081;Nordjylland;2021-09-24;42;
1085;Sjælland;2021-09-24;58;
1083;Syddanmark;2021-09-24;64;
1084;Hovedstaden;2021-09-25;175;
1082;Midtjylland;2021-09-25;30;
1081;Nordjylland;2021-09-25;28;
1085;Sjælland;2021-09-25;58;
1083;Syddanmark;2021-09-25;46;
1084;Hovedstaden;2021-09-26;173;
1082;Midtjylland;2021-09-26;29;
1081;Nordjylland;2021-09-26;47;
1085;Sjælland;2021-09-26;50;
1083;Syddanmark;2021-09-26;60;
1084;Hovedstaden;2021-09-27;240;
1082;Midtjylland;2021-09-27;49;
1081;Nordjylland;2021-09-27;45;
1085;Sjælland;2021-09-27;90;
1083;Syddanmark;2021-09-27;68;
1084;Hovedstaden;2021-09-28;275;
1082;Midtjylland;2021-09-28;74;
1081;Nordjylland;2021-09-28;40;
1085;Sjælland;2021-09-28;55;
1083;Syddanmark;2021-09-28;86;
1084;Hovedstaden;2021-09-29;233;
1082;Midtjylland;2021-09-29;51;
1081;Nordjylland;2021-09-29;26;
1085;Sjælland;2021-09-29;44;
1083;Syddanmark;2021-09-29;57;
1084;Hovedstaden;2021-09-30;221;
1082;Midtjylland;2021-09-30;44;
1081;Nordjylland;2021-09-30;31;
1085;Sjælland;2021-09-30;63;
1083;Syddanmark;2021-09-30;87;
1084;Hovedstaden;2021-10-01;225;
1082;Midtjylland;2021-10-01;37;
1081;Nordjylland;2021-10-01;15;
1085;Sjælland;2021-10-01;66;
1083;Syddanmark;2021-10-01;58;
1084;Hovedstaden;2021-10-02;166;
1082;Midtjylland;2021-10-02;46;
1081;Nordjylland;2021-10-02;21;
1085;Sjælland;2021-10-02;51;
1083;Syddanmark;2021-10-02;41;
1084;Hovedstaden;2021-10-03;241;
1082;Midtjylland;2021-10-03;60;
1081;Nordjylland;2021-10-03;19;
1085;Sjælland;2021-10-03;45;
1083;Syddanmark;2021-10-03;44;
1084;Hovedstaden;2021-10-04;258;
1082;Midtjylland;2021-10-04;69;
1081;Nordjylland;2021-10-04;34;
1085;Sjælland;2021-10-04;89;
1083;Syddanmark;2021-10-04;102;
1084;Hovedstaden;2021-10-05;286;
1082;Midtjylland;2021-10-05;73;
1081;Nordjylland;2021-10-05;26;
1085;Sjælland;2021-10-05;80;
1083;Syddanmark;2021-10-05;99;
1084;Hovedstaden;2021-10-06;353;
1082;Midtjylland;2021-10-06;93;
1081;Nordjylland;2021-10-06;35;
1085;Sjælland;2021-10-06;57;
1083;Syddanmark;2021-10-06;99;
1084;Hovedstaden;2021-10-07;321;
1082;Midtjylland;2021-10-07;85;
1081;Nordjylland;2021-10-07;50;
1085;Sjælland;2021-10-07;92;
1083;Syddanmark;2021-10-07;108;
1084;Hovedstaden;2021-10-08;300;
1082;Midtjylland;2021-10-08;98;
1081;Nordjylland;2021-10-08;35;
1085;Sjælland;2021-10-08;98;
1083;Syddanmark;2021-10-08;76;
1084;Hovedstaden;2021-10-09;241;
1082;Midtjylland;2021-10-09;79;
1081;Nordjylland;2021-10-09;23;
1085;Sjælland;2021-10-09;63;
1083;Syddanmark;2021-10-09;65;
1084;Hovedstaden;2021-10-10;320;
1082;Midtjylland;2021-10-10;75;
1081;Nordjylland;2021-10-10;21;
1085;Sjælland;2021-10-10;57;
1083;Syddanmark;2021-10-10;85;
1084;Hovedstaden;2021-10-11;364;
1082;Midtjylland;2021-10-11;108;
1081;Nordjylland;2021-10-11;37;
1085;Sjælland;2021-10-11;125;
1083;Syddanmark;2021-10-11;126;
1084;Hovedstaden;2021-10-12;414;
1082;Midtjylland;2021-10-12;78;
1081;Nordjylland;2021-10-12;38;
1085;Sjælland;2021-10-12;125;
1083;Syddanmark;2021-10-12;110;
1084;Hovedstaden;2021-10-13;429;
1082;Midtjylland;2021-10-13;90;
1081;Nordjylland;2021-10-13;48;
1085;Sjælland;2021-10-13;100;
1083;Syddanmark;2021-10-13;89;
1084;Hovedstaden;2021-10-14;388;
1082;Midtjylland;2021-10-14;83;
1081;Nordjylland;2021-10-14;55;
1085;Sjælland;2021-10-14;129;
1083;Syddanmark;2021-10-14;120;
1084;Hovedstaden;2021-10-15;358;
1082;Midtjylland;2021-10-15;90;
1081;Nordjylland;2021-10-15;28;
1085;Sjælland;2021-10-15;101;
1083;Syddanmark;2021-10-15;81;
1084;Hovedstaden;2021-10-16;331;
1082;Midtjylland;2021-10-16;67;
1081;Nordjylland;2021-10-16;53;
1085;Sjælland;2021-10-16;80;
1083;Syddanmark;2021-10-16;69;
1084;Hovedstaden;2021-10-17;414;
1082;Midtjylland;2021-10-17;57;
1081;Nordjylland;2021-10-17;74;
1085;Sjælland;2021-10-17;98;
1083;Syddanmark;2021-10-17;76;
1084;Hovedstaden;2021-10-18;505;
1082;Midtjylland;2021-10-18;91;
1081;Nordjylland;2021-10-18;71;
1085;Sjælland;2021-10-18;177;
1083;Syddanmark;2021-10-18;129;
1084;Hovedstaden;2021-10-19;636;
1082;Midtjylland;2021-10-19;118;
1081;Nordjylland;2021-10-19;80;
1085;Sjælland;2021-10-19;166;
1083;Syddanmark;2021-10-19;128;
1084;Hovedstaden;2021-10-20;734;
1082;Midtjylland;2021-10-20;143;
1081;Nordjylland;2021-10-20;90;
1085;Sjælland;2021-10-20;153;
1083;Syddanmark;2021-10-20;173;
1084;Hovedstaden;2021-10-21;774;
1082;Midtjylland;2021-10-21;159;
1081;Nordjylland;2021-10-21;105;
1085;Sjælland;2021-10-21;249;
1083;Syddanmark;2021-10-21;129;
1084;Hovedstaden;2021-10-22;705;
1082;Midtjylland;2021-10-22;168;
1081;Nordjylland;2021-10-22;86;
1085;Sjælland;2021-10-22;137;
1083;Syddanmark;2021-10-22;147;
1084;Hovedstaden;2021-10-23;694;
1082;Midtjylland;2021-10-23;162;
1081;Nordjylland;2021-10-23;84;
1085;Sjælland;2021-10-23;126;
1083;Syddanmark;2021-10-23;144;
1084;Hovedstaden;2021-10-24;797;
1082;Midtjylland;2021-10-24;181;
1081;Nordjylland;2021-10-24;104;
1085;Sjælland;2021-10-24;186;
1083;Syddanmark;2021-10-24;188;
1084;Hovedstaden;2021-10-25;836;
1082;Midtjylland;2021-10-25;187;
1081;Nordjylland;2021-10-25;85;
1085;Sjælland;2021-10-25;292;
1083;Syddanmark;2021-10-25;227;
1084;Hovedstaden;2021-10-26;1063;
1082;Midtjylland;2021-10-26;175;
1081;Nordjylland;2021-10-26;102;
1085;Sjælland;2021-10-26;331;
1083;Syddanmark;2021-10-26;247;
1084;Hovedstaden;2021-10-27;1033;
1082;Midtjylland;2021-10-27;231;
1081;Nordjylland;2021-10-27;91;
1085;Sjælland;2021-10-27;235;
1083;Syddanmark;2021-10-27;253;
1084;Hovedstaden;2021-10-28;950;
1082;Midtjylland;2021-10-28;222;
1081;Nordjylland;2021-10-28;82;
1085;Sjælland;2021-10-28;286;
1083;Syddanmark;2021-10-28;250;
1084;Hovedstaden;2021-10-29;826;
1082;Midtjylland;2021-10-29;213;
1081;Nordjylland;2021-10-29;91;
1085;Sjælland;2021-10-29;294;
1083;Syddanmark;2021-10-29;205;
1084;Hovedstaden;2021-10-30;786;
1082;Midtjylland;2021-10-30;187;
1081;Nordjylland;2021-10-30;87;
1085;Sjælland;2021-10-30;176;
1083;Syddanmark;2021-10-30;177;
1084;Hovedstaden;2021-10-31;882;
1082;Midtjylland;2021-10-31;233;
1081;Nordjylland;2021-10-31;122;
1085;Sjælland;2021-10-31;229;
1083;Syddanmark;2021-10-31;263;
1084;Hovedstaden;2021-11-01;1083;
1082;Midtjylland;2021-11-01;283;
1081;Nordjylland;2021-11-01;145;
1085;Sjælland;2021-11-01;396;
1083;Syddanmark;2021-11-01;314;
1084;Hovedstaden;2021-11-02;1203;
1082;Midtjylland;2021-11-02;285;
1081;Nordjylland;2021-11-02;148;
1085;Sjælland;2021-11-02;366;
1083;Syddanmark;2021-11-02;340;
1084;Hovedstaden;2021-11-03;1139;
1082;Midtjylland;2021-11-03;343;
1081;Nordjylland;2021-11-03;170;
1085;Sjælland;2021-11-03;344;
1083;Syddanmark;2021-11-03;330;
1084;Hovedstaden;2021-11-04;1097;
1082;Midtjylland;2021-11-04;325;
1081;Nordjylland;2021-11-04;148;
1085;Sjælland;2021-11-04;462;
1083;Syddanmark;2021-11-04;329;
1084;Hovedstaden;2021-11-05;1020;
1082;Midtjylland;2021-11-05;368;
1081;Nordjylland;2021-11-05;147;
1085;Sjælland;2021-11-05;355;
1083;Syddanmark;2021-11-05;338;
1084;Hovedstaden;2021-11-06;1033;
1082;Midtjylland;2021-11-06;282;
1081;Nordjylland;2021-11-06;137;
1085;Sjælland;2021-11-06;252;
1083;Syddanmark;2021-11-06;261;
1084;Hovedstaden;2021-11-07;1267;
1082;Midtjylland;2021-11-07;437;
1081;Nordjylland;2021-11-07;211;
1085;Sjælland;2021-11-07;308;
1083;Syddanmark;2021-11-07;375;
1084;Hovedstaden;2021-11-08;1443;
1082;Midtjylland;2021-11-08;542;
1081;Nordjylland;2021-11-08;252;
1085;Sjælland;2021-11-08;601;
1083;Syddanmark;2021-11-08;505;
1084;Hovedstaden;2021-11-09;1640;
1082;Midtjylland;2021-11-09;573;
1081;Nordjylland;2021-11-09;263;
1085;Sjælland;2021-11-09;541;
1083;Syddanmark;2021-11-09;546;
1084;Hovedstaden;2021-11-10;1708;
1082;Midtjylland;2021-11-10;584;
1081;Nordjylland;2021-11-10;277;
1085;Sjælland;2021-11-10;447;
1083;Syddanmark;2021-11-10;503;
1084;Hovedstaden;2021-11-11;1585;
1082;Midtjylland;2021-11-11;476;
1081;Nordjylland;2021-11-11;221;
1085;Sjælland;2021-11-11;608;
1083;Syddanmark;2021-11-11;555;
1084;Hovedstaden;2021-11-12;1342;
1082;Midtjylland;2021-11-12;446;
1081;Nordjylland;2021-11-12;248;
1085;Sjælland;2021-11-12;483;
1083;Syddanmark;2021-11-12;461;
1084;Hovedstaden;2021-11-13;1466;
1082;Midtjylland;2021-11-13;482;
1081;Nordjylland;2021-11-13;232;
1085;Sjælland;2021-11-13;321;
1083;Syddanmark;2021-11-13;414;
1084;Hovedstaden;2021-11-14;1565;
1082;Midtjylland;2021-11-14;473;
1081;Nordjylland;2021-11-14;247;
1085;Sjælland;2021-11-14;340;
1083;Syddanmark;2021-11-14;454;
1084;Hovedstaden;2021-11-15;1932;
1082;Midtjylland;2021-11-15;643;
1081;Nordjylland;2021-11-15;363;
1085;Sjælland;2021-11-15;796;
1083;Syddanmark;2021-11-15;773;
1084;Hovedstaden;2021-11-16;1847;
1082;Midtjylland;2021-11-16;590;
1081;Nordjylland;2021-11-16;314;
1085;Sjælland;2021-11-16;670;
1083;Syddanmark;2021-11-16;706;
1084;Hovedstaden;2021-11-17;1850;
1082;Midtjylland;2021-11-17;590;
1081;Nordjylland;2021-11-17;356;
1085;Sjælland;2021-11-17;474;
1083;Syddanmark;2021-11-17;676;
1084;Hovedstaden;2021-11-18;1929;
1082;Midtjylland;2021-11-18;591;
1081;Nordjylland;2021-11-18;295;
1085;Sjælland;2021-11-18;694;
1083;Syddanmark;2021-11-18;664;
1084;Hovedstaden;2021-11-19;1932;
1082;Midtjylland;2021-11-19;499;
1081;Nordjylland;2021-11-19;282;
1085;Sjælland;2021-11-19;646;
1083;Syddanmark;2021-11-19;739;
1084;Hovedstaden;2021-11-20;1835;
1082;Midtjylland;2021-11-20;610;
1081;Nordjylland;2021-11-20;293;
1085;Sjælland;2021-11-20;392;
1083;Syddanmark;2021-11-20;581;
1084;Hovedstaden;2021-11-21;1770;
1082;Midtjylland;2021-11-21;580;
1081;Nordjylland;2021-11-21;252;
1085;Sjælland;2021-11-21;468;
1083;Syddanmark;2021-11-21;604;
1084;Hovedstaden;2021-11-22;2039;
1082;Midtjylland;2021-11-22;609;
1081;Nordjylland;2021-11-22;311;
1085;Sjælland;2021-11-22;814;
1083;Syddanmark;2021-11-22;716;
1084;Hovedstaden;2021-11-23;2060;
1082;Midtjylland;2021-11-23;662;
1081;Nordjylland;2021-11-23;316;
1085;Sjælland;2021-11-23;802;
1083;Syddanmark;2021-11-23;860;
1084;Hovedstaden;2021-11-24;1916;
1082;Midtjylland;2021-11-24;603;
1081;Nordjylland;2021-11-24;292;
1085;Sjælland;2021-11-24;504;
1083;Syddanmark;2021-11-24;696;
1084;Hovedstaden;2021-11-25;1823;
1082;Midtjylland;2021-11-25;587;
1081;Nordjylland;2021-11-25;265;
1085;Sjælland;2021-11-25;704;
1083;Syddanmark;2021-11-25;700;
1084;Hovedstaden;2021-11-26;1947;
1082;Midtjylland;2021-11-26;625;
1081;Nordjylland;2021-11-26;277;
1085;Sjælland;2021-11-26;666;
1083;Syddanmark;2021-11-26;632;
1084;Hovedstaden;2021-11-27;1858;
1082;Midtjylland;2021-11-27;702;
1081;Nordjylland;2021-11-27;287;
1085;Sjælland;2021-11-27;403;
1083;Syddanmark;2021-11-27;586;
1084;Hovedstaden;2021-11-28;1913;
1082;Midtjylland;2021-11-28;712;
1081;Nordjylland;2021-11-28;286;
1085;Sjælland;2021-11-28;419;
1083;Syddanmark;2021-11-28;549;
1084;Hovedstaden;2021-11-29;2180;
1082;Midtjylland;2021-11-29;745;
1081;Nordjylland;2021-11-29;356;
1085;Sjælland;2021-11-29;949;
1083;Syddanmark;2021-11-29;835;
1084;Hovedstaden;2021-11-30;2355;
1082;Midtjylland;2021-11-30;840;
1081;Nordjylland;2021-11-30;341;
1085;Sjælland;2021-11-30;942;
1083;Syddanmark;2021-11-30;922;
1084;Hovedstaden;2021-12-01;2092;
1082;Midtjylland;2021-12-01;795;
1081;Nordjylland;2021-12-01;304;
1085;Sjælland;2021-12-01;532;
1083;Syddanmark;2021-12-01;802;
1084;Hovedstaden;2021-12-02;1998;
1082;Midtjylland;2021-12-02;761;
1081;Nordjylland;2021-12-02;177;
1085;Sjælland;2021-12-02;788;
1083;Syddanmark;2021-12-02;847;
1084;Hovedstaden;2021-12-03;2320;
1082;Midtjylland;2021-12-03;852;
1081;Nordjylland;2021-12-03;379;
1085;Sjælland;2021-12-03;819;
1083;Syddanmark;2021-12-03;787;
1084;Hovedstaden;2021-12-04;2405;
1082;Midtjylland;2021-12-04;904;
1081;Nordjylland;2021-12-04;439;
1085;Sjælland;2021-12-04;515;
1083;Syddanmark;2021-12-04;825;
1084;Hovedstaden;2021-12-05;2236;
1082;Midtjylland;2021-12-05;883;
1081;Nordjylland;2021-12-05;387;
1085;Sjælland;2021-12-05;616;
1083;Syddanmark;2021-12-05;672;
1084;Hovedstaden;2021-12-06;3027;
1082;Midtjylland;2021-12-06;1199;
1081;Nordjylland;2021-12-06;463;
1085;Sjælland;2021-12-06;1286;
1083;Syddanmark;2021-12-06;1104;
1084;Hovedstaden;2021-12-07;3203;
1082;Midtjylland;2021-12-07;1253;
1081;Nordjylland;2021-12-07;477;
1085;Sjælland;2021-12-07;1262;
1083;Syddanmark;2021-12-07;1127;
1084;Hovedstaden;2021-12-08;3010;
1082;Midtjylland;2021-12-08;1238;
1081;Nordjylland;2021-12-08;517;
1085;Sjælland;2021-12-08;845;
1083;Syddanmark;2021-12-08;1048;
1084;Hovedstaden;2021-12-09;3023;
1082;Midtjylland;2021-12-09;1214;
1081;Nordjylland;2021-12-09;418;
1085;Sjælland;2021-12-09;962;
1083;Syddanmark;2021-12-09;1018;
1084;Hovedstaden;2021-12-10;3100;
1082;Midtjylland;2021-12-10;1207;
1081;Nordjylland;2021-12-10;441;
1085;Sjælland;2021-12-10;1098;
1083;Syddanmark;2021-12-10;1083;
1084;Hovedstaden;2021-12-11;3264;
1082;Midtjylland;2021-12-11;1251;
1081;Nordjylland;2021-12-11;515;
1085;Sjælland;2021-12-11;762;
1083;Syddanmark;2021-12-11;896;
1084;Hovedstaden;2021-12-12;3469;
1082;Midtjylland;2021-12-12;1440;
1081;Nordjylland;2021-12-12;517;
1085;Sjælland;2021-12-12;748;
1083;Syddanmark;2021-12-12;960;
1084;Hovedstaden;2021-12-13;4931;
1082;Midtjylland;2021-12-13;1783;
1081;Nordjylland;2021-12-13;654;
1085;Sjælland;2021-12-13;1736;
1083;Syddanmark;2021-12-13;1466;
1084;Hovedstaden;2021-12-14;5708;
1082;Midtjylland;2021-12-14;1792;
1081;Nordjylland;2021-12-14;677;
1085;Sjælland;2021-12-14;1732;
1083;Syddanmark;2021-12-14;1569;
1084;Hovedstaden;2021-12-15;5949;
1082;Midtjylland;2021-12-15;1809;
1081;Nordjylland;2021-12-15;682;
1085;Sjælland;2021-12-15;1346;
1083;Syddanmark;2021-12-15;1401;
1084;Hovedstaden;2021-12-16;5221;
1082;Midtjylland;2021-12-16;1733;
1081;Nordjylland;2021-12-16;622;
1085;Sjælland;2021-12-16;1562;
1083;Syddanmark;2021-12-16;1409;
1084;Hovedstaden;2021-12-17;5620;
1082;Midtjylland;2021-12-17;1819;
1081;Nordjylland;2021-12-17;613;
1085;Sjælland;2021-12-17;1481;
1083;Syddanmark;2021-12-17;1487;
1084;Hovedstaden;2021-12-18;5241;
1082;Midtjylland;2021-12-18;1917;
1081;Nordjylland;2021-12-18;718;
1085;Sjælland;2021-12-18;1125;
1083;Syddanmark;2021-12-18;1409;
1084;Hovedstaden;2021-12-19;5418;
1082;Midtjylland;2021-12-19;2020;
1081;Nordjylland;2021-12-19;663;
1085;Sjælland;2021-12-19;1139;
1083;Syddanmark;2021-12-19;1350;
1084;Hovedstaden;2021-12-20;6912;
1082;Midtjylland;2021-12-20;2205;
1081;Nordjylland;2021-12-20;845;
1085;Sjælland;2021-12-20;2177;
1083;Syddanmark;2021-12-20;1717;
1084;Hovedstaden;2021-12-21;7030;
1082;Midtjylland;2021-12-21;2117;
1081;Nordjylland;2021-12-21;871;
1085;Sjælland;2021-12-21;1902;
1083;Syddanmark;2021-12-21;1705;
1084;Hovedstaden;2021-12-22;6486;
1082;Midtjylland;2021-12-22;2065;
1081;Nordjylland;2021-12-22;754;
1085;Sjælland;2021-12-22;1452;
1083;Syddanmark;2021-12-22;1448;
1084;Hovedstaden;2021-12-23;6743;
1082;Midtjylland;2021-12-23;2132;
1081;Nordjylland;2021-12-23;909;
1085;Sjælland;2021-12-23;1753;
1083;Syddanmark;2021-12-23;1649;
1084;Hovedstaden;2021-12-24;3014;
1082;Midtjylland;2021-12-24;1638;
1081;Nordjylland;2021-12-24;538;
1085;Sjælland;2021-12-24;895;
1083;Syddanmark;2021-12-24;1279;
1084;Hovedstaden;2021-12-25;3509;
1082;Midtjylland;2021-12-25;1757;
1081;Nordjylland;2021-12-25;576;
1085;Sjælland;2021-12-25;1014;
1083;Syddanmark;2021-12-25;1337;
1084;Hovedstaden;2021-12-26;4653;
1082;Midtjylland;2021-12-26;2626;
1081;Nordjylland;2021-12-26;770;
1085;Sjælland;2021-12-26;1412;
1083;Syddanmark;2021-12-26;2004;
1084;Hovedstaden;2021-12-27;10729;
1082;Midtjylland;2021-12-27;4068;
1081;Nordjylland;2021-12-27;2015;
1085;Sjælland;2021-12-27;3598;
1083;Syddanmark;2021-12-27;3449;
1084;Hovedstaden;2021-12-28;10263;
1082;Midtjylland;2021-12-28;4217;
1081;Nordjylland;2021-12-28;1869;
1085;Sjælland;2021-12-28;3316;
1083;Syddanmark;2021-12-28;3505;
1084;Hovedstaden;2021-12-29;8023;
1082;Midtjylland;2021-12-29;3333;
1081;Nordjylland;2021-12-29;1651;
1085;Sjælland;2021-12-29;2480;
1083;Syddanmark;2021-12-29;2749;
1084;Hovedstaden;2021-12-30;8444;
1082;Midtjylland;2021-12-30;3760;
1081;Nordjylland;2021-12-30;1854;
1085;Sjælland;2021-12-30;2937;
1083;Syddanmark;2021-12-30;3338;
1084;Hovedstaden;2021-12-31;3480;
1082;Midtjylland;2021-12-31;2316;
1081;Nordjylland;2021-12-31;933;
1085;Sjælland;2021-12-31;1285;
1083;Syddanmark;2021-12-31;2202;
1084;Hovedstaden;2022-01-01;3376;
1082;Midtjylland;2022-01-01;2118;
1081;Nordjylland;2022-01-01;665;
1085;Sjælland;2022-01-01;1250;
1083;Syddanmark;2022-01-01;1749;
1084;Hovedstaden;2022-01-02;9597;
1082;Midtjylland;2022-01-02;4237;
1081;Nordjylland;2022-01-02;2418;
1085;Sjælland;2022-01-02;2128;
1083;Syddanmark;2022-01-02;2997;
1084;Hovedstaden;2022-01-03;11165;
1082;Midtjylland;2022-01-03;5279;
1081;Nordjylland;2022-01-03;2267;
1085;Sjælland;2022-01-03;4097;
1083;Syddanmark;2022-01-03;4714;
1084;Hovedstaden;2022-01-04;10086;
1082;Midtjylland;2022-01-04;5112;
1081;Nordjylland;2022-01-04;2206;
1085;Sjælland;2022-01-04;3517;
1083;Syddanmark;2022-01-04;4759;
1084;Hovedstaden;2022-01-05;7664;
1082;Midtjylland;2022-01-05;4034;
1081;Nordjylland;2022-01-05;1808;
1085;Sjælland;2022-01-05;2168;
1083;Syddanmark;2022-01-05;3406;
1084;Hovedstaden;2022-01-06;6686;
1082;Midtjylland;2022-01-06;3360;
1081;Nordjylland;2022-01-06;1426;
1085;Sjælland;2022-01-06;2403;
1083;Syddanmark;2022-01-06;2897;
1084;Hovedstaden;2022-01-07;5898;
1082;Midtjylland;2022-01-07;3341;
1081;Nordjylland;2022-01-07;1326;
1085;Sjælland;2022-01-07;2123;
1083;Syddanmark;2022-01-07;2855;
1084;Hovedstaden;2022-01-08;6170;
1082;Midtjylland;2022-01-08;3179;
1081;Nordjylland;2022-01-08;1293;
1085;Sjælland;2022-01-08;1663;
1083;Syddanmark;2022-01-08;2272;
1084;Hovedstaden;2022-01-09;7215;
1082;Midtjylland;2022-01-09;3917;
1081;Nordjylland;2022-01-09;1568;
1085;Sjælland;2022-01-09;1883;
1083;Syddanmark;2022-01-09;2879;
1084;Hovedstaden;2022-01-10;9728;
1082;Midtjylland;2022-01-10;4839;
1081;Nordjylland;2022-01-10;1990;
1085;Sjælland;2022-01-10;3644;
1083;Syddanmark;2022-01-10;4651;
1084;Hovedstaden;2022-01-11;9761;
1082;Midtjylland;2022-01-11;4775;
1081;Nordjylland;2022-01-11;2066;
1085;Sjælland;2022-01-11;3170;
1083;Syddanmark;2022-01-11;4585;
1084;Hovedstaden;2022-01-12;9533;
1082;Midtjylland;2022-01-12;5241;
1081;Nordjylland;2022-01-12;2176;
1085;Sjælland;2022-01-12;2840;
1083;Syddanmark;2022-01-12;4402;
1084;Hovedstaden;2022-01-13;9581;
1082;Midtjylland;2022-01-13;5373;
1081;Nordjylland;2022-01-13;1964;
1085;Sjælland;2022-01-13;3649;
1083;Syddanmark;2022-01-13;4892;
1084;Hovedstaden;2022-01-14;10612;
1082;Midtjylland;2022-01-14;5867;
1081;Nordjylland;2022-01-14;2104;
1085;Sjælland;2022-01-14;3725;
1083;Syddanmark;2022-01-14;5302;
1084;Hovedstaden;2022-01-15;11048;
1082;Midtjylland;2022-01-15;6338;
1081;Nordjylland;2022-01-15;2157;
1085;Sjælland;2022-01-15;2892;
1083;Syddanmark;2022-01-15;4492;
1084;Hovedstaden;2022-01-16;11631;
1082;Midtjylland;2022-01-16;7076;
1081;Nordjylland;2022-01-16;2581;
1085;Sjælland;2022-01-16;3303;
1083;Syddanmark;2022-01-16;5357;
1084;Hovedstaden;2022-01-17;15727;
1082;Midtjylland;2022-01-17;8826;
1081;Nordjylland;2022-01-17;3606;
1085;Sjælland;2022-01-17;6789;
1083;Syddanmark;2022-01-17;9209;
1084;Hovedstaden;2022-01-18;15803;
1082;Midtjylland;2022-01-18;8618;
1081;Nordjylland;2022-01-18;3332;
1085;Sjælland;2022-01-18;6247;
1083;Syddanmark;2022-01-18;9011;
1084;Hovedstaden;2022-01-19;14905;
1082;Midtjylland;2022-01-19;8880;
1081;Nordjylland;2022-01-19;3309;
1085;Sjælland;2022-01-19;5127;
1083;Syddanmark;2022-01-19;8123;
1084;Hovedstaden;2022-01-20;13903;
1082;Midtjylland;2022-01-20;8110;
1081;Nordjylland;2022-01-20;3302;
1085;Sjælland;2022-01-20;6347;
1083;Syddanmark;2022-01-20;8291;
1084;Hovedstaden;2022-01-21;13758;
1082;Midtjylland;2022-01-21;8740;
1081;Nordjylland;2022-01-21;3066;
1085;Sjælland;2022-01-21;5971;
1083;Syddanmark;2022-01-21;8404;
1084;Hovedstaden;2022-01-22;13983;
1082;Midtjylland;2022-01-22;8653;
1081;Nordjylland;2022-01-22;3389;
1085;Sjælland;2022-01-22;4385;
1083;Syddanmark;2022-01-22;6660;
1084;Hovedstaden;2022-01-23;15068;
1082;Midtjylland;2022-01-23;9468;
1081;Nordjylland;2022-01-23;3606;
1085;Sjælland;2022-01-23;4834;
1083;Syddanmark;2022-01-23;7618;
1084;Hovedstaden;2022-01-24;18212;
1082;Midtjylland;2022-01-24;12256;
1081;Nordjylland;2022-01-24;5221;
1085;Sjælland;2022-01-24;9271;
1083;Syddanmark;2022-01-24;12342;
1084;Hovedstaden;2022-01-25;16183;
1082;Midtjylland;2022-01-25;11310;
1081;Nordjylland;2022-01-25;5014;
1085;Sjælland;2022-01-25;7701;
1083;Syddanmark;2022-01-25;11698;
1084;Hovedstaden;2022-01-26;13696;
1082;Midtjylland;2022-01-26;10922;
1081;Nordjylland;2022-01-26;4517;
1085;Sjælland;2022-01-26;5573;
1083;Syddanmark;2022-01-26;9741;
1084;Hovedstaden;2022-01-27;12171;
1082;Midtjylland;2022-01-27;9698;
1081;Nordjylland;2022-01-27;3888;
1085;Sjælland;2022-01-27;6583;
1083;Syddanmark;2022-01-27;9238;
1084;Hovedstaden;2022-01-28;10771;
1082;Midtjylland;2022-01-28;9576;
1081;Nordjylland;2022-01-28;3772;
1085;Sjælland;2022-01-28;5561;
1083;Syddanmark;2022-01-28;8459;
1084;Hovedstaden;2022-01-29;9678;
1082;Midtjylland;2022-01-29;5570;
1081;Nordjylland;2022-01-29;3633;
1085;Sjælland;2022-01-29;3882;
1083;Syddanmark;2022-01-29;7152;
1084;Hovedstaden;2022-01-30;9208;
1082;Midtjylland;2022-01-30;8691;
1081;Nordjylland;2022-01-30;4906;
1085;Sjælland;2022-01-30;4103;
1083;Syddanmark;2022-01-30;7984;
1084;Hovedstaden;2022-01-31;15748;
1082;Midtjylland;2022-01-31;14721;
1081;Nordjylland;2022-01-31;5218;
1085;Sjælland;2022-01-31;8397;
1083;Syddanmark;2022-01-31;12303;
1084;Hovedstaden;2022-02-01;11818;
1082;Midtjylland;2022-02-01;12149;
1081;Nordjylland;2022-02-01;4755;
1085;Sjælland;2022-02-01;6229;
1083;Syddanmark;2022-02-01;11159;
1084;Hovedstaden;2022-02-02;10448;
1082;Midtjylland;2022-02-02;11419;
1081;Nordjylland;2022-02-02;4791;
1085;Sjælland;2022-02-02;4626;
1083;Syddanmark;2022-02-02;9189;
1084;Hovedstaden;2022-02-03;9739;
1082;Midtjylland;2022-02-03;10718;
1081;Nordjylland;2022-02-03;4273;
1085;Sjælland;2022-02-03;5715;
1083;Syddanmark;2022-02-03;9297;
1084;Hovedstaden;2022-02-04;8709;
1082;Midtjylland;2022-02-04;10116;
1081;Nordjylland;2022-02-04;4286;
1085;Sjælland;2022-02-04;5068;
1083;Syddanmark;2022-02-04;9009;
1084;Hovedstaden;2022-02-05;8301;
1082;Midtjylland;2022-02-05;9882;
1081;Nordjylland;2022-02-05;4657;
1085;Sjælland;2022-02-05;3479;
1083;Syddanmark;2022-02-05;7278;
1084;Hovedstaden;2022-02-06;11017;
1082;Midtjylland;2022-02-06;12095;
1081;Nordjylland;2022-02-06;5682;
1085;Sjælland;2022-02-06;4279;
1083;Syddanmark;2022-02-06;9158;
1084;Hovedstaden;2022-02-07;13633;
1082;Midtjylland;2022-02-07;15144;
1081;Nordjylland;2022-02-07;6591;
1085;Sjælland;2022-02-07;8393;
1083;Syddanmark;2022-02-07;13587;
1084;Hovedstaden;2022-02-08;13059;
1082;Midtjylland;2022-02-08;15121;
1081;Nordjylland;2022-02-08;6835;
1085;Sjælland;2022-02-08;7164;
1083;Syddanmark;2022-02-08;13389;
1084;Hovedstaden;2022-02-09;11554;
1082;Midtjylland;2022-02-09;14675;
1081;Nordjylland;2022-02-09;6859;
1085;Sjælland;2022-02-09;5677;
1083;Syddanmark;2022-02-09;11479;
1084;Hovedstaden;2022-02-10;9825;
1082;Midtjylland;2022-02-10;12063;
1081;Nordjylland;2022-02-10;6142;
1085;Sjælland;2022-02-10;6122;
1083;Syddanmark;2022-02-10;10953;
1084;Hovedstaden;2022-02-11;7923;
1082;Midtjylland;2022-02-11;11108;
1081;Nordjylland;2022-02-11;5667;
1085;Sjælland;2022-02-11;5130;
1083;Syddanmark;2022-02-11;9052;
1084;Hovedstaden;2022-02-12;6979;
1082;Midtjylland;2022-02-12;9400;
1081;Nordjylland;2022-02-12;5197;
1085;Sjælland;2022-02-12;3213;
1083;Syddanmark;2022-02-12;7833;
1084;Hovedstaden;2022-02-13;7690;
1082;Midtjylland;2022-02-13;10438;
1081;Nordjylland;2022-02-13;5620;
1085;Sjælland;2022-02-13;3606;
1083;Syddanmark;2022-02-13;8234;
1084;Hovedstaden;2022-02-14;9971;
1082;Midtjylland;2022-02-14;11533;
1081;Nordjylland;2022-02-14;6556;
1085;Sjælland;2022-02-14;6474;
1083;Syddanmark;2022-02-14;10680;
1084;Hovedstaden;2022-02-15;9570;
1082;Midtjylland;2022-02-15;11161;
1081;Nordjylland;2022-02-15;5855;
1085;Sjælland;2022-02-15;5701;
1083;Syddanmark;2022-02-15;9715;
1084;Hovedstaden;2022-02-16;8298;
1082;Midtjylland;2022-02-16;10056;
1081;Nordjylland;2022-02-16;5419;
1085;Sjælland;2022-02-16;4002;
1083;Syddanmark;2022-02-16;8278;
1084;Hovedstaden;2022-02-17;7550;
1082;Midtjylland;2022-02-17;9083;
1081;Nordjylland;2022-02-17;4722;
1085;Sjælland;2022-02-17;4666;
1083;Syddanmark;2022-02-17;8043;
1084;Hovedstaden;2022-02-18;5650;
1082;Midtjylland;2022-02-18;7207;
1081;Nordjylland;2022-02-18;3913;
1085;Sjælland;2022-02-18;3430;
1083;Syddanmark;2022-02-18;6540;
1084;Hovedstaden;2022-02-19;5751;
1082;Midtjylland;2022-02-19;7296;
1081;Nordjylland;2022-02-19;3516;
1085;Sjælland;2022-02-19;2371;
1083;Syddanmark;2022-02-19;5990;
1084;Hovedstaden;2022-02-20;7029;
1082;Midtjylland;2022-02-20;9048;
1081;Nordjylland;2022-02-20;3803;
1085;Sjælland;2022-02-20;2838;
1083;Syddanmark;2022-02-20;6953;
1084;Hovedstaden;2022-02-21;7640;
1082;Midtjylland;2022-02-21;8814;
1081;Nordjylland;2022-02-21;4157;
1085;Sjælland;2022-02-21;4728;
1083;Syddanmark;2022-02-21;7820;
1084;Hovedstaden;2022-02-22;6558;
1082;Midtjylland;2022-02-22;7146;
1081;Nordjylland;2022-02-22;3876;
1085;Sjælland;2022-02-22;3354;
1083;Syddanmark;2022-02-22;6421;
1084;Hovedstaden;2022-02-23;5671;
1082;Midtjylland;2022-02-23;6345;
1081;Nordjylland;2022-02-23;3422;
1085;Sjælland;2022-02-23;2727;
1083;Syddanmark;2022-02-23;5224;
1084;Hovedstaden;2022-02-24;4791;
1082;Midtjylland;2022-02-24;5202;
1081;Nordjylland;2022-02-24;2943;
1085;Sjælland;2022-02-24;2802;
1083;Syddanmark;2022-02-24;4856;
1084;Hovedstaden;2022-02-25;3730;
1082;Midtjylland;2022-02-25;4441;
1081;Nordjylland;2022-02-25;2420;
1085;Sjælland;2022-02-25;2167;
1083;Syddanmark;2022-02-25;3829;
1084;Hovedstaden;2022-02-26;3313;
1082;Midtjylland;2022-02-26;3853;
1081;Nordjylland;2022-02-26;2156;
1085;Sjælland;2022-02-26;1503;
1083;Syddanmark;2022-02-26;3022;
1084;Hovedstaden;2022-02-27;3887;
1082;Midtjylland;2022-02-27;4587;
1081;Nordjylland;2022-02-27;2703;
1085;Sjælland;2022-02-27;1980;
1083;Syddanmark;2022-02-27;3699;
1084;Hovedstaden;2022-02-28;5018;
1082;Midtjylland;2022-02-28;5620;
1081;Nordjylland;2022-02-28;2719;
1085;Sjælland;2022-02-28;3087;
1083;Syddanmark;2022-02-28;5030;
1084;Hovedstaden;2022-03-01;4337;
1082;Midtjylland;2022-03-01;5006;
1081;Nordjylland;2022-03-01;2427;
1085;Sjælland;2022-03-01;2118;
1083;Syddanmark;2022-03-01;4399;
1084;Hovedstaden;2022-03-02;4135;
1082;Midtjylland;2022-03-02;4911;
1081;Nordjylland;2022-03-02;2291;
1085;Sjælland;2022-03-02;2035;
1083;Syddanmark;2022-03-02;3966;
1084;Hovedstaden;2022-03-03;3618;
1082;Midtjylland;2022-03-03;4198;
1081;Nordjylland;2022-03-03;1815;
1085;Sjælland;2022-03-03;2113;
1083;Syddanmark;2022-03-03;4014;
1084;Hovedstaden;2022-03-04;3106;
1082;Midtjylland;2022-03-04;3597;
1081;Nordjylland;2022-03-04;1608;
1085;Sjælland;2022-03-04;1768;
1083;Syddanmark;2022-03-04;3303;
1084;Hovedstaden;2022-03-05;2615;
1082;Midtjylland;2022-03-05;3073;
1081;Nordjylland;2022-03-05;1462;
1085;Sjælland;2022-03-05;1072;
1083;Syddanmark;2022-03-05;2710;
1084;Hovedstaden;2022-03-06;3168;
1082;Midtjylland;2022-03-06;3733;
1081;Nordjylland;2022-03-06;1777;
1085;Sjælland;2022-03-06;1413;
1083;Syddanmark;2022-03-06;3194;
1084;Hovedstaden;2022-03-07;3910;
1082;Midtjylland;2022-03-07;4431;
1081;Nordjylland;2022-03-07;1882;
1085;Sjælland;2022-03-07;2320;
1083;Syddanmark;2022-03-07;4016;
1084;Hovedstaden;2022-03-08;3821;
1082;Midtjylland;2022-03-08;4065;
1081;Nordjylland;2022-03-08;1805;
1085;Sjælland;2022-03-08;2041;
1083;Syddanmark;2022-03-08;4002;
1084;Hovedstaden;2022-03-09;3405;
1082;Midtjylland;2022-03-09;3659;
1081;Nordjylland;2022-03-09;1777;
1085;Sjælland;2022-03-09;1896;
1083;Syddanmark;2022-03-09;3378;
1084;Hovedstaden;2022-03-10;2885;
1082;Midtjylland;2022-03-10;3003;
1081;Nordjylland;2022-03-10;1298;
1085;Sjælland;2022-03-10;1663;
1083;Syddanmark;2022-03-10;3119;
1084;Hovedstaden;2022-03-11;1844;
1082;Midtjylland;2022-03-11;1989;
1081;Nordjylland;2022-03-11;921;
1085;Sjælland;2022-03-11;1033;
1083;Syddanmark;2022-03-11;1978;
1084;Hovedstaden;2022-03-12;1549;
1082;Midtjylland;2022-03-12;1597;
1081;Nordjylland;2022-03-12;804;
1085;Sjælland;2022-03-12;753;
1083;Syddanmark;2022-03-12;1596;
1084;Hovedstaden;2022-03-13;2028;
1082;Midtjylland;2022-03-13;2025;
1081;Nordjylland;2022-03-13;983;
1085;Sjælland;2022-03-13;892;
1083;Syddanmark;2022-03-13;1990;
1084;Hovedstaden;2022-03-14;2361;
1082;Midtjylland;2022-03-14;2538;
1081;Nordjylland;2022-03-14;1157;
1085;Sjælland;2022-03-14;1593;
1083;Syddanmark;2022-03-14;2421;
1084;Hovedstaden;2022-03-15;2106;
1082;Midtjylland;2022-03-15;2283;
1081;Nordjylland;2022-03-15;1025;
1085;Sjælland;2022-03-15;1268;
1083;Syddanmark;2022-03-15;2257;
1084;Hovedstaden;2022-03-16;1979;
1082;Midtjylland;2022-03-16;1963;
1081;Nordjylland;2022-03-16;976;
1085;Sjælland;2022-03-16;1205;
1083;Syddanmark;2022-03-16;2008;
1084;Hovedstaden;2022-03-17;1786;
1082;Midtjylland;2022-03-17;1798;
1081;Nordjylland;2022-03-17;886;
1085;Sjælland;2022-03-17;1101;
1083;Syddanmark;2022-03-17;1837;
1084;Hovedstaden;2022-03-18;1412;
1082;Midtjylland;2022-03-18;1500;
1081;Nordjylland;2022-03-18;741;
1085;Sjælland;2022-03-18;887;
1083;Syddanmark;2022-03-18;1508;
1084;Hovedstaden;2022-03-19;1186;
1082;Midtjylland;2022-03-19;1124;
1081;Nordjylland;2022-03-19;545;
1085;Sjælland;2022-03-19;651;
1083;Syddanmark;2022-03-19;1155;
1084;Hovedstaden;2022-03-20;1542;
1082;Midtjylland;2022-03-20;1347;
1081;Nordjylland;2022-03-20;604;
1085;Sjælland;2022-03-20;726;
1083;Syddanmark;2022-03-20;1319;
1084;Hovedstaden;2022-03-21;1787;
1082;Midtjylland;2022-03-21;1661;
1081;Nordjylland;2022-03-21;826;
1085;Sjælland;2022-03-21;1281;
1083;Syddanmark;2022-03-21;1940;
1084;Hovedstaden;2022-03-22;1639;
1082;Midtjylland;2022-03-22;1466;
1081;Nordjylland;2022-03-22;615;
1085;Sjælland;2022-03-22;940;
1083;Syddanmark;2022-03-22;1594;
1084;Hovedstaden;2022-03-23;1460;
1082;Midtjylland;2022-03-23;1344;
1081;Nordjylland;2022-03-23;624;
1085;Sjælland;2022-03-23;932;
1083;Syddanmark;2022-03-23;1419;
1084;Hovedstaden;2022-03-24;1319;
1082;Midtjylland;2022-03-24;1115;
1081;Nordjylland;2022-03-24;534;
1085;Sjælland;2022-03-24;775;
1083;Syddanmark;2022-03-24;1258;
1084;Hovedstaden;2022-03-25;1074;
1082;Midtjylland;2022-03-25;991;
1081;Nordjylland;2022-03-25;478;
1085;Sjælland;2022-03-25;617;
1083;Syddanmark;2022-03-25;1083;
1084;Hovedstaden;2022-03-26;844;
1082;Midtjylland;2022-03-26;740;
1081;Nordjylland;2022-03-26;365;
1085;Sjælland;2022-03-26;377;
1083;Syddanmark;2022-03-26;691;
1084;Hovedstaden;2022-03-27;980;
1082;Midtjylland;2022-03-27;871;
1081;Nordjylland;2022-03-27;346;
1085;Sjælland;2022-03-27;405;
1083;Syddanmark;2022-03-27;820;
1084;Hovedstaden;2022-03-28;1315;
1082;Midtjylland;2022-03-28;999;
1081;Nordjylland;2022-03-28;529;
1085;Sjælland;2022-03-28;857;
1083;Syddanmark;2022-03-28;1260;
1084;Hovedstaden;2022-03-29;1125;
1082;Midtjylland;2022-03-29;912;
1081;Nordjylland;2022-03-29;414;
1085;Sjælland;2022-03-29;628;
1083;Syddanmark;2022-03-29;996;
1084;Hovedstaden;2022-03-30;1023;
1082;Midtjylland;2022-03-30;810;
1081;Nordjylland;2022-03-30;383;
1085;Sjælland;2022-03-30;653;
1083;Syddanmark;2022-03-30;875;
1084;Hovedstaden;2022-03-31;808;
1082;Midtjylland;2022-03-31;688;
1081;Nordjylland;2022-03-31;303;
1085;Sjælland;2022-03-31;477;
1083;Syddanmark;2022-03-31;757;
1084;Hovedstaden;2022-04-01;716;
1082;Midtjylland;2022-04-01;518;
1081;Nordjylland;2022-04-01;281;
1085;Sjælland;2022-04-01;401;
1083;Syddanmark;2022-04-01;685;
1084;Hovedstaden;2022-04-02;588;
1082;Midtjylland;2022-04-02;435;
1081;Nordjylland;2022-04-02;205;
1085;Sjælland;2022-04-02;301;
1083;Syddanmark;2022-04-02;502;
1084;Hovedstaden;2022-04-03;672;
1082;Midtjylland;2022-04-03;498;
1081;Nordjylland;2022-04-03;237;
1085;Sjælland;2022-04-03;332;
1083;Syddanmark;2022-04-03;562;
1084;Hovedstaden;2022-04-04;916;
1082;Midtjylland;2022-04-04;732;
1081;Nordjylland;2022-04-04;320;
1085;Sjælland;2022-04-04;663;
1083;Syddanmark;2022-04-04;796;
1084;Hovedstaden;2022-04-05;878;
1082;Midtjylland;2022-04-05;633;
1081;Nordjylland;2022-04-05;351;
1085;Sjælland;2022-04-05;522;
1083;Syddanmark;2022-04-05;689;
1084;Hovedstaden;2022-04-06;758;
1082;Midtjylland;2022-04-06;568;
1081;Nordjylland;2022-04-06;264;
1085;Sjælland;2022-04-06;470;
1083;Syddanmark;2022-04-06;692;
1084;Hovedstaden;2022-04-07;803;
1082;Midtjylland;2022-04-07;557;
1081;Nordjylland;2022-04-07;264;
1085;Sjælland;2022-04-07;444;
1083;Syddanmark;2022-04-07;638;
1084;Hovedstaden;2022-04-08;608;
1082;Midtjylland;2022-04-08;457;
1081;Nordjylland;2022-04-08;229;
1085;Sjælland;2022-04-08;406;
1083;Syddanmark;2022-04-08;529;
1084;Hovedstaden;2022-04-09;512;
1082;Midtjylland;2022-04-09;379;
1081;Nordjylland;2022-04-09;192;
1085;Sjælland;2022-04-09;246;
1083;Syddanmark;2022-04-09;399;
1084;Hovedstaden;2022-04-10;606;
1082;Midtjylland;2022-04-10;395;
1081;Nordjylland;2022-04-10;159;
1085;Sjælland;2022-04-10;267;
1083;Syddanmark;2022-04-10;406;
1084;Hovedstaden;2022-04-11;676;
1082;Midtjylland;2022-04-11;594;
1081;Nordjylland;2022-04-11;281;
1085;Sjælland;2022-04-11;477;
1083;Syddanmark;2022-04-11;559;
1084;Hovedstaden;2022-04-12;662;
1082;Midtjylland;2022-04-12;472;
1081;Nordjylland;2022-04-12;218;
1085;Sjælland;2022-04-12;398;
1083;Syddanmark;2022-04-12;515;
1084;Hovedstaden;2022-04-13;659;
1082;Midtjylland;2022-04-13;427;
1081;Nordjylland;2022-04-13;192;
1085;Sjælland;2022-04-13;410;
1083;Syddanmark;2022-04-13;488;
1084;Hovedstaden;2022-04-14;396;
1082;Midtjylland;2022-04-14;279;
1081;Nordjylland;2022-04-14;200;
1085;Sjælland;2022-04-14;155;
1083;Syddanmark;2022-04-14;373;
1084;Hovedstaden;2022-04-15;396;
1082;Midtjylland;2022-04-15;313;
1081;Nordjylland;2022-04-15;114;
1085;Sjælland;2022-04-15;261;
1083;Syddanmark;2022-04-15;357;
1084;Hovedstaden;2022-04-16;521;
1082;Midtjylland;2022-04-16;297;
1081;Nordjylland;2022-04-16;172;
1085;Sjælland;2022-04-16;295;
1083;Syddanmark;2022-04-16;277;
1084;Hovedstaden;2022-04-17;345;
1082;Midtjylland;2022-04-17;308;
1081;Nordjylland;2022-04-17;117;
1085;Sjælland;2022-04-17;146;
1083;Syddanmark;2022-04-17;336;
1084;Hovedstaden;2022-04-18;506;
1082;Midtjylland;2022-04-18;390;
1081;Nordjylland;2022-04-18;257;
1085;Sjælland;2022-04-18;218;
1083;Syddanmark;2022-04-18;367;
1084;Hovedstaden;2022-04-19;724;
1082;Midtjylland;2022-04-19;442;
1081;Nordjylland;2022-04-19;283;
1085;Sjælland;2022-04-19;539;
1083;Syddanmark;2022-04-19;455;
1084;Hovedstaden;2022-04-20;565;
1082;Midtjylland;2022-04-20;429;
1081;Nordjylland;2022-04-20;257;
1085;Sjælland;2022-04-20;321;
1083;Syddanmark;2022-04-20;368;
1084;Hovedstaden;2022-04-21;514;
1082;Midtjylland;2022-04-21;368;
1081;Nordjylland;2022-04-21;203;
1085;Sjælland;2022-04-21;256;
1083;Syddanmark;2022-04-21;337;
1084;Hovedstaden;2022-04-22;377;
1082;Midtjylland;2022-04-22;262;
1081;Nordjylland;2022-04-22;151;
1085;Sjælland;2022-04-22;198;
1083;Syddanmark;2022-04-22;272;
1084;Hovedstaden;2022-04-23;283;
1082;Midtjylland;2022-04-23;207;
1081;Nordjylland;2022-04-23;112;
1085;Sjælland;2022-04-23;123;
1083;Syddanmark;2022-04-23;250;
1084;Hovedstaden;2022-04-24;329;
1082;Midtjylland;2022-04-24;206;
1081;Nordjylland;2022-04-24;105;
1085;Sjælland;2022-04-24;160;
1083;Syddanmark;2022-04-24;197;
1084;Hovedstaden;2022-04-25;450;
1082;Midtjylland;2022-04-25;310;
1081;Nordjylland;2022-04-25;165;
1085;Sjælland;2022-04-25;264;
1083;Syddanmark;2022-04-25;309;
1084;Hovedstaden;2022-04-26;374;
1082;Midtjylland;2022-04-26;261;
1081;Nordjylland;2022-04-26;116;
1085;Sjælland;2022-04-26;176;
1083;Syddanmark;2022-04-26;248;
1084;Hovedstaden;2022-04-27;375;
1082;Midtjylland;2022-04-27;211;
1081;Nordjylland;2022-04-27;101;
1085;Sjælland;2022-04-27;186;
1083;Syddanmark;2022-04-27;207;
1084;Hovedstaden;2022-04-28;367;
1082;Midtjylland;2022-04-28;175;
1081;Nordjylland;2022-04-28;94;
1085;Sjælland;2022-04-28;159;
1083;Syddanmark;2022-04-28;187;
1084;Hovedstaden;2022-04-29;296;
1082;Midtjylland;2022-04-29;177;
1081;Nordjylland;2022-04-29;81;
1085;Sjælland;2022-04-29;126;
1083;Syddanmark;2022-04-29;168;
1084;Hovedstaden;2022-04-30;264;
1082;Midtjylland;2022-04-30;118;
1081;Nordjylland;2022-04-30;52;
1085;Sjælland;2022-04-30;77;
1083;Syddanmark;2022-04-30;152;
1084;Hovedstaden;2022-05-01;255;
1082;Midtjylland;2022-05-01;146;
1081;Nordjylland;2022-05-01;79;
1085;Sjælland;2022-05-01;149;
1083;Syddanmark;2022-05-01;144;
1084;Hovedstaden;2022-05-02;360;
1082;Midtjylland;2022-05-02;217;
1081;Nordjylland;2022-05-02;91;
1085;Sjælland;2022-05-02;155;
1083;Syddanmark;2022-05-02;218;
1084;Hovedstaden;2022-05-03;305;
1082;Midtjylland;2022-05-03;185;
1081;Nordjylland;2022-05-03;69;
1085;Sjælland;2022-05-03;177;
1083;Syddanmark;2022-05-03;195;
1084;Hovedstaden;2022-05-04;295;
1082;Midtjylland;2022-05-04;205;
1081;Nordjylland;2022-05-04;88;
1085;Sjælland;2022-05-04;117;
1083;Syddanmark;2022-05-04;201;
1084;Hovedstaden;2022-05-05;360;
1082;Midtjylland;2022-05-05;181;
1081;Nordjylland;2022-05-05;84;
1085;Sjælland;2022-05-05;166;
1083;Syddanmark;2022-05-05;179;
1084;Hovedstaden;2022-05-06;255;
1082;Midtjylland;2022-05-06;169;
1081;Nordjylland;2022-05-06;64;
1085;Sjælland;2022-05-06;115;
1083;Syddanmark;2022-05-06;146;
1084;Hovedstaden;2022-05-07;213;
1082;Midtjylland;2022-05-07;99;
1081;Nordjylland;2022-05-07;47;
1085;Sjælland;2022-05-07;82;
1083;Syddanmark;2022-05-07;131;
1084;Hovedstaden;2022-05-08;215;
1082;Midtjylland;2022-05-08;117;
1081;Nordjylland;2022-05-08;76;
1085;Sjælland;2022-05-08;91;
1083;Syddanmark;2022-05-08;120;
1084;Hovedstaden;2022-05-09;312;
1082;Midtjylland;2022-05-09;193;
1081;Nordjylland;2022-05-09;92;
1085;Sjælland;2022-05-09;121;
1083;Syddanmark;2022-05-09;210;
1084;Hovedstaden;2022-05-10;283;
1082;Midtjylland;2022-05-10;160;
1081;Nordjylland;2022-05-10;80;
1085;Sjælland;2022-05-10;137;
1083;Syddanmark;2022-05-10;177;
1084;Hovedstaden;2022-05-11;240;
1082;Midtjylland;2022-05-11;157;
1081;Nordjylland;2022-05-11;64;
1085;Sjælland;2022-05-11;123;
1083;Syddanmark;2022-05-11;171;
1084;Hovedstaden;2022-05-12;294;
1082;Midtjylland;2022-05-12;149;
1081;Nordjylland;2022-05-12;56;
1085;Sjælland;2022-05-12;105;
1083;Syddanmark;2022-05-12;127;
1084;Hovedstaden;2022-05-13;133;
1082;Midtjylland;2022-05-13;92;
1081;Nordjylland;2022-05-13;40;
1085;Sjælland;2022-05-13;42;
1083;Syddanmark;2022-05-13;111;
1084;Hovedstaden;2022-05-14;201;
1082;Midtjylland;2022-05-14;100;
1081;Nordjylland;2022-05-14;40;
1085;Sjælland;2022-05-14;39;
1083;Syddanmark;2022-05-14;105;
1084;Hovedstaden;2022-05-15;231;
1082;Midtjylland;2022-05-15;101;
1081;Nordjylland;2022-05-15;60;
1085;Sjælland;2022-05-15;89;
1083;Syddanmark;2022-05-15;99;
1084;Hovedstaden;2022-05-16;247;
1082;Midtjylland;2022-05-16;170;
1081;Nordjylland;2022-05-16;57;
1085;Sjælland;2022-05-16;125;
1083;Syddanmark;2022-05-16;177;
1084;Hovedstaden;2022-05-17;231;
1082;Midtjylland;2022-05-17;155;
1081;Nordjylland;2022-05-17;53;
1085;Sjælland;2022-05-17;122;
1083;Syddanmark;2022-05-17;179;
1084;Hovedstaden;2022-05-18;214;
1082;Midtjylland;2022-05-18;132;
1081;Nordjylland;2022-05-18;54;
1085;Sjælland;2022-05-18;121;
1083;Syddanmark;2022-05-18;126;
1084;Hovedstaden;2022-05-19;217;
1082;Midtjylland;2022-05-19;138;
1081;Nordjylland;2022-05-19;41;
1085;Sjælland;2022-05-19;91;
1083;Syddanmark;2022-05-19;135;
1084;Hovedstaden;2022-05-20;176;
1082;Midtjylland;2022-05-20;116;
1081;Nordjylland;2022-05-20;44;
1085;Sjælland;2022-05-20;69;
1083;Syddanmark;2022-05-20;77;
1084;Hovedstaden;2022-05-21;125;
1082;Midtjylland;2022-05-21;81;
1081;Nordjylland;2022-05-21;27;
1085;Sjælland;2022-05-21;46;
1083;Syddanmark;2022-05-21;78;
1084;Hovedstaden;2022-05-22;155;
1082;Midtjylland;2022-05-22;86;
1081;Nordjylland;2022-05-22;30;
1085;Sjælland;2022-05-22;85;
1083;Syddanmark;2022-05-22;71;
1084;Hovedstaden;2022-05-23;222;
1082;Midtjylland;2022-05-23;121;
1081;Nordjylland;2022-05-23;49;
1085;Sjælland;2022-05-23;95;
1083;Syddanmark;2022-05-23;112;
1084;Hovedstaden;2022-05-24;203;
1082;Midtjylland;2022-05-24;133;
1081;Nordjylland;2022-05-24;37;
1085;Sjælland;2022-05-24;89;
1083;Syddanmark;2022-05-24;105;
1084;Hovedstaden;2022-05-25;186;
1082;Midtjylland;2022-05-25;102;
1081;Nordjylland;2022-05-25;49;
1085;Sjælland;2022-05-25;89;
1083;Syddanmark;2022-05-25;87;
1084;Hovedstaden;2022-05-26;134;
1082;Midtjylland;2022-05-26;63;
1081;Nordjylland;2022-05-26;23;
1085;Sjælland;2022-05-26;31;
1083;Syddanmark;2022-05-26;57;
1084;Hovedstaden;2022-05-27;166;
1082;Midtjylland;2022-05-27;90;
1081;Nordjylland;2022-05-27;52;
1085;Sjælland;2022-05-27;97;
1083;Syddanmark;2022-05-27;62;
1084;Hovedstaden;2022-05-28;132;
1082;Midtjylland;2022-05-28;71;
1081;Nordjylland;2022-05-28;29;
1085;Sjælland;2022-05-28;13;
1083;Syddanmark;2022-05-28;81;
1084;Hovedstaden;2022-05-29;156;
1082;Midtjylland;2022-05-29;96;
1081;Nordjylland;2022-05-29;26;
1085;Sjælland;2022-05-29;110;
1083;Syddanmark;2022-05-29;56;
1084;Hovedstaden;2022-05-30;268;
1082;Midtjylland;2022-05-30;153;
1081;Nordjylland;2022-05-30;58;
1085;Sjælland;2022-05-30;85;
1083;Syddanmark;2022-05-30;147;
1084;Hovedstaden;2022-05-31;237;
1082;Midtjylland;2022-05-31;116;
1081;Nordjylland;2022-05-31;47;
1085;Sjælland;2022-05-31;89;
1083;Syddanmark;2022-05-31;141;
1084;Hovedstaden;2022-06-01;180;
1082;Midtjylland;2022-06-01;129;
1081;Nordjylland;2022-06-01;44;
1085;Sjælland;2022-06-01;119;
1083;Syddanmark;2022-06-01;113;
1084;Hovedstaden;2022-06-02;170;
1082;Midtjylland;2022-06-02;122;
1081;Nordjylland;2022-06-02;25;
1085;Sjælland;2022-06-02;101;
1083;Syddanmark;2022-06-02;107;
1084;Hovedstaden;2022-06-03;182;
1082;Midtjylland;2022-06-03;123;
1081;Nordjylland;2022-06-03;52;
1085;Sjælland;2022-06-03;100;
1083;Syddanmark;2022-06-03;106;
1084;Hovedstaden;2022-06-04;137;
1082;Midtjylland;2022-06-04;95;
1081;Nordjylland;2022-06-04;22;
1085;Sjælland;2022-06-04;8;
1083;Syddanmark;2022-06-04;37;
1084;Hovedstaden;2022-06-05;155;
1082;Midtjylland;2022-06-05;83;
1081;Nordjylland;2022-06-05;27;
1085;Sjælland;2022-06-05;60;
1083;Syddanmark;2022-06-05;93;
1084;Hovedstaden;2022-06-06;260;
1082;Midtjylland;2022-06-06;135;
1081;Nordjylland;2022-06-06;50;
1085;Sjælland;2022-06-06;83;
1083;Syddanmark;2022-06-06;133;
1084;Hovedstaden;2022-06-07;313;
1082;Midtjylland;2022-06-07;160;
1081;Nordjylland;2022-06-07;56;
1085;Sjælland;2022-06-07;154;
1083;Syddanmark;2022-06-07;217;
1084;Hovedstaden;2022-06-08;357;
1082;Midtjylland;2022-06-08;153;
1081;Nordjylland;2022-06-08;77;
1085;Sjælland;2022-06-08;133;
1083;Syddanmark;2022-06-08;172;
1084;Hovedstaden;2022-06-09;352;
1082;Midtjylland;2022-06-09;190;
1081;Nordjylland;2022-06-09;54;
1085;Sjælland;2022-06-09;155;
1083;Syddanmark;2022-06-09;136;
1084;Hovedstaden;2022-06-10;333;
1082;Midtjylland;2022-06-10;149;
1081;Nordjylland;2022-06-10;83;
1085;Sjælland;2022-06-10;122;
1083;Syddanmark;2022-06-10;155;
1084;Hovedstaden;2022-06-11;313;
1082;Midtjylland;2022-06-11;145;
1081;Nordjylland;2022-06-11;52;
1085;Sjælland;2022-06-11;23;
1083;Syddanmark;2022-06-11;93;
1084;Hovedstaden;2022-06-12;333;
1082;Midtjylland;2022-06-12;169;
1081;Nordjylland;2022-06-12;45;
1085;Sjælland;2022-06-12;182;
1083;Syddanmark;2022-06-12;172;
1084;Hovedstaden;2022-06-13;452;
1082;Midtjylland;2022-06-13;213;
1081;Nordjylland;2022-06-13;103;
1085;Sjælland;2022-06-13;176;
1083;Syddanmark;2022-06-13;216;
1084;Hovedstaden;2022-06-14;442;
1082;Midtjylland;2022-06-14;243;
1081;Nordjylland;2022-06-14;65;
1085;Sjælland;2022-06-14;188;
1083;Syddanmark;2022-06-14;244;
1084;Hovedstaden;2022-06-15;487;
1082;Midtjylland;2022-06-15;256;
1081;Nordjylland;2022-06-15;93;
1085;Sjælland;2022-06-15;166;
1083;Syddanmark;2022-06-15;194;
1084;Hovedstaden;2022-06-16;449;
1082;Midtjylland;2022-06-16;247;
1081;Nordjylland;2022-06-16;88;
1085;Sjælland;2022-06-16;200;
1083;Syddanmark;2022-06-16;215;
1084;Hovedstaden;2022-06-17;448;
1082;Midtjylland;2022-06-17;269;
1081;Nordjylland;2022-06-17;104;
1085;Sjælland;2022-06-17;221;
1083;Syddanmark;2022-06-17;222;
1084;Hovedstaden;2022-06-18;431;
1082;Midtjylland;2022-06-18;248;
1081;Nordjylland;2022-06-18;68;
1085;Sjælland;2022-06-18;99;
1083;Syddanmark;2022-06-18;109;
1084;Hovedstaden;2022-06-19;481;
1082;Midtjylland;2022-06-19;271;
1081;Nordjylland;2022-06-19;88;
1085;Sjælland;2022-06-19;82;
1083;Syddanmark;2022-06-19;261;
1084;Hovedstaden;2022-06-20;655;
1082;Midtjylland;2022-06-20;352;
1081;Nordjylland;2022-06-20;160;
1085;Sjælland;2022-06-20;390;
1083;Syddanmark;2022-06-20;326;
1084;Hovedstaden;2022-06-21;727;
1082;Midtjylland;2022-06-21;372;
1081;Nordjylland;2022-06-21;137;
1085;Sjælland;2022-06-21;328;
1083;Syddanmark;2022-06-21;372;
1084;Hovedstaden;2022-06-22;701;
1082;Midtjylland;2022-06-22;340;
1081;Nordjylland;2022-06-22;192;
1085;Sjælland;2022-06-22;263;
1083;Syddanmark;2022-06-22;309;
1084;Hovedstaden;2022-06-23;583;
1082;Midtjylland;2022-06-23;280;
1081;Nordjylland;2022-06-23;93;
1085;Sjælland;2022-06-23;218;
1083;Syddanmark;2022-06-23;261;
1084;Hovedstaden;2022-06-24;509;
1082;Midtjylland;2022-06-24;229;
1081;Nordjylland;2022-06-24;134;
1085;Sjælland;2022-06-24;197;
1083;Syddanmark;2022-06-24;214;
1084;Hovedstaden;2022-06-25;325;
1082;Midtjylland;2022-06-25;161;
1081;Nordjylland;2022-06-25;47;
1085;Sjælland;2022-06-25;67;
1083;Syddanmark;2022-06-25;105;
1084;Hovedstaden;2022-06-26;675;
1082;Midtjylland;2022-06-26;346;
1081;Nordjylland;2022-06-26;111;
1085;Sjælland;2022-06-26;118;
1083;Syddanmark;2022-06-26;22;
1084;Hovedstaden;2022-06-27;865;
1082;Midtjylland;2022-06-27;449;
1081;Nordjylland;2022-06-27;237;
1085;Sjælland;2022-06-27;501;
1083;Syddanmark;2022-06-27;724;
1084;Hovedstaden;2022-06-28;750;
1082;Midtjylland;2022-06-28;469;
1081;Nordjylland;2022-06-28;155;
1085;Sjælland;2022-06-28;319;
1083;Syddanmark;2022-06-28;587;
1084;Hovedstaden;2022-06-29;672;
1082;Midtjylland;2022-06-29;436;
1081;Nordjylland;2022-06-29;201;
1085;Sjælland;2022-06-29;282;
1083;Syddanmark;2022-06-29;540;
1084;Hovedstaden;2022-06-30;600;
1082;Midtjylland;2022-06-30;365;
1081;Nordjylland;2022-06-30;136;
1085;Sjælland;2022-06-30;251;
1083;Syddanmark;2022-06-30;404;
1084;Hovedstaden;2022-07-01;506;
1082;Midtjylland;2022-07-01;337;
1081;Nordjylland;2022-07-01;177;
1085;Sjælland;2022-07-01;219;
1083;Syddanmark;2022-07-01;376;
1084;Hovedstaden;2022-07-02;413;
1082;Midtjylland;2022-07-02;255;
1081;Nordjylland;2022-07-02;101;
1085;Sjælland;2022-07-02;96;
1083;Syddanmark;2022-07-02;197;
1084;Hovedstaden;2022-07-03;562;
1082;Midtjylland;2022-07-03;279;
1081;Nordjylland;2022-07-03;96;
1085;Sjælland;2022-07-03;215;
1083;Syddanmark;2022-07-03;309;
1084;Hovedstaden;2022-07-04;934;
1082;Midtjylland;2022-07-04;449;
1081;Nordjylland;2022-07-04;238;
1085;Sjælland;2022-07-04;450;
1083;Syddanmark;2022-07-04;609;
1084;Hovedstaden;2022-07-05;1024;
1082;Midtjylland;2022-07-05;424;
1081;Nordjylland;2022-07-05;235;
1085;Sjælland;2022-07-05;509;
1083;Syddanmark;2022-07-05;523;
1084;Hovedstaden;2022-07-06;1006;
1082;Midtjylland;2022-07-06;424;
1081;Nordjylland;2022-07-06;329;
1085;Sjælland;2022-07-06;460;
1083;Syddanmark;2022-07-06;504;
1084;Hovedstaden;2022-07-07;864;
1082;Midtjylland;2022-07-07;418;
1081;Nordjylland;2022-07-07;240;
1085;Sjælland;2022-07-07;350;
1083;Syddanmark;2022-07-07;399;
1084;Hovedstaden;2022-07-08;775;
1082;Midtjylland;2022-07-08;384;
1081;Nordjylland;2022-07-08;291;
1085;Sjælland;2022-07-08;375;
1083;Syddanmark;2022-07-08;396;
1084;Hovedstaden;2022-07-09;607;
1082;Midtjylland;2022-07-09;282;
1081;Nordjylland;2022-07-09;132;
1085;Sjælland;2022-07-09;196;
1083;Syddanmark;2022-07-09;198;
1084;Hovedstaden;2022-07-10;683;
1082;Midtjylland;2022-07-10;361;
1081;Nordjylland;2022-07-10;158;
1085;Sjælland;2022-07-10;283;
1083;Syddanmark;2022-07-10;412;
1084;Hovedstaden;2022-07-11;927;
1082;Midtjylland;2022-07-11;498;
1081;Nordjylland;2022-07-11;314;
1085;Sjælland;2022-07-11;611;
1083;Syddanmark;2022-07-11;580;
1084;Hovedstaden;2022-07-12;842;
1082;Midtjylland;2022-07-12;442;
1081;Nordjylland;2022-07-12;226;
1085;Sjælland;2022-07-12;437;
1083;Syddanmark;2022-07-12;545;
1084;Hovedstaden;2022-07-13;778;
1082;Midtjylland;2022-07-13;427;
1081;Nordjylland;2022-07-13;282;
1085;Sjælland;2022-07-13;475;
1083;Syddanmark;2022-07-13;487;
1084;Hovedstaden;2022-07-14;733;
1082;Midtjylland;2022-07-14;401;
1081;Nordjylland;2022-07-14;203;
1085;Sjælland;2022-07-14;411;
1083;Syddanmark;2022-07-14;390;
1084;Hovedstaden;2022-07-15;694;
1082;Midtjylland;2022-07-15;429;
1081;Nordjylland;2022-07-15;228;
1085;Sjælland;2022-07-15;370;
1083;Syddanmark;2022-07-15;447;
1084;Hovedstaden;2022-07-16;573;
1082;Midtjylland;2022-07-16;336;
1081;Nordjylland;2022-07-16;126;
1085;Sjælland;2022-07-16;191;
1083;Syddanmark;2022-07-16;156;
1084;Hovedstaden;2022-07-17;597;
1082;Midtjylland;2022-07-17;407;
1081;Nordjylland;2022-07-17;141;
1085;Sjælland;2022-07-17;319;
1083;Syddanmark;2022-07-17;419;
1084;Hovedstaden;2022-07-18;778;
1082;Midtjylland;2022-07-18;586;
1081;Nordjylland;2022-07-18;309;
1085;Sjælland;2022-07-18;473;
1083;Syddanmark;2022-07-18;629;
1084;Hovedstaden;2022-07-19;637;
1082;Midtjylland;2022-07-19;439;
1081;Nordjylland;2022-07-19;202;
1085;Sjælland;2022-07-19;413;
1083;Syddanmark;2022-07-19;519;
1084;Hovedstaden;2022-07-20;684;
1082;Midtjylland;2022-07-20;375;
1081;Nordjylland;2022-07-20;214;
1085;Sjælland;2022-07-20;373;
1083;Syddanmark;2022-07-20;385;
1084;Hovedstaden;2022-07-21;604;
1082;Midtjylland;2022-07-21;367;
1081;Nordjylland;2022-07-21;182;
1085;Sjælland;2022-07-21;364;
1083;Syddanmark;2022-07-21;349;
1084;Hovedstaden;2022-07-22;544;
1082;Midtjylland;2022-07-22;396;
1081;Nordjylland;2022-07-22;200;
1085;Sjælland;2022-07-22;318;
1083;Syddanmark;2022-07-22;347;
1084;Hovedstaden;2022-07-23;499;
1082;Midtjylland;2022-07-23;268;
1081;Nordjylland;2022-07-23;100;
1085;Sjælland;2022-07-23;136;
1083;Syddanmark;2022-07-23;139;
1084;Hovedstaden;2022-07-24;445;
1082;Midtjylland;2022-07-24;318;
1081;Nordjylland;2022-07-24;103;
1085;Sjælland;2022-07-24;224;
1083;Syddanmark;2022-07-24;311;
1084;Hovedstaden;2022-07-25;575;
1082;Midtjylland;2022-07-25;430;
1081;Nordjylland;2022-07-25;203;
1085;Sjælland;2022-07-25;333;
1083;Syddanmark;2022-07-25;528;
1084;Hovedstaden;2022-07-26;513;
1082;Midtjylland;2022-07-26;399;
1081;Nordjylland;2022-07-26;146;
1085;Sjælland;2022-07-26;311;
1083;Syddanmark;2022-07-26;426;
1084;Hovedstaden;2022-07-27;454;
1082;Midtjylland;2022-07-27;355;
1081;Nordjylland;2022-07-27;151;
1085;Sjælland;2022-07-27;248;
1083;Syddanmark;2022-07-27;324;
1084;Hovedstaden;2022-07-28;418;
1082;Midtjylland;2022-07-28;335;
1081;Nordjylland;2022-07-28;108;
1085;Sjælland;2022-07-28;246;
1083;Syddanmark;2022-07-28;275;
1084;Hovedstaden;2022-07-29;381;
1082;Midtjylland;2022-07-29;299;
1081;Nordjylland;2022-07-29;139;
1085;Sjælland;2022-07-29;212;
1083;Syddanmark;2022-07-29;306;
1084;Hovedstaden;2022-07-30;397;
1082;Midtjylland;2022-07-30;278;
1081;Nordjylland;2022-07-30;84;
1085;Sjælland;2022-07-30;160;
1083;Syddanmark;2022-07-30;179;
1084;Hovedstaden;2022-07-31;439;
1082;Midtjylland;2022-07-31;352;
1081;Nordjylland;2022-07-31;131;
1085;Sjælland;2022-07-31;230;
1083;Syddanmark;2022-07-31;297;
1084;Hovedstaden;2022-08-01;542;
1082;Midtjylland;2022-08-01;402;
1081;Nordjylland;2022-08-01;201;
1085;Sjælland;2022-08-01;383;
1083;Syddanmark;2022-08-01;454;
1084;Hovedstaden;2022-08-02;525;
1082;Midtjylland;2022-08-02;361;
1081;Nordjylland;2022-08-02;133;
1085;Sjælland;2022-08-02;316;
1083;Syddanmark;2022-08-02;457;
1084;Hovedstaden;2022-08-03;465;
1082;Midtjylland;2022-08-03;361;
1081;Nordjylland;2022-08-03;167;
1085;Sjælland;2022-08-03;316;
1083;Syddanmark;2022-08-03;369;
1084;Hovedstaden;2022-08-04;381;
1082;Midtjylland;2022-08-04;327;
1081;Nordjylland;2022-08-04;137;
1085;Sjælland;2022-08-04;261;
1083;Syddanmark;2022-08-04;253;
1084;Hovedstaden;2022-08-05;350;
1082;Midtjylland;2022-08-05;280;
1081;Nordjylland;2022-08-05;150;
1085;Sjælland;2022-08-05;223;
1083;Syddanmark;2022-08-05;304;
1084;Hovedstaden;2022-08-06;337;
1082;Midtjylland;2022-08-06;204;
1081;Nordjylland;2022-08-06;87;
1085;Sjælland;2022-08-06;144;
1083;Syddanmark;2022-08-06;155;
1084;Hovedstaden;2022-08-07;358;
1082;Midtjylland;2022-08-07;297;
1081;Nordjylland;2022-08-07;105;
1085;Sjælland;2022-08-07;179;
1083;Syddanmark;2022-08-07;295;
1084;Hovedstaden;2022-08-08;455;
1082;Midtjylland;2022-08-08;491;
1081;Nordjylland;2022-08-08;216;
1085;Sjælland;2022-08-08;309;
1083;Syddanmark;2022-08-08;490;
1084;Hovedstaden;2022-08-09;549;
1082;Midtjylland;2022-08-09;595;
1081;Nordjylland;2022-08-09;200;
1085;Sjælland;2022-08-09;308;
1083;Syddanmark;2022-08-09;485;
1084;Hovedstaden;2022-08-10;538;
1082;Midtjylland;2022-08-10;639;
1081;Nordjylland;2022-08-10;218;
1085;Sjælland;2022-08-10;345;
1083;Syddanmark;2022-08-10;403;
1084;Hovedstaden;2022-08-11;506;
1082;Midtjylland;2022-08-11;594;
1081;Nordjylland;2022-08-11;164;
1085;Sjælland;2022-08-11;260;
1083;Syddanmark;2022-08-11;304;
1084;Hovedstaden;2022-08-12;394;
1082;Midtjylland;2022-08-12;483;
1081;Nordjylland;2022-08-12;177;
1085;Sjælland;2022-08-12;258;
1083;Syddanmark;2022-08-12;350;
1084;Hovedstaden;2022-08-13;304;
1082;Midtjylland;2022-08-13;354;
1081;Nordjylland;2022-08-13;107;
1085;Sjælland;2022-08-13;142;
1083;Syddanmark;2022-08-13;179;
1084;Hovedstaden;2022-08-14;314;
1082;Midtjylland;2022-08-14;385;
1081;Nordjylland;2022-08-14;112;
1085;Sjælland;2022-08-14;205;
1083;Syddanmark;2022-08-14;253;
1084;Hovedstaden;2022-08-15;466;
1082;Midtjylland;2022-08-15;542;
1081;Nordjylland;2022-08-15;191;
1085;Sjælland;2022-08-15;286;
1083;Syddanmark;2022-08-15;430;
1084;Hovedstaden;2022-08-16;415;
1082;Midtjylland;2022-08-16;428;
1081;Nordjylland;2022-08-16;140;
1085;Sjælland;2022-08-16;251;
1083;Syddanmark;2022-08-16;376;
1084;Hovedstaden;2022-08-17;327;
1082;Midtjylland;2022-08-17;391;
1081;Nordjylland;2022-08-17;139;
1085;Sjælland;2022-08-17;265;
1083;Syddanmark;2022-08-17;322;
1084;Hovedstaden;2022-08-18;302;
1082;Midtjylland;2022-08-18;306;
1081;Nordjylland;2022-08-18;107;
1085;Sjælland;2022-08-18;215;
1083;Syddanmark;2022-08-18;240;
1084;Hovedstaden;2022-08-19;236;
1082;Midtjylland;2022-08-19;266;
1081;Nordjylland;2022-08-19;116;
1085;Sjælland;2022-08-19;221;
1083;Syddanmark;2022-08-19;225;
1084;Hovedstaden;2022-08-20;231;
1082;Midtjylland;2022-08-20;224;
1081;Nordjylland;2022-08-20;79;
1085;Sjælland;2022-08-20;69;
1083;Syddanmark;2022-08-20;101;
1084;Hovedstaden;2022-08-21;213;
1082;Midtjylland;2022-08-21;253;
1081;Nordjylland;2022-08-21;91;
1085;Sjælland;2022-08-21;125;
1083;Syddanmark;2022-08-21;198;
1084;Hovedstaden;2022-08-22;298;
1082;Midtjylland;2022-08-22;309;
1081;Nordjylland;2022-08-22;173;
1085;Sjælland;2022-08-22;124;
1083;Syddanmark;2022-08-22;265;
1084;Hovedstaden;2022-08-23;238;
1082;Midtjylland;2022-08-23;312;
1081;Nordjylland;2022-08-23;112;
1085;Sjælland;2022-08-23;174;
1083;Syddanmark;2022-08-23;231;
1084;Hovedstaden;2022-08-24;274;
1082;Midtjylland;2022-08-24;317;
1081;Nordjylland;2022-08-24;137;
1085;Sjælland;2022-08-24;184;
1083;Syddanmark;2022-08-24;221;
1084;Hovedstaden;2022-08-25;211;
1082;Midtjylland;2022-08-25;255;
1081;Nordjylland;2022-08-25;111;
1085;Sjælland;2022-08-25;162;
1083;Syddanmark;2022-08-25;143;
1084;Hovedstaden;2022-08-26;209;
1082;Midtjylland;2022-08-26;239;
1081;Nordjylland;2022-08-26;137;
1085;Sjælland;2022-08-26;134;
1083;Syddanmark;2022-08-26;173;
1084;Hovedstaden;2022-08-27;170;
1082;Midtjylland;2022-08-27;173;
1081;Nordjylland;2022-08-27;77;
1085;Sjælland;2022-08-27;63;
1083;Syddanmark;2022-08-27;92;
1084;Hovedstaden;2022-08-28;151;
1082;Midtjylland;2022-08-28;174;
1081;Nordjylland;2022-08-28;74;
1085;Sjælland;2022-08-28;100;
1083;Syddanmark;2022-08-28;139;
1084;Hovedstaden;2022-08-29;270;
1082;Midtjylland;2022-08-29;221;
1081;Nordjylland;2022-08-29;126;
1085;Sjælland;2022-08-29;152;
1083;Syddanmark;2022-08-29;228;
1084;Hovedstaden;2022-08-30;167;
1082;Midtjylland;2022-08-30;211;
1081;Nordjylland;2022-08-30;77;
1085;Sjælland;2022-08-30;111;
1083;Syddanmark;2022-08-30;181;
1084;Hovedstaden;2022-08-31;203;
1082;Midtjylland;2022-08-31;234;
1081;Nordjylland;2022-08-31;89;
1085;Sjælland;2022-08-31;131;
1083;Syddanmark;2022-08-31;118;
1084;Hovedstaden;2022-09-01;165;
1082;Midtjylland;2022-09-01;196;
1081;Nordjylland;2022-09-01;56;
1085;Sjælland;2022-09-01;124;
1083;Syddanmark;2022-09-01;128;
1084;Hovedstaden;2022-09-02;209;
1082;Midtjylland;2022-09-02;179;
1081;Nordjylland;2022-09-02;63;
1085;Sjælland;2022-09-02;94;
1083;Syddanmark;2022-09-02;148;
1084;Hovedstaden;2022-09-03;170;
1082;Midtjylland;2022-09-03;134;
1081;Nordjylland;2022-09-03;40;
1085;Sjælland;2022-09-03;47;
1083;Syddanmark;2022-09-03;73;
1084;Hovedstaden;2022-09-04;168;
1082;Midtjylland;2022-09-04;154;
1081;Nordjylland;2022-09-04;53;
1085;Sjælland;2022-09-04;96;
1083;Syddanmark;2022-09-04;82;
1084;Hovedstaden;2022-09-05;255;
1082;Midtjylland;2022-09-05;251;
1081;Nordjylland;2022-09-05;101;
1085;Sjælland;2022-09-05;183;
1083;Syddanmark;2022-09-05;263;
1084;Hovedstaden;2022-09-06;248;
1082;Midtjylland;2022-09-06;199;
1081;Nordjylland;2022-09-06;88;
1085;Sjælland;2022-09-06;130;
1083;Syddanmark;2022-09-06;200;
1084;Hovedstaden;2022-09-07;254;
1082;Midtjylland;2022-09-07;221;
1081;Nordjylland;2022-09-07;84;
1085;Sjælland;2022-09-07;142;
1083;Syddanmark;2022-09-07;177;
1084;Hovedstaden;2022-09-08;251;
1082;Midtjylland;2022-09-08;191;
1081;Nordjylland;2022-09-08;90;
1085;Sjælland;2022-09-08;158;
1083;Syddanmark;2022-09-08;137;
1084;Hovedstaden;2022-09-09;206;
1082;Midtjylland;2022-09-09;144;
1081;Nordjylland;2022-09-09;82;
1085;Sjælland;2022-09-09;117;
1083;Syddanmark;2022-09-09;117;
1084;Hovedstaden;2022-09-10;152;
1082;Midtjylland;2022-09-10;141;
1081;Nordjylland;2022-09-10;52;
1085;Sjælland;2022-09-10;66;
1083;Syddanmark;2022-09-10;81;
1084;Hovedstaden;2022-09-11;186;
1082;Midtjylland;2022-09-11;141;
1081;Nordjylland;2022-09-11;61;
1085;Sjælland;2022-09-11;79;
1083;Syddanmark;2022-09-11;145;
1084;Hovedstaden;2022-09-12;283;
1082;Midtjylland;2022-09-12;201;
1081;Nordjylland;2022-09-12;119;
1085;Sjælland;2022-09-12;187;
1083;Syddanmark;2022-09-12;212;
1084;Hovedstaden;2022-09-13;237;
1082;Midtjylland;2022-09-13;176;
1081;Nordjylland;2022-09-13;100;
1085;Sjælland;2022-09-13;158;
1083;Syddanmark;2022-09-13;221;
1084;Hovedstaden;2022-09-14;223;
1082;Midtjylland;2022-09-14;151;
1081;Nordjylland;2022-09-14;111;
1085;Sjælland;2022-09-14;163;
1083;Syddanmark;2022-09-14;162;
1084;Hovedstaden;2022-09-15;237;
1082;Midtjylland;2022-09-15;126;
1081;Nordjylland;2022-09-15;94;
1085;Sjælland;2022-09-15;164;
1083;Syddanmark;2022-09-15;182;
1084;Hovedstaden;2022-09-16;198;
1082;Midtjylland;2022-09-16;153;
1081;Nordjylland;2022-09-16;105;
1085;Sjælland;2022-09-16;108;
1083;Syddanmark;2022-09-16;131;
1084;Hovedstaden;2022-09-17;153;
1082;Midtjylland;2022-09-17;104;
1081;Nordjylland;2022-09-17;57;
1085;Sjælland;2022-09-17;54;
1083;Syddanmark;2022-09-17;56;
1084;Hovedstaden;2022-09-18;157;
1082;Midtjylland;2022-09-18;156;
1081;Nordjylland;2022-09-18;36;
1085;Sjælland;2022-09-18;99;
1083;Syddanmark;2022-09-18;144;
1084;Hovedstaden;2022-09-19;262;
1082;Midtjylland;2022-09-19;235;
1081;Nordjylland;2022-09-19;124;
1085;Sjælland;2022-09-19;188;
1083;Syddanmark;2022-09-19;244;
1084;Hovedstaden;2022-09-20;245;
1082;Midtjylland;2022-09-20;219;
1081;Nordjylland;2022-09-20;83;
1085;Sjælland;2022-09-20;203;
1083;Syddanmark;2022-09-20;245;
1084;Hovedstaden;2022-09-21;278;
1082;Midtjylland;2022-09-21;255;
1081;Nordjylland;2022-09-21;112;
1085;Sjælland;2022-09-21;226;
1083;Syddanmark;2022-09-21;237;
1084;Hovedstaden;2022-09-22;305;
1082;Midtjylland;2022-09-22;234;
1081;Nordjylland;2022-09-22;112;
1085;Sjælland;2022-09-22;223;
1083;Syddanmark;2022-09-22;225;
1084;Hovedstaden;2022-09-23;289;
1082;Midtjylland;2022-09-23;228;
1081;Nordjylland;2022-09-23;101;
1085;Sjælland;2022-09-23;187;
1083;Syddanmark;2022-09-23;186;
1084;Hovedstaden;2022-09-24;226;
1082;Midtjylland;2022-09-24;185;
1081;Nordjylland;2022-09-24;72;
1085;Sjælland;2022-09-24;86;
1083;Syddanmark;2022-09-24;136;
1084;Hovedstaden;2022-09-25;312;
1082;Midtjylland;2022-09-25;216;
1081;Nordjylland;2022-09-25;72;
1085;Sjælland;2022-09-25;135;
1083;Syddanmark;2022-09-25;243;
1084;Hovedstaden;2022-09-26;426;
1082;Midtjylland;2022-09-26;346;
1081;Nordjylland;2022-09-26;150;
1085;Sjælland;2022-09-26;282;
1083;Syddanmark;2022-09-26;370;
1084;Hovedstaden;2022-09-27;362;
1082;Midtjylland;2022-09-27;302;
1081;Nordjylland;2022-09-27;98;
1085;Sjælland;2022-09-27;298;
1083;Syddanmark;2022-09-27;371;
1084;Hovedstaden;2022-09-28;315;
1082;Midtjylland;2022-09-28;292;
1081;Nordjylland;2022-09-28;139;
1085;Sjælland;2022-09-28;195;
1083;Syddanmark;2022-09-28;321;
1084;Hovedstaden;2022-09-29;346;
1082;Midtjylland;2022-09-29;272;
1081;Nordjylland;2022-09-29;115;
1085;Sjælland;2022-09-29;248;
1083;Syddanmark;2022-09-29;286;
1084;Hovedstaden;2022-09-30;295;
1082;Midtjylland;2022-09-30;227;
1081;Nordjylland;2022-09-30;136;
1085;Sjælland;2022-09-30;199;
1083;Syddanmark;2022-09-30;243;
1084;Hovedstaden;2022-10-01;235;
1082;Midtjylland;2022-10-01;234;
1081;Nordjylland;2022-10-01;72;
1085;Sjælland;2022-10-01;106;
1083;Syddanmark;2022-10-01;189;
1084;Hovedstaden;2022-10-02;260;
1082;Midtjylland;2022-10-02;238;
1081;Nordjylland;2022-10-02;73;
1085;Sjælland;2022-10-02;130;
1083;Syddanmark;2022-10-02;303;
1084;Hovedstaden;2022-10-03;410;
1082;Midtjylland;2022-10-03;333;
1081;Nordjylland;2022-10-03;182;
1085;Sjælland;2022-10-03;332;
1083;Syddanmark;2022-10-03;491;
1084;Hovedstaden;2022-10-04;381;
1082;Midtjylland;2022-10-04;357;
1081;Nordjylland;2022-10-04;127;
1085;Sjælland;2022-10-04;274;
1083;Syddanmark;2022-10-04;426;
1084;Hovedstaden;2022-10-05;388;
1082;Midtjylland;2022-10-05;336;
1081;Nordjylland;2022-10-05;135;
1085;Sjælland;2022-10-05;253;
1083;Syddanmark;2022-10-05;417;
1084;Hovedstaden;2022-10-06;312;
1082;Midtjylland;2022-10-06;339;
1081;Nordjylland;2022-10-06;111;
1085;Sjælland;2022-10-06;226;
1083;Syddanmark;2022-10-06;313;
1084;Hovedstaden;2022-10-07;305;
1082;Midtjylland;2022-10-07;293;
1081;Nordjylland;2022-10-07;134;
1085;Sjælland;2022-10-07;214;
1083;Syddanmark;2022-10-07;313;
1084;Hovedstaden;2022-10-08;234;
1082;Midtjylland;2022-10-08;256;
1081;Nordjylland;2022-10-08;86;
1085;Sjælland;2022-10-08;154;
1083;Syddanmark;2022-10-08;179;
1084;Hovedstaden;2022-10-09;258;
1082;Midtjylland;2022-10-09;285;
1081;Nordjylland;2022-10-09;89;
1085;Sjælland;2022-10-09;206;
1083;Syddanmark;2022-10-09;330;
1084;Hovedstaden;2022-10-10;367;
1082;Midtjylland;2022-10-10;387;
1081;Nordjylland;2022-10-10;192;
1085;Sjælland;2022-10-10;284;
1083;Syddanmark;2022-10-10;399;
1084;Hovedstaden;2022-10-11;358;
1082;Midtjylland;2022-10-11;336;
1081;Nordjylland;2022-10-11;128;
1085;Sjælland;2022-10-11;266;
1083;Syddanmark;2022-10-11;381;
1084;Hovedstaden;2022-10-12;325;
1082;Midtjylland;2022-10-12;323;
1081;Nordjylland;2022-10-12;160;
1085;Sjælland;2022-10-12;244;
1083;Syddanmark;2022-10-12;346;
1084;Hovedstaden;2022-10-13;324;
1082;Midtjylland;2022-10-13;284;
1081;Nordjylland;2022-10-13;146;
1085;Sjælland;2022-10-13;240;
1083;Syddanmark;2022-10-13;293;
1084;Hovedstaden;2022-10-14;290;
1082;Midtjylland;2022-10-14;275;
1081;Nordjylland;2022-10-14;143;
1085;Sjælland;2022-10-14;244;
1083;Syddanmark;2022-10-14;287;
1084;Hovedstaden;2022-10-15;235;
1082;Midtjylland;2022-10-15;245;
1081;Nordjylland;2022-10-15;101;
1085;Sjælland;2022-10-15;172;
1083;Syddanmark;2022-10-15;149;
1084;Hovedstaden;2022-10-16;269;
1082;Midtjylland;2022-10-16;263;
1081;Nordjylland;2022-10-16;93;
1085;Sjælland;2022-10-16;168;
1083;Syddanmark;2022-10-16;264;
1084;Hovedstaden;2022-10-17;369;
1082;Midtjylland;2022-10-17;307;
1081;Nordjylland;2022-10-17;168;
1085;Sjælland;2022-10-17;267;
1083;Syddanmark;2022-10-17;350;
1084;Hovedstaden;2022-10-18;336;
1082;Midtjylland;2022-10-18;318;
1081;Nordjylland;2022-10-18;112;
1085;Sjælland;2022-10-18;255;
1083;Syddanmark;2022-10-18;367;
1084;Hovedstaden;2022-10-19;287;
1082;Midtjylland;2022-10-19;262;
1081;Nordjylland;2022-10-19;109;
1085;Sjælland;2022-10-19;260;
1083;Syddanmark;2022-10-19;275;
1084;Hovedstaden;2022-10-20;271;
1082;Midtjylland;2022-10-20;219;
1081;Nordjylland;2022-10-20;74;
1085;Sjælland;2022-10-20;174;
1083;Syddanmark;2022-10-20;232;
1084;Hovedstaden;2022-10-21;261;
1082;Midtjylland;2022-10-21;208;
1081;Nordjylland;2022-10-21;88;
1085;Sjælland;2022-10-21;159;
1083;Syddanmark;2022-10-21;233;
1084;Hovedstaden;2022-10-22;201;
1082;Midtjylland;2022-10-22;195;
1081;Nordjylland;2022-10-22;61;
1085;Sjælland;2022-10-22;126;
1083;Syddanmark;2022-10-22;130;
1084;Hovedstaden;2022-10-23;208;
1082;Midtjylland;2022-10-23;229;
1081;Nordjylland;2022-10-23;58;
1085;Sjælland;2022-10-23;157;
1083;Syddanmark;2022-10-23;264;
1084;Hovedstaden;2022-10-24;309;
1082;Midtjylland;2022-10-24;286;
1081;Nordjylland;2022-10-24;134;
1085;Sjælland;2022-10-24;207;
1083;Syddanmark;2022-10-24;304;
1084;Hovedstaden;2022-10-25;259;
1082;Midtjylland;2022-10-25;245;
1081;Nordjylland;2022-10-25;93;
1085;Sjælland;2022-10-25;207;
1083;Syddanmark;2022-10-25;290;
1084;Hovedstaden;2022-10-26;253;
1082;Midtjylland;2022-10-26;221;
1081;Nordjylland;2022-10-26;103;
1085;Sjælland;2022-10-26;230;
1083;Syddanmark;2022-10-26;229;
1084;Hovedstaden;2022-10-27;218;
1082;Midtjylland;2022-10-27;177;
1081;Nordjylland;2022-10-27;57;
1085;Sjælland;2022-10-27;162;
1083;Syddanmark;2022-10-27;187;
1084;Hovedstaden;2022-10-28;210;
1082;Midtjylland;2022-10-28;162;
1081;Nordjylland;2022-10-28;88;
1085;Sjælland;2022-10-28;122;
1083;Syddanmark;2022-10-28;148;
1084;Hovedstaden;2022-10-29;170;
1082;Midtjylland;2022-10-29;112;
1081;Nordjylland;2022-10-29;37;
1085;Sjælland;2022-10-29;103;
1083;Syddanmark;2022-10-29;82;
1084;Hovedstaden;2022-10-30;157;
1082;Midtjylland;2022-10-30;142;
1081;Nordjylland;2022-10-30;50;
1085;Sjælland;2022-10-30;112;
1083;Syddanmark;2022-10-30;122;
1084;Hovedstaden;2022-10-31;218;
1082;Midtjylland;2022-10-31;181;
1081;Nordjylland;2022-10-31;93;
1085;Sjælland;2022-10-31;153;
1083;Syddanmark;2022-10-31;192;
1084;Hovedstaden;2022-11-01;192;
1082;Midtjylland;2022-11-01;170;
1081;Nordjylland;2022-11-01;52;
1085;Sjælland;2022-11-01;116;
1083;Syddanmark;2022-11-01;156;
1084;Hovedstaden;2022-11-02;162;
1082;Midtjylland;2022-11-02;151;
1081;Nordjylland;2022-11-02;71;
1085;Sjælland;2022-11-02;123;
1083;Syddanmark;2022-11-02;160;
1084;Hovedstaden;2022-11-03;192;
1082;Midtjylland;2022-11-03;139;
1081;Nordjylland;2022-11-03;52;
1085;Sjælland;2022-11-03;111;
1083;Syddanmark;2022-11-03;111;
1084;Hovedstaden;2022-11-04;148;
1082;Midtjylland;2022-11-04;136;
1081;Nordjylland;2022-11-04;48;
1085;Sjælland;2022-11-04;106;
1083;Syddanmark;2022-11-04;110;
1084;Hovedstaden;2022-11-05;103;
1082;Midtjylland;2022-11-05;86;
1081;Nordjylland;2022-11-05;18;
1085;Sjælland;2022-11-05;74;
1083;Syddanmark;2022-11-05;71;
1084;Hovedstaden;2022-11-06;130;
1082;Midtjylland;2022-11-06;113;
1081;Nordjylland;2022-11-06;37;
1085;Sjælland;2022-11-06;93;
1083;Syddanmark;2022-11-06;110;
1084;Hovedstaden;2022-11-07;216;
1082;Midtjylland;2022-11-07;161;
1081;Nordjylland;2022-11-07;73;
1085;Sjælland;2022-11-07;130;
1083;Syddanmark;2022-11-07;145;
1084;Hovedstaden;2022-11-08;226;
1082;Midtjylland;2022-11-08;131;
1081;Nordjylland;2022-11-08;47;
1085;Sjælland;2022-11-08;139;
1083;Syddanmark;2022-11-08;180;
1084;Hovedstaden;2022-11-09;207;
1082;Midtjylland;2022-11-09;166;
1081;Nordjylland;2022-11-09;75;
1085;Sjælland;2022-11-09;169;
1083;Syddanmark;2022-11-09;153;
1084;Hovedstaden;2022-11-10;188;
1082;Midtjylland;2022-11-10;139;
1081;Nordjylland;2022-11-10;59;
1085;Sjælland;2022-11-10;104;
1083;Syddanmark;2022-11-10;120;
1084;Hovedstaden;2022-11-11;166;
1082;Midtjylland;2022-11-11;90;
1081;Nordjylland;2022-11-11;60;
1085;Sjælland;2022-11-11;100;
1083;Syddanmark;2022-11-11;95;
1084;Hovedstaden;2022-11-12;134;
1082;Midtjylland;2022-11-12;79;
1081;Nordjylland;2022-11-12;31;
1085;Sjælland;2022-11-12;91;
1083;Syddanmark;2022-11-12;71;
1084;Hovedstaden;2022-11-13;141;
1082;Midtjylland;2022-11-13;102;
1081;Nordjylland;2022-11-13;44;
1085;Sjælland;2022-11-13;95;
1083;Syddanmark;2022-11-13;109;
1084;Hovedstaden;2022-11-14;180;
1082;Midtjylland;2022-11-14;161;
1081;Nordjylland;2022-11-14;73;
1085;Sjælland;2022-11-14;114;
1083;Syddanmark;2022-11-14;153;
1084;Hovedstaden;2022-11-15;214;
1082;Midtjylland;2022-11-15;134;
1081;Nordjylland;2022-11-15;41;
1085;Sjælland;2022-11-15;116;
1083;Syddanmark;2022-11-15;152;
1084;Hovedstaden;2022-11-16;175;
1082;Midtjylland;2022-11-16;124;
1081;Nordjylland;2022-11-16;52;
1085;Sjælland;2022-11-16;106;
1083;Syddanmark;2022-11-16;125;
1084;Hovedstaden;2022-11-17;182;
1082;Midtjylland;2022-11-17;112;
1081;Nordjylland;2022-11-17;35;
1085;Sjælland;2022-11-17;119;
1083;Syddanmark;2022-11-17;103;
1084;Hovedstaden;2022-11-18;156;
1082;Midtjylland;2022-11-18;105;
1081;Nordjylland;2022-11-18;51;
1085;Sjælland;2022-11-18;88;
1083;Syddanmark;2022-11-18;84;
1084;Hovedstaden;2022-11-19;124;
1082;Midtjylland;2022-11-19;81;
1081;Nordjylland;2022-11-19;17;
1085;Sjælland;2022-11-19;72;
1083;Syddanmark;2022-11-19;54;
1084;Hovedstaden;2022-11-20;160;
1082;Midtjylland;2022-11-20;79;
1081;Nordjylland;2022-11-20;33;
1085;Sjælland;2022-11-20;89;
1083;Syddanmark;2022-11-20;106;
1084;Hovedstaden;2022-11-21;176;
1082;Midtjylland;2022-11-21;141;
1081;Nordjylland;2022-11-21;57;
1085;Sjælland;2022-11-21;105;
1083;Syddanmark;2022-11-21;147;
1084;Hovedstaden;2022-11-22;205;
1082;Midtjylland;2022-11-22;137;
1081;Nordjylland;2022-11-22;51;
1085;Sjælland;2022-11-22;119;
1083;Syddanmark;2022-11-22;154;
1084;Hovedstaden;2022-11-23;230;
1082;Midtjylland;2022-11-23;140;
1081;Nordjylland;2022-11-23;79;
1085;Sjælland;2022-11-23;128;
1083;Syddanmark;2022-11-23;141;
1084;Hovedstaden;2022-11-24;252;
1082;Midtjylland;2022-11-24;160;
1081;Nordjylland;2022-11-24;58;
1085;Sjælland;2022-11-24;127;
1083;Syddanmark;2022-11-24;165;
1084;Hovedstaden;2022-11-25;204;
1082;Midtjylland;2022-11-25;136;
1081;Nordjylland;2022-11-25;57;
1085;Sjælland;2022-11-25;104;
1083;Syddanmark;2022-11-25;125;
1084;Hovedstaden;2022-11-26;141;
1082;Midtjylland;2022-11-26;130;
1081;Nordjylland;2022-11-26;36;
1085;Sjælland;2022-11-26;88;
1083;Syddanmark;2022-11-26;81;
1084;Hovedstaden;2022-11-27;202;
1082;Midtjylland;2022-11-27;138;
1081;Nordjylland;2022-11-27;52;
1085;Sjælland;2022-11-27;113;
1083;Syddanmark;2022-11-27;143;
1084;Hovedstaden;2022-11-28;356;
1082;Midtjylland;2022-11-28;229;
1081;Nordjylland;2022-11-28;117;
1085;Sjælland;2022-11-28;188;
1083;Syddanmark;2022-11-28;246;
1084;Hovedstaden;2022-11-29;343;
1082;Midtjylland;2022-11-29;229;
1081;Nordjylland;2022-11-29;89;
1085;Sjælland;2022-11-29;191;
1083;Syddanmark;2022-11-29;273;
1084;Hovedstaden;2022-11-30;359;
1082;Midtjylland;2022-11-30;285;
1081;Nordjylland;2022-11-30;148;
1085;Sjælland;2022-11-30;182;
1083;Syddanmark;2022-11-30;252;
1084;Hovedstaden;2022-12-01;350;
1082;Midtjylland;2022-12-01;226;
1081;Nordjylland;2022-12-01;109;
1085;Sjælland;2022-12-01;165;
1083;Syddanmark;2022-12-01;245;
1084;Hovedstaden;2022-12-02;293;
1082;Midtjylland;2022-12-02;232;
1081;Nordjylland;2022-12-02;103;
1085;Sjælland;2022-12-02;149;
1083;Syddanmark;2022-12-02;210;
1084;Hovedstaden;2022-12-03;253;
1082;Midtjylland;2022-12-03;153;
1081;Nordjylland;2022-12-03;60;
1085;Sjælland;2022-12-03;114;
1083;Syddanmark;2022-12-03;159;
1084;Hovedstaden;2022-12-04;296;
1082;Midtjylland;2022-12-04;168;
1081;Nordjylland;2022-12-04;71;
1085;Sjælland;2022-12-04;155;
1083;Syddanmark;2022-12-04;258;
1084;Hovedstaden;2022-12-05;477;
1082;Midtjylland;2022-12-05;336;
1081;Nordjylland;2022-12-05;187;
1085;Sjælland;2022-12-05;250;
1083;Syddanmark;2022-12-05;372;
1084;Hovedstaden;2022-12-06;550;
1082;Midtjylland;2022-12-06;376;
1081;Nordjylland;2022-12-06;128;
1085;Sjælland;2022-12-06;247;
1083;Syddanmark;2022-12-06;406;
1084;Hovedstaden;2022-12-07;544;
1082;Midtjylland;2022-12-07;350;
1081;Nordjylland;2022-12-07;171;
1085;Sjælland;2022-12-07;357;
1083;Syddanmark;2022-12-07;336;
1084;Hovedstaden;2022-12-08;460;
1082;Midtjylland;2022-12-08;328;
1081;Nordjylland;2022-12-08;132;
1085;Sjælland;2022-12-08;259;
1083;Syddanmark;2022-12-08;302;
1084;Hovedstaden;2022-12-09;257;
1082;Midtjylland;2022-12-09;157;
1081;Nordjylland;2022-12-09;85;
1085;Sjælland;2022-12-09;114;
1083;Syddanmark;2022-12-09;142;
1084;Hovedstaden;2022-12-10;208;
1082;Midtjylland;2022-12-10;133;
1081;Nordjylland;2022-12-10;46;
1085;Sjælland;2022-12-10;110;
1083;Syddanmark;2022-12-10;78;
1084;Hovedstaden;2022-12-11;211;
1082;Midtjylland;2022-12-11;142;
1081;Nordjylland;2022-12-11;49;
1085;Sjælland;2022-12-11;133;
1083;Syddanmark;2022-12-11;125;
1084;Hovedstaden;2022-12-12;325;
1082;Midtjylland;2022-12-12;233;
1081;Nordjylland;2022-12-12;113;
1085;Sjælland;2022-12-12;161;
1083;Syddanmark;2022-12-12;221;
1084;Hovedstaden;2022-12-13;339;
1082;Midtjylland;2022-12-13;207;
1081;Nordjylland;2022-12-13;93;
1085;Sjælland;2022-12-13;202;
1083;Syddanmark;2022-12-13;269;
1084;Hovedstaden;2022-12-14;380;
1082;Midtjylland;2022-12-14;213;
1081;Nordjylland;2022-12-14;114;
1085;Sjælland;2022-12-14;256;
1083;Syddanmark;2022-12-14;233;
1084;Hovedstaden;2022-12-15;358;
1082;Midtjylland;2022-12-15;234;
1081;Nordjylland;2022-12-15;83;
1085;Sjælland;2022-12-15;205;
1083;Syddanmark;2022-12-15;189;
1084;Hovedstaden;2022-12-16;293;
1082;Midtjylland;2022-12-16;200;
1081;Nordjylland;2022-12-16;104;
1085;Sjælland;2022-12-16;147;
1083;Syddanmark;2022-12-16;194;
1084;Hovedstaden;2022-12-17;265;
1082;Midtjylland;2022-12-17;161;
1081;Nordjylland;2022-12-17;61;
1085;Sjælland;2022-12-17;140;
1083;Syddanmark;2022-12-17;117;
1084;Hovedstaden;2022-12-18;295;
1082;Midtjylland;2022-12-18;148;
1081;Nordjylland;2022-12-18;85;
1085;Sjælland;2022-12-18;178;
1083;Syddanmark;2022-12-18;200;
1084;Hovedstaden;2022-12-19;416;
1082;Midtjylland;2022-12-19;359;
1081;Nordjylland;2022-12-19;162;
1085;Sjælland;2022-12-19;231;
1083;Syddanmark;2022-12-19;329;
1084;Hovedstaden;2022-12-20;431;
1082;Midtjylland;2022-12-20;341;
1081;Nordjylland;2022-12-20;185;
1085;Sjælland;2022-12-20;251;
1083;Syddanmark;2022-12-20;385;
1084;Hovedstaden;2022-12-21;527;
1082;Midtjylland;2022-12-21;316;
1081;Nordjylland;2022-12-21;172;
1085;Sjælland;2022-12-21;327;
1083;Syddanmark;2022-12-21;377;
1084;Hovedstaden;2022-12-22;576;
1082;Midtjylland;2022-12-22;394;
1081;Nordjylland;2022-12-22;172;
1085;Sjælland;2022-12-22;343;
1083;Syddanmark;2022-12-22;385;
1084;Hovedstaden;2022-12-23;457;
1082;Midtjylland;2022-12-23;311;
1081;Nordjylland;2022-12-23;152;
1085;Sjælland;2022-12-23;258;
1083;Syddanmark;2022-12-23;324;
1084;Hovedstaden;2022-12-24;233;
1082;Midtjylland;2022-12-24;58;
1081;Nordjylland;2022-12-24;43;
1085;Sjælland;2022-12-24;69;
1083;Syddanmark;2022-12-24;122;
1084;Hovedstaden;2022-12-25;188;
1082;Midtjylland;2022-12-25;113;
1081;Nordjylland;2022-12-25;52;
1085;Sjælland;2022-12-25;119;
1083;Syddanmark;2022-12-25;92;
1084;Hovedstaden;2022-12-26;287;
1082;Midtjylland;2022-12-26;109;
1081;Nordjylland;2022-12-26;64;
1085;Sjælland;2022-12-26;100;
1083;Syddanmark;2022-12-26;161;
1084;Hovedstaden;2022-12-27;315;
1082;Midtjylland;2022-12-27;326;
1081;Nordjylland;2022-12-27;130;
1085;Sjælland;2022-12-27;305;
1083;Syddanmark;2022-12-27;364;
1084;Hovedstaden;2022-12-28;342;
1082;Midtjylland;2022-12-28;291;
1081;Nordjylland;2022-12-28;117;
1085;Sjælland;2022-12-28;264;
1083;Syddanmark;2022-12-28;296;
1084;Hovedstaden;2022-12-29;330;
1082;Midtjylland;2022-12-29;317;
1081;Nordjylland;2022-12-29;109;
1085;Sjælland;2022-12-29;247;
1083;Syddanmark;2022-12-29;262;
1084;Hovedstaden;2022-12-30;273;
1082;Midtjylland;2022-12-30;256;
1081;Nordjylland;2022-12-30;110;
1085;Sjælland;2022-12-30;199;
1083;Syddanmark;2022-12-30;281;
1084;Hovedstaden;2022-12-31;175;
1082;Midtjylland;2022-12-31;84;
1081;Nordjylland;2022-12-31;41;
1085;Sjælland;2022-12-31;82;
1083;Syddanmark;2022-12-31;86;
1084;Hovedstaden;2023-01-01;146;
1082;Midtjylland;2023-01-01;73;
1081;Nordjylland;2023-01-01;42;
1085;Sjælland;2023-01-01;91;
1083;Syddanmark;2023-01-01;84;
1084;Hovedstaden;2023-01-02;218;
1082;Midtjylland;2023-01-02;267;
1081;Nordjylland;2023-01-02;131;
1085;Sjælland;2023-01-02;250;
1083;Syddanmark;2023-01-02;216;
1084;Hovedstaden;2023-01-03;236;
1082;Midtjylland;2023-01-03;214;
1081;Nordjylland;2023-01-03;93;
1085;Sjælland;2023-01-03;159;
1083;Syddanmark;2023-01-03;173;
1084;Hovedstaden;2023-01-04;226;
1082;Midtjylland;2023-01-04;173;
1081;Nordjylland;2023-01-04;79;
1085;Sjælland;2023-01-04;115;
1083;Syddanmark;2023-01-04;248;
1084;Hovedstaden;2023-01-05;149;
1082;Midtjylland;2023-01-05;146;
1081;Nordjylland;2023-01-05;55;
1085;Sjælland;2023-01-05;133;
1083;Syddanmark;2023-01-05;127;
1084;Hovedstaden;2023-01-06;143;
1082;Midtjylland;2023-01-06;110;
1081;Nordjylland;2023-01-06;60;
1085;Sjælland;2023-01-06;84;
1083;Syddanmark;2023-01-06;119;
1084;Hovedstaden;2023-01-07;85;
1082;Midtjylland;2023-01-07;68;
1081;Nordjylland;2023-01-07;29;
1085;Sjælland;2023-01-07;67;
1083;Syddanmark;2023-01-07;50;
1084;Hovedstaden;2023-01-08;88;
1082;Midtjylland;2023-01-08;62;
1081;Nordjylland;2023-01-08;26;
1085;Sjælland;2023-01-08;70;
1083;Syddanmark;2023-01-08;80;
1084;Hovedstaden;2023-01-09;124;
1082;Midtjylland;2023-01-09;111;
1081;Nordjylland;2023-01-09;59;
1085;Sjælland;2023-01-09;113;
1083;Syddanmark;2023-01-09;101;
1084;Hovedstaden;2023-01-10;90;
1082;Midtjylland;2023-01-10;80;
1081;Nordjylland;2023-01-10;29;
1085;Sjælland;2023-01-10;70;
1083;Syddanmark;2023-01-10;86;
1084;Hovedstaden;2023-01-11;77;
1082;Midtjylland;2023-01-11;65;
1081;Nordjylland;2023-01-11;35;
1085;Sjælland;2023-01-11;88;
1083;Syddanmark;2023-01-11;95;
1084;Hovedstaden;2023-01-12;58;
1082;Midtjylland;2023-01-12;83;
1081;Nordjylland;2023-01-12;26;
1085;Sjælland;2023-01-12;64;
1083;Syddanmark;2023-01-12;85;
1084;Hovedstaden;2023-01-13;62;
1082;Midtjylland;2023-01-13;56;
1081;Nordjylland;2023-01-13;27;
1085;Sjælland;2023-01-13;49;
1083;Syddanmark;2023-01-13;54;
1084;Hovedstaden;2023-01-14;36;
1082;Midtjylland;2023-01-14;36;
1081;Nordjylland;2023-01-14;13;
1085;Sjælland;2023-01-14;36;
1083;Syddanmark;2023-01-14;20;
1084;Hovedstaden;2023-01-15;38;
1082;Midtjylland;2023-01-15;33;
1081;Nordjylland;2023-01-15;13;
1085;Sjælland;2023-01-15;37;
1083;Syddanmark;2023-01-15;39;
1084;Hovedstaden;2023-01-16;88;
1082;Midtjylland;2023-01-16;48;
1081;Nordjylland;2023-01-16;29;
1085;Sjælland;2023-01-16;49;
1083;Syddanmark;2023-01-16;72;
1084;Hovedstaden;2023-01-17;46;
1082;Midtjylland;2023-01-17;43;
1081;Nordjylland;2023-01-17;17;
1085;Sjælland;2023-01-17;50;
1083;Syddanmark;2023-01-17;56;
1084;Hovedstaden;2023-01-18;51;
1082;Midtjylland;2023-01-18;34;
1081;Nordjylland;2023-01-18;21;
1085;Sjælland;2023-01-18;42;
1083;Syddanmark;2023-01-18;51;
1084;Hovedstaden;2023-01-19;49;
1082;Midtjylland;2023-01-19;41;
1081;Nordjylland;2023-01-19;8;
1085;Sjælland;2023-01-19;43;
1083;Syddanmark;2023-01-19;51;
1084;Hovedstaden;2023-01-20;43;
1082;Midtjylland;2023-01-20;30;
1081;Nordjylland;2023-01-20;15;
1085;Sjælland;2023-01-20;21;
1083;Syddanmark;2023-01-20;46;
1084;Hovedstaden;2023-01-21;29;
1082;Midtjylland;2023-01-21;24;
1081;Nordjylland;2023-01-21;13;
1085;Sjælland;2023-01-21;19;
1083;Syddanmark;2023-01-21;15;
1084;Hovedstaden;2023-01-22;41;
1082;Midtjylland;2023-01-22;30;
1081;Nordjylland;2023-01-22;6;
1085;Sjælland;2023-01-22;18;
1083;Syddanmark;2023-01-22;40;
1084;Hovedstaden;2023-01-23;40;
1082;Midtjylland;2023-01-23;33;
1081;Nordjylland;2023-01-23;15;
1085;Sjælland;2023-01-23;28;
1083;Syddanmark;2023-01-23;58;
1084;Hovedstaden;2023-01-24;36;
1082;Midtjylland;2023-01-24;38;
1081;Nordjylland;2023-01-24;14;
1085;Sjælland;2023-01-24;24;
1083;Syddanmark;2023-01-24;47;
1084;Hovedstaden;2023-01-25;52;
1082;Midtjylland;2023-01-25;33;
1081;Nordjylland;2023-01-25;12;
1085;Sjælland;2023-01-25;44;
1083;Syddanmark;2023-01-25;60;
1084;Hovedstaden;2023-01-26;42;
1082;Midtjylland;2023-01-26;42;
1081;Nordjylland;2023-01-26;7;
1085;Sjælland;2023-01-26;31;
1083;Syddanmark;2023-01-26;39;
1084;Hovedstaden;2023-01-27;21;
1082;Midtjylland;2023-01-27;42;
1081;Nordjylland;2023-01-27;14;
1085;Sjælland;2023-01-27;29;
1083;Syddanmark;2023-01-27;39;
1084;Hovedstaden;2023-01-28;20;
1082;Midtjylland;2023-01-28;28;
1081;Nordjylland;2023-01-28;8;
1085;Sjælland;2023-01-28;27;
1083;Syddanmark;2023-01-28;27;
1084;Hovedstaden;2023-01-29;30;
1082;Midtjylland;2023-01-29;31;
1081;Nordjylland;2023-01-29;4;
1085;Sjælland;2023-01-29;31;
1083;Syddanmark;2023-01-29;35;
1084;Hovedstaden;2023-01-30;48;
1082;Midtjylland;2023-01-30;53;
1081;Nordjylland;2023-01-30;10;
1085;Sjælland;2023-01-30;37;
1083;Syddanmark;2023-01-30;47;
1084;Hovedstaden;2023-01-31;35;
1082;Midtjylland;2023-01-31;45;
1081;Nordjylland;2023-01-31;15;
1085;Sjælland;2023-01-31;32;
1083;Syddanmark;2023-01-31;26;
1084;Hovedstaden;2023-02-01;42;
1082;Midtjylland;2023-02-01;34;
1081;Nordjylland;2023-02-01;11;
1085;Sjælland;2023-02-01;36;
1083;Syddanmark;2023-02-01;58;
1084;Hovedstaden;2023-02-02;34;
1082;Midtjylland;2023-02-02;34;
1081;Nordjylland;2023-02-02;24;
1085;Sjælland;2023-02-02;27;
1083;Syddanmark;2023-02-02;31;
1084;Hovedstaden;2023-02-03;35;
1082;Midtjylland;2023-02-03;38;
1081;Nordjylland;2023-02-03;11;
1085;Sjælland;2023-02-03;16;
1083;Syddanmark;2023-02-03;25;
1084;Hovedstaden;2023-02-04;35;
1082;Midtjylland;2023-02-04;15;
1081;Nordjylland;2023-02-04;10;
1085;Sjælland;2023-02-04;24;
1083;Syddanmark;2023-02-04;15;
1084;Hovedstaden;2023-02-05;16;
1082;Midtjylland;2023-02-05;21;
1081;Nordjylland;2023-02-05;4;
1085;Sjælland;2023-02-05;15;
1083;Syddanmark;2023-02-05;36;
1084;Hovedstaden;2023-02-06;32;
1082;Midtjylland;2023-02-06;41;
1081;Nordjylland;2023-02-06;14;
1085;Sjælland;2023-02-06;41;
1083;Syddanmark;2023-02-06;52;
1084;Hovedstaden;2023-02-07;45;
1082;Midtjylland;2023-02-07;35;
1081;Nordjylland;2023-02-07;17;
1085;Sjælland;2023-02-07;20;
1083;Syddanmark;2023-02-07;40;
1084;Hovedstaden;2023-02-08;40;
1082;Midtjylland;2023-02-08;44;
1081;Nordjylland;2023-02-08;5;
1085;Sjælland;2023-02-08;30;
1083;Syddanmark;2023-02-08;41;
1084;Hovedstaden;2023-02-09;27;
1082;Midtjylland;2023-02-09;25;
1081;Nordjylland;2023-02-09;18;
1085;Sjælland;2023-02-09;33;
1083;Syddanmark;2023-02-09;38;
1084;Hovedstaden;2023-02-10;33;
1082;Midtjylland;2023-02-10;39;
1081;Nordjylland;2023-02-10;9;
1085;Sjælland;2023-02-10;33;
1083;Syddanmark;2023-02-10;32;
1084;Hovedstaden;2023-02-11;35;
1082;Midtjylland;2023-02-11;18;
1081;Nordjylland;2023-02-11;7;
1085;Sjælland;2023-02-11;13;
1083;Syddanmark;2023-02-11;12;
1084;Hovedstaden;2023-02-12;30;
1082;Midtjylland;2023-02-12;18;
1081;Nordjylland;2023-02-12;3;
1085;Sjælland;2023-02-12;16;
1083;Syddanmark;2023-02-12;40;
1084;Hovedstaden;2023-02-13;48;
1082;Midtjylland;2023-02-13;26;
1081;Nordjylland;2023-02-13;11;
1085;Sjælland;2023-02-13;32;
1083;Syddanmark;2023-02-13;42;
1084;Hovedstaden;2023-02-14;42;
1082;Midtjylland;2023-02-14;30;
1081;Nordjylland;2023-02-14;9;
1085;Sjælland;2023-02-14;46;
1083;Syddanmark;2023-02-14;22;
1084;Hovedstaden;2023-02-15;28;
1082;Midtjylland;2023-02-15;17;
1081;Nordjylland;2023-02-15;16;
1085;Sjælland;2023-02-15;21;
1083;Syddanmark;2023-02-15;38;
1084;Hovedstaden;2023-02-16;43;
1082;Midtjylland;2023-02-16;17;
1081;Nordjylland;2023-02-16;9;
1085;Sjælland;2023-02-16;25;
1083;Syddanmark;2023-02-16;31;
1084;Hovedstaden;2023-02-17;36;
1082;Midtjylland;2023-02-17;22;
1081;Nordjylland;2023-02-17;14;
1085;Sjælland;2023-02-17;21;
1083;Syddanmark;2023-02-17;25;
1084;Hovedstaden;2023-02-18;33;
1082;Midtjylland;2023-02-18;14;
1081;Nordjylland;2023-02-18;8;
1085;Sjælland;2023-02-18;17;
1083;Syddanmark;2023-02-18;10;
1084;Hovedstaden;2023-02-19;43;
1082;Midtjylland;2023-02-19;16;
1081;Nordjylland;2023-02-19;7;
1085;Sjælland;2023-02-19;15;
1083;Syddanmark;2023-02-19;22;
1084;Hovedstaden;2023-02-20;63;
1082;Midtjylland;2023-02-20;25;
1081;Nordjylland;2023-02-20;15;
1085;Sjælland;2023-02-20;25;
1083;Syddanmark;2023-02-20;44;
1084;Hovedstaden;2023-02-21;50;
1082;Midtjylland;2023-02-21;19;
1081;Nordjylland;2023-02-21;9;
1085;Sjælland;2023-02-21;19;
1083;Syddanmark;2023-02-21;15;
1084;Hovedstaden;2023-02-22;45;
1082;Midtjylland;2023-02-22;18;
1081;Nordjylland;2023-02-22;10;
1085;Sjælland;2023-02-22;37;
1083;Syddanmark;2023-02-22;40;
1084;Hovedstaden;2023-02-23;45;
1082;Midtjylland;2023-02-23;17;
1081;Nordjylland;2023-02-23;7;
1085;Sjælland;2023-02-23;11;
1083;Syddanmark;2023-02-23;29;
1084;Hovedstaden;2023-02-24;28;
1082;Midtjylland;2023-02-24;29;
1081;Nordjylland;2023-02-24;10;
1085;Sjælland;2023-02-24;21;
1083;Syddanmark;2023-02-24;23;
1084;Hovedstaden;2023-02-25;31;
1082;Midtjylland;2023-02-25;10;
1081;Nordjylland;2023-02-25;2;
1085;Sjælland;2023-02-25;18;
1083;Syddanmark;2023-02-25;8;
1084;Hovedstaden;2023-02-26;32;
1082;Midtjylland;2023-02-26;10;
1081;Nordjylland;2023-02-26;6;
1085;Sjælland;2023-02-26;14;
1083;Syddanmark;2023-02-26;14;
1084;Hovedstaden;2023-02-27;49;
1082;Midtjylland;2023-02-27;21;
1081;Nordjylland;2023-02-27;16;
1085;Sjælland;2023-02-27;24;
1083;Syddanmark;2023-02-27;31;
1084;Hovedstaden;2023-02-28;42;
1082;Midtjylland;2023-02-28;23;
1081;Nordjylland;2023-02-28;10;
1085;Sjælland;2023-02-28;23;
1083;Syddanmark;2023-02-28;30;
1084;Hovedstaden;2023-03-01;26;
1082;Midtjylland;2023-03-01;21;
1081;Nordjylland;2023-03-01;16;
1085;Sjælland;2023-03-01;24;
1083;Syddanmark;2023-03-01;17;
1084;Hovedstaden;2023-03-02;30;
1082;Midtjylland;2023-03-02;35;
1081;Nordjylland;2023-03-02;3;
1085;Sjælland;2023-03-02;17;
1083;Syddanmark;2023-03-02;24;
1084;Hovedstaden;2023-03-03;33;
1082;Midtjylland;2023-03-03;26;
1081;Nordjylland;2023-03-03;14;
1085;Sjælland;2023-03-03;26;
1083;Syddanmark;2023-03-03;20;
1084;Hovedstaden;2023-03-04;19;
1082;Midtjylland;2023-03-04;6;
1081;Nordjylland;2023-03-04;6;
1085;Sjælland;2023-03-04;19;
1083;Syddanmark;2023-03-04;12;
1084;Hovedstaden;2023-03-05;37;
1082;Midtjylland;2023-03-05;13;
1081;Nordjylland;2023-03-05;5;
1085;Sjælland;2023-03-05;24;
1083;Syddanmark;2023-03-05;19;
1084;Hovedstaden;2023-03-06;44;
1082;Midtjylland;2023-03-06;27;
1081;Nordjylland;2023-03-06;18;
1085;Sjælland;2023-03-06;29;
1083;Syddanmark;2023-03-06;29;
1084;Hovedstaden;2023-03-07;47;
1082;Midtjylland;2023-03-07;30;
1081;Nordjylland;2023-03-07;3;
1085;Sjælland;2023-03-07;25;
1083;Syddanmark;2023-03-07;29;
1084;Hovedstaden;2023-03-08;44;
1082;Midtjylland;2023-03-08;29;
1081;Nordjylland;2023-03-08;13;
1085;Sjælland;2023-03-08;29;
1083;Syddanmark;2023-03-08;28;
1084;Hovedstaden;2023-03-09;47;
1082;Midtjylland;2023-03-09;28;
1081;Nordjylland;2023-03-09;13;
1085;Sjælland;2023-03-09;17;
1083;Syddanmark;2023-03-09;25;
1084;Hovedstaden;2023-03-10;47;
1082;Midtjylland;2023-03-10;34;
1081;Nordjylland;2023-03-10;7;
1085;Sjælland;2023-03-10;17;
1083;Syddanmark;2023-03-10;26;
1084;Hovedstaden;2023-03-11;36;
1082;Midtjylland;2023-03-11;18;
1081;Nordjylland;2023-03-11;8;
1085;Sjælland;2023-03-11;28;
1083;Syddanmark;2023-03-11;16;
1084;Hovedstaden;2023-03-12;34;
1082;Midtjylland;2023-03-12;10;
1081;Nordjylland;2023-03-12;5;
1085;Sjælland;2023-03-12;22;
1083;Syddanmark;2023-03-12;22;
1084;Hovedstaden;2023-03-13;57;
1082;Midtjylland;2023-03-13;42;
1081;Nordjylland;2023-03-13;23;
1085;Sjælland;2023-03-13;43;
1083;Syddanmark;2023-03-13;35;
1084;Hovedstaden;2023-03-14;75;
1082;Midtjylland;2023-03-14;44;
1081;Nordjylland;2023-03-14;12;
1085;Sjælland;2023-03-14;36;
1083;Syddanmark;2023-03-14;38;
1084;Hovedstaden;2023-03-15;88;
1082;Midtjylland;2023-03-15;37;
1081;Nordjylland;2023-03-15;15;
1085;Sjælland;2023-03-15;60;
1083;Syddanmark;2023-03-15;47;
1084;Hovedstaden;2023-03-16;65;
1082;Midtjylland;2023-03-16;48;
1081;Nordjylland;2023-03-16;11;
1085;Sjælland;2023-03-16;34;
1083;Syddanmark;2023-03-16;41;
1084;Hovedstaden;2023-03-17;68;
1082;Midtjylland;2023-03-17;31;
1081;Nordjylland;2023-03-17;18;
1085;Sjælland;2023-03-17;37;
1083;Syddanmark;2023-03-17;47;
1084;Hovedstaden;2023-03-18;56;
1082;Midtjylland;2023-03-18;31;
1081;Nordjylland;2023-03-18;14;
1085;Sjælland;2023-03-18;26;
1083;Syddanmark;2023-03-18;13;
1084;Hovedstaden;2023-03-19;49;
1082;Midtjylland;2023-03-19;22;
1081;Nordjylland;2023-03-19;10;
1085;Sjælland;2023-03-19;32;
1083;Syddanmark;2023-03-19;34;
1084;Hovedstaden;2023-03-20;84;
1082;Midtjylland;2023-03-20;55;
1081;Nordjylland;2023-03-20;20;
1085;Sjælland;2023-03-20;60;
1083;Syddanmark;2023-03-20;51;
1084;Hovedstaden;2023-03-21;94;
1082;Midtjylland;2023-03-21;50;
1081;Nordjylland;2023-03-21;30;
1085;Sjælland;2023-03-21;55;
1083;Syddanmark;2023-03-21;48;
1084;Hovedstaden;2023-03-22;84;
1082;Midtjylland;2023-03-22;58;
1081;Nordjylland;2023-03-22;14;
1085;Sjælland;2023-03-22;55;
1083;Syddanmark;2023-03-22;76;
1084;Hovedstaden;2023-03-23;84;
1082;Midtjylland;2023-03-23;55;
1081;Nordjylland;2023-03-23;13;
1085;Sjælland;2023-03-23;39;
1083;Syddanmark;2023-03-23;38;
1084;Hovedstaden;2023-03-24;80;
1082;Midtjylland;2023-03-24;51;
1081;Nordjylland;2023-03-24;27;
1085;Sjælland;2023-03-24;29;
1083;Syddanmark;2023-03-24;46;
1084;Hovedstaden;2023-03-25;47;
1082;Midtjylland;2023-03-25;35;
1081;Nordjylland;2023-03-25;8;
1085;Sjælland;2023-03-25;40;
1083;Syddanmark;2023-03-25;26;
1084;Hovedstaden;2023-03-26;54;
1082;Midtjylland;2023-03-26;25;
1081;Nordjylland;2023-03-26;7;
1085;Sjælland;2023-03-26;26;
1083;Syddanmark;2023-03-26;25;
1084;Hovedstaden;2023-03-27;79;
1082;Midtjylland;2023-03-27;53;
1081;Nordjylland;2023-03-27;31;
1085;Sjælland;2023-03-27;55;
1083;Syddanmark;2023-03-27;58;
1084;Hovedstaden;2023-03-28;73;
1082;Midtjylland;2023-03-28;26;
1081;Nordjylland;2023-03-28;17;
1085;Sjælland;2023-03-28;55;
1083;Syddanmark;2023-03-28;46;
1084;Hovedstaden;2023-03-29;65;
1082;Midtjylland;2023-03-29;32;
1081;Nordjylland;2023-03-29;18;
1085;Sjælland;2023-03-29;48;
1083;Syddanmark;2023-03-29;41;
1084;Hovedstaden;2023-03-30;60;
1082;Midtjylland;2023-03-30;32;
1081;Nordjylland;2023-03-30;12;
1085;Sjælland;2023-03-30;36;
1083;Syddanmark;2023-03-30;41;
1084;Hovedstaden;2023-03-31;69;
1082;Midtjylland;2023-03-31;30;
1081;Nordjylland;2023-03-31;24;
1085;Sjælland;2023-03-31;34;
1083;Syddanmark;2023-03-31;34;
1084;Hovedstaden;2023-04-01;36;
1082;Midtjylland;2023-04-01;7;
1081;Nordjylland;2023-04-01;9;
1085;Sjælland;2023-04-01;15;
1083;Syddanmark;2023-04-01;20;
1084;Hovedstaden;2023-04-02;32;
1082;Midtjylland;2023-04-02;10;
1081;Nordjylland;2023-04-02;9;
1085;Sjælland;2023-04-02;8;
1083;Syddanmark;2023-04-02;20;
1084;Hovedstaden;2023-04-03;58;
1082;Midtjylland;2023-04-03;20;
1081;Nordjylland;2023-04-03;17;
1085;Sjælland;2023-04-03;27;
1083;Syddanmark;2023-04-03;32;
1084;Hovedstaden;2023-04-04;45;
1082;Midtjylland;2023-04-04;18;
1081;Nordjylland;2023-04-04;15;
1085;Sjælland;2023-04-04;21;
1083;Syddanmark;2023-04-04;26;
1084;Hovedstaden;2023-04-05;44;
1082;Midtjylland;2023-04-05;11;
1081;Nordjylland;2023-04-05;13;
1085;Sjælland;2023-04-05;15;
1083;Syddanmark;2023-04-05;35;
1084;Hovedstaden;2023-04-06;39;
1082;Midtjylland;2023-04-06;7;
1081;Nordjylland;2023-04-06;10;
1085;Sjælland;2023-04-06;15;
1083;Syddanmark;2023-04-06;12;
1084;Hovedstaden;2023-04-07;42;
1082;Midtjylland;2023-04-07;17;
1081;Nordjylland;2023-04-07;3;
1085;Sjælland;2023-04-07;12;
1083;Syddanmark;2023-04-07;14;
1084;Hovedstaden;2023-04-08;29;
1082;Midtjylland;2023-04-08;21;
1081;Nordjylland;2023-04-08;6;
1085;Sjælland;2023-04-08;10;
1083;Syddanmark;2023-04-08;17;
1084;Hovedstaden;2023-04-09;34;
1082;Midtjylland;2023-04-09;20;
1081;Nordjylland;2023-04-09;10;
1085;Sjælland;2023-04-09;12;
1083;Syddanmark;2023-04-09;17;
1084;Hovedstaden;2023-04-10;34;
1082;Midtjylland;2023-04-10;19;
1081;Nordjylland;2023-04-10;6;
1085;Sjælland;2023-04-10;14;
1083;Syddanmark;2023-04-10;23;
1084;Hovedstaden;2023-04-11;62;
1082;Midtjylland;2023-04-11;21;
1081;Nordjylland;2023-04-11;12;
1085;Sjælland;2023-04-11;30;
1083;Syddanmark;2023-04-11;32;
1084;Hovedstaden;2023-04-12;67;
1082;Midtjylland;2023-04-12;19;
1081;Nordjylland;2023-04-12;10;
1085;Sjælland;2023-04-12;31;
1083;Syddanmark;2023-04-12;31;
1084;Hovedstaden;2023-04-13;53;
1082;Midtjylland;2023-04-13;16;
1081;Nordjylland;2023-04-13;9;
1085;Sjælland;2023-04-13;23;
1083;Syddanmark;2023-04-13;50;
1084;Hovedstaden;2023-04-14;45;
1082;Midtjylland;2023-04-14;15;
1081;Nordjylland;2023-04-14;12;
1085;Sjælland;2023-04-14;19;
1083;Syddanmark;2023-04-14;30;
1084;Hovedstaden;2023-04-15;27;
1082;Midtjylland;2023-04-15;15;
1081;Nordjylland;2023-04-15;6;
1085;Sjælland;2023-04-15;3;
1083;Syddanmark;2023-04-15;17;
1084;Hovedstaden;2023-04-16;17;
1082;Midtjylland;2023-04-16;14;
1081;Nordjylland;2023-04-16;9;
1085;Sjælland;2023-04-16;8;
1083;Syddanmark;2023-04-16;14;
1084;Hovedstaden;2023-04-17;49;
1082;Midtjylland;2023-04-17;19;
1081;Nordjylland;2023-04-17;8;
1085;Sjælland;2023-04-17;14;
1083;Syddanmark;2023-04-17;30;
1084;Hovedstaden;2023-04-18;41;
1082;Midtjylland;2023-04-18;15;
1081;Nordjylland;2023-04-18;11;
1085;Sjælland;2023-04-18;21;
1083;Syddanmark;2023-04-18;12;
1084;Hovedstaden;2023-04-19;49;
1082;Midtjylland;2023-04-19;11;
1081;Nordjylland;2023-04-19;12;
1085;Sjælland;2023-04-19;18;
1083;Syddanmark;2023-04-19;28;
1084;Hovedstaden;2023-04-20;50;
1082;Midtjylland;2023-04-20;10;
1081;Nordjylland;2023-04-20;14;
1085;Sjælland;2023-04-20;23;
1083;Syddanmark;2023-04-20;15;
1084;Hovedstaden;2023-04-21;33;
1082;Midtjylland;2023-04-21;19;
1081;Nordjylland;2023-04-21;8;
1085;Sjælland;2023-04-21;18;
1083;Syddanmark;2023-04-21;14;
1084;Hovedstaden;2023-04-22;21;
1082;Midtjylland;2023-04-22;15;
1081;Nordjylland;2023-04-22;6;
1085;Sjælland;2023-04-22;15;
1083;Syddanmark;2023-04-22;5;
1084;Hovedstaden;2023-04-23;26;
1082;Midtjylland;2023-04-23;8;
1081;Nordjylland;2023-04-23;9;
1085;Sjælland;2023-04-23;12;
1083;Syddanmark;2023-04-23;17;
1084;Hovedstaden;2023-04-24;37;
1082;Midtjylland;2023-04-24;16;
1081;Nordjylland;2023-04-24;10;
1085;Sjælland;2023-04-24;23;
1083;Syddanmark;2023-04-24;17;
1084;Hovedstaden;2023-04-25;41;
1082;Midtjylland;2023-04-25;12;
1081;Nordjylland;2023-04-25;13;
1085;Sjælland;2023-04-25;18;
1083;Syddanmark;2023-04-25;17;
1084;Hovedstaden;2023-04-26;30;
1082;Midtjylland;2023-04-26;12;
1081;Nordjylland;2023-04-26;7;
1085;Sjælland;2023-04-26;18;
1083;Syddanmark;2023-04-26;16;
1084;Hovedstaden;2023-04-27;46;
1082;Midtjylland;2023-04-27;8;
1081;Nordjylland;2023-04-27;9;
1085;Sjælland;2023-04-27;13;
1083;Syddanmark;2023-04-27;14;
1084;Hovedstaden;2023-04-28;25;
1082;Midtjylland;2023-04-28;14;
1081;Nordjylland;2023-04-28;12;
1085;Sjælland;2023-04-28;9;
1083;Syddanmark;2023-04-28;10;
1084;Hovedstaden;2023-04-29;15;
1082;Midtjylland;2023-04-29;6;
1081;Nordjylland;2023-04-29;7;
1085;Sjælland;2023-04-29;9;
1083;Syddanmark;2023-04-29;10;
1084;Hovedstaden;2023-04-30;20;
1082;Midtjylland;2023-04-30;6;
1081;Nordjylland;2023-04-30;5;
1085;Sjælland;2023-04-30;8;
1083;Syddanmark;2023-04-30;11;
1084;Hovedstaden;2023-05-01;33;
1082;Midtjylland;2023-05-01;15;
1081;Nordjylland;2023-05-01;12;
1085;Sjælland;2023-05-01;18;
1083;Syddanmark;2023-05-01;33;
1084;Hovedstaden;2023-05-02;44;
1082;Midtjylland;2023-05-02;10;
1081;Nordjylland;2023-05-02;9;
1085;Sjælland;2023-05-02;13;
1083;Syddanmark;2023-05-02;23;
1084;Hovedstaden;2023-05-03;38;
1082;Midtjylland;2023-05-03;12;
1081;Nordjylland;2023-05-03;6;
1085;Sjælland;2023-05-03;15;
1083;Syddanmark;2023-05-03;18;
1084;Hovedstaden;2023-05-04;21;
1082;Midtjylland;2023-05-04;12;
1081;Nordjylland;2023-05-04;4;
1085;Sjælland;2023-05-04;16;
1083;Syddanmark;2023-05-04;19;
1084;Hovedstaden;2023-05-05;20;
1082;Midtjylland;2023-05-05;7;
1081;Nordjylland;2023-05-05;6;
1085;Sjælland;2023-05-05;8;
1083;Syddanmark;2023-05-05;5;
1084;Hovedstaden;2023-05-06;26;
1082;Midtjylland;2023-05-06;9;
1081;Nordjylland;2023-05-06;5;
1085;Sjælland;2023-05-06;7;
1083;Syddanmark;2023-05-06;10;
1084;Hovedstaden;2023-05-07;24;
1082;Midtjylland;2023-05-07;13;
1081;Nordjylland;2023-05-07;4;
1085;Sjælland;2023-05-07;6;
1083;Syddanmark;2023-05-07;12;
1084;Hovedstaden;2023-05-08;47;
1082;Midtjylland;2023-05-08;13;
1081;Nordjylland;2023-05-08;11;
1085;Sjælland;2023-05-08;18;
1083;Syddanmark;2023-05-08;23;
1084;Hovedstaden;2023-05-09;53;
1082;Midtjylland;2023-05-09;11;
1081;Nordjylland;2023-05-09;6;
1085;Sjælland;2023-05-09;23;
1083;Syddanmark;2023-05-09;19;
1084;Hovedstaden;2023-05-10;29;
1082;Midtjylland;2023-05-10;16;
1081;Nordjylland;2023-05-10;9;
1085;Sjælland;2023-05-10;19;
1083;Syddanmark;2023-05-10;28;
1084;Hovedstaden;2023-05-11;40;
1082;Midtjylland;2023-05-11;11;
1081;Nordjylland;2023-05-11;6;
1085;Sjælland;2023-05-11;14;
1083;Syddanmark;2023-05-11;15;
1084;Hovedstaden;2023-05-12;27;
1082;Midtjylland;2023-05-12;9;
1081;Nordjylland;2023-05-12;3;
1085;Sjælland;2023-05-12;12;
1083;Syddanmark;2023-05-12;15;
1084;Hovedstaden;2023-05-13;17;
1082;Midtjylland;2023-05-13;6;
1081;Nordjylland;2023-05-13;2;
1085;Sjælland;2023-05-13;5;
1083;Syddanmark;2023-05-13;9;
1084;Hovedstaden;2023-05-14;15;
1082;Midtjylland;2023-05-14;5;
1081;Nordjylland;2023-05-14;8;
1085;Sjælland;2023-05-14;3;
1083;Syddanmark;2023-05-14;16;
1084;Hovedstaden;2023-05-15;31;
1082;Midtjylland;2023-05-15;16;
1081;Nordjylland;2023-05-15;6;
1085;Sjælland;2023-05-15;14;
1083;Syddanmark;2023-05-15;23;
1084;Hovedstaden;2023-05-16;29;
1082;Midtjylland;2023-05-16;6;
1081;Nordjylland;2023-05-16;7;
1085;Sjælland;2023-05-16;15;
1083;Syddanmark;2023-05-16;14;
1084;Hovedstaden;2023-05-17;17;
1082;Midtjylland;2023-05-17;9;
1081;Nordjylland;2023-05-17;1;
1085;Sjælland;2023-05-17;9;
1083;Syddanmark;2023-05-17;9;
1084;Hovedstaden;2023-05-18;10;
1082;Midtjylland;2023-05-18;5;
1081;Nordjylland;2023-05-18;3;
1085;Sjælland;2023-05-18;8;
1083;Syddanmark;2023-05-18;9;
1084;Hovedstaden;2023-05-19;27;
1082;Midtjylland;2023-05-19;4;
1081;Nordjylland;2023-05-19;6;
1085;Sjælland;2023-05-19;3;
1083;Syddanmark;2023-05-19;7;
1084;Hovedstaden;2023-05-20;14;
1082;Midtjylland;2023-05-20;6;
1081;Nordjylland;2023-05-20;1;
1085;Sjælland;2023-05-20;7;
1083;Syddanmark;2023-05-20;9;
1084;Hovedstaden;2023-05-21;12;
1082;Midtjylland;2023-05-21;8;
1081;Nordjylland;2023-05-21;4;
1085;Sjælland;2023-05-21;7;
1083;Syddanmark;2023-05-21;10;
1084;Hovedstaden;2023-05-22;31;
1082;Midtjylland;2023-05-22;9;
1081;Nordjylland;2023-05-22;4;
1085;Sjælland;2023-05-22;5;
1083;Syddanmark;2023-05-22;8;
1084;Hovedstaden;2023-05-23;20;
1082;Midtjylland;2023-05-23;8;
1081;Nordjylland;2023-05-23;3;
1085;Sjælland;2023-05-23;16;
1083;Syddanmark;2023-05-23;15;
1084;Hovedstaden;2023-05-24;12;
1082;Midtjylland;2023-05-24;8;
1081;Nordjylland;2023-05-24;7;
1085;Sjælland;2023-05-24;7;
1083;Syddanmark;2023-05-24;13;
1084;Hovedstaden;2023-05-25;24;
1082;Midtjylland;2023-05-25;8;
1081;Nordjylland;2023-05-25;2;
1085;Sjælland;2023-05-25;10;
1083;Syddanmark;2023-05-25;10;
1084;Hovedstaden;2023-05-26;17;
1082;Midtjylland;2023-05-26;6;
1081;Nordjylland;2023-05-26;4;
1085;Sjælland;2023-05-26;7;
1083;Syddanmark;2023-05-26;5;
1084;Hovedstaden;2023-05-27;8;
1082;Midtjylland;2023-05-27;1;
1081;Nordjylland;2023-05-27;3;
1085;Sjælland;2023-05-27;4;
1083;Syddanmark;2023-05-27;4;
1084;Hovedstaden;2023-05-28;3;
1082;Midtjylland;2023-05-28;4;
1081;Nordjylland;2023-05-28;7;
1085;Sjælland;2023-05-28;5;
1083;Syddanmark;2023-05-28;3;
1084;Hovedstaden;2023-05-29;4;
1082;Midtjylland;2023-05-29;6;
1081;Nordjylland;2023-05-29;3;
1085;Sjælland;2023-05-29;4;
1083;Syddanmark;2023-05-29;6;
1084;Hovedstaden;2023-05-30;12;
1082;Midtjylland;2023-05-30;5;
1081;Nordjylland;2023-05-30;3;
1085;Sjælland;2023-05-30;8;
1083;Syddanmark;2023-05-30;9;
1084;Hovedstaden;2023-05-31;13;
1082;Midtjylland;2023-05-31;3;
1081;Nordjylland;2023-05-31;3;
1085;Sjælland;2023-05-31;5;
1083;Syddanmark;2023-05-31;9;
1084;Hovedstaden;2023-06-01;13;
1082;Midtjylland;2023-06-01;5;
1081;Nordjylland;2023-06-01;2;
1085;Sjælland;2023-06-01;3;
1083;Syddanmark;2023-06-01;2;
1084;Hovedstaden;2023-06-02;7;
1082;Midtjylland;2023-06-02;3;
1081;Nordjylland;2023-06-02;4;
1085;Sjælland;2023-06-02;5;
1083;Syddanmark;2023-06-02;8;
1084;Hovedstaden;2023-06-03;7;
1082;Midtjylland;2023-06-03;5;
1081;Nordjylland;2023-06-03;2;
1085;Sjælland;2023-06-03;4;
1083;Syddanmark;2023-06-03;2;
1084;Hovedstaden;2023-06-04;4;
1082;Midtjylland;2023-06-04;1;
1081;Nordjylland;2023-06-04;2;
1085;Sjælland;2023-06-04;2;
1083;Syddanmark;2023-06-04;5;
1084;Hovedstaden;2023-06-05;6;
1082;Midtjylland;2023-06-05;3;
1085;Sjælland;2023-06-05;5;
1083;Syddanmark;2023-06-05;4;
1084;Hovedstaden;2023-06-06;15;
1082;Midtjylland;2023-06-06;1;
1081;Nordjylland;2023-06-06;5;
1085;Sjælland;2023-06-06;7;
1083;Syddanmark;2023-06-06;10;
1084;Hovedstaden;2023-06-07;6;
1082;Midtjylland;2023-06-07;3;
1081;Nordjylland;2023-06-07;1;
1085;Sjælland;2023-06-07;3;
1083;Syddanmark;2023-06-07;11;
1084;Hovedstaden;2023-06-08;12;
1082;Midtjylland;2023-06-08;3;
1081;Nordjylland;2023-06-08;3;
1085;Sjælland;2023-06-08;5;
1083;Syddanmark;2023-06-08;7;
1084;Hovedstaden;2023-06-09;10;
1082;Midtjylland;2023-06-09;3;
1081;Nordjylland;2023-06-09;2;
1085;Sjælland;2023-06-09;2;
1084;Hovedstaden;2023-06-10;7;
1082;Midtjylland;2023-06-10;2;
1085;Sjælland;2023-06-10;3;
1083;Syddanmark;2023-06-10;5;
1084;Hovedstaden;2023-06-11;8;
1082;Midtjylland;2023-06-11;3;
1081;Nordjylland;2023-06-11;2;
1085;Sjælland;2023-06-11;3;
1083;Syddanmark;2023-06-11;2;
1084;Hovedstaden;2023-06-12;13;
1082;Midtjylland;2023-06-12;6;
1081;Nordjylland;2023-06-12;2;
1085;Sjælland;2023-06-12;6;
1083;Syddanmark;2023-06-12;12;
1084;Hovedstaden;2023-06-13;5;
1082;Midtjylland;2023-06-13;1;
1085;Sjælland;2023-06-13;3;
1083;Syddanmark;2023-06-13;3;
1084;Hovedstaden;2023-06-14;10;
1082;Midtjylland;2023-06-14;1;
1081;Nordjylland;2023-06-14;1;
1085;Sjælland;2023-06-14;4;
1083;Syddanmark;2023-06-14;3;
1084;Hovedstaden;2023-06-15;12;
1081;Nordjylland;2023-06-15;2;
1085;Sjælland;2023-06-15;2;
1083;Syddanmark;2023-06-15;7;
1084;Hovedstaden;2023-06-16;10;
1082;Midtjylland;2023-06-16;1;
1081;Nordjylland;2023-06-16;1;
1085;Sjælland;2023-06-16;4;
1083;Syddanmark;2023-06-16;2;
1084;Hovedstaden;2023-06-17;4;
1082;Midtjylland;2023-06-17;1;
1083;Syddanmark;2023-06-17;4;
1084;Hovedstaden;2023-06-18;3;
1085;Sjælland;2023-06-18;1;
1084;Hovedstaden;2023-06-19;10;
1082;Midtjylland;2023-06-19;3;
1081;Nordjylland;2023-06-19;2;
1085;Sjælland;2023-06-19;8;
1083;Syddanmark;2023-06-19;3;
1084;Hovedstaden;2023-06-20;5;
1082;Midtjylland;2023-06-20;3;
1081;Nordjylland;2023-06-20;1;
1085;Sjælland;2023-06-20;6;
1083;Syddanmark;2023-06-20;3;
1084;Hovedstaden;2023-06-21;5;
1082;Midtjylland;2023-06-21;2;
1081;Nordjylland;2023-06-21;2;
1083;Syddanmark;2023-06-21;2;
1084;Hovedstaden;2023-06-22;5;
1082;Midtjylland;2023-06-22;2;
1085;Sjælland;2023-06-22;2;
1083;Syddanmark;2023-06-22;3;
1084;Hovedstaden;2023-06-23;3;
1082;Midtjylland;2023-06-23;2;
1081;Nordjylland;2023-06-23;2;
1085;Sjælland;2023-06-23;2;
1083;Syddanmark;2023-06-23;6;
1084;Hovedstaden;2023-06-24;1;
1082;Midtjylland;2023-06-24;3;
1081;Nordjylland;2023-06-24;2;
1085;Sjælland;2023-06-24;1;
1084;Hovedstaden;2023-06-25;4;
1082;Midtjylland;2023-06-25;1;
1085;Sjælland;2023-06-25;2;
1083;Syddanmark;2023-06-25;1;
1084;Hovedstaden;2023-06-26;6;
1082;Midtjylland;2023-06-26;1;
1081;Nordjylland;2023-06-26;1;
1083;Syddanmark;2023-06-26;4;
1084;Hovedstaden;2023-06-27;7;
1082;Midtjylland;2023-06-27;1;
1081;Nordjylland;2023-06-27;2;
1085;Sjælland;2023-06-27;2;
1083;Syddanmark;2023-06-27;2;
1084;Hovedstaden;2023-06-28;2;
1085;Sjælland;2023-06-28;2;
1083;Syddanmark;2023-06-28;1;
1084;Hovedstaden;2023-06-29;5;
1081;Nordjylland;2023-06-29;2;
1082;Midtjylland;2023-06-30;2;
1081;Nordjylland;2023-06-30;1;
1085;Sjælland;2023-06-30;6;
1083;Syddanmark;2023-06-30;1;
1084;Hovedstaden;2023-07-01;4;
1082;Midtjylland;2023-07-01;2;
1085;Sjælland;2023-07-01;1;
1083;Syddanmark;2023-07-01;1;
1082;Midtjylland;2023-07-02;1;
1085;Sjælland;2023-07-02;1;
1084;Hovedstaden;2023-07-03;6;
1082;Midtjylland;2023-07-03;3;
1081;Nordjylland;2023-07-03;1;
1085;Sjælland;2023-07-03;5;
1083;Syddanmark;2023-07-03;1;
1084;Hovedstaden;2023-07-04;7;
1082;Midtjylland;2023-07-04;1;
1081;Nordjylland;2023-07-04;2;
1085;Sjælland;2023-07-04;5;
1083;Syddanmark;2023-07-04;4;
1084;Hovedstaden;2023-07-05;5;
1081;Nordjylland;2023-07-05;2;
1085;Sjælland;2023-07-05;4;
1083;Syddanmark;2023-07-05;2;
1084;Hovedstaden;2023-07-06;5;
1082;Midtjylland;2023-07-06;1;
1081;Nordjylland;2023-07-06;1;
1083;Syddanmark;2023-07-06;3;
1084;Hovedstaden;2023-07-07;3;
1082;Midtjylland;2023-07-07;2;
1081;Nordjylland;2023-07-07;1;
1085;Sjælland;2023-07-07;2;
1083;Syddanmark;2023-07-07;6;
1084;Hovedstaden;2023-07-08;4;
1082;Midtjylland;2023-07-08;2;
1083;Syddanmark;2023-07-08;1;
1084;Hovedstaden;2023-07-09;4;
1085;Sjælland;2023-07-09;2;
1084;Hovedstaden;2023-07-10;5;
1082;Midtjylland;2023-07-10;3;
1085;Sjælland;2023-07-10;1;
1083;Syddanmark;2023-07-10;5;
1084;Hovedstaden;2023-07-11;11;
1082;Midtjylland;2023-07-11;2;
1081;Nordjylland;2023-07-11;1;
1085;Sjælland;2023-07-11;3;
1083;Syddanmark;2023-07-11;3;
1084;Hovedstaden;2023-07-12;4;
1082;Midtjylland;2023-07-12;1;
1081;Nordjylland;2023-07-12;2;
1085;Sjælland;2023-07-12;2;
1083;Syddanmark;2023-07-12;4;
1084;Hovedstaden;2023-07-13;10;
1082;Midtjylland;2023-07-13;2;
1081;Nordjylland;2023-07-13;4;
1085;Sjælland;2023-07-13;2;
1083;Syddanmark;2023-07-13;3;
1084;Hovedstaden;2023-07-14;4;
1081;Nordjylland;2023-07-14;3;
1085;Sjælland;2023-07-14;2;
1084;Hovedstaden;2023-07-15;3;
1082;Midtjylland;2023-07-15;1;
1081;Nordjylland;2023-07-15;1;
1083;Syddanmark;2023-07-15;2;
1084;Hovedstaden;2023-07-16;4;
1081;Nordjylland;2023-07-16;1;
1085;Sjælland;2023-07-16;1;
1083;Syddanmark;2023-07-16;1;
1084;Hovedstaden;2023-07-17;6;
1082;Midtjylland;2023-07-17;1;
1081;Nordjylland;2023-07-17;4;
1083;Syddanmark;2023-07-17;1;
1084;Hovedstaden;2023-07-18;4;
1082;Midtjylland;2023-07-18;2;
1081;Nordjylland;2023-07-18;1;
1085;Sjælland;2023-07-18;2;
1083;Syddanmark;2023-07-18;3;
1084;Hovedstaden;2023-07-19;5;
1085;Sjælland;2023-07-19;1;
1083;Syddanmark;2023-07-19;1;
1084;Hovedstaden;2023-07-20;3;
1082;Midtjylland;2023-07-20;1;
1081;Nordjylland;2023-07-20;3;
1084;Hovedstaden;2023-07-21;4;
1081;Nordjylland;2023-07-21;3;
1085;Sjælland;2023-07-21;3;
1083;Syddanmark;2023-07-21;2;
1084;Hovedstaden;2023-07-22;4;
1084;Hovedstaden;2023-07-23;4;
1083;Syddanmark;2023-07-23;1;
1084;Hovedstaden;2023-07-24;6;
1082;Midtjylland;2023-07-24;2;
1081;Nordjylland;2023-07-24;2;
1085;Sjælland;2023-07-24;3;
1083;Syddanmark;2023-07-24;1;
1084;Hovedstaden;2023-07-25;5;
1082;Midtjylland;2023-07-25;1;
1081;Nordjylland;2023-07-25;2;
1085;Sjælland;2023-07-25;2;
1084;Hovedstaden;2023-07-26;11;
1081;Nordjylland;2023-07-26;4;
1085;Sjælland;2023-07-26;2;
1083;Syddanmark;2023-07-26;3;
1084;Hovedstaden;2023-07-27;7;
1082;Midtjylland;2023-07-27;1;
1081;Nordjylland;2023-07-27;4;
1085;Sjælland;2023-07-27;4;
1083;Syddanmark;2023-07-27;2;
1084;Hovedstaden;2023-07-28;8;
1081;Nordjylland;2023-07-28;1;
1085;Sjælland;2023-07-28;2;
1083;Syddanmark;2023-07-28;7;
1084;Hovedstaden;2023-07-29;6;
1082;Midtjylland;2023-07-29;2;
1081;Nordjylland;2023-07-29;1;
1085;Sjælland;2023-07-29;1;
1084;Hovedstaden;2023-07-30;5;
1082;Midtjylland;2023-07-30;3;
1081;Nordjylland;2023-07-30;4;
1085;Sjælland;2023-07-30;2;
1083;Syddanmark;2023-07-30;1;
1084;Hovedstaden;2023-07-31;14;
1082;Midtjylland;2023-07-31;4;
1081;Nordjylland;2023-07-31;1;
1085;Sjælland;2023-07-31;1;
1083;Syddanmark;2023-07-31;2;
1084;Hovedstaden;2023-08-01;5;
1082;Midtjylland;2023-08-01;2;
1085;Sjælland;2023-08-01;3;
1083;Syddanmark;2023-08-01;2;
1084;Hovedstaden;2023-08-02;9;
1082;Midtjylland;2023-08-02;2;
1081;Nordjylland;2023-08-02;4;
1085;Sjælland;2023-08-02;6;
1083;Syddanmark;2023-08-02;4;
1084;Hovedstaden;2023-08-03;16;
1082;Midtjylland;2023-08-03;4;
1081;Nordjylland;2023-08-03;2;
1085;Sjælland;2023-08-03;2;
1083;Syddanmark;2023-08-03;5;
1084;Hovedstaden;2023-08-04;12;
1082;Midtjylland;2023-08-04;2;
1081;Nordjylland;2023-08-04;6;
1085;Sjælland;2023-08-04;2;
1083;Syddanmark;2023-08-04;4;
1084;Hovedstaden;2023-08-05;6;
1085;Sjælland;2023-08-05;2;
1083;Syddanmark;2023-08-05;4;
1084;Hovedstaden;2023-08-06;3;
1082;Midtjylland;2023-08-06;2;
1081;Nordjylland;2023-08-06;2;
1085;Sjælland;2023-08-06;1;
1083;Syddanmark;2023-08-06;2;
1084;Hovedstaden;2023-08-07;10;
1081;Nordjylland;2023-08-07;5;
1085;Sjælland;2023-08-07;2;
1083;Syddanmark;2023-08-07;7;
1084;Hovedstaden;2023-08-08;14;
1082;Midtjylland;2023-08-08;2;
1081;Nordjylland;2023-08-08;4;
1085;Sjælland;2023-08-08;2;
1083;Syddanmark;2023-08-08;6;
1084;Hovedstaden;2023-08-09;13;
1082;Midtjylland;2023-08-09;3;
1081;Nordjylland;2023-08-09;1;
1085;Sjælland;2023-08-09;3;
1083;Syddanmark;2023-08-09;11;
1084;Hovedstaden;2023-08-10;22;
1082;Midtjylland;2023-08-10;4;
1081;Nordjylland;2023-08-10;2;
1085;Sjælland;2023-08-10;4;
1083;Syddanmark;2023-08-10;6;
1084;Hovedstaden;2023-08-11;17;
1082;Midtjylland;2023-08-11;5;
1081;Nordjylland;2023-08-11;1;
1085;Sjælland;2023-08-11;7;
1083;Syddanmark;2023-08-11;6;
1084;Hovedstaden;2023-08-12;12;
1082;Midtjylland;2023-08-12;8;
1081;Nordjylland;2023-08-12;1;
1085;Sjælland;2023-08-12;1;
1083;Syddanmark;2023-08-12;2;
1084;Hovedstaden;2023-08-13;10;
1082;Midtjylland;2023-08-13;9;
1081;Nordjylland;2023-08-13;4;
1085;Sjælland;2023-08-13;6;
1083;Syddanmark;2023-08-13;4;
1084;Hovedstaden;2023-08-14;27;
1082;Midtjylland;2023-08-14;8;
1081;Nordjylland;2023-08-14;3;
1085;Sjælland;2023-08-14;8;
1083;Syddanmark;2023-08-14;13;
1084;Hovedstaden;2023-08-15;26;
1082;Midtjylland;2023-08-15;6;
1081;Nordjylland;2023-08-15;2;
1085;Sjælland;2023-08-15;12;
1083;Syddanmark;2023-08-15;4;
1084;Hovedstaden;2023-08-16;34;
1082;Midtjylland;2023-08-16;9;
1081;Nordjylland;2023-08-16;2;
1085;Sjælland;2023-08-16;12;
1083;Syddanmark;2023-08-16;8;
1084;Hovedstaden;2023-08-17;25;
1082;Midtjylland;2023-08-17;12;
1081;Nordjylland;2023-08-17;2;
1085;Sjælland;2023-08-17;6;
1083;Syddanmark;2023-08-17;10;
1084;Hovedstaden;2023-08-18;22;
1082;Midtjylland;2023-08-18;10;
1081;Nordjylland;2023-08-18;2;
1085;Sjælland;2023-08-18;8;
1083;Syddanmark;2023-08-18;10;
1084;Hovedstaden;2023-08-19;7;
1082;Midtjylland;2023-08-19;3;
1085;Sjælland;2023-08-19;5;
1083;Syddanmark;2023-08-19;7;
1084;Hovedstaden;2023-08-20;12;
1082;Midtjylland;2023-08-20;8;
1081;Nordjylland;2023-08-20;1;
1085;Sjælland;2023-08-20;8;
1083;Syddanmark;2023-08-20;6;
1084;Hovedstaden;2023-08-21;30;
1082;Midtjylland;2023-08-21;8;
1081;Nordjylland;2023-08-21;3;
1085;Sjælland;2023-08-21;12;
1083;Syddanmark;2023-08-21;13;
1084;Hovedstaden;2023-08-22;39;
1082;Midtjylland;2023-08-22;9;
1081;Nordjylland;2023-08-22;5;
1085;Sjælland;2023-08-22;10;
1083;Syddanmark;2023-08-22;5;
1084;Hovedstaden;2023-08-23;30;
1082;Midtjylland;2023-08-23;3;
1081;Nordjylland;2023-08-23;6;
1085;Sjælland;2023-08-23;10;
1083;Syddanmark;2023-08-23;7;
1084;Hovedstaden;2023-08-24;24;
1082;Midtjylland;2023-08-24;10;
1081;Nordjylland;2023-08-24;3;
1085;Sjælland;2023-08-24;9;
1083;Syddanmark;2023-08-24;16;
1084;Hovedstaden;2023-08-25;23;
1082;Midtjylland;2023-08-25;11;
1081;Nordjylland;2023-08-25;5;
1085;Sjælland;2023-08-25;13;
1083;Syddanmark;2023-08-25;9;
1084;Hovedstaden;2023-08-26;7;
1082;Midtjylland;2023-08-26;6;
1081;Nordjylland;2023-08-26;2;
1085;Sjælland;2023-08-26;1;
1083;Syddanmark;2023-08-26;9;
1084;Hovedstaden;2023-08-27;17;
1082;Midtjylland;2023-08-27;6;
1081;Nordjylland;2023-08-27;2;
1085;Sjælland;2023-08-27;3;
1083;Syddanmark;2023-08-27;6;
1084;Hovedstaden;2023-08-28;33;
1082;Midtjylland;2023-08-28;7;
1081;Nordjylland;2023-08-28;4;
1085;Sjælland;2023-08-28;16;
1083;Syddanmark;2023-08-28;12;
1084;Hovedstaden;2023-08-29;32;
1082;Midtjylland;2023-08-29;8;
1081;Nordjylland;2023-08-29;4;
1085;Sjælland;2023-08-29;6;
1083;Syddanmark;2023-08-29;10;
1084;Hovedstaden;2023-08-30;19;
1082;Midtjylland;2023-08-30;9;
1081;Nordjylland;2023-08-30;1;
1085;Sjælland;2023-08-30;11;
1083;Syddanmark;2023-08-30;7;
1084;Hovedstaden;2023-08-31;24;
1082;Midtjylland;2023-08-31;6;
1081;Nordjylland;2023-08-31;3;
1085;Sjælland;2023-08-31;8;
1083;Syddanmark;2023-08-31;7;
1084;Hovedstaden;2023-09-01;23;
1082;Midtjylland;2023-09-01;9;
1081;Nordjylland;2023-09-01;5;
1085;Sjælland;2023-09-01;11;
1083;Syddanmark;2023-09-01;9;
1084;Hovedstaden;2023-09-02;8;
1082;Midtjylland;2023-09-02;3;
1081;Nordjylland;2023-09-02;7;
1085;Sjælland;2023-09-02;7;
1083;Syddanmark;2023-09-02;6;
1084;Hovedstaden;2023-09-03;11;
1082;Midtjylland;2023-09-03;7;
1081;Nordjylland;2023-09-03;3;
1085;Sjælland;2023-09-03;7;
1083;Syddanmark;2023-09-03;8;
1084;Hovedstaden;2023-09-04;34;
1082;Midtjylland;2023-09-04;13;
1081;Nordjylland;2023-09-04;5;
1085;Sjælland;2023-09-04;12;
1083;Syddanmark;2023-09-04;18;
1084;Hovedstaden;2023-09-05;27;
1082;Midtjylland;2023-09-05;14;
1081;Nordjylland;2023-09-05;3;
1085;Sjælland;2023-09-05;10;
1083;Syddanmark;2023-09-05;8;
1084;Hovedstaden;2023-09-06;30;
1082;Midtjylland;2023-09-06;9;
1081;Nordjylland;2023-09-06;9;
1085;Sjælland;2023-09-06;5;
1083;Syddanmark;2023-09-06;12;
1084;Hovedstaden;2023-09-07;32;
1082;Midtjylland;2023-09-07;11;
1081;Nordjylland;2023-09-07;5;
1085;Sjælland;2023-09-07;10;
1083;Syddanmark;2023-09-07;16;
1084;Hovedstaden;2023-09-08;25;
1082;Midtjylland;2023-09-08;11;
1081;Nordjylland;2023-09-08;1;
1085;Sjælland;2023-09-08;9;
1083;Syddanmark;2023-09-08;20;
1084;Hovedstaden;2023-09-09;22;
1082;Midtjylland;2023-09-09;4;
1081;Nordjylland;2023-09-09;8;
1085;Sjælland;2023-09-09;2;
1083;Syddanmark;2023-09-09;7;
1084;Hovedstaden;2023-09-10;15;
1082;Midtjylland;2023-09-10;11;
1081;Nordjylland;2023-09-10;2;
1085;Sjælland;2023-09-10;8;
1083;Syddanmark;2023-09-10;7;
1084;Hovedstaden;2023-09-11;37;
1082;Midtjylland;2023-09-11;10;
1081;Nordjylland;2023-09-11;5;
1085;Sjælland;2023-09-11;13;
1083;Syddanmark;2023-09-11;20;
1084;Hovedstaden;2023-09-12;19;
1082;Midtjylland;2023-09-12;14;
1081;Nordjylland;2023-09-12;17;
1085;Sjælland;2023-09-12;11;
1083;Syddanmark;2023-09-12;11;
1084;Hovedstaden;2023-09-13;23;
1082;Midtjylland;2023-09-13;8;
1081;Nordjylland;2023-09-13;8;
1085;Sjælland;2023-09-13;11;
1083;Syddanmark;2023-09-13;20;
1084;Hovedstaden;2023-09-14;17;
1082;Midtjylland;2023-09-14;9;
1081;Nordjylland;2023-09-14;7;
1085;Sjælland;2023-09-14;5;
1083;Syddanmark;2023-09-14;17;
1084;Hovedstaden;2023-09-15;21;
1082;Midtjylland;2023-09-15;7;
1081;Nordjylland;2023-09-15;10;
1085;Sjælland;2023-09-15;4;
1083;Syddanmark;2023-09-15;13;
1084;Hovedstaden;2023-09-16;11;
1082;Midtjylland;2023-09-16;3;
1081;Nordjylland;2023-09-16;3;
1085;Sjælland;2023-09-16;4;
1083;Syddanmark;2023-09-16;5;
1084;Hovedstaden;2023-09-17;14;
1082;Midtjylland;2023-09-17;4;
1081;Nordjylland;2023-09-17;1;
1085;Sjælland;2023-09-17;4;
1083;Syddanmark;2023-09-17;8;
1084;Hovedstaden;2023-09-18;24;
1082;Midtjylland;2023-09-18;5;
1081;Nordjylland;2023-09-18;12;
1085;Sjælland;2023-09-18;9;
1083;Syddanmark;2023-09-18;14;
1084;Hovedstaden;2023-09-19;27;
1082;Midtjylland;2023-09-19;4;
1081;Nordjylland;2023-09-19;11;
1085;Sjælland;2023-09-19;9;
1083;Syddanmark;2023-09-19;11;
1084;Hovedstaden;2023-09-20;23;
1082;Midtjylland;2023-09-20;10;
1081;Nordjylland;2023-09-20;6;
1085;Sjælland;2023-09-20;8;
1083;Syddanmark;2023-09-20;11;
1084;Hovedstaden;2023-09-21;19;
1082;Midtjylland;2023-09-21;6;
1081;Nordjylland;2023-09-21;8;
1085;Sjælland;2023-09-21;12;
1083;Syddanmark;2023-09-21;11;
1084;Hovedstaden;2023-09-22;16;
1082;Midtjylland;2023-09-22;7;
1081;Nordjylland;2023-09-22;5;
1085;Sjælland;2023-09-22;12;
1083;Syddanmark;2023-09-22;9;
1084;Hovedstaden;2023-09-23;8;
1082;Midtjylland;2023-09-23;1;
1081;Nordjylland;2023-09-23;4;
1085;Sjælland;2023-09-23;4;
1084;Hovedstaden;2023-09-24;5;
1082;Midtjylland;2023-09-24;6;
1081;Nordjylland;2023-09-24;3;
1085;Sjælland;2023-09-24;5;
1083;Syddanmark;2023-09-24;4;
1084;Hovedstaden;2023-09-25;32;
1082;Midtjylland;2023-09-25;5;
1081;Nordjylland;2023-09-25;6;
1085;Sjælland;2023-09-25;10;
1083;Syddanmark;2023-09-25;9;
1084;Hovedstaden;2023-09-26;28;
1082;Midtjylland;2023-09-26;13;
1081;Nordjylland;2023-09-26;4;
1085;Sjælland;2023-09-26;7;
1083;Syddanmark;2023-09-26;9;
1084;Hovedstaden;2023-09-27;28;
1082;Midtjylland;2023-09-27;9;
1081;Nordjylland;2023-09-27;4;
1085;Sjælland;2023-09-27;10;
1083;Syddanmark;2023-09-27;13;
1084;Hovedstaden;2023-09-28;43;
1082;Midtjylland;2023-09-28;8;
1081;Nordjylland;2023-09-28;1;
1085;Sjælland;2023-09-28;3;
1083;Syddanmark;2023-09-28;9;
1084;Hovedstaden;2023-09-29;34;
1082;Midtjylland;2023-09-29;5;
1081;Nordjylland;2023-09-29;6;
1085;Sjælland;2023-09-29;14;
1083;Syddanmark;2023-09-29;13;
1084;Hovedstaden;2023-09-30;11;
1082;Midtjylland;2023-09-30;4;
1081;Nordjylland;2023-09-30;5;
1085;Sjælland;2023-09-30;7;
1083;Syddanmark;2023-09-30;5;
1084;Hovedstaden;2023-10-01;19;
1082;Midtjylland;2023-10-01;4;
1081;Nordjylland;2023-10-01;5;
1085;Sjælland;2023-10-01;6;
1083;Syddanmark;2023-10-01;4;
1084;Hovedstaden;2023-10-02;39;
1082;Midtjylland;2023-10-02;15;
1081;Nordjylland;2023-10-02;10;
1085;Sjælland;2023-10-02;15;
1083;Syddanmark;2023-10-02;12;
1084;Hovedstaden;2023-10-03;35;
1082;Midtjylland;2023-10-03;8;
1081;Nordjylland;2023-10-03;5;
1085;Sjælland;2023-10-03;11;
1083;Syddanmark;2023-10-03;19;
1084;Hovedstaden;2023-10-04;28;
1082;Midtjylland;2023-10-04;9;
1081;Nordjylland;2023-10-04;4;
1085;Sjælland;2023-10-04;12;
1083;Syddanmark;2023-10-04;14;
1084;Hovedstaden;2023-10-05;39;
1082;Midtjylland;2023-10-05;11;
1081;Nordjylland;2023-10-05;8;
1085;Sjælland;2023-10-05;13;
1083;Syddanmark;2023-10-05;6;
1084;Hovedstaden;2023-10-06;21;
1082;Midtjylland;2023-10-06;16;
1081;Nordjylland;2023-10-06;4;
1085;Sjælland;2023-10-06;9;
1083;Syddanmark;2023-10-06;12;
1084;Hovedstaden;2023-10-07;16;
1082;Midtjylland;2023-10-07;5;
1081;Nordjylland;2023-10-07;6;
1085;Sjælland;2023-10-07;4;
1083;Syddanmark;2023-10-07;12;
1084;Hovedstaden;2023-10-08;23;
1082;Midtjylland;2023-10-08;10;
1081;Nordjylland;2023-10-08;12;
1085;Sjælland;2023-10-08;7;
1083;Syddanmark;2023-10-08;12;
1084;Hovedstaden;2023-10-09;42;
1082;Midtjylland;2023-10-09;11;
1081;Nordjylland;2023-10-09;10;
1085;Sjælland;2023-10-09;13;
1083;Syddanmark;2023-10-09;17;
1084;Hovedstaden;2023-10-10;25;
1082;Midtjylland;2023-10-10;7;
1081;Nordjylland;2023-10-10;7;
1085;Sjælland;2023-10-10;11;
1083;Syddanmark;2023-10-10;13;
1084;Hovedstaden;2023-10-11;22;
1082;Midtjylland;2023-10-11;11;
1081;Nordjylland;2023-10-11;11;
1085;Sjælland;2023-10-11;11;
1083;Syddanmark;2023-10-11;21;
1084;Hovedstaden;2023-10-12;39;
1082;Midtjylland;2023-10-12;11;
1081;Nordjylland;2023-10-12;13;
1085;Sjælland;2023-10-12;16;
1083;Syddanmark;2023-10-12;22;
1084;Hovedstaden;2023-10-13;39;
1082;Midtjylland;2023-10-13;5;
1081;Nordjylland;2023-10-13;8;
1085;Sjælland;2023-10-13;10;
1083;Syddanmark;2023-10-13;19;
1084;Hovedstaden;2023-10-14;22;
1082;Midtjylland;2023-10-14;6;
1081;Nordjylland;2023-10-14;5;
1085;Sjælland;2023-10-14;14;
1083;Syddanmark;2023-10-14;6;
1084;Hovedstaden;2023-10-15;13;
1082;Midtjylland;2023-10-15;7;
1081;Nordjylland;2023-10-15;13;
1085;Sjælland;2023-10-15;10;
1083;Syddanmark;2023-10-15;11;
1084;Hovedstaden;2023-10-16;33;
1082;Midtjylland;2023-10-16;11;
1081;Nordjylland;2023-10-16;11;
1085;Sjælland;2023-10-16;15;
1083;Syddanmark;2023-10-16;23;
1084;Hovedstaden;2023-10-17;24;
1082;Midtjylland;2023-10-17;19;
1081;Nordjylland;2023-10-17;10;
1085;Sjælland;2023-10-17;24;
1083;Syddanmark;2023-10-17;19;
1084;Hovedstaden;2023-10-18;44;
1082;Midtjylland;2023-10-18;15;
1081;Nordjylland;2023-10-18;9;
1085;Sjælland;2023-10-18;20;
1083;Syddanmark;2023-10-18;17;
1084;Hovedstaden;2023-10-19;27;
1082;Midtjylland;2023-10-19;20;
1081;Nordjylland;2023-10-19;9;
1085;Sjælland;2023-10-19;13;
1083;Syddanmark;2023-10-19;18;
1084;Hovedstaden;2023-10-20;33;
1082;Midtjylland;2023-10-20;10;
1081;Nordjylland;2023-10-20;9;
1085;Sjælland;2023-10-20;19;
1083;Syddanmark;2023-10-20;16;
1084;Hovedstaden;2023-10-21;19;
1082;Midtjylland;2023-10-21;9;
1081;Nordjylland;2023-10-21;12;
1085;Sjælland;2023-10-21;9;
1083;Syddanmark;2023-10-21;16;
1084;Hovedstaden;2023-10-22;17;
1082;Midtjylland;2023-10-22;12;
1081;Nordjylland;2023-10-22;19;
1085;Sjælland;2023-10-22;14;
1083;Syddanmark;2023-10-22;7;
1084;Hovedstaden;2023-10-23;63;
1082;Midtjylland;2023-10-23;14;
1081;Nordjylland;2023-10-23;19;
1085;Sjælland;2023-10-23;30;
1083;Syddanmark;2023-10-23;21;
1084;Hovedstaden;2023-10-24;53;
1082;Midtjylland;2023-10-24;19;
1081;Nordjylland;2023-10-24;21;
1085;Sjælland;2023-10-24;23;
1083;Syddanmark;2023-10-24;25;
1084;Hovedstaden;2023-10-25;52;
1082;Midtjylland;2023-10-25;24;
1081;Nordjylland;2023-10-25;16;
1085;Sjælland;2023-10-25;20;
1083;Syddanmark;2023-10-25;29;
1084;Hovedstaden;2023-10-26;51;
1082;Midtjylland;2023-10-26;19;
1081;Nordjylland;2023-10-26;14;
1085;Sjælland;2023-10-26;14;
1083;Syddanmark;2023-10-26;27;
1084;Hovedstaden;2023-10-27;48;
1082;Midtjylland;2023-10-27;13;
1081;Nordjylland;2023-10-27;10;
1085;Sjælland;2023-10-27;22;
1083;Syddanmark;2023-10-27;24;
1084;Hovedstaden;2023-10-28;26;
1082;Midtjylland;2023-10-28;16;
1081;Nordjylland;2023-10-28;13;
1085;Sjælland;2023-10-28;6;
1083;Syddanmark;2023-10-28;8;
1084;Hovedstaden;2023-10-29;22;
1082;Midtjylland;2023-10-29;18;
1081;Nordjylland;2023-10-29;8;
1085;Sjælland;2023-10-29;15;
1083;Syddanmark;2023-10-29;16;
1084;Hovedstaden;2023-10-30;75;
1082;Midtjylland;2023-10-30;26;
1081;Nordjylland;2023-10-30;14;
1085;Sjælland;2023-10-30;26;
1083;Syddanmark;2023-10-30;38;
1084;Hovedstaden;2023-10-31;70;
1082;Midtjylland;2023-10-31;24;
1081;Nordjylland;2023-10-31;7;
1085;Sjælland;2023-10-31;28;
1083;Syddanmark;2023-10-31;26;
1084;Hovedstaden;2023-11-01;49;
1082;Midtjylland;2023-11-01;20;
1081;Nordjylland;2023-11-01;8;
1085;Sjælland;2023-11-01;23;
1083;Syddanmark;2023-11-01;21;
1084;Hovedstaden;2023-11-02;64;
1082;Midtjylland;2023-11-02;24;
1081;Nordjylland;2023-11-02;18;
1085;Sjælland;2023-11-02;31;
1083;Syddanmark;2023-11-02;34;
1084;Hovedstaden;2023-11-03;66;
1082;Midtjylland;2023-11-03;13;
1081;Nordjylland;2023-11-03;14;
1085;Sjælland;2023-11-03;26;
1083;Syddanmark;2023-11-03;30;
1084;Hovedstaden;2023-11-04;18;
1082;Midtjylland;2023-11-04;14;
1081;Nordjylland;2023-11-04;14;
1085;Sjælland;2023-11-04;11;
1083;Syddanmark;2023-11-04;18;
1084;Hovedstaden;2023-11-05;31;
1082;Midtjylland;2023-11-05;14;
1081;Nordjylland;2023-11-05;8;
1085;Sjælland;2023-11-05;10;
1083;Syddanmark;2023-11-05;19;
1084;Hovedstaden;2023-11-06;95;
1082;Midtjylland;2023-11-06;31;
1081;Nordjylland;2023-11-06;8;
1085;Sjælland;2023-11-06;31;
1083;Syddanmark;2023-11-06;36;
1084;Hovedstaden;2023-11-07;78;
1082;Midtjylland;2023-11-07;25;
1081;Nordjylland;2023-11-07;13;
1085;Sjælland;2023-11-07;33;
1083;Syddanmark;2023-11-07;32;
1084;Hovedstaden;2023-11-08;69;
1082;Midtjylland;2023-11-08;14;
1081;Nordjylland;2023-11-08;17;
1085;Sjælland;2023-11-08;29;
1083;Syddanmark;2023-11-08;35;
1084;Hovedstaden;2023-11-09;72;
1082;Midtjylland;2023-11-09;25;
1081;Nordjylland;2023-11-09;13;
1085;Sjælland;2023-11-09;30;
1083;Syddanmark;2023-11-09;40;
1084;Hovedstaden;2023-11-10;67;
1082;Midtjylland;2023-11-10;20;
1081;Nordjylland;2023-11-10;15;
1085;Sjælland;2023-11-10;25;
1083;Syddanmark;2023-11-10;46;
1084;Hovedstaden;2023-11-11;25;
1082;Midtjylland;2023-11-11;13;
1081;Nordjylland;2023-11-11;13;
1085;Sjælland;2023-11-11;11;
1083;Syddanmark;2023-11-11;20;
1084;Hovedstaden;2023-11-12;29;
1082;Midtjylland;2023-11-12;14;
1081;Nordjylland;2023-11-12;11;
1085;Sjælland;2023-11-12;24;
1083;Syddanmark;2023-11-12;14;
1084;Hovedstaden;2023-11-13;71;
1082;Midtjylland;2023-11-13;34;
1081;Nordjylland;2023-11-13;21;
1085;Sjælland;2023-11-13;37;
1083;Syddanmark;2023-11-13;45;
1084;Hovedstaden;2023-11-14;84;
1082;Midtjylland;2023-11-14;21;
1081;Nordjylland;2023-11-14;12;
1085;Sjælland;2023-11-14;34;
1083;Syddanmark;2023-11-14;44;
1084;Hovedstaden;2023-11-15;83;
1082;Midtjylland;2023-11-15;21;
1081;Nordjylland;2023-11-15;14;
1085;Sjælland;2023-11-15;40;
1083;Syddanmark;2023-11-15;38;
1084;Hovedstaden;2023-11-16;74;
1082;Midtjylland;2023-11-16;27;
1081;Nordjylland;2023-11-16;14;
1085;Sjælland;2023-11-16;49;
1083;Syddanmark;2023-11-16;35;
1084;Hovedstaden;2023-11-17;57;
1082;Midtjylland;2023-11-17;24;
1081;Nordjylland;2023-11-17;16;
1085;Sjælland;2023-11-17;30;
1083;Syddanmark;2023-11-17;46;
1084;Hovedstaden;2023-11-18;40;
1082;Midtjylland;2023-11-18;23;
1081;Nordjylland;2023-11-18;14;
1085;Sjælland;2023-11-18;16;
1083;Syddanmark;2023-11-18;21;
1084;Hovedstaden;2023-11-19;45;
1082;Midtjylland;2023-11-19;22;
1081;Nordjylland;2023-11-19;14;
1085;Sjælland;2023-11-19;12;
1083;Syddanmark;2023-11-19;24;
1084;Hovedstaden;2023-11-20;130;
1082;Midtjylland;2023-11-20;39;
1081;Nordjylland;2023-11-20;21;
1085;Sjælland;2023-11-20;46;
1083;Syddanmark;2023-11-20;34;
1084;Hovedstaden;2023-11-21;125;
1082;Midtjylland;2023-11-21;47;
1081;Nordjylland;2023-11-21;18;
1085;Sjælland;2023-11-21;55;
1083;Syddanmark;2023-11-21;55;
1084;Hovedstaden;2023-11-22;111;
1082;Midtjylland;2023-11-22;31;
1081;Nordjylland;2023-11-22;17;
1085;Sjælland;2023-11-22;53;
1083;Syddanmark;2023-11-22;67;
1084;Hovedstaden;2023-11-23;114;
1082;Midtjylland;2023-11-23;41;
1081;Nordjylland;2023-11-23;24;
1085;Sjælland;2023-11-23;45;
1083;Syddanmark;2023-11-23;49;
1084;Hovedstaden;2023-11-24;87;
1082;Midtjylland;2023-11-24;26;
1081;Nordjylland;2023-11-24;24;
1085;Sjælland;2023-11-24;41;
1083;Syddanmark;2023-11-24;52;
1084;Hovedstaden;2023-11-25;42;
1082;Midtjylland;2023-11-25;26;
1081;Nordjylland;2023-11-25;25;
1085;Sjælland;2023-11-25;22;
1083;Syddanmark;2023-11-25;27;
1084;Hovedstaden;2023-11-26;46;
1082;Midtjylland;2023-11-26;27;
1081;Nordjylland;2023-11-26;18;
1085;Sjælland;2023-11-26;38;
1083;Syddanmark;2023-11-26;28;
1084;Hovedstaden;2023-11-27;138;
1082;Midtjylland;2023-11-27;39;
1081;Nordjylland;2023-11-27;15;
1085;Sjælland;2023-11-27;69;
1083;Syddanmark;2023-11-27;58;
1084;Hovedstaden;2023-11-28;136;
1082;Midtjylland;2023-11-28;50;
1081;Nordjylland;2023-11-28;23;
1085;Sjælland;2023-11-28;71;
1083;Syddanmark;2023-11-28;54;
1084;Hovedstaden;2023-11-29;160;
1082;Midtjylland;2023-11-29;55;
1081;Nordjylland;2023-11-29;23;
1085;Sjælland;2023-11-29;48;
1083;Syddanmark;2023-11-29;59;
1084;Hovedstaden;2023-11-30;155;
1082;Midtjylland;2023-11-30;52;
1081;Nordjylland;2023-11-30;28;
1085;Sjælland;2023-11-30;60;
1083;Syddanmark;2023-11-30;69;
1084;Hovedstaden;2023-12-01;157;
1082;Midtjylland;2023-12-01;60;
1081;Nordjylland;2023-12-01;20;
1085;Sjælland;2023-12-01;53;
1083;Syddanmark;2023-12-01;56;
1084;Hovedstaden;2023-12-02;63;
1082;Midtjylland;2023-12-02;24;
1081;Nordjylland;2023-12-02;24;
1085;Sjælland;2023-12-02;25;
1083;Syddanmark;2023-12-02;39;
1084;Hovedstaden;2023-12-03;60;
1082;Midtjylland;2023-12-03;29;
1081;Nordjylland;2023-12-03;15;
1085;Sjælland;2023-12-03;30;
1083;Syddanmark;2023-12-03;25;
1084;Hovedstaden;2023-12-04;198;
1082;Midtjylland;2023-12-04;59;
1081;Nordjylland;2023-12-04;30;
1085;Sjælland;2023-12-04;85;
1083;Syddanmark;2023-12-04;78;
1084;Hovedstaden;2023-12-05;198;
1082;Midtjylland;2023-12-05;51;
1081;Nordjylland;2023-12-05;26;
1085;Sjælland;2023-12-05;80;
1083;Syddanmark;2023-12-05;67;
1084;Hovedstaden;2023-12-06;199;
1082;Midtjylland;2023-12-06;57;
1081;Nordjylland;2023-12-06;28;
1085;Sjælland;2023-12-06;77;
1083;Syddanmark;2023-12-06;80;
1084;Hovedstaden;2023-12-07;216;
1082;Midtjylland;2023-12-07;61;
1081;Nordjylland;2023-12-07;27;
1085;Sjælland;2023-12-07;90;
1083;Syddanmark;2023-12-07;91;
1084;Hovedstaden;2023-12-08;208;
1082;Midtjylland;2023-12-08;66;
1081;Nordjylland;2023-12-08;27;
1085;Sjælland;2023-12-08;75;
1083;Syddanmark;2023-12-08;87;
1084;Hovedstaden;2023-12-09;75;
1082;Midtjylland;2023-12-09;31;
1081;Nordjylland;2023-12-09;15;
1085;Sjælland;2023-12-09;29;
1083;Syddanmark;2023-12-09;42;
1084;Hovedstaden;2023-12-10;84;
1082;Midtjylland;2023-12-10;39;
1081;Nordjylland;2023-12-10;19;
1085;Sjælland;2023-12-10;51;
1083;Syddanmark;2023-12-10;54;
1084;Hovedstaden;2023-12-11;268;
1082;Midtjylland;2023-12-11;59;
1081;Nordjylland;2023-12-11;28;
1085;Sjælland;2023-12-11;107;
1083;Syddanmark;2023-12-11;87;
1084;Hovedstaden;2023-12-12;223;
1082;Midtjylland;2023-12-12;59;
1081;Nordjylland;2023-12-12;25;
1085;Sjælland;2023-12-12;91;
1083;Syddanmark;2023-12-12;90;
1084;Hovedstaden;2023-12-13;190;
1082;Midtjylland;2023-12-13;60;
1081;Nordjylland;2023-12-13;19;
1085;Sjælland;2023-12-13;109;
1083;Syddanmark;2023-12-13;74;
1084;Hovedstaden;2023-12-14;184;
1082;Midtjylland;2023-12-14;45;
1081;Nordjylland;2023-12-14;24;
1085;Sjælland;2023-12-14;77;
1083;Syddanmark;2023-12-14;92;
1084;Hovedstaden;2023-12-15;181;
1082;Midtjylland;2023-12-15;51;
1081;Nordjylland;2023-12-15;16;
1085;Sjælland;2023-12-15;64;
1083;Syddanmark;2023-12-15;69;
1084;Hovedstaden;2023-12-16;66;
1082;Midtjylland;2023-12-16;29;
1081;Nordjylland;2023-12-16;25;
1085;Sjælland;2023-12-16;22;
1083;Syddanmark;2023-12-16;32;
1084;Hovedstaden;2023-12-17;83;
1082;Midtjylland;2023-12-17;24;
1081;Nordjylland;2023-12-17;17;
1085;Sjælland;2023-12-17;37;
1083;Syddanmark;2023-12-17;46;
1084;Hovedstaden;2023-12-18;189;
1082;Midtjylland;2023-12-18;58;
1081;Nordjylland;2023-12-18;23;
1085;Sjælland;2023-12-18;82;
1083;Syddanmark;2023-12-18;91;
1084;Hovedstaden;2023-12-19;162;
1082;Midtjylland;2023-12-19;55;
1081;Nordjylland;2023-12-19;19;
1085;Sjælland;2023-12-19;85;
1083;Syddanmark;2023-12-19;69;
1084;Hovedstaden;2023-12-20;143;
1082;Midtjylland;2023-12-20;37;
1081;Nordjylland;2023-12-20;16;
1085;Sjælland;2023-12-20;61;
1083;Syddanmark;2023-12-20;53;
1084;Hovedstaden;2023-12-21;149;
1082;Midtjylland;2023-12-21;42;
1081;Nordjylland;2023-12-21;17;
1085;Sjælland;2023-12-21;61;
1083;Syddanmark;2023-12-21;56;
1084;Hovedstaden;2023-12-22;103;
1082;Midtjylland;2023-12-22;37;
1081;Nordjylland;2023-12-22;14;
1085;Sjælland;2023-12-22;51;
1083;Syddanmark;2023-12-22;37;
1084;Hovedstaden;2023-12-23;44;
1082;Midtjylland;2023-12-23;20;
1081;Nordjylland;2023-12-23;6;
1085;Sjælland;2023-12-23;16;
1083;Syddanmark;2023-12-23;32;
1084;Hovedstaden;2023-12-24;40;
1082;Midtjylland;2023-12-24;21;
1081;Nordjylland;2023-12-24;9;
1085;Sjælland;2023-12-24;22;
1083;Syddanmark;2023-12-24;22;
1084;Hovedstaden;2023-12-25;49;
1082;Midtjylland;2023-12-25;39;
1081;Nordjylland;2023-12-25;15;
1085;Sjælland;2023-12-25;20;
1083;Syddanmark;2023-12-25;30;
1084;Hovedstaden;2023-12-26;58;
1082;Midtjylland;2023-12-26;22;
1081;Nordjylland;2023-12-26;12;
1085;Sjælland;2023-12-26;10;
1083;Syddanmark;2023-12-26;19;
1084;Hovedstaden;2023-12-27;76;
1082;Midtjylland;2023-12-27;31;
1081;Nordjylland;2023-12-27;10;
1085;Sjælland;2023-12-27;34;
1083;Syddanmark;2023-12-27;38;
1084;Hovedstaden;2023-12-28;82;
1082;Midtjylland;2023-12-28;29;
1081;Nordjylland;2023-12-28;13;
1085;Sjælland;2023-12-28;35;
1083;Syddanmark;2023-12-28;29;
1084;Hovedstaden;2023-12-29;74;
1082;Midtjylland;2023-12-29;26;
1081;Nordjylland;2023-12-29;12;
1085;Sjælland;2023-12-29;46;
1083;Syddanmark;2023-12-29;23;
1084;Hovedstaden;2023-12-30;37;
1082;Midtjylland;2023-12-30;15;
1081;Nordjylland;2023-12-30;11;
1085;Sjælland;2023-12-30;13;
1083;Syddanmark;2023-12-30;25;
1084;Hovedstaden;2023-12-31;38;
1082;Midtjylland;2023-12-31;15;
1081;Nordjylland;2023-12-31;12;
1085;Sjælland;2023-12-31;14;
1083;Syddanmark;2023-12-31;16;
1084;Hovedstaden;2024-01-01;23;
1082;Midtjylland;2024-01-01;15;
1081;Nordjylland;2024-01-01;4;
1085;Sjælland;2024-01-01;15;
1083;Syddanmark;2024-01-01;15;
1084;Hovedstaden;2024-01-02;90;
1082;Midtjylland;2024-01-02;32;
1081;Nordjylland;2024-01-02;12;
1085;Sjælland;2024-01-02;39;
1083;Syddanmark;2024-01-02;28;
1084;Hovedstaden;2024-01-03;65;
1082;Midtjylland;2024-01-03;15;
1081;Nordjylland;2024-01-03;6;
1085;Sjælland;2024-01-03;22;
1083;Syddanmark;2024-01-03;30;
1084;Hovedstaden;2024-01-04;40;
1082;Midtjylland;2024-01-04;13;
1081;Nordjylland;2024-01-04;4;
1085;Sjælland;2024-01-04;24;
1083;Syddanmark;2024-01-04;22;
1084;Hovedstaden;2024-01-05;38;
1082;Midtjylland;2024-01-05;19;
1081;Nordjylland;2024-01-05;9;
1085;Sjælland;2024-01-05;15;
1083;Syddanmark;2024-01-05;25;
1084;Hovedstaden;2024-01-06;17;
1082;Midtjylland;2024-01-06;5;
1081;Nordjylland;2024-01-06;4;
1085;Sjælland;2024-01-06;10;
1083;Syddanmark;2024-01-06;9;
1084;Hovedstaden;2024-01-07;24;
1082;Midtjylland;2024-01-07;10;
1081;Nordjylland;2024-01-07;6;
1085;Sjælland;2024-01-07;4;
1083;Syddanmark;2024-01-07;16;
1084;Hovedstaden;2024-01-08;44;
1082;Midtjylland;2024-01-08;12;
1081;Nordjylland;2024-01-08;2;
1085;Sjælland;2024-01-08;16;
1083;Syddanmark;2024-01-08;9;
1084;Hovedstaden;2024-01-09;34;
1082;Midtjylland;2024-01-09;8;
1081;Nordjylland;2024-01-09;5;
1085;Sjælland;2024-01-09;11;
1083;Syddanmark;2024-01-09;12;
1084;Hovedstaden;2024-01-10;30;
1082;Midtjylland;2024-01-10;7;
1081;Nordjylland;2024-01-10;6;
1085;Sjælland;2024-01-10;5;
1083;Syddanmark;2024-01-10;11;
1084;Hovedstaden;2024-01-11;30;
1082;Midtjylland;2024-01-11;10;
1081;Nordjylland;2024-01-11;4;
1085;Sjælland;2024-01-11;10;
1083;Syddanmark;2024-01-11;11;
1084;Hovedstaden;2024-01-12;20;
1082;Midtjylland;2024-01-12;5;
1081;Nordjylland;2024-01-12;3;
1085;Sjælland;2024-01-12;11;
1083;Syddanmark;2024-01-12;10;
1084;Hovedstaden;2024-01-13;10;
1082;Midtjylland;2024-01-13;6;
1081;Nordjylland;2024-01-13;1;
1085;Sjælland;2024-01-13;2;
1083;Syddanmark;2024-01-13;8;
1084;Hovedstaden;2024-01-14;12;
1082;Midtjylland;2024-01-14;7;
1081;Nordjylland;2024-01-14;1;
1085;Sjælland;2024-01-14;6;
1083;Syddanmark;2024-01-14;8;
1084;Hovedstaden;2024-01-15;33;
1082;Midtjylland;2024-01-15;14;
1081;Nordjylland;2024-01-15;2;
1085;Sjælland;2024-01-15;13;
1083;Syddanmark;2024-01-15;9;
1084;Hovedstaden;2024-01-16;17;
1082;Midtjylland;2024-01-16;8;
1081;Nordjylland;2024-01-16;3;
1085;Sjælland;2024-01-16;9;
1083;Syddanmark;2024-01-16;7;
1084;Hovedstaden;2024-01-17;20;
1082;Midtjylland;2024-01-17;13;
1081;Nordjylland;2024-01-17;2;
1085;Sjælland;2024-01-17;13;
1083;Syddanmark;2024-01-17;6;
1084;Hovedstaden;2024-01-18;20;
1082;Midtjylland;2024-01-18;5;
1081;Nordjylland;2024-01-18;4;
1085;Sjælland;2024-01-18;13;
1083;Syddanmark;2024-01-18;8;
1084;Hovedstaden;2024-01-19;22;
1082;Midtjylland;2024-01-19;3;
1081;Nordjylland;2024-01-19;2;
1085;Sjælland;2024-01-19;7;
1083;Syddanmark;2024-01-19;10;
1084;Hovedstaden;2024-01-20;11;
1082;Midtjylland;2024-01-20;6;
1081;Nordjylland;2024-01-20;2;
1085;Sjælland;2024-01-20;2;
1083;Syddanmark;2024-01-20;5;
1084;Hovedstaden;2024-01-21;11;
1082;Midtjylland;2024-01-21;3;
1081;Nordjylland;2024-01-21;3;
1085;Sjælland;2024-01-21;1;
1083;Syddanmark;2024-01-21;9;
1084;Hovedstaden;2024-01-22;23;
1082;Midtjylland;2024-01-22;5;
1081;Nordjylland;2024-01-22;1;
1085;Sjælland;2024-01-22;7;
1083;Syddanmark;2024-01-22;7;
1084;Hovedstaden;2024-01-23;17;
1082;Midtjylland;2024-01-23;4;
1081;Nordjylland;2024-01-23;4;
1085;Sjælland;2024-01-23;5;
1083;Syddanmark;2024-01-23;9;
1084;Hovedstaden;2024-01-24;11;
1082;Midtjylland;2024-01-24;6;
1081;Nordjylland;2024-01-24;3;
1085;Sjælland;2024-01-24;7;
1083;Syddanmark;2024-01-24;8;
1084;Hovedstaden;2024-01-25;16;
1082;Midtjylland;2024-01-25;5;
1081;Nordjylland;2024-01-25;2;
1085;Sjælland;2024-01-25;9;
1083;Syddanmark;2024-01-25;4;
1084;Hovedstaden;2024-01-26;18;
1082;Midtjylland;2024-01-26;7;
1081;Nordjylland;2024-01-26;1;
1085;Sjælland;2024-01-26;5;
1083;Syddanmark;2024-01-26;9;
1084;Hovedstaden;2024-01-27;3;
1081;Nordjylland;2024-01-27;1;
1085;Sjælland;2024-01-27;3;
1084;Hovedstaden;2024-01-28;4;
1082;Midtjylland;2024-01-28;3;
1081;Nordjylland;2024-01-28;2;
1085;Sjælland;2024-01-28;3;
1083;Syddanmark;2024-01-28;2;
1084;Hovedstaden;2024-01-29;10;
1082;Midtjylland;2024-01-29;5;
1081;Nordjylland;2024-01-29;1;
1085;Sjælland;2024-01-29;8;
1083;Syddanmark;2024-01-29;7;
1084;Hovedstaden;2024-01-30;10;
1082;Midtjylland;2024-01-30;8;
1081;Nordjylland;2024-01-30;3;
1085;Sjælland;2024-01-30;5;
1083;Syddanmark;2024-01-30;5;
1084;Hovedstaden;2024-01-31;9;
1082;Midtjylland;2024-01-31;6;
1081;Nordjylland;2024-01-31;5;
1085;Sjælland;2024-01-31;2;
1083;Syddanmark;2024-01-31;4;
1084;Hovedstaden;2024-02-01;17;
1082;Midtjylland;2024-02-01;3;
1081;Nordjylland;2024-02-01;1;
1085;Sjælland;2024-02-01;4;
1083;Syddanmark;2024-02-01;5;
1084;Hovedstaden;2024-02-02;13;
1082;Midtjylland;2024-02-02;2;
1081;Nordjylland;2024-02-02;1;
1085;Sjælland;2024-02-02;1;
1083;Syddanmark;2024-02-02;6;
1084;Hovedstaden;2024-02-03;5;
1082;Midtjylland;2024-02-03;3;
1081;Nordjylland;2024-02-03;3;
1083;Syddanmark;2024-02-03;2;
1084;Hovedstaden;2024-02-04;4;
1082;Midtjylland;2024-02-04;2;
1081;Nordjylland;2024-02-04;1;
1085;Sjælland;2024-02-04;2;
1083;Syddanmark;2024-02-04;5;
1084;Hovedstaden;2024-02-05;17;
1082;Midtjylland;2024-02-05;4;
1081;Nordjylland;2024-02-05;2;
1085;Sjælland;2024-02-05;1;
1083;Syddanmark;2024-02-05;4;
1084;Hovedstaden;2024-02-06;5;
1082;Midtjylland;2024-02-06;6;
1085;Sjælland;2024-02-06;2;
1083;Syddanmark;2024-02-06;4;
1084;Hovedstaden;2024-02-07;6;
1082;Midtjylland;2024-02-07;1;
1085;Sjælland;2024-02-07;2;
1083;Syddanmark;2024-02-07;2;
1084;Hovedstaden;2024-02-08;9;
1082;Midtjylland;2024-02-08;3;
1081;Nordjylland;2024-02-08;3;
1085;Sjælland;2024-02-08;3;
1083;Syddanmark;2024-02-08;6;
1084;Hovedstaden;2024-02-09;9;
1082;Midtjylland;2024-02-09;4;
1081;Nordjylland;2024-02-09;1;
1085;Sjælland;2024-02-09;1;
1083;Syddanmark;2024-02-09;4;
1084;Hovedstaden;2024-02-10;3;
1082;Midtjylland;2024-02-10;2;
1081;Nordjylland;2024-02-10;1;
1085;Sjælland;2024-02-10;3;
1083;Syddanmark;2024-02-10;1;
1084;Hovedstaden;2024-02-11;4;
1082;Midtjylland;2024-02-11;5;
1081;Nordjylland;2024-02-11;1;
1085;Sjælland;2024-02-11;2;
1083;Syddanmark;2024-02-11;5;
1084;Hovedstaden;2024-02-12;12;
1081;Nordjylland;2024-02-12;3;
1085;Sjælland;2024-02-12;6;
1083;Syddanmark;2024-02-12;6;
1084;Hovedstaden;2024-02-13;7;
1082;Midtjylland;2024-02-13;3;
1081;Nordjylland;2024-02-13;1;
1085;Sjælland;2024-02-13;5;
1083;Syddanmark;2024-02-13;4;
1084;Hovedstaden;2024-02-14;7;
1082;Midtjylland;2024-02-14;4;
1081;Nordjylland;2024-02-14;3;
1085;Sjælland;2024-02-14;5;
1083;Syddanmark;2024-02-14;10;
1084;Hovedstaden;2024-02-15;5;
1082;Midtjylland;2024-02-15;4;
1085;Sjælland;2024-02-15;2;
1083;Syddanmark;2024-02-15;1;
1084;Hovedstaden;2024-02-16;8;
1082;Midtjylland;2024-02-16;3;
1085;Sjælland;2024-02-16;2;
1084;Hovedstaden;2024-02-17;4;
1082;Midtjylland;2024-02-17;2;
1081;Nordjylland;2024-02-17;1;
1085;Sjælland;2024-02-17;1;
1083;Syddanmark;2024-02-17;1;
1084;Hovedstaden;2024-02-18;4;
1082;Midtjylland;2024-02-18;1;
1085;Sjælland;2024-02-18;2;
1083;Syddanmark;2024-02-18;1;
1084;Hovedstaden;2024-02-19;6;
1082;Midtjylland;2024-02-19;2;
1081;Nordjylland;2024-02-19;2;
1085;Sjælland;2024-02-19;1;
1083;Syddanmark;2024-02-19;4;
1084;Hovedstaden;2024-02-20;14;
1082;Midtjylland;2024-02-20;3;
1085;Sjælland;2024-02-20;3;
1083;Syddanmark;2024-02-20;2;
1084;Hovedstaden;2024-02-21;6;
1082;Midtjylland;2024-02-21;2;
1081;Nordjylland;2024-02-21;2;
1085;Sjælland;2024-02-21;2;
1083;Syddanmark;2024-02-21;2;
1084;Hovedstaden;2024-02-22;3;
1082;Midtjylland;2024-02-22;2;
1081;Nordjylland;2024-02-22;1;
1085;Sjælland;2024-02-22;5;
1084;Hovedstaden;2024-02-23;7;
1082;Midtjylland;2024-02-23;2;
1081;Nordjylland;2024-02-23;1;
1085;Sjælland;2024-02-23;1;
1084;Hovedstaden;2024-02-24;5;
1082;Midtjylland;2024-02-24;1;
1081;Nordjylland;2024-02-24;1;
1085;Sjælland;2024-02-24;2;
1083;Syddanmark;2024-02-24;1;
1084;Hovedstaden;2024-02-25;4;
1082;Midtjylland;2024-02-25;2;
1085;Sjælland;2024-02-25;1;
1084;Hovedstaden;2024-02-26;8;
1082;Midtjylland;2024-02-26;2;
1081;Nordjylland;2024-02-26;3;
1083;Syddanmark;2024-02-26;2;
1084;Hovedstaden;2024-02-27;11;
1085;Sjælland;2024-02-27;5;
1083;Syddanmark;2024-02-27;2;
1084;Hovedstaden;2024-02-28;7;
1082;Midtjylland;2024-02-28;4;
1081;Nordjylland;2024-02-28;1;
1085;Sjælland;2024-02-28;1;
1083;Syddanmark;2024-02-28;3;
1084;Hovedstaden;2024-02-29;3;
1082;Midtjylland;2024-02-29;1;
1081;Nordjylland;2024-02-29;2;
1085;Sjælland;2024-02-29;2;
1083;Syddanmark;2024-02-29;3;
1084;Hovedstaden;2024-03-01;6;
1082;Midtjylland;2024-03-01;1;
1081;Nordjylland;2024-03-01;2;
1085;Sjælland;2024-03-01;6;
1083;Syddanmark;2024-03-01;2;
1082;Midtjylland;2024-03-02;1;
1085;Sjælland;2024-03-02;1;
1083;Syddanmark;2024-03-02;1;
1084;Hovedstaden;2024-03-03;3;
1082;Midtjylland;2024-03-03;2;
1083;Syddanmark;2024-03-03;1;
1084;Hovedstaden;2024-03-04;5;
1082;Midtjylland;2024-03-04;5;
1083;Syddanmark;2024-03-04;2;
1084;Hovedstaden;2024-03-05;2;
1082;Midtjylland;2024-03-05;2;
1081;Nordjylland;2024-03-05;1;
1085;Sjælland;2024-03-05;3;
1083;Syddanmark;2024-03-05;2;
1084;Hovedstaden;2024-03-06;7;
1082;Midtjylland;2024-03-06;2;
1085;Sjælland;2024-03-06;1;
1083;Syddanmark;2024-03-06;1;
1084;Hovedstaden;2024-03-07;5;
1085;Sjælland;2024-03-07;1;
1083;Syddanmark;2024-03-07;1;
1084;Hovedstaden;2024-03-08;6;
1082;Midtjylland;2024-03-08;1;
1085;Sjælland;2024-03-08;2;
1084;Hovedstaden;2024-03-09;4;
1083;Syddanmark;2024-03-09;1;
1084;Hovedstaden;2024-03-10;4;
1082;Midtjylland;2024-03-10;1;
1085;Sjælland;2024-03-10;2;
1083;Syddanmark;2024-03-10;1;
1084;Hovedstaden;2024-03-11;3;
1082;Midtjylland;2024-03-11;2;
1081;Nordjylland;2024-03-11;1;
1085;Sjælland;2024-03-11;5;
1083;Syddanmark;2024-03-11;1;
1084;Hovedstaden;2024-03-12;9;
1082;Midtjylland;2024-03-12;3;
1083;Syddanmark;2024-03-12;1;
1084;Hovedstaden;2024-03-13;2;
1082;Midtjylland;2024-03-13;1;
1083;Syddanmark;2024-03-13;1;
1084;Hovedstaden;2024-03-14;10;
1083;Syddanmark;2024-03-14;5;
1084;Hovedstaden;2024-03-15;2;
1082;Midtjylland;2024-03-15;3;
1085;Sjælland;2024-03-15;1;
1083;Syddanmark;2024-03-15;2;
1081;Nordjylland;2024-03-16;2;
1083;Syddanmark;2024-03-16;2;
1084;Hovedstaden;2024-03-17;3;
1085;Sjælland;2024-03-17;1;
1083;Syddanmark;2024-03-17;3;
1084;Hovedstaden;2024-03-18;3;
1082;Midtjylland;2024-03-18;1;
1083;Syddanmark;2024-03-18;1;
1084;Hovedstaden;2024-03-19;5;
1082;Midtjylland;2024-03-19;4;
1085;Sjælland;2024-03-19;2;
1083;Syddanmark;2024-03-19;3;
1084;Hovedstaden;2024-03-20;12;
1082;Midtjylland;2024-03-20;2;
1083;Syddanmark;2024-03-20;1;
1084;Hovedstaden;2024-03-21;4;
1082;Midtjylland;2024-03-21;1;
1085;Sjælland;2024-03-21;2;
1084;Hovedstaden;2024-03-22;7;
1082;Midtjylland;2024-03-22;3;
1081;Nordjylland;2024-03-22;1;
1085;Sjælland;2024-03-22;1;
1083;Syddanmark;2024-03-22;1;
1084;Hovedstaden;2024-03-23;1;
1082;Midtjylland;2024-03-23;2;
1085;Sjælland;2024-03-23;3;
1083;Syddanmark;2024-03-23;1;
1084;Hovedstaden;2024-03-24;2;
1085;Sjælland;2024-03-24;1;
1084;Hovedstaden;2024-03-25;4;
1081;Nordjylland;2024-03-25;3;
1085;Sjælland;2024-03-25;1;
1083;Syddanmark;2024-03-25;4;
1084;Hovedstaden;2024-03-26;7;
1081;Nordjylland;2024-03-26;1;
1085;Sjælland;2024-03-26;3;
1083;Syddanmark;2024-03-26;1;
1084;Hovedstaden;2024-03-27;1;
1082;Midtjylland;2024-03-27;2;
1081;Nordjylland;2024-03-27;1;
1085;Sjælland;2024-03-27;1;
1083;Syddanmark;2024-03-27;1;
1084;Hovedstaden;2024-03-28;4;
1081;Nordjylland;2024-03-28;1;
1084;Hovedstaden;2024-03-29;2;
1082;Midtjylland;2024-03-29;2;
1085;Sjælland;2024-03-29;2;
1084;Hovedstaden;2024-03-30;2;
1085;Sjælland;2024-03-30;2;
1084;Hovedstaden;2024-03-31;3;
1082;Midtjylland;2024-03-31;1;
1081;Nordjylland;2024-03-31;1;
1085;Sjælland;2024-03-31;3;
1083;Syddanmark;2024-03-31;3;
1084;Hovedstaden;2024-04-01;4;
1085;Sjælland;2024-04-01;1;
1084;Hovedstaden;2024-04-02;4;
1082;Midtjylland;2024-04-02;2;
1085;Sjælland;2024-04-02;2;
1084;Hovedstaden;2024-04-03;5;
1085;Sjælland;2024-04-03;5;
1084;Hovedstaden;2024-04-04;4;
1084;Hovedstaden;2024-04-05;3;
1083;Syddanmark;2024-04-05;3;
1082;Midtjylland;2024-04-06;2;
1084;Hovedstaden;2024-04-07;3;
1082;Midtjylland;2024-04-07;1;
1081;Nordjylland;2024-04-07;1;
1085;Sjælland;2024-04-07;1;
1083;Syddanmark;2024-04-07;1;
1084;Hovedstaden;2024-04-08;6;
1082;Midtjylland;2024-04-08;3;
1081;Nordjylland;2024-04-08;1;
1085;Sjælland;2024-04-08;5;
1084;Hovedstaden;2024-04-09;4;
1082;Midtjylland;2024-04-09;3;
1083;Syddanmark;2024-04-09;1;
1084;Hovedstaden;2024-04-10;3;
1082;Midtjylland;2024-04-10;2;
1083;Syddanmark;2024-04-10;2;
1084;Hovedstaden;2024-04-11;3;
1081;Nordjylland;2024-04-11;2;
1083;Syddanmark;2024-04-11;2;
1084;Hovedstaden;2024-04-12;4;
1081;Nordjylland;2024-04-12;1;
1085;Sjælland;2024-04-12;1;
1084;Hovedstaden;2024-04-13;2;
1082;Midtjylland;2024-04-13;1;
1081;Nordjylland;2024-04-14;2;
1085;Sjælland;2024-04-14;2;
1083;Syddanmark;2024-04-14;1;
1084;Hovedstaden;2024-04-15;2;
1082;Midtjylland;2024-04-15;1;
1081;Nordjylland;2024-04-15;2;
1085;Sjælland;2024-04-15;3;
1083;Syddanmark;2024-04-15;1;
1084;Hovedstaden;2024-04-16;3;
1085;Sjælland;2024-04-16;1;
1083;Syddanmark;2024-04-16;2;
1084;Hovedstaden;2024-04-17;2;
1083;Syddanmark;2024-04-17;1;
1084;Hovedstaden;2024-04-18;2;
1082;Midtjylland;2024-04-18;2;
1081;Nordjylland;2024-04-18;1;
1085;Sjælland;2024-04-18;2;
1083;Syddanmark;2024-04-18;1;
1084;Hovedstaden;2024-04-19;4;
1085;Sjælland;2024-04-19;1;
1084;Hovedstaden;2024-04-20;1;
1085;Sjælland;2024-04-20;3;
1083;Syddanmark;2024-04-20;1;
1085;Sjælland;2024-04-21;1;
1084;Hovedstaden;2024-04-22;3;
1082;Midtjylland;2024-04-22;3;
1085;Sjælland;2024-04-22;2;
1084;Hovedstaden;2024-04-23;2;
1082;Midtjylland;2024-04-23;1;
1085;Sjælland;2024-04-23;2;
1083;Syddanmark;2024-04-23;1;
1084;Hovedstaden;2024-04-24;3;
1082;Midtjylland;2024-04-24;1;
1085;Sjælland;2024-04-24;2;
1083;Syddanmark;2024-04-24;1;
1084;Hovedstaden;2024-04-25;4;
1083;Syddanmark;2024-04-25;1;
1084;Hovedstaden;2024-04-26;2;
1082;Midtjylland;2024-04-26;1;
1081;Nordjylland;2024-04-26;1;
1083;Syddanmark;2024-04-26;1;
1084;Hovedstaden;2024-04-27;1;
1082;Midtjylland;2024-04-27;1;
1085;Sjælland;2024-04-27;1;
1083;Syddanmark;2024-04-27;1;
1084;Hovedstaden;2024-04-28;3;
1083;Syddanmark;2024-04-28;2;
1084;Hovedstaden;2024-04-29;4;
1082;Midtjylland;2024-04-29;1;
1085;Sjælland;2024-04-29;2;
1083;Syddanmark;2024-04-29;2;
1084;Hovedstaden;2024-04-30;10;
1082;Midtjylland;2024-04-30;1;
1085;Sjælland;2024-04-30;3;
1083;Syddanmark;2024-04-30;2;
1084;Hovedstaden;2024-05-01;5;
1085;Sjælland;2024-05-01;3;
1083;Syddanmark;2024-05-01;1;
1084;Hovedstaden;2024-05-02;7;
1085;Sjælland;2024-05-02;1;
1084;Hovedstaden;2024-05-03;11;
1085;Sjælland;2024-05-03;1;
1083;Syddanmark;2024-05-03;1;
1084;Hovedstaden;2024-05-04;2;
1081;Nordjylland;2024-05-04;2;
1085;Sjælland;2024-05-04;1;
1083;Syddanmark;2024-05-04;1;
1084;Hovedstaden;2024-05-05;1;
1084;Hovedstaden;2024-05-06;6;
1082;Midtjylland;2024-05-06;3;
1085;Sjælland;2024-05-06;1;
1083;Syddanmark;2024-05-06;1;
1084;Hovedstaden;2024-05-07;9;
1082;Midtjylland;2024-05-07;2;
1085;Sjælland;2024-05-07;3;
1084;Hovedstaden;2024-05-08;2;
1085;Sjælland;2024-05-08;2;
1084;Hovedstaden;2024-05-09;5;
1084;Hovedstaden;2024-05-10;7;
1085;Sjælland;2024-05-10;1;
1083;Syddanmark;2024-05-10;2;
1083;Syddanmark;2024-05-11;1;
1084;Hovedstaden;2024-05-12;4;
1081;Nordjylland;2024-05-12;1;
1083;Syddanmark;2024-05-12;1;
1084;Hovedstaden;2024-05-13;2;
1081;Nordjylland;2024-05-13;1;
1085;Sjælland;2024-05-13;1;
1083;Syddanmark;2024-05-13;1;
1084;Hovedstaden;2024-05-14;10;
1082;Midtjylland;2024-05-14;4;
1085;Sjælland;2024-05-14;3;
1083;Syddanmark;2024-05-14;1;
1084;Hovedstaden;2024-05-15;4;
1081;Nordjylland;2024-05-15;2;
1083;Syddanmark;2024-05-15;2;
1084;Hovedstaden;2024-05-16;5;
1083;Syddanmark;2024-05-16;2;
1084;Hovedstaden;2024-05-17;12;
1082;Midtjylland;2024-05-17;2;
1085;Sjælland;2024-05-17;1;
1083;Syddanmark;2024-05-17;1;
1084;Hovedstaden;2024-05-18;5;
1082;Midtjylland;2024-05-18;1;
1084;Hovedstaden;2024-05-19;5;
1085;Sjælland;2024-05-19;1;
1084;Hovedstaden;2024-05-20;4;
1082;Midtjylland;2024-05-20;1;
1085;Sjælland;2024-05-20;2;
1083;Syddanmark;2024-05-20;1;
1084;Hovedstaden;2024-05-21;7;
1082;Midtjylland;2024-05-21;3;
1081;Nordjylland;2024-05-21;1;
1085;Sjælland;2024-05-21;4;
1083;Syddanmark;2024-05-21;3;
1084;Hovedstaden;2024-05-22;4;
1081;Nordjylland;2024-05-22;2;
1083;Syddanmark;2024-05-22;2;
1084;Hovedstaden;2024-05-23;8;
1083;Syddanmark;2024-05-23;2;
1084;Hovedstaden;2024-05-24;7;
1081;Nordjylland;2024-05-24;1;
1083;Syddanmark;2024-05-24;1;
1084;Hovedstaden;2024-05-25;2;
1084;Hovedstaden;2024-05-26;1;
1081;Nordjylland;2024-05-26;1;
1085;Sjælland;2024-05-26;2;
1084;Hovedstaden;2024-05-27;7;
1085;Sjælland;2024-05-27;4;
1083;Syddanmark;2024-05-27;2;
1084;Hovedstaden;2024-05-28;8;
1082;Midtjylland;2024-05-28;1;
1081;Nordjylland;2024-05-28;1;
1085;Sjælland;2024-05-28;1;
1083;Syddanmark;2024-05-28;3;
1084;Hovedstaden;2024-05-29;5;
1084;Hovedstaden;2024-05-30;7;
1082;Midtjylland;2024-05-30;1;
1083;Syddanmark;2024-05-30;2;
1084;Hovedstaden;2024-05-31;4;
1081;Nordjylland;2024-05-31;1;
1084;Hovedstaden;2024-06-01;2;
1085;Sjælland;2024-06-01;2;
1083;Syddanmark;2024-06-01;2;
1084;Hovedstaden;2024-06-02;4;
1082;Midtjylland;2024-06-02;1;
1085;Sjælland;2024-06-02;1;
1084;Hovedstaden;2024-06-03;8;
1082;Midtjylland;2024-06-03;3;
1085;Sjælland;2024-06-03;2;
1083;Syddanmark;2024-06-03;2;
1084;Hovedstaden;2024-06-04;8;
1085;Sjælland;2024-06-04;1;
1084;Hovedstaden;2024-06-05;3;
1082;Midtjylland;2024-06-05;1;
1085;Sjælland;2024-06-05;1;
1084;Hovedstaden;2024-06-06;6;
1082;Midtjylland;2024-06-06;3;
1085;Sjælland;2024-06-06;2;
1083;Syddanmark;2024-06-06;3;
1084;Hovedstaden;2024-06-07;6;
1082;Midtjylland;2024-06-07;1;
1081;Nordjylland;2024-06-07;2;
1085;Sjælland;2024-06-07;3;
1084;Hovedstaden;2024-06-08;3;
1081;Nordjylland;2024-06-08;1;
1085;Sjælland;2024-06-08;1;
1084;Hovedstaden;2024-06-09;3;
1082;Midtjylland;2024-06-09;1;
1084;Hovedstaden;2024-06-10;13;
1082;Midtjylland;2024-06-10;1;
1085;Sjælland;2024-06-10;1;
1083;Syddanmark;2024-06-10;1;
1084;Hovedstaden;2024-06-11;10;
1082;Midtjylland;2024-06-11;2;
1085;Sjælland;2024-06-11;1;
1083;Syddanmark;2024-06-11;2;
1084;Hovedstaden;2024-06-12;10;
1082;Midtjylland;2024-06-12;2;
1081;Nordjylland;2024-06-12;3;
1085;Sjælland;2024-06-12;1;
1083;Syddanmark;2024-06-12;1;
1084;Hovedstaden;2024-06-13;14;
1082;Midtjylland;2024-06-13;1;
1081;Nordjylland;2024-06-13;2;
1085;Sjælland;2024-06-13;1;
1084;Hovedstaden;2024-06-14;6;
1082;Midtjylland;2024-06-14;2;
1081;Nordjylland;2024-06-14;1;
1085;Sjælland;2024-06-14;2;
1084;Hovedstaden;2024-06-15;7;
1081;Nordjylland;2024-06-15;1;
1085;Sjælland;2024-06-15;4;
1083;Syddanmark;2024-06-15;1;
1084;Hovedstaden;2024-06-16;12;
1082;Midtjylland;2024-06-16;2;
1081;Nordjylland;2024-06-16;2;
1085;Sjælland;2024-06-16;4;
1083;Syddanmark;2024-06-16;2;
1084;Hovedstaden;2024-06-17;20;
1082;Midtjylland;2024-06-17;4;
1081;Nordjylland;2024-06-17;1;
1085;Sjælland;2024-06-17;4;
1083;Syddanmark;2024-06-17;5;
1084;Hovedstaden;2024-06-18;12;
1082;Midtjylland;2024-06-18;2;
1085;Sjælland;2024-06-18;5;
1083;Syddanmark;2024-06-18;3;
1084;Hovedstaden;2024-06-19;15;
1082;Midtjylland;2024-06-19;5;
1085;Sjælland;2024-06-19;7;
1083;Syddanmark;2024-06-19;5;
1084;Hovedstaden;2024-06-20;20;
1082;Midtjylland;2024-06-20;1;
1085;Sjælland;2024-06-20;3;
1083;Syddanmark;2024-06-20;2;
1084;Hovedstaden;2024-06-21;21;
1081;Nordjylland;2024-06-21;1;
1085;Sjælland;2024-06-21;4;
1083;Syddanmark;2024-06-21;3;
1084;Hovedstaden;2024-06-22;5;
1082;Midtjylland;2024-06-22;2;
1083;Syddanmark;2024-06-22;3;
1084;Hovedstaden;2024-06-23;16;
1082;Midtjylland;2024-06-23;5;
1081;Nordjylland;2024-06-23;1;
1085;Sjælland;2024-06-23;2;
1083;Syddanmark;2024-06-23;2;
1084;Hovedstaden;2024-06-24;23;
1082;Midtjylland;2024-06-24;4;
1085;Sjælland;2024-06-24;4;
1083;Syddanmark;2024-06-24;8;
1084;Hovedstaden;2024-06-25;26;
1082;Midtjylland;2024-06-25;1;
1081;Nordjylland;2024-06-25;2;
1083;Syddanmark;2024-06-25;3;
1084;Hovedstaden;2024-06-26;22;
1082;Midtjylland;2024-06-26;2;
1081;Nordjylland;2024-06-26;3;
1085;Sjælland;2024-06-26;4;
1083;Syddanmark;2024-06-26;6;
1084;Hovedstaden;2024-06-27;49;
1082;Midtjylland;2024-06-27;6;
1081;Nordjylland;2024-06-27;3;
1085;Sjælland;2024-06-27;2;
1084;Hovedstaden;2024-06-28;36;
1082;Midtjylland;2024-06-28;2;
1085;Sjælland;2024-06-28;2;
1083;Syddanmark;2024-06-28;7;
1084;Hovedstaden;2024-06-29;12;
1082;Midtjylland;2024-06-29;6;
1085;Sjælland;2024-06-29;3;
1083;Syddanmark;2024-06-29;3;
1084;Hovedstaden;2024-06-30;7;
1082;Midtjylland;2024-06-30;1;
1081;Nordjylland;2024-06-30;3;
1085;Sjælland;2024-06-30;2;
1083;Syddanmark;2024-06-30;6;
1084;Hovedstaden;2024-07-01;35;
1082;Midtjylland;2024-07-01;6;
1081;Nordjylland;2024-07-01;1;
1085;Sjælland;2024-07-01;5;
1083;Syddanmark;2024-07-01;5;
1084;Hovedstaden;2024-07-02;35;
1082;Midtjylland;2024-07-02;9;
1081;Nordjylland;2024-07-02;2;
1085;Sjælland;2024-07-02;7;
1083;Syddanmark;2024-07-02;8;
1084;Hovedstaden;2024-07-03;17;
1082;Midtjylland;2024-07-03;7;
1081;Nordjylland;2024-07-03;2;
1085;Sjælland;2024-07-03;5;
1083;Syddanmark;2024-07-03;7;
1084;Hovedstaden;2024-07-04;32;
1082;Midtjylland;2024-07-04;6;
1085;Sjælland;2024-07-04;3;
1083;Syddanmark;2024-07-04;7;
1084;Hovedstaden;2024-07-05;29;
1082;Midtjylland;2024-07-05;2;
1081;Nordjylland;2024-07-05;4;
1085;Sjælland;2024-07-05;4;
1083;Syddanmark;2024-07-05;6;
1084;Hovedstaden;2024-07-06;12;
1082;Midtjylland;2024-07-06;1;
1081;Nordjylland;2024-07-06;4;
1085;Sjælland;2024-07-06;3;
1083;Syddanmark;2024-07-06;5;
1084;Hovedstaden;2024-07-07;21;
1082;Midtjylland;2024-07-07;3;
1081;Nordjylland;2024-07-07;4;
1085;Sjælland;2024-07-07;1;
1083;Syddanmark;2024-07-07;4;
1084;Hovedstaden;2024-07-08;40;
1082;Midtjylland;2024-07-08;6;
1081;Nordjylland;2024-07-08;5;
1085;Sjælland;2024-07-08;5;
1083;Syddanmark;2024-07-08;7;
1084;Hovedstaden;2024-07-09;44;
1082;Midtjylland;2024-07-09;6;
1081;Nordjylland;2024-07-09;5;
1085;Sjælland;2024-07-09;6;
1083;Syddanmark;2024-07-09;11;
1084;Hovedstaden;2024-07-10;52;
1082;Midtjylland;2024-07-10;12;
1081;Nordjylland;2024-07-10;5;
1085;Sjælland;2024-07-10;6;
1083;Syddanmark;2024-07-10;14;
1084;Hovedstaden;2024-07-11;44;
1082;Midtjylland;2024-07-11;10;
1081;Nordjylland;2024-07-11;9;
1085;Sjælland;2024-07-11;11;
1083;Syddanmark;2024-07-11;10;
1084;Hovedstaden;2024-07-12;36;
1082;Midtjylland;2024-07-12;8;
1081;Nordjylland;2024-07-12;4;
1085;Sjælland;2024-07-12;4;
1083;Syddanmark;2024-07-12;12;
1084;Hovedstaden;2024-07-13;30;
1082;Midtjylland;2024-07-13;4;
1085;Sjælland;2024-07-13;4;
1083;Syddanmark;2024-07-13;8;
1084;Hovedstaden;2024-07-14;19;
1082;Midtjylland;2024-07-14;8;
1081;Nordjylland;2024-07-14;1;
1085;Sjælland;2024-07-14;4;
1083;Syddanmark;2024-07-14;5;
1084;Hovedstaden;2024-07-15;74;
1082;Midtjylland;2024-07-15;6;
1081;Nordjylland;2024-07-15;5;
1085;Sjælland;2024-07-15;14;
1083;Syddanmark;2024-07-15;17;
1084;Hovedstaden;2024-07-16;48;
1082;Midtjylland;2024-07-16;9;
1081;Nordjylland;2024-07-16;7;
1085;Sjælland;2024-07-16;5;
1083;Syddanmark;2024-07-16;18;
1084;Hovedstaden;2024-07-17;37;
1082;Midtjylland;2024-07-17;9;
1081;Nordjylland;2024-07-17;2;
1085;Sjælland;2024-07-17;5;
1083;Syddanmark;2024-07-17;10;
1084;Hovedstaden;2024-07-18;48;
1082;Midtjylland;2024-07-18;12;
1081;Nordjylland;2024-07-18;5;
1085;Sjælland;2024-07-18;11;
1083;Syddanmark;2024-07-18;12;
1084;Hovedstaden;2024-07-19;28;
1082;Midtjylland;2024-07-19;4;
1081;Nordjylland;2024-07-19;3;
1085;Sjælland;2024-07-19;8;
1083;Syddanmark;2024-07-19;9;
1084;Hovedstaden;2024-07-20;23;
1082;Midtjylland;2024-07-20;9;
1081;Nordjylland;2024-07-20;2;
1085;Sjælland;2024-07-20;4;
1083;Syddanmark;2024-07-20;12;
1084;Hovedstaden;2024-07-21;12;
1082;Midtjylland;2024-07-21;5;
1081;Nordjylland;2024-07-21;6;
1085;Sjælland;2024-07-21;10;
1083;Syddanmark;2024-07-21;13;
1084;Hovedstaden;2024-07-22;48;
1082;Midtjylland;2024-07-22;10;
1081;Nordjylland;2024-07-22;8;
1085;Sjælland;2024-07-22;5;
1083;Syddanmark;2024-07-22;18;
1084;Hovedstaden;2024-07-23;43;
1082;Midtjylland;2024-07-23;7;
1081;Nordjylland;2024-07-23;4;
1085;Sjælland;2024-07-23;12;
1083;Syddanmark;2024-07-23;9;
1084;Hovedstaden;2024-07-24;34;
1082;Midtjylland;2024-07-24;11;
1081;Nordjylland;2024-07-24;6;
1085;Sjælland;2024-07-24;5;
1083;Syddanmark;2024-07-24;10;
1084;Hovedstaden;2024-07-25;35;
1082;Midtjylland;2024-07-25;9;
1081;Nordjylland;2024-07-25;4;
1085;Sjælland;2024-07-25;8;
1083;Syddanmark;2024-07-25;12;
1084;Hovedstaden;2024-07-26;23;
1082;Midtjylland;2024-07-26;3;
1081;Nordjylland;2024-07-26;2;
1085;Sjælland;2024-07-26;9;
1083;Syddanmark;2024-07-26;10;
1084;Hovedstaden;2024-07-27;16;
1082;Midtjylland;2024-07-27;2;
1081;Nordjylland;2024-07-27;6;
1085;Sjælland;2024-07-27;6;
1083;Syddanmark;2024-07-27;4;
1084;Hovedstaden;2024-07-28;12;
1082;Midtjylland;2024-07-28;5;
1081;Nordjylland;2024-07-28;5;
1085;Sjælland;2024-07-28;5;
1083;Syddanmark;2024-07-28;5;
1084;Hovedstaden;2024-07-29;29;
1082;Midtjylland;2024-07-29;7;
1081;Nordjylland;2024-07-29;8;
1085;Sjælland;2024-07-29;6;
1083;Syddanmark;2024-07-29;7;
1084;Hovedstaden;2024-07-30;31;
1082;Midtjylland;2024-07-30;6;
1081;Nordjylland;2024-07-30;6;
1085;Sjælland;2024-07-30;7;
1083;Syddanmark;2024-07-30;9;
1084;Hovedstaden;2024-07-31;32;
1082;Midtjylland;2024-07-31;5;
1081;Nordjylland;2024-07-31;2;
1085;Sjælland;2024-07-31;6;
1083;Syddanmark;2024-07-31;9;
1084;Hovedstaden;2024-08-01;21;
1082;Midtjylland;2024-08-01;3;
1081;Nordjylland;2024-08-01;5;
1085;Sjælland;2024-08-01;5;
1083;Syddanmark;2024-08-01;9;
1084;Hovedstaden;2024-08-02;16;
1082;Midtjylland;2024-08-02;6;
1081;Nordjylland;2024-08-02;6;
1085;Sjælland;2024-08-02;5;
1083;Syddanmark;2024-08-02;7;
1084;Hovedstaden;2024-08-03;14;
1082;Midtjylland;2024-08-03;7;
1081;Nordjylland;2024-08-03;4;
1085;Sjælland;2024-08-03;3;
1083;Syddanmark;2024-08-03;4;
1084;Hovedstaden;2024-08-04;15;
1082;Midtjylland;2024-08-04;6;
1081;Nordjylland;2024-08-04;2;
1085;Sjælland;2024-08-04;11;
1083;Syddanmark;2024-08-04;7;
1084;Hovedstaden;2024-08-05;27;
1082;Midtjylland;2024-08-05;7;
1081;Nordjylland;2024-08-05;6;
1085;Sjælland;2024-08-05;6;
1083;Syddanmark;2024-08-05;9;
1084;Hovedstaden;2024-08-06;25;
1082;Midtjylland;2024-08-06;11;
1081;Nordjylland;2024-08-06;7;
1085;Sjælland;2024-08-06;3;
1083;Syddanmark;2024-08-06;10;
1084;Hovedstaden;2024-08-07;26;
1082;Midtjylland;2024-08-07;3;
1081;Nordjylland;2024-08-07;3;
1085;Sjælland;2024-08-07;8;
1083;Syddanmark;2024-08-07;9;
1084;Hovedstaden;2024-08-08;32;
1082;Midtjylland;2024-08-08;8;
1081;Nordjylland;2024-08-08;5;
1085;Sjælland;2024-08-08;6;
1083;Syddanmark;2024-08-08;8;
1084;Hovedstaden;2024-08-09;27;
1082;Midtjylland;2024-08-09;5;
1081;Nordjylland;2024-08-09;3;
1085;Sjælland;2024-08-09;7;
1083;Syddanmark;2024-08-09;13;
1084;Hovedstaden;2024-08-10;11;
1082;Midtjylland;2024-08-10;7;
1081;Nordjylland;2024-08-10;1;
1085;Sjælland;2024-08-10;7;
1083;Syddanmark;2024-08-10;5;
1084;Hovedstaden;2024-08-11;8;
1082;Midtjylland;2024-08-11;3;
1081;Nordjylland;2024-08-11;4;
1085;Sjælland;2024-08-11;10;
1083;Syddanmark;2024-08-11;4;
1084;Hovedstaden;2024-08-12;35;
1082;Midtjylland;2024-08-12;8;
1081;Nordjylland;2024-08-12;5;
1085;Sjælland;2024-08-12;11;
1083;Syddanmark;2024-08-12;12;
1084;Hovedstaden;2024-08-13;34;
1082;Midtjylland;2024-08-13;6;
1081;Nordjylland;2024-08-13;4;
1085;Sjælland;2024-08-13;9;
1083;Syddanmark;2024-08-13;10;
1084;Hovedstaden;2024-08-14;42;
1082;Midtjylland;2024-08-14;8;
1081;Nordjylland;2024-08-14;4;
1085;Sjælland;2024-08-14;8;
1083;Syddanmark;2024-08-14;10;
1084;Hovedstaden;2024-08-15;38;
1082;Midtjylland;2024-08-15;9;
1081;Nordjylland;2024-08-15;2;
1085;Sjælland;2024-08-15;4;
1083;Syddanmark;2024-08-15;14;
1084;Hovedstaden;2024-08-16;30;
1082;Midtjylland;2024-08-16;7;
1081;Nordjylland;2024-08-16;5;
1085;Sjælland;2024-08-16;8;
1083;Syddanmark;2024-08-16;6;
1084;Hovedstaden;2024-08-17;11;
1082;Midtjylland;2024-08-17;6;
1081;Nordjylland;2024-08-17;3;
1085;Sjælland;2024-08-17;5;
1083;Syddanmark;2024-08-17;5;
1084;Hovedstaden;2024-08-18;14;
1082;Midtjylland;2024-08-18;3;
1081;Nordjylland;2024-08-18;3;
1085;Sjælland;2024-08-18;11;
1083;Syddanmark;2024-08-18;3;
1084;Hovedstaden;2024-08-19;44;
1082;Midtjylland;2024-08-19;13;
1081;Nordjylland;2024-08-19;4;
1085;Sjælland;2024-08-19;7;
1083;Syddanmark;2024-08-19;10;
1084;Hovedstaden;2024-08-20;36;
1082;Midtjylland;2024-08-20;11;
1081;Nordjylland;2024-08-20;9;
1085;Sjælland;2024-08-20;9;
1083;Syddanmark;2024-08-20;12;
1084;Hovedstaden;2024-08-21;37;
1082;Midtjylland;2024-08-21;11;
1081;Nordjylland;2024-08-21;5;
1085;Sjælland;2024-08-21;3;
1083;Syddanmark;2024-08-21;7;
1084;Hovedstaden;2024-08-22;41;
1082;Midtjylland;2024-08-22;14;
1081;Nordjylland;2024-08-22;6;
1085;Sjælland;2024-08-22;3;
1083;Syddanmark;2024-08-22;11;
1084;Hovedstaden;2024-08-23;42;
1082;Midtjylland;2024-08-23;12;
1081;Nordjylland;2024-08-23;2;
1085;Sjælland;2024-08-23;5;
1083;Syddanmark;2024-08-23;8;
1084;Hovedstaden;2024-08-24;10;
1082;Midtjylland;2024-08-24;6;
1081;Nordjylland;2024-08-24;7;
1085;Sjælland;2024-08-24;9;
1083;Syddanmark;2024-08-24;5;
1084;Hovedstaden;2024-08-25;19;
1082;Midtjylland;2024-08-25;3;
1081;Nordjylland;2024-08-25;5;
1085;Sjælland;2024-08-25;6;
1083;Syddanmark;2024-08-25;8;
1084;Hovedstaden;2024-08-26;57;
1082;Midtjylland;2024-08-26;7;
1081;Nordjylland;2024-08-26;10;
1085;Sjælland;2024-08-26;7;
1083;Syddanmark;2024-08-26;12;
1084;Hovedstaden;2024-08-27;44;
1082;Midtjylland;2024-08-27;8;
1081;Nordjylland;2024-08-27;5;
1085;Sjælland;2024-08-27;7;
1083;Syddanmark;2024-08-27;16;
1084;Hovedstaden;2024-08-28;47;
1082;Midtjylland;2024-08-28;16;
1081;Nordjylland;2024-08-28;6;
1085;Sjælland;2024-08-28;6;
1083;Syddanmark;2024-08-28;15;
1084;Hovedstaden;2024-08-29;36;
1082;Midtjylland;2024-08-29;18;
1081;Nordjylland;2024-08-29;15;
1085;Sjælland;2024-08-29;8;
1083;Syddanmark;2024-08-29;14;
1084;Hovedstaden;2024-08-30;35;
1082;Midtjylland;2024-08-30;3;
1081;Nordjylland;2024-08-30;6;
1085;Sjælland;2024-08-30;9;
1083;Syddanmark;2024-08-30;14;
1084;Hovedstaden;2024-08-31;10;
1082;Midtjylland;2024-08-31;7;
1081;Nordjylland;2024-08-31;6;
1085;Sjælland;2024-08-31;6;
1083;Syddanmark;2024-08-31;2;
1084;Hovedstaden;2024-09-01;14;
1082;Midtjylland;2024-09-01;8;
1081;Nordjylland;2024-09-01;10;
1085;Sjælland;2024-09-01;7;
1083;Syddanmark;2024-09-01;8;
1084;Hovedstaden;2024-09-02;58;
1082;Midtjylland;2024-09-02;16;
1081;Nordjylland;2024-09-02;2;
1085;Sjælland;2024-09-02;10;
1083;Syddanmark;2024-09-02;11;
1084;Hovedstaden;2024-09-03;47;
1082;Midtjylland;2024-09-03;10;
1081;Nordjylland;2024-09-03;10;
1085;Sjælland;2024-09-03;14;
1083;Syddanmark;2024-09-03;14;
1084;Hovedstaden;2024-09-04;26;
1082;Midtjylland;2024-09-04;6;
1081;Nordjylland;2024-09-04;9;
1085;Sjælland;2024-09-04;8;
1083;Syddanmark;2024-09-04;10;
1084;Hovedstaden;2024-09-05;38;
1082;Midtjylland;2024-09-05;18;
1081;Nordjylland;2024-09-05;7;
1085;Sjælland;2024-09-05;12;
1083;Syddanmark;2024-09-05;18;
1084;Hovedstaden;2024-09-06;36;
1082;Midtjylland;2024-09-06;10;
1081;Nordjylland;2024-09-06;7;
1085;Sjælland;2024-09-06;18;
1083;Syddanmark;2024-09-06;12;
1084;Hovedstaden;2024-09-07;15;
1082;Midtjylland;2024-09-07;4;
1081;Nordjylland;2024-09-07;9;
1085;Sjælland;2024-09-07;10;
1083;Syddanmark;2024-09-07;7;
1084;Hovedstaden;2024-09-08;22;
1082;Midtjylland;2024-09-08;3;
1081;Nordjylland;2024-09-08;2;
1085;Sjælland;2024-09-08;13;
1083;Syddanmark;2024-09-08;6;
1084;Hovedstaden;2024-09-09;42;
1082;Midtjylland;2024-09-09;8;
1081;Nordjylland;2024-09-09;2;
1085;Sjælland;2024-09-09;10;
1083;Syddanmark;2024-09-09;17;
1084;Hovedstaden;2024-09-10;24;
1082;Midtjylland;2024-09-10;4;
1081;Nordjylland;2024-09-10;6;
1085;Sjælland;2024-09-10;2;
1083;Syddanmark;2024-09-10;15;
1084;Hovedstaden;2024-09-11;28;
1082;Midtjylland;2024-09-11;5;
1081;Nordjylland;2024-09-11;8;
1085;Sjælland;2024-09-11;10;
1083;Syddanmark;2024-09-11;8;
1084;Hovedstaden;2024-09-12;18;
1082;Midtjylland;2024-09-12;4;
1081;Nordjylland;2024-09-12;5;
1085;Sjælland;2024-09-12;10;
1083;Syddanmark;2024-09-12;4;
1084;Hovedstaden;2024-09-13;16;
1082;Midtjylland;2024-09-13;6;
1081;Nordjylland;2024-09-13;3;
1085;Sjælland;2024-09-13;5;
1083;Syddanmark;2024-09-13;5;
1084;Hovedstaden;2024-09-14;14;
1082;Midtjylland;2024-09-14;4;
1081;Nordjylland;2024-09-14;4;
1085;Sjælland;2024-09-14;6;
1083;Syddanmark;2024-09-14;6;
1084;Hovedstaden;2024-09-15;16;
1082;Midtjylland;2024-09-15;5;
1081;Nordjylland;2024-09-15;4;
1085;Sjælland;2024-09-15;10;
1083;Syddanmark;2024-09-15;2;
1084;Hovedstaden;2024-09-16;30;
1082;Midtjylland;2024-09-16;3;
1081;Nordjylland;2024-09-16;6;
1085;Sjælland;2024-09-16;10;
1083;Syddanmark;2024-09-16;11;
1084;Hovedstaden;2024-09-17;37;
1082;Midtjylland;2024-09-17;10;
1085;Sjælland;2024-09-17;13;
1083;Syddanmark;2024-09-17;10;
1084;Hovedstaden;2024-09-18;31;
1082;Midtjylland;2024-09-18;4;
1081;Nordjylland;2024-09-18;3;
1085;Sjælland;2024-09-18;6;
1083;Syddanmark;2024-09-18;8;
1084;Hovedstaden;2024-09-19;20;
1082;Midtjylland;2024-09-19;7;
1081;Nordjylland;2024-09-19;2;
1085;Sjælland;2024-09-19;7;
1083;Syddanmark;2024-09-19;13;
1084;Hovedstaden;2024-09-20;32;
1082;Midtjylland;2024-09-20;4;
1081;Nordjylland;2024-09-20;3;
1085;Sjælland;2024-09-20;6;
1083;Syddanmark;2024-09-20;7;
1084;Hovedstaden;2024-09-21;12;
1082;Midtjylland;2024-09-21;5;
1081;Nordjylland;2024-09-21;4;
1085;Sjælland;2024-09-21;7;
1083;Syddanmark;2024-09-21;5;
1084;Hovedstaden;2024-09-22;16;
1082;Midtjylland;2024-09-22;3;
1081;Nordjylland;2024-09-22;9;
1085;Sjælland;2024-09-22;9;
1083;Syddanmark;2024-09-22;8;
1084;Hovedstaden;2024-09-23;43;
1082;Midtjylland;2024-09-23;10;
1081;Nordjylland;2024-09-23;9;
1085;Sjælland;2024-09-23;12;
1083;Syddanmark;2024-09-23;9;
1084;Hovedstaden;2024-09-24;25;
1082;Midtjylland;2024-09-24;9;
1081;Nordjylland;2024-09-24;4;
1085;Sjælland;2024-09-24;4;
1083;Syddanmark;2024-09-24;11;
1084;Hovedstaden;2024-09-25;41;
1082;Midtjylland;2024-09-25;10;
1081;Nordjylland;2024-09-25;3;
1085;Sjælland;2024-09-25;5;
1083;Syddanmark;2024-09-25;7;
1084;Hovedstaden;2024-09-26;33;
1082;Midtjylland;2024-09-26;7;
1081;Nordjylland;2024-09-26;3;
1085;Sjælland;2024-09-26;7;
1083;Syddanmark;2024-09-26;9;
1084;Hovedstaden;2024-09-27;17;
1082;Midtjylland;2024-09-27;7;
1081;Nordjylland;2024-09-27;3;
1085;Sjælland;2024-09-27;4;
1083;Syddanmark;2024-09-27;7;
1084;Hovedstaden;2024-09-28;9;
1082;Midtjylland;2024-09-28;4;
1081;Nordjylland;2024-09-28;5;
1085;Sjælland;2024-09-28;4;
1083;Syddanmark;2024-09-28;6;
1084;Hovedstaden;2024-09-29;10;
1082;Midtjylland;2024-09-29;1;
1081;Nordjylland;2024-09-29;2;
1085;Sjælland;2024-09-29;5;
1083;Syddanmark;2024-09-29;7;
1084;Hovedstaden;2024-09-30;25;
1082;Midtjylland;2024-09-30;6;
1081;Nordjylland;2024-09-30;5;
1085;Sjælland;2024-09-30;2;
1083;Syddanmark;2024-09-30;13;
1084;Hovedstaden;2024-10-01;29;
1082;Midtjylland;2024-10-01;7;
1081;Nordjylland;2024-10-01;7;
1085;Sjælland;2024-10-01;9;
1083;Syddanmark;2024-10-01;6;
1084;Hovedstaden;2024-10-02;36;
1082;Midtjylland;2024-10-02;6;
1081;Nordjylland;2024-10-02;2;
1085;Sjælland;2024-10-02;12;
1083;Syddanmark;2024-10-02;10;
1084;Hovedstaden;2024-10-03;35;
1082;Midtjylland;2024-10-03;7;
1081;Nordjylland;2024-10-03;6;
1085;Sjælland;2024-10-03;9;
1083;Syddanmark;2024-10-03;9;
1084;Hovedstaden;2024-10-04;22;
1082;Midtjylland;2024-10-04;8;
1081;Nordjylland;2024-10-04;4;
1085;Sjælland;2024-10-04;13;
1083;Syddanmark;2024-10-04;10;
1084;Hovedstaden;2024-10-05;15;
1082;Midtjylland;2024-10-05;5;
1081;Nordjylland;2024-10-05;2;
1085;Sjælland;2024-10-05;5;
1083;Syddanmark;2024-10-05;9;
1084;Hovedstaden;2024-10-06;17;
1082;Midtjylland;2024-10-06;10;
1081;Nordjylland;2024-10-06;4;
1085;Sjælland;2024-10-06;7;
1083;Syddanmark;2024-10-06;9;
1084;Hovedstaden;2024-10-07;42;
1082;Midtjylland;2024-10-07;11;
1081;Nordjylland;2024-10-07;7;
1085;Sjælland;2024-10-07;10;
1083;Syddanmark;2024-10-07;24;
1084;Hovedstaden;2024-10-08;51;
1082;Midtjylland;2024-10-08;8;
1081;Nordjylland;2024-10-08;7;
1085;Sjælland;2024-10-08;11;
1083;Syddanmark;2024-10-08;15;
1084;Hovedstaden;2024-10-09;27;
1082;Midtjylland;2024-10-09;9;
1081;Nordjylland;2024-10-09;4;
1085;Sjælland;2024-10-09;17;
1083;Syddanmark;2024-10-09;11;
1084;Hovedstaden;2024-10-10;27;
1082;Midtjylland;2024-10-10;6;
1081;Nordjylland;2024-10-10;10;
1085;Sjælland;2024-10-10;14;
1083;Syddanmark;2024-10-10;9;
1084;Hovedstaden;2024-10-11;26;
1082;Midtjylland;2024-10-11;4;
1081;Nordjylland;2024-10-11;5;
1085;Sjælland;2024-10-11;10;
1083;Syddanmark;2024-10-11;15;
1084;Hovedstaden;2024-10-12;19;
1082;Midtjylland;2024-10-12;10;
1081;Nordjylland;2024-10-12;4;
1085;Sjælland;2024-10-12;5;
1083;Syddanmark;2024-10-12;10;
1084;Hovedstaden;2024-10-13;22;
1082;Midtjylland;2024-10-13;3;
1081;Nordjylland;2024-10-13;3;
1085;Sjælland;2024-10-13;4;
1083;Syddanmark;2024-10-13;12;
1084;Hovedstaden;2024-10-14;43;
1082;Midtjylland;2024-10-14;9;
1081;Nordjylland;2024-10-14;1;
1085;Sjælland;2024-10-14;8;
1083;Syddanmark;2024-10-14;14;
1084;Hovedstaden;2024-10-15;30;
1082;Midtjylland;2024-10-15;5;
1081;Nordjylland;2024-10-15;4;
1085;Sjælland;2024-10-15;7;
1083;Syddanmark;2024-10-15;10;
1084;Hovedstaden;2024-10-16;32;
1082;Midtjylland;2024-10-16;4;
1081;Nordjylland;2024-10-16;2;
1085;Sjælland;2024-10-16;10;
1083;Syddanmark;2024-10-16;14;
1084;Hovedstaden;2024-10-17;33;
1082;Midtjylland;2024-10-17;7;
1081;Nordjylland;2024-10-17;2;
1085;Sjælland;2024-10-17;1;
1083;Syddanmark;2024-10-17;11;
1084;Hovedstaden;2024-10-18;30;
1082;Midtjylland;2024-10-18;9;
1081;Nordjylland;2024-10-18;4;
1085;Sjælland;2024-10-18;7;
1083;Syddanmark;2024-10-18;16;
1084;Hovedstaden;2024-10-19;14;
1082;Midtjylland;2024-10-19;5;
1081;Nordjylland;2024-10-19;1;
1085;Sjælland;2024-10-19;6;
1083;Syddanmark;2024-10-19;9;
1084;Hovedstaden;2024-10-20;20;
1082;Midtjylland;2024-10-20;6;
1081;Nordjylland;2024-10-20;3;
1085;Sjælland;2024-10-20;7;
1083;Syddanmark;2024-10-20;9;
1084;Hovedstaden;2024-10-21;48;
1082;Midtjylland;2024-10-21;9;
1081;Nordjylland;2024-10-21;7;
1085;Sjælland;2024-10-21;7;
1083;Syddanmark;2024-10-21;17;
1084;Hovedstaden;2024-10-22;41;
1082;Midtjylland;2024-10-22;9;
1081;Nordjylland;2024-10-22;2;
1085;Sjælland;2024-10-22;14;
1083;Syddanmark;2024-10-22;11;
1084;Hovedstaden;2024-10-23;38;
1082;Midtjylland;2024-10-23;4;
1081;Nordjylland;2024-10-23;2;
1085;Sjælland;2024-10-23;11;
1083;Syddanmark;2024-10-23;15;
1084;Hovedstaden;2024-10-24;31;
1082;Midtjylland;2024-10-24;2;
1081;Nordjylland;2024-10-24;4;
1085;Sjælland;2024-10-24;8;
1083;Syddanmark;2024-10-24;8;
1084;Hovedstaden;2024-10-25;30;
1082;Midtjylland;2024-10-25;4;
1081;Nordjylland;2024-10-25;6;
1085;Sjælland;2024-10-25;15;
1083;Syddanmark;2024-10-25;15;
1084;Hovedstaden;2024-10-26;13;
1082;Midtjylland;2024-10-26;5;
1081;Nordjylland;2024-10-26;4;
1085;Sjælland;2024-10-26;6;
1083;Syddanmark;2024-10-26;6;
1084;Hovedstaden;2024-10-27;7;
1082;Midtjylland;2024-10-27;1;
1081;Nordjylland;2024-10-27;1;
1085;Sjælland;2024-10-27;12;
1083;Syddanmark;2024-10-27;7;
1084;Hovedstaden;2024-10-28;37;
1082;Midtjylland;2024-10-28;4;
1081;Nordjylland;2024-10-28;6;
1085;Sjælland;2024-10-28;12;
1083;Syddanmark;2024-10-28;14;
1084;Hovedstaden;2024-10-29;42;
1082;Midtjylland;2024-10-29;6;
1081;Nordjylland;2024-10-29;4;
1085;Sjælland;2024-10-29;12;
1083;Syddanmark;2024-10-29;13;
1084;Hovedstaden;2024-10-30;22;
1082;Midtjylland;2024-10-30;3;
1081;Nordjylland;2024-10-30;6;
1085;Sjælland;2024-10-30;13;
1083;Syddanmark;2024-10-30;13;
1084;Hovedstaden;2024-10-31;22;
1082;Midtjylland;2024-10-31;10;
1081;Nordjylland;2024-10-31;1;
1085;Sjælland;2024-10-31;8;
1083;Syddanmark;2024-10-31;7;
1084;Hovedstaden;2024-11-01;26;
1085;Sjælland;2024-11-01;7;
1083;Syddanmark;2024-11-01;7;
1084;Hovedstaden;2024-11-02;15;
1082;Midtjylland;2024-11-02;4;
1081;Nordjylland;2024-11-02;1;
1085;Sjælland;2024-11-02;3;
1083;Syddanmark;2024-11-02;4;
1084;Hovedstaden;2024-11-03;11;
1082;Midtjylland;2024-11-03;2;
1081;Nordjylland;2024-11-03;6;
1085;Sjælland;2024-11-03;5;
1083;Syddanmark;2024-11-03;6;
1084;Hovedstaden;2024-11-04;29;
1082;Midtjylland;2024-11-04;3;
1081;Nordjylland;2024-11-04;2;
1085;Sjælland;2024-11-04;7;
1083;Syddanmark;2024-11-04;8;
1084;Hovedstaden;2024-11-05;21;
1082;Midtjylland;2024-11-05;4;
1081;Nordjylland;2024-11-05;3;
1085;Sjælland;2024-11-05;8;
1083;Syddanmark;2024-11-05;7;
1084;Hovedstaden;2024-11-06;23;
1082;Midtjylland;2024-11-06;3;
1081;Nordjylland;2024-11-06;3;
1085;Sjælland;2024-11-06;10;
1083;Syddanmark;2024-11-06;7;
1084;Hovedstaden;2024-11-07;24;
1082;Midtjylland;2024-11-07;1;
1081;Nordjylland;2024-11-07;4;
1085;Sjælland;2024-11-07;12;
1083;Syddanmark;2024-11-07;11;
1084;Hovedstaden;2024-11-08;19;
1082;Midtjylland;2024-11-08;3;
1081;Nordjylland;2024-11-08;1;
1085;Sjælland;2024-11-08;8;
1083;Syddanmark;2024-11-08;9;
1084;Hovedstaden;2024-11-09;11;
1082;Midtjylland;2024-11-09;1;
1085;Sjælland;2024-11-09;5;
1083;Syddanmark;2024-11-09;4;
1084;Hovedstaden;2024-11-10;13;
1081;Nordjylland;2024-11-10;1;
1085;Sjælland;2024-11-10;6;
1083;Syddanmark;2024-11-10;3;
1084;Hovedstaden;2024-11-11;26;
1082;Midtjylland;2024-11-11;5;
1081;Nordjylland;2024-11-11;1;
1085;Sjælland;2024-11-11;9;
1083;Syddanmark;2024-11-11;10;
1084;Hovedstaden;2024-11-12;18;
1082;Midtjylland;2024-11-12;2;
1081;Nordjylland;2024-11-12;2;
1085;Sjælland;2024-11-12;9;
1083;Syddanmark;2024-11-12;6;
1084;Hovedstaden;2024-11-13;30;
1082;Midtjylland;2024-11-13;3;
1081;Nordjylland;2024-11-13;3;
1085;Sjælland;2024-11-13;6;
1083;Syddanmark;2024-11-13;5;
1084;Hovedstaden;2024-11-14;19;
1082;Midtjylland;2024-11-14;4;
1085;Sjælland;2024-11-14;9;
1083;Syddanmark;2024-11-14;14;
1084;Hovedstaden;2024-11-15;18;
1081;Nordjylland;2024-11-15;1;
1085;Sjælland;2024-11-15;11;
1083;Syddanmark;2024-11-15;8;
1084;Hovedstaden;2024-11-16;2;
1082;Midtjylland;2024-11-16;2;
1085;Sjælland;2024-11-16;7;
1083;Syddanmark;2024-11-16;1;
1084;Hovedstaden;2024-11-17;11;
1082;Midtjylland;2024-11-17;1;
1085;Sjælland;2024-11-17;7;
1083;Syddanmark;2024-11-17;1;
1084;Hovedstaden;2024-11-18;23;
1082;Midtjylland;2024-11-18;5;
1085;Sjælland;2024-11-18;10;
1083;Syddanmark;2024-11-18;7;
1084;Hovedstaden;2024-11-19;15;
1082;Midtjylland;2024-11-19;1;
1085;Sjælland;2024-11-19;6;
1083;Syddanmark;2024-11-19;5;
1084;Hovedstaden;2024-11-20;14;
1082;Midtjylland;2024-11-20;1;
1081;Nordjylland;2024-11-20;3;
1085;Sjælland;2024-11-20;10;
1083;Syddanmark;2024-11-20;5;
1084;Hovedstaden;2024-11-21;24;
1082;Midtjylland;2024-11-21;4;
1081;Nordjylland;2024-11-21;2;
1085;Sjælland;2024-11-21;9;
1083;Syddanmark;2024-11-21;5;
1084;Hovedstaden;2024-11-22;18;
1082;Midtjylland;2024-11-22;4;
1081;Nordjylland;2024-11-22;1;
1085;Sjælland;2024-11-22;8;
1083;Syddanmark;2024-11-22;5;
1084;Hovedstaden;2024-11-23;14;
1082;Midtjylland;2024-11-23;2;
1081;Nordjylland;2024-11-23;1;
1085;Sjælland;2024-11-23;3;
1083;Syddanmark;2024-11-23;3;
1084;Hovedstaden;2024-11-24;11;
1081;Nordjylland;2024-11-24;1;
1085;Sjælland;2024-11-24;7;
1083;Syddanmark;2024-11-24;4;
1084;Hovedstaden;2024-11-25;23;
1082;Midtjylland;2024-11-25;3;
1081;Nordjylland;2024-11-25;2;
1085;Sjælland;2024-11-25;10;
1083;Syddanmark;2024-11-25;7;
1084;Hovedstaden;2024-11-26;19;
1082;Midtjylland;2024-11-26;2;
1085;Sjælland;2024-11-26;8;
1083;Syddanmark;2024-11-26;2;
1084;Hovedstaden;2024-11-27;20;
1082;Midtjylland;2024-11-27;2;
1081;Nordjylland;2024-11-27;1;
1085;Sjælland;2024-11-27;12;
1083;Syddanmark;2024-11-27;8;
1084;Hovedstaden;2024-11-28;17;
1082;Midtjylland;2024-11-28;2;
1081;Nordjylland;2024-11-28;1;
1085;Sjælland;2024-11-28;11;
1083;Syddanmark;2024-11-28;3;
1084;Hovedstaden;2024-11-29;25;
1082;Midtjylland;2024-11-29;4;
1081;Nordjylland;2024-11-29;1;
1085;Sjælland;2024-11-29;10;
1083;Syddanmark;2024-11-29;5;
1084;Hovedstaden;2024-11-30;10;
1082;Midtjylland;2024-11-30;1;
1085;Sjælland;2024-11-30;10;
1083;Syddanmark;2024-11-30;2;
1084;Hovedstaden;2024-12-01;10;
1082;Midtjylland;2024-12-01;1;
1081;Nordjylland;2024-12-01;1;
1085;Sjælland;2024-12-01;5;
1083;Syddanmark;2024-12-01;5;
1084;Hovedstaden;2024-12-02;27;
1082;Midtjylland;2024-12-02;4;
1081;Nordjylland;2024-12-02;4;
1085;Sjælland;2024-12-02;10;
1083;Syddanmark;2024-12-02;6;
1084;Hovedstaden;2024-12-03;34;
1082;Midtjylland;2024-12-03;3;
1081;Nordjylland;2024-12-03;1;
1085;Sjælland;2024-12-03;11;
1083;Syddanmark;2024-12-03;5;
1084;Hovedstaden;2024-12-04;25;
1082;Midtjylland;2024-12-04;6;
1085;Sjælland;2024-12-04;11;
1083;Syddanmark;2024-12-04;5;
1084;Hovedstaden;2024-12-05;25;
1082;Midtjylland;2024-12-05;4;
1081;Nordjylland;2024-12-05;1;
1085;Sjælland;2024-12-05;10;
1083;Syddanmark;2024-12-05;4;
1084;Hovedstaden;2024-12-06;23;
1082;Midtjylland;2024-12-06;4;
1081;Nordjylland;2024-12-06;3;
1085;Sjælland;2024-12-06;5;
1083;Syddanmark;2024-12-06;10;
1084;Hovedstaden;2024-12-07;16;
1082;Midtjylland;2024-12-07;1;
1081;Nordjylland;2024-12-07;1;
1085;Sjælland;2024-12-07;5;
1083;Syddanmark;2024-12-07;6;
1084;Hovedstaden;2024-12-08;12;
1082;Midtjylland;2024-12-08;4;
1081;Nordjylland;2024-12-08;2;
1085;Sjælland;2024-12-08;4;
1083;Syddanmark;2024-12-08;7;
1084;Hovedstaden;2024-12-09;29;
1082;Midtjylland;2024-12-09;1;
1085;Sjælland;2024-12-09;11;
1083;Syddanmark;2024-12-09;4;
1084;Hovedstaden;2024-12-10;18;
1082;Midtjylland;2024-12-10;6;
1085;Sjælland;2024-12-10;7;
1083;Syddanmark;2024-12-10;5;
1084;Hovedstaden;2024-12-11;38;
1082;Midtjylland;2024-12-11;1;
1085;Sjælland;2024-12-11;9;
1083;Syddanmark;2024-12-11;10;
1084;Hovedstaden;2024-12-12;24;
1082;Midtjylland;2024-12-12;4;
1081;Nordjylland;2024-12-12;2;
1085;Sjælland;2024-12-12;14;
1083;Syddanmark;2024-12-12;7;
1084;Hovedstaden;2024-12-13;26;
1082;Midtjylland;2024-12-13;6;
1081;Nordjylland;2024-12-13;1;
1085;Sjælland;2024-12-13;13;
1083;Syddanmark;2024-12-13;9;
1084;Hovedstaden;2024-12-14;12;
1082;Midtjylland;2024-12-14;2;
1081;Nordjylland;2024-12-14;3;
1085;Sjælland;2024-12-14;4;
1083;Syddanmark;2024-12-14;2;
1084;Hovedstaden;2024-12-15;12;
1082;Midtjylland;2024-12-15;2;
1081;Nordjylland;2024-12-15;3;
1085;Sjælland;2024-12-15;8;
1083;Syddanmark;2024-12-15;5;
1084;Hovedstaden;2024-12-16;39;
1082;Midtjylland;2024-12-16;5;
1081;Nordjylland;2024-12-16;1;
1085;Sjælland;2024-12-16;9;
1083;Syddanmark;2024-12-16;8;
1084;Hovedstaden;2024-12-17;35;
1082;Midtjylland;2024-12-17;5;
1081;Nordjylland;2024-12-17;5;
1085;Sjælland;2024-12-17;10;
1083;Syddanmark;2024-12-17;4;
1084;Hovedstaden;2024-12-18;28;
1082;Midtjylland;2024-12-18;2;
1081;Nordjylland;2024-12-18;1;
1085;Sjælland;2024-12-18;8;
1083;Syddanmark;2024-12-18;9;
1084;Hovedstaden;2024-12-19;38;
1082;Midtjylland;2024-12-19;1;
1081;Nordjylland;2024-12-19;3;
1085;Sjælland;2024-12-19;10;
1083;Syddanmark;2024-12-19;3;
1084;Hovedstaden;2024-12-20;30;
1082;Midtjylland;2024-12-20;5;
1085;Sjælland;2024-12-20;14;
1083;Syddanmark;2024-12-20;4;
1084;Hovedstaden;2024-12-21;13;
1082;Midtjylland;2024-12-21;4;
1085;Sjælland;2024-12-21;5;
1083;Syddanmark;2024-12-21;8;
1084;Hovedstaden;2024-12-22;12;
1082;Midtjylland;2024-12-22;3;
1081;Nordjylland;2024-12-22;2;
1085;Sjælland;2024-12-22;5;
1083;Syddanmark;2024-12-22;1;
1084;Hovedstaden;2024-12-23;21;
1082;Midtjylland;2024-12-23;3;
1081;Nordjylland;2024-12-23;3;
1085;Sjælland;2024-12-23;9;
1083;Syddanmark;2024-12-23;6;
1084;Hovedstaden;2024-12-24;12;
1082;Midtjylland;2024-12-24;3;
1081;Nordjylland;2024-12-24;1;
1085;Sjælland;2024-12-24;1;
1083;Syddanmark;2024-12-24;5;
1084;Hovedstaden;2024-12-25;7;
1082;Midtjylland;2024-12-25;3;
1081;Nordjylland;2024-12-25;2;
1085;Sjælland;2024-12-25;5;
1083;Syddanmark;2024-12-25;2;
1084;Hovedstaden;2024-12-26;7;
1082;Midtjylland;2024-12-26;2;
1081;Nordjylland;2024-12-26;3;
1085;Sjælland;2024-12-26;7;
1083;Syddanmark;2024-12-26;4;
1084;Hovedstaden;2024-12-27;23;
1082;Midtjylland;2024-12-27;3;
1081;Nordjylland;2024-12-27;3;
1085;Sjælland;2024-12-27;11;
1083;Syddanmark;2024-12-27;5;
1084;Hovedstaden;2024-12-28;18;
1082;Midtjylland;2024-12-28;2;
1081;Nordjylland;2024-12-28;4;
1085;Sjælland;2024-12-28;5;
1083;Syddanmark;2024-12-28;7;
1084;Hovedstaden;2024-12-29;16;
1082;Midtjylland;2024-12-29;3;
1085;Sjælland;2024-12-29;6;
1083;Syddanmark;2024-12-29;2;
1084;Hovedstaden;2024-12-30;27;
1082;Midtjylland;2024-12-30;2;
1081;Nordjylland;2024-12-30;1;
1085;Sjælland;2024-12-30;9;
1083;Syddanmark;2024-12-30;8;
1084;Hovedstaden;2024-12-31;6;
1082;Midtjylland;2024-12-31;4;
1085;Sjælland;2024-12-31;3;
1083;Syddanmark;2024-12-31;4;
1084;Hovedstaden;2025-01-01;11;
1082;Midtjylland;2025-01-01;2;
1081;Nordjylland;2025-01-01;3;
1085;Sjælland;2025-01-01;2;
1083;Syddanmark;2025-01-01;2;
1084;Hovedstaden;2025-01-02;21;
1082;Midtjylland;2025-01-02;2;
1081;Nordjylland;2025-01-02;3;
1085;Sjælland;2025-01-02;6;
1083;Syddanmark;2025-01-02;5;
1084;Hovedstaden;2025-01-03;20;
1082;Midtjylland;2025-01-03;2;
1081;Nordjylland;2025-01-03;2;
1085;Sjælland;2025-01-03;10;
1083;Syddanmark;2025-01-03;4;
1084;Hovedstaden;2025-01-04;8;
1082;Midtjylland;2025-01-04;4;
1081;Nordjylland;2025-01-04;2;
1085;Sjælland;2025-01-04;6;
1083;Syddanmark;2025-01-04;5;
1084;Hovedstaden;2025-01-05;10;
1082;Midtjylland;2025-01-05;1;
1081;Nordjylland;2025-01-05;5;
1085;Sjælland;2025-01-05;4;
1083;Syddanmark;2025-01-05;3;
1084;Hovedstaden;2025-01-06;14;
1082;Midtjylland;2025-01-06;3;
1081;Nordjylland;2025-01-06;5;
1085;Sjælland;2025-01-06;3;
1083;Syddanmark;2025-01-06;5;
1084;Hovedstaden;2025-01-07;13;
1081;Nordjylland;2025-01-07;2;
1085;Sjælland;2025-01-07;6;
1083;Syddanmark;2025-01-07;5;
1084;Hovedstaden;2025-01-08;18;
1081;Nordjylland;2025-01-08;2;
1085;Sjælland;2025-01-08;3;
1083;Syddanmark;2025-01-08;10;
1084;Hovedstaden;2025-01-09;17;
1081;Nordjylland;2025-01-09;1;
1085;Sjælland;2025-01-09;9;
1083;Syddanmark;2025-01-09;4;
1084;Hovedstaden;2025-01-10;9;
1082;Midtjylland;2025-01-10;4;
1085;Sjælland;2025-01-10;4;
1083;Syddanmark;2025-01-10;4;
1084;Hovedstaden;2025-01-11;8;
1082;Midtjylland;2025-01-11;5;
1081;Nordjylland;2025-01-11;2;
1083;Syddanmark;2025-01-11;1;
1084;Hovedstaden;2025-01-12;9;
1081;Nordjylland;2025-01-12;3;
1085;Sjælland;2025-01-12;2;
1083;Syddanmark;2025-01-12;2;
1084;Hovedstaden;2025-01-13;16;
1081;Nordjylland;2025-01-13;4;
1085;Sjælland;2025-01-13;7;
1083;Syddanmark;2025-01-13;2;
1084;Hovedstaden;2025-01-14;7;
1082;Midtjylland;2025-01-14;2;
1081;Nordjylland;2025-01-14;2;
1085;Sjælland;2025-01-14;3;
1083;Syddanmark;2025-01-14;3;
1084;Hovedstaden;2025-01-15;10;
1085;Sjælland;2025-01-15;9;
1083;Syddanmark;2025-01-15;3;
1084;Hovedstaden;2025-01-16;14;
1082;Midtjylland;2025-01-16;2;
1081;Nordjylland;2025-01-16;2;
1085;Sjælland;2025-01-16;6;
1083;Syddanmark;2025-01-16;4;
1084;Hovedstaden;2025-01-17;10;
1082;Midtjylland;2025-01-17;2;
1081;Nordjylland;2025-01-17;1;
1085;Sjælland;2025-01-17;3;
1083;Syddanmark;2025-01-17;2;
1084;Hovedstaden;2025-01-18;1;
1082;Midtjylland;2025-01-18;1;
1081;Nordjylland;2025-01-18;2;
1085;Sjælland;2025-01-18;4;
1083;Syddanmark;2025-01-18;3;
1084;Hovedstaden;2025-01-19;4;
1082;Midtjylland;2025-01-19;2;
1081;Nordjylland;2025-01-19;2;
1085;Sjælland;2025-01-19;3;
1084;Hovedstaden;2025-01-20;14;
1081;Nordjylland;2025-01-20;2;
1085;Sjælland;2025-01-20;4;
1083;Syddanmark;2025-01-20;4;
1084;Hovedstaden;2025-01-21;8;
1082;Midtjylland;2025-01-21;3;
1085;Sjælland;2025-01-21;6;
1083;Syddanmark;2025-01-21;2;
1084;Hovedstaden;2025-01-22;17;
1082;Midtjylland;2025-01-22;2;
1081;Nordjylland;2025-01-22;1;
1085;Sjælland;2025-01-22;5;
1083;Syddanmark;2025-01-22;5;
1084;Hovedstaden;2025-01-23;9;
1082;Midtjylland;2025-01-23;1;
1081;Nordjylland;2025-01-23;2;
1085;Sjælland;2025-01-23;6;
1083;Syddanmark;2025-01-23;4;
1084;Hovedstaden;2025-01-24;14;
1082;Midtjylland;2025-01-24;1;
1085;Sjælland;2025-01-24;6;
1083;Syddanmark;2025-01-24;3;
1084;Hovedstaden;2025-01-25;2;
1082;Midtjylland;2025-01-25;1;
1081;Nordjylland;2025-01-25;1;
1085;Sjælland;2025-01-25;3;
1083;Syddanmark;2025-01-25;1;
1084;Hovedstaden;2025-01-26;7;
1081;Nordjylland;2025-01-26;1;
1085;Sjælland;2025-01-26;2;
1083;Syddanmark;2025-01-26;2;
1084;Hovedstaden;2025-01-27;19;
1082;Midtjylland;2025-01-27;1;
1081;Nordjylland;2025-01-27;1;
1085;Sjælland;2025-01-27;6;
1083;Syddanmark;2025-01-27;2;
1084;Hovedstaden;2025-01-28;7;
1082;Midtjylland;2025-01-28;1;
1081;Nordjylland;2025-01-28;2;
1085;Sjælland;2025-01-28;6;
1083;Syddanmark;2025-01-28;6;
1084;Hovedstaden;2025-01-29;12;
1082;Midtjylland;2025-01-29;1;
1081;Nordjylland;2025-01-29;2;
1085;Sjælland;2025-01-29;10;
1083;Syddanmark;2025-01-29;5;
1084;Hovedstaden;2025-01-30;13;
1081;Nordjylland;2025-01-30;4;
1085;Sjælland;2025-01-30;7;
1083;Syddanmark;2025-01-30;4;
1084;Hovedstaden;2025-01-31;14;
1082;Midtjylland;2025-01-31;2;
1081;Nordjylland;2025-01-31;3;
1085;Sjælland;2025-01-31;4;
1083;Syddanmark;2025-01-31;5;
1084;Hovedstaden;2025-02-01;5;
1082;Midtjylland;2025-02-01;2;
1083;Syddanmark;2025-02-01;3;
1084;Hovedstaden;2025-02-02;4;
1082;Midtjylland;2025-02-02;1;
1081;Nordjylland;2025-02-02;2;
1085;Sjælland;2025-02-02;3;
1083;Syddanmark;2025-02-02;2;
1084;Hovedstaden;2025-02-03;13;
1082;Midtjylland;2025-02-03;5;
1081;Nordjylland;2025-02-03;1;
1085;Sjælland;2025-02-03;1;
1083;Syddanmark;2025-02-03;5;
1084;Hovedstaden;2025-02-04;9;
1082;Midtjylland;2025-02-04;4;
1085;Sjælland;2025-02-04;3;
1083;Syddanmark;2025-02-04;2;
1084;Hovedstaden;2025-02-05;17;
1082;Midtjylland;2025-02-05;3;
1081;Nordjylland;2025-02-05;1;
1085;Sjælland;2025-02-05;3;
1083;Syddanmark;2025-02-05;3;
1084;Hovedstaden;2025-02-06;13;
1082;Midtjylland;2025-02-06;2;
1081;Nordjylland;2025-02-06;2;
1085;Sjælland;2025-02-06;7;
1083;Syddanmark;2025-02-06;4;
1084;Hovedstaden;2025-02-07;11;
1082;Midtjylland;2025-02-07;1;
1081;Nordjylland;2025-02-07;4;
1085;Sjælland;2025-02-07;6;
1083;Syddanmark;2025-02-07;3;
1084;Hovedstaden;2025-02-08;5;
1081;Nordjylland;2025-02-08;1;
1083;Syddanmark;2025-02-08;2;
1084;Hovedstaden;2025-02-09;2;
1082;Midtjylland;2025-02-09;1;
1085;Sjælland;2025-02-09;1;
1083;Syddanmark;2025-02-09;3;
1084;Hovedstaden;2025-02-10;16;
1082;Midtjylland;2025-02-10;2;
1081;Nordjylland;2025-02-10;2;
1085;Sjælland;2025-02-10;2;
1083;Syddanmark;2025-02-10;4;
1084;Hovedstaden;2025-02-11;11;
1082;Midtjylland;2025-02-11;1;
1085;Sjælland;2025-02-11;4;
1083;Syddanmark;2025-02-11;3;
1084;Hovedstaden;2025-02-12;9;
1082;Midtjylland;2025-02-12;2;
1081;Nordjylland;2025-02-12;3;
1085;Sjælland;2025-02-12;2;
1083;Syddanmark;2025-02-12;6;
1084;Hovedstaden;2025-02-13;14;
1082;Midtjylland;2025-02-13;2;
1081;Nordjylland;2025-02-13;3;
1085;Sjælland;2025-02-13;5;
1083;Syddanmark;2025-02-13;4;
1084;Hovedstaden;2025-02-14;9;
1082;Midtjylland;2025-02-14;2;
1081;Nordjylland;2025-02-14;2;
1085;Sjælland;2025-02-14;2;
1083;Syddanmark;2025-02-14;10;
1084;Hovedstaden;2025-02-15;3;
1082;Midtjylland;2025-02-15;1;
1081;Nordjylland;2025-02-15;3;
1085;Sjælland;2025-02-15;4;
1083;Syddanmark;2025-02-15;2;
1084;Hovedstaden;2025-02-16;4;
1082;Midtjylland;2025-02-16;2;
1081;Nordjylland;2025-02-16;3;
1085;Sjælland;2025-02-16;4;
1083;Syddanmark;2025-02-16;3;
1084;Hovedstaden;2025-02-17;11;
1082;Midtjylland;2025-02-17;2;
1081;Nordjylland;2025-02-17;2;
1085;Sjælland;2025-02-17;4;
1083;Syddanmark;2025-02-17;6;
1084;Hovedstaden;2025-02-18;3;
1081;Nordjylland;2025-02-18;1;
1085;Sjælland;2025-02-18;5;
1083;Syddanmark;2025-02-18;4;
1084;Hovedstaden;2025-02-19;11;
1082;Midtjylland;2025-02-19;3;
1085;Sjælland;2025-02-19;9;
1083;Syddanmark;2025-02-19;9;
1084;Hovedstaden;2025-02-20;8;
1082;Midtjylland;2025-02-20;2;
1081;Nordjylland;2025-02-20;2;
1085;Sjælland;2025-02-20;6;
1083;Syddanmark;2025-02-20;4;
1084;Hovedstaden;2025-02-21;9;
1082;Midtjylland;2025-02-21;3;
1081;Nordjylland;2025-02-21;4;
1085;Sjælland;2025-02-21;4;
1083;Syddanmark;2025-02-21;5;
1084;Hovedstaden;2025-02-22;8;
1082;Midtjylland;2025-02-22;1;
1085;Sjælland;2025-02-22;2;
1083;Syddanmark;2025-02-22;2;
1084;Hovedstaden;2025-02-23;4;
1081;Nordjylland;2025-02-23;1;
1085;Sjælland;2025-02-23;3;
1083;Syddanmark;2025-02-23;5;
1084;Hovedstaden;2025-02-24;13;
1082;Midtjylland;2025-02-24;1;
1081;Nordjylland;2025-02-24;4;
1085;Sjælland;2025-02-24;4;
1083;Syddanmark;2025-02-24;5;
1084;Hovedstaden;2025-02-25;10;
1081;Nordjylland;2025-02-25;2;
1085;Sjælland;2025-02-25;3;
1083;Syddanmark;2025-02-25;5;
1084;Hovedstaden;2025-02-26;12;
1082;Midtjylland;2025-02-26;5;
1081;Nordjylland;2025-02-26;2;
1085;Sjælland;2025-02-26;2;
1083;Syddanmark;2025-02-26;6;
1084;Hovedstaden;2025-02-27;19;
1082;Midtjylland;2025-02-27;1;
1081;Nordjylland;2025-02-27;3;
1085;Sjælland;2025-02-27;3;
1083;Syddanmark;2025-02-27;7;
1084;Hovedstaden;2025-02-28;4;
1085;Sjælland;2025-02-28;2;
1083;Syddanmark;2025-02-28;5;
1084;Hovedstaden;2025-03-01;2;
1082;Midtjylland;2025-03-01;1;
1083;Syddanmark;2025-03-01;2;
1084;Hovedstaden;2025-03-02;2;
1081;Nordjylland;2025-03-02;1;
1085;Sjælland;2025-03-02;3;
1083;Syddanmark;2025-03-02;4;
1084;Hovedstaden;2025-03-03;16;
1082;Midtjylland;2025-03-03;3;
1081;Nordjylland;2025-03-03;2;
1085;Sjælland;2025-03-03;4;
1083;Syddanmark;2025-03-03;6;
1084;Hovedstaden;2025-03-04;9;
1081;Nordjylland;2025-03-04;1;
1085;Sjælland;2025-03-04;3;
1083;Syddanmark;2025-03-04;3;
1084;Hovedstaden;2025-03-05;11;
1082;Midtjylland;2025-03-05;2;
1081;Nordjylland;2025-03-05;1;
1085;Sjælland;2025-03-05;2;
1083;Syddanmark;2025-03-05;7;
1084;Hovedstaden;2025-03-06;5;
1082;Midtjylland;2025-03-06;2;
1085;Sjælland;2025-03-06;4;
1083;Syddanmark;2025-03-06;6;
1084;Hovedstaden;2025-03-07;3;
1082;Midtjylland;2025-03-07;3;
1081;Nordjylland;2025-03-07;2;
1085;Sjælland;2025-03-07;2;
1083;Syddanmark;2025-03-07;2;
1084;Hovedstaden;2025-03-08;1;
1081;Nordjylland;2025-03-08;3;
1083;Syddanmark;2025-03-08;3;
1084;Hovedstaden;2025-03-09;3;
1081;Nordjylland;2025-03-09;3;
1085;Sjælland;2025-03-09;2;
1084;Hovedstaden;2025-03-10;10;
1082;Midtjylland;2025-03-10;3;
1081;Nordjylland;2025-03-10;3;
1085;Sjælland;2025-03-10;3;
1083;Syddanmark;2025-03-10;7;
1084;Hovedstaden;2025-03-11;5;
1082;Midtjylland;2025-03-11;1;
1081;Nordjylland;2025-03-11;2;
1085;Sjælland;2025-03-11;2;
1083;Syddanmark;2025-03-11;6;
1084;Hovedstaden;2025-03-12;4;
1082;Midtjylland;2025-03-12;1;
1085;Sjælland;2025-03-12;2;
1083;Syddanmark;2025-03-12;6;
1084;Hovedstaden;2025-03-13;12;
1081;Nordjylland;2025-03-13;2;
1085;Sjælland;2025-03-13;3;
1083;Syddanmark;2025-03-13;4;
1084;Hovedstaden;2025-03-14;8;
1082;Midtjylland;2025-03-14;2;
1081;Nordjylland;2025-03-14;1;
1085;Sjælland;2025-03-14;1;
1083;Syddanmark;2025-03-14;4;
1084;Hovedstaden;2025-03-15;3;
1082;Midtjylland;2025-03-15;1;
1081;Nordjylland;2025-03-15;3;
1085;Sjælland;2025-03-15;2;
1083;Syddanmark;2025-03-15;1;
1084;Hovedstaden;2025-03-16;3;
1082;Midtjylland;2025-03-16;1;
1081;Nordjylland;2025-03-16;1;
1085;Sjælland;2025-03-16;6;
1083;Syddanmark;2025-03-16;2;
1084;Hovedstaden;2025-03-17;11;
1082;Midtjylland;2025-03-17;4;
1081;Nordjylland;2025-03-17;2;
1085;Sjælland;2025-03-17;4;
1083;Syddanmark;2025-03-17;4;
1084;Hovedstaden;2025-03-18;3;
1082;Midtjylland;2025-03-18;1;
1081;Nordjylland;2025-03-18;2;
1085;Sjælland;2025-03-18;7;
1083;Syddanmark;2025-03-18;3;
1084;Hovedstaden;2025-03-19;4;
1082;Midtjylland;2025-03-19;4;
1081;Nordjylland;2025-03-19;1;
1085;Sjælland;2025-03-19;6;
1083;Syddanmark;2025-03-19;3;
1084;Hovedstaden;2025-03-20;10;
1082;Midtjylland;2025-03-20;2;
1081;Nordjylland;2025-03-20;3;
1085;Sjælland;2025-03-20;2;
1084;Hovedstaden;2025-03-21;10;
1082;Midtjylland;2025-03-21;2;
1081;Nordjylland;2025-03-21;1;
1085;Sjælland;2025-03-21;4;
1083;Syddanmark;2025-03-21;2;
1081;Nordjylland;2025-03-22;2;
1083;Syddanmark;2025-03-22;2;
1084;Hovedstaden;2025-03-23;5;
1085;Sjælland;2025-03-23;3;
1083;Syddanmark;2025-03-23;2;
1084;Hovedstaden;2025-03-24;5;
1081;Nordjylland;2025-03-24;1;
1085;Sjælland;2025-03-24;2;
1083;Syddanmark;2025-03-24;4;
1084;Hovedstaden;2025-03-25;7;
1082;Midtjylland;2025-03-25;1;
1081;Nordjylland;2025-03-25;2;
1085;Sjælland;2025-03-25;2;
1084;Hovedstaden;2025-03-26;6;
1081;Nordjylland;2025-03-26;1;
1085;Sjælland;2025-03-26;4;
1083;Syddanmark;2025-03-26;2;
1084;Hovedstaden;2025-03-27;10;
1085;Sjælland;2025-03-27;2;
1083;Syddanmark;2025-03-27;3;
1084;Hovedstaden;2025-03-28;5;
1085;Sjælland;2025-03-28;2;
1083;Syddanmark;2025-03-28;2;
1084;Hovedstaden;2025-03-29;4;
1082;Midtjylland;2025-03-29;1;
1081;Nordjylland;2025-03-29;1;
1085;Sjælland;2025-03-29;1;
1084;Hovedstaden;2025-03-30;3;
1084;Hovedstaden;2025-03-31;5;
1081;Nordjylland;2025-03-31;1;
1083;Syddanmark;2025-03-31;3;
1084;Hovedstaden;2025-04-01;8;
1082;Midtjylland;2025-04-01;1;
1085;Sjælland;2025-04-01;2;
1084;Hovedstaden;2025-04-02;4;
1082;Midtjylland;2025-04-02;1;
1085;Sjælland;2025-04-02;2;
1083;Syddanmark;2025-04-02;1;
1084;Hovedstaden;2025-04-03;6;
1085;Sjælland;2025-04-03;1;
1083;Syddanmark;2025-04-03;1;
1084;Hovedstaden;2025-04-04;2;
1081;Nordjylland;2025-04-04;2;
1083;Syddanmark;2025-04-04;1;
1084;Hovedstaden;2025-04-05;4;
1085;Sjælland;2025-04-05;1;
1084;Hovedstaden;2025-04-06;2;
1085;Sjælland;2025-04-06;1;
1083;Syddanmark;2025-04-06;2;
1084;Hovedstaden;2025-04-07;5;
1085;Sjælland;2025-04-07;1;
1083;Syddanmark;2025-04-07;1;
1084;Hovedstaden;2025-04-08;1;
1081;Nordjylland;2025-04-08;1;
1085;Sjælland;2025-04-08;1;
1083;Syddanmark;2025-04-08;1;
1084;Hovedstaden;2025-04-09;3;
1081;Nordjylland;2025-04-09;1;
1085;Sjælland;2025-04-09;4;
1084;Hovedstaden;2025-04-10;6;
1082;Midtjylland;2025-04-10;1;
1081;Nordjylland;2025-04-10;1;
1085;Sjælland;2025-04-10;2;
1083;Syddanmark;2025-04-10;3;
1084;Hovedstaden;2025-04-11;4;
1081;Nordjylland;2025-04-11;1;
1083;Syddanmark;2025-04-11;2;
1084;Hovedstaden;2025-04-12;2;
1085;Sjælland;2025-04-12;2;
1084;Hovedstaden;2025-04-13;4;
1083;Syddanmark;2025-04-13;1;
1084;Hovedstaden;2025-04-14;6;
1083;Syddanmark;2025-04-14;1;
1084;Hovedstaden;2025-04-15;5;
1082;Midtjylland;2025-04-15;1;
1085;Sjælland;2025-04-15;1;
1083;Syddanmark;2025-04-15;1;
1084;Hovedstaden;2025-04-16;4;
1081;Nordjylland;2025-04-16;1;
1083;Syddanmark;2025-04-16;2;
1084;Hovedstaden;2025-04-17;3;
1085;Sjælland;2025-04-17;1;
1084;Hovedstaden;2025-04-18;3;
1082;Midtjylland;2025-04-18;1;
1081;Nordjylland;2025-04-18;1;
1085;Sjælland;2025-04-18;1;
1084;Hovedstaden;2025-04-19;2;
1083;Syddanmark;2025-04-19;1;
1084;Hovedstaden;2025-04-20;3;
1081;Nordjylland;2025-04-20;1;
1084;Hovedstaden;2025-04-21;5;
1082;Midtjylland;2025-04-21;1;
1081;Nordjylland;2025-04-21;1;
1085;Sjælland;2025-04-21;2;
1083;Syddanmark;2025-04-21;1;
1084;Hovedstaden;2025-04-22;5;
1082;Midtjylland;2025-04-22;1;
1085;Sjælland;2025-04-22;1;
1084;Hovedstaden;2025-04-23;4;
1085;Sjælland;2025-04-23;2;
1083;Syddanmark;2025-04-23;1;
1084;Hovedstaden;2025-04-24;2;
1081;Nordjylland;2025-04-24;2;
1083;Syddanmark;2025-04-24;5;
1084;Hovedstaden;2025-04-25;6;
1083;Syddanmark;2025-04-25;3;
1084;Hovedstaden;2025-04-26;3;
1085;Sjælland;2025-04-26;1;
1084;Hovedstaden;2025-04-27;3;
1082;Midtjylland;2025-04-27;1;
1085;Sjælland;2025-04-27;1;
1084;Hovedstaden;2025-04-28;11;
1082;Midtjylland;2025-04-28;1;
1081;Nordjylland;2025-04-28;1;
1085;Sjælland;2025-04-28;1;
1084;Hovedstaden;2025-04-29;7;
1085;Sjælland;2025-04-29;1;
1083;Syddanmark;2025-04-29;3;
1084;Hovedstaden;2025-04-30;5;
1082;Midtjylland;2025-04-30;1;
1081;Nordjylland;2025-04-30;1;
1083;Syddanmark;2025-04-30;1;
1084;Hovedstaden;2025-05-01;2;
1081;Nordjylland;2025-05-01;1;
1085;Sjælland;2025-05-01;1;
1083;Syddanmark;2025-05-01;1;
1084;Hovedstaden;2025-05-02;6;
1082;Midtjylland;2025-05-02;1;
1085;Sjælland;2025-05-02;1;
1083;Syddanmark;2025-05-02;1;
1084;Hovedstaden;2025-05-03;1;
1082;Midtjylland;2025-05-03;1;
1084;Hovedstaden;2025-05-04;1;
1084;Hovedstaden;2025-05-05;9;
1082;Midtjylland;2025-05-05;1;
1084;Hovedstaden;2025-05-06;5;
1082;Midtjylland;2025-05-06;1;
1083;Syddanmark;2025-05-06;1;
1084;Hovedstaden;2025-05-07;2;
1082;Midtjylland;2025-05-07;1;
1085;Sjælland;2025-05-07;1;
1084;Hovedstaden;2025-05-08;5;
1081;Nordjylland;2025-05-08;2;
1083;Syddanmark;2025-05-08;1;
1084;Hovedstaden;2025-05-09;2;
1085;Sjælland;2025-05-09;2;
1083;Syddanmark;2025-05-09;5;
1084;Hovedstaden;2025-05-10;2;
1084;Hovedstaden;2025-05-11;4;
1081;Nordjylland;2025-05-11;1;
1085;Sjælland;2025-05-11;1;
1084;Hovedstaden;2025-05-12;7;
1081;Nordjylland;2025-05-12;1;
1083;Syddanmark;2025-05-12;1;
1084;Hovedstaden;2025-05-13;5;
1083;Syddanmark;2025-05-13;2;
1084;Hovedstaden;2025-05-14;4;
1082;Midtjylland;2025-05-14;1;
1085;Sjælland;2025-05-14;1;
1083;Syddanmark;2025-05-14;2;
1084;Hovedstaden;2025-05-15;6;
1085;Sjælland;2025-05-15;3;
1084;Hovedstaden;2025-05-16;4;
1084;Hovedstaden;2025-05-17;5;
1085;Sjælland;2025-05-17;1;
1083;Syddanmark;2025-05-17;1;
1084;Hovedstaden;2025-05-18;2;
1085;Sjælland;2025-05-18;1;
1084;Hovedstaden;2025-05-19;5;
1082;Midtjylland;2025-05-19;2;
1081;Nordjylland;2025-05-19;2;
1085;Sjælland;2025-05-19;1;
1083;Syddanmark;2025-05-19;2;
1084;Hovedstaden;2025-05-20;8;
1082;Midtjylland;2025-05-20;1;
1083;Syddanmark;2025-05-20;1;
1084;Hovedstaden;2025-05-21;7;
1081;Nordjylland;2025-05-21;2;
1085;Sjælland;2025-05-21;4;
1084;Hovedstaden;2025-05-22;5;
1082;Midtjylland;2025-05-22;3;
1085;Sjælland;2025-05-22;2;
1083;Syddanmark;2025-05-22;1;
1084;Hovedstaden;2025-05-23;6;
1085;Sjælland;2025-05-23;1;
1083;Syddanmark;2025-05-23;3;
1084;Hovedstaden;2025-05-24;1;
1081;Nordjylland;2025-05-24;1;
1085;Sjælland;2025-05-24;1;
1084;Hovedstaden;2025-05-25;5;
1085;Sjælland;2025-05-25;2;
1083;Syddanmark;2025-05-25;1;
1084;Hovedstaden;2025-05-26;5;
1082;Midtjylland;2025-05-26;1;
1081;Nordjylland;2025-05-26;1;
1085;Sjælland;2025-05-26;1;
1083;Syddanmark;2025-05-26;2;
1084;Hovedstaden;2025-05-27;5;
1082;Midtjylland;2025-05-27;2;
1085;Sjælland;2025-05-27;1;
1083;Syddanmark;2025-05-27;2;
1084;Hovedstaden;2025-05-28;4;
1082;Midtjylland;2025-05-28;2;
1081;Nordjylland;2025-05-28;1;
1083;Syddanmark;2025-05-28;1;
1084;Hovedstaden;2025-05-29;4;
1085;Sjælland;2025-05-29;1;
1084;Hovedstaden;2025-05-30;4;
1085;Sjælland;2025-05-30;1;
1083;Syddanmark;2025-05-30;2;
1084;Hovedstaden;2025-05-31;3;
1085;Sjælland;2025-05-31;1;
1083;Syddanmark;2025-05-31;1;
1084;Hovedstaden;2025-06-01;3;
1084;Hovedstaden;2025-06-02;9;
1082;Midtjylland;2025-06-02;1;
1081;Nordjylland;2025-06-02;1;
1085;Sjælland;2025-06-02;3;
1083;Syddanmark;2025-06-02;1;
1084;Hovedstaden;2025-06-03;6;
1081;Nordjylland;2025-06-03;3;
1085;Sjælland;2025-06-03;1;
1083;Syddanmark;2025-06-03;3;
1084;Hovedstaden;2025-06-04;9;
1085;Sjælland;2025-06-04;2;
1083;Syddanmark;2025-06-04;2;
1084;Hovedstaden;2025-06-05;2;
1085;Sjælland;2025-06-05;1;
1083;Syddanmark;2025-06-05;1;
1084;Hovedstaden;2025-06-06;4;
1082;Midtjylland;2025-06-06;1;
1081;Nordjylland;2025-06-06;1;
1083;Syddanmark;2025-06-06;1;
1084;Hovedstaden;2025-06-07;1;
1081;Nordjylland;2025-06-07;2;
1085;Sjælland;2025-06-07;2;
1083;Syddanmark;2025-06-07;1;
1085;Sjælland;2025-06-08;3;
1084;Hovedstaden;2025-06-09;5;
1081;Nordjylland;2025-06-09;1;
1083;Syddanmark;2025-06-09;2;
1084;Hovedstaden;2025-06-10;5;
1085;Sjælland;2025-06-10;2;
1084;Hovedstaden;2025-06-11;5;
1082;Midtjylland;2025-06-11;1;
1085;Sjælland;2025-06-11;1;
1083;Syddanmark;2025-06-11;1;
1084;Hovedstaden;2025-06-12;3;
1081;Nordjylland;2025-06-12;1;
1084;Hovedstaden;2025-06-13;4;
1082;Midtjylland;2025-06-13;1;
1081;Nordjylland;2025-06-13;1;
1085;Sjælland;2025-06-13;1;
1083;Syddanmark;2025-06-13;1;
1084;Hovedstaden;2025-06-14;3;
1085;Sjælland;2025-06-14;1;
1083;Syddanmark;2025-06-14;2;
1085;Sjælland;2025-06-15;3;
1083;Syddanmark;2025-06-15;1;
1084;Hovedstaden;2025-06-16;11;
1082;Midtjylland;2025-06-16;1;
1081;Nordjylland;2025-06-16;1;
1085;Sjælland;2025-06-16;1;
1083;Syddanmark;2025-06-16;1;
1084;Hovedstaden;2025-06-17;10;
1082;Midtjylland;2025-06-17;2;
1083;Syddanmark;2025-06-17;1;
1084;Hovedstaden;2025-06-18;4;
1082;Midtjylland;2025-06-18;1;
1085;Sjælland;2025-06-18;1;
1084;Hovedstaden;2025-06-19;5;
1082;Midtjylland;2025-06-19;1;
1085;Sjælland;2025-06-19;2;
1083;Syddanmark;2025-06-19;4;
1084;Hovedstaden;2025-06-20;7;
1082;Midtjylland;2025-06-20;1;
1085;Sjælland;2025-06-20;1;
1083;Syddanmark;2025-06-20;2;
1084;Hovedstaden;2025-06-21;6;
1084;Hovedstaden;2025-06-22;6;
1084;Hovedstaden;2025-06-23;6;
1081;Nordjylland;2025-06-23;1;
1085;Sjælland;2025-06-23;3;
1083;Syddanmark;2025-06-23;1;
1084;Hovedstaden;2025-06-24;5;
1081;Nordjylland;2025-06-24;1;
1083;Syddanmark;2025-06-24;1;
1084;Hovedstaden;2025-06-25;3;
1082;Midtjylland;2025-06-25;1;
1085;Sjælland;2025-06-25;1;
1083;Syddanmark;2025-06-25;3;
1084;Hovedstaden;2025-06-26;5;
1082;Midtjylland;2025-06-26;1;
1085;Sjælland;2025-06-26;1;
1083;Syddanmark;2025-06-26;1;
1084;Hovedstaden;2025-06-27;6;
1085;Sjælland;2025-06-27;1;
1083;Syddanmark;2025-06-27;3;
1084;Hovedstaden;2025-06-28;2;
1082;Midtjylland;2025-06-28;1;
1081;Nordjylland;2025-06-28;2;
1085;Sjælland;2025-06-28;1;
1083;Syddanmark;2025-06-28;1;
1084;Hovedstaden;2025-06-29;3;
1085;Sjælland;2025-06-29;1;
1084;Hovedstaden;2025-06-30;11;
1081;Nordjylland;2025-06-30;1;
1085;Sjælland;2025-06-30;1;
1084;Hovedstaden;2025-07-01;4;
1081;Nordjylland;2025-07-01;1;
1083;Syddanmark;2025-07-01;1;
1084;Hovedstaden;2025-07-02;11;
1081;Nordjylland;2025-07-02;2;
1085;Sjælland;2025-07-02;1;
1084;Hovedstaden;2025-07-03;5;
1082;Midtjylland;2025-07-03;1;
1081;Nordjylland;2025-07-03;1;
1084;Hovedstaden;2025-07-04;2;
1081;Nordjylland;2025-07-04;1;
1083;Syddanmark;2025-07-04;1;
1084;Hovedstaden;2025-07-05;1;
1081;Nordjylland;2025-07-05;1;
1085;Sjælland;2025-07-05;1;
1084;Hovedstaden;2025-07-06;4;
1081;Nordjylland;2025-07-06;2;
1085;Sjælland;2025-07-06;1;
1084;Hovedstaden;2025-07-07;6;
1081;Nordjylland;2025-07-07;1;
1085;Sjælland;2025-07-07;5;
1083;Syddanmark;2025-07-07;2;
1084;Hovedstaden;2025-07-08;7;
1085;Sjælland;2025-07-08;3;
1083;Syddanmark;2025-07-08;1;
1084;Hovedstaden;2025-07-09;2;
1083;Syddanmark;2025-07-09;1;
1084;Hovedstaden;2025-07-10;5;
1082;Midtjylland;2025-07-10;1;
1081;Nordjylland;2025-07-10;1;
1083;Syddanmark;2025-07-10;2;
1084;Hovedstaden;2025-07-11;4;
1081;Nordjylland;2025-07-11;1;
1085;Sjælland;2025-07-11;2;
1083;Syddanmark;2025-07-11;1;
1084;Hovedstaden;2025-07-12;3;
1085;Sjælland;2025-07-12;1;
1083;Syddanmark;2025-07-12;1;
1084;Hovedstaden;2025-07-13;1;
1083;Syddanmark;2025-07-13;2;
1084;Hovedstaden;2025-07-14;6;
1082;Midtjylland;2025-07-14;3;
1081;Nordjylland;2025-07-14;2;
1085;Sjælland;2025-07-14;2;
1084;Hovedstaden;2025-07-15;3;
1082;Midtjylland;2025-07-15;1;
1081;Nordjylland;2025-07-15;1;
1085;Sjælland;2025-07-15;1;
1083;Syddanmark;2025-07-15;1;
1084;Hovedstaden;2025-07-16;10;
1081;Nordjylland;2025-07-16;2;
1085;Sjælland;2025-07-16;1;
1083;Syddanmark;2025-07-16;1;
1084;Hovedstaden;2025-07-17;6;
1082;Midtjylland;2025-07-17;1;
1081;Nordjylland;2025-07-17;1;
1083;Syddanmark;2025-07-17;1;
1084;Hovedstaden;2025-07-18;6;
1082;Midtjylland;2025-07-18;1;
1081;Nordjylland;2025-07-18;1;
1085;Sjælland;2025-07-18;2;
1083;Syddanmark;2025-07-18;1;
1082;Midtjylland;2025-07-19;1;
1084;Hovedstaden;2025-07-20;4;
1081;Nordjylland;2025-07-20;1;
1083;Syddanmark;2025-07-20;2;
1084;Hovedstaden;2025-07-21;11;
1082;Midtjylland;2025-07-21;2;
1085;Sjælland;2025-07-21;1;
1084;Hovedstaden;2025-07-22;7;
1081;Nordjylland;2025-07-22;2;
1085;Sjælland;2025-07-22;2;
1084;Hovedstaden;2025-07-23;3;
1082;Midtjylland;2025-07-23;2;
1085;Sjælland;2025-07-23;2;
1083;Syddanmark;2025-07-23;1;
1084;Hovedstaden;2025-07-24;8;
1082;Midtjylland;2025-07-24;2;
1085;Sjælland;2025-07-24;2;
1083;Syddanmark;2025-07-24;1;
1084;Hovedstaden;2025-07-25;4;
1082;Midtjylland;2025-07-25;1;
1081;Nordjylland;2025-07-25;1;
1085;Sjælland;2025-07-25;1;
1083;Syddanmark;2025-07-25;1;
1084;Hovedstaden;2025-07-26;2;
1083;Syddanmark;2025-07-26;2;
1081;Nordjylland;2025-07-27;1;
1083;Syddanmark;2025-07-27;1;
1084;Hovedstaden;2025-07-28;6;
1081;Nordjylland;2025-07-28;1;
1085;Sjælland;2025-07-28;1;
1084;Hovedstaden;2025-07-29;6;
1082;Midtjylland;2025-07-29;1;
1081;Nordjylland;2025-07-29;2;
1085;Sjælland;2025-07-29;1;
1084;Hovedstaden;2025-07-30;2;
1082;Midtjylland;2025-07-30;2;
1081;Nordjylland;2025-07-30;1;
1085;Sjælland;2025-07-30;1;
1084;Hovedstaden;2025-07-31;9;
1082;Midtjylland;2025-07-31;1;
1085;Sjælland;2025-07-31;2;
1083;Syddanmark;2025-07-31;2;
1084;Hovedstaden;2025-08-01;8;
1085;Sjælland;2025-08-01;1;
1084;Hovedstaden;2025-08-02;2;
1081;Nordjylland;2025-08-02;1;
1085;Sjælland;2025-08-02;3;
1084;Hovedstaden;2025-08-04;9;
1081;Nordjylland;2025-08-04;1;
1085;Sjælland;2025-08-04;2;
1084;Hovedstaden;2025-08-05;6;
1082;Midtjylland;2025-08-05;1;
1081;Nordjylland;2025-08-05;1;
1083;Syddanmark;2025-08-05;1;
1084;Hovedstaden;2025-08-06;8;
1081;Nordjylland;2025-08-06;1;
1084;Hovedstaden;2025-08-07;13;
1082;Midtjylland;2025-08-07;1;
1085;Sjælland;2025-08-07;1;
1084;Hovedstaden;2025-08-08;10;
1082;Midtjylland;2025-08-08;1;
1081;Nordjylland;2025-08-08;2;
1085;Sjælland;2025-08-08;5;
1083;Syddanmark;2025-08-08;2;
1084;Hovedstaden;2025-08-09;5;
1085;Sjælland;2025-08-09;3;
1083;Syddanmark;2025-08-09;2;
1084;Hovedstaden;2025-08-10;5;
1082;Midtjylland;2025-08-10;1;
1085;Sjælland;2025-08-10;1;
1084;Hovedstaden;2025-08-11;15;
1082;Midtjylland;2025-08-11;3;
1081;Nordjylland;2025-08-11;1;
1085;Sjælland;2025-08-11;4;
1083;Syddanmark;2025-08-11;4;
1084;Hovedstaden;2025-08-12;23;
1082;Midtjylland;2025-08-12;3;
1085;Sjælland;2025-08-12;1;
1083;Syddanmark;2025-08-12;2;
1084;Hovedstaden;2025-08-13;16;
1082;Midtjylland;2025-08-13;1;
1085;Sjælland;2025-08-13;1;
1083;Syddanmark;2025-08-13;4;
1084;Hovedstaden;2025-08-14;20;
1082;Midtjylland;2025-08-14;1;
1081;Nordjylland;2025-08-14;1;
1085;Sjælland;2025-08-14;2;
1083;Syddanmark;2025-08-14;2;
1084;Hovedstaden;2025-08-15;12;
1082;Midtjylland;2025-08-15;2;
1085;Sjælland;2025-08-15;3;
1083;Syddanmark;2025-08-15;2;
1084;Hovedstaden;2025-08-16;6;
1082;Midtjylland;2025-08-16;1;
1085;Sjælland;2025-08-16;3;
1083;Syddanmark;2025-08-16;2;
1084;Hovedstaden;2025-08-17;3;
1081;Nordjylland;2025-08-17;1;
1085;Sjælland;2025-08-17;2;
1083;Syddanmark;2025-08-17;2;
1084;Hovedstaden;2025-08-18;18;
1082;Midtjylland;2025-08-18;2;
1081;Nordjylland;2025-08-18;4;
1085;Sjælland;2025-08-18;1;
1083;Syddanmark;2025-08-18;4;
1084;Hovedstaden;2025-08-19;11;
1082;Midtjylland;2025-08-19;4;
1081;Nordjylland;2025-08-19;3;
1085;Sjælland;2025-08-19;1;
1083;Syddanmark;2025-08-19;5;
1084;Hovedstaden;2025-08-20;10;
1082;Midtjylland;2025-08-20;1;
1085;Sjælland;2025-08-20;3;
1083;Syddanmark;2025-08-20;5;
1084;Hovedstaden;2025-08-21;14;
1081;Nordjylland;2025-08-21;5;
1085;Sjælland;2025-08-21;3;
1083;Syddanmark;2025-08-21;2;
1084;Hovedstaden;2025-08-22;17;
1082;Midtjylland;2025-08-22;4;
1081;Nordjylland;2025-08-22;5;
1085;Sjælland;2025-08-22;5;
1083;Syddanmark;2025-08-22;6;
1084;Hovedstaden;2025-08-23;5;
1085;Sjælland;2025-08-23;1;
1084;Hovedstaden;2025-08-24;2;
1081;Nordjylland;2025-08-24;2;
1083;Syddanmark;2025-08-24;4;
1084;Hovedstaden;2025-08-25;23;
1082;Midtjylland;2025-08-25;1;
1081;Nordjylland;2025-08-25;3;
1085;Sjælland;2025-08-25;2;
1083;Syddanmark;2025-08-25;5;
1084;Hovedstaden;2025-08-26;14;
1082;Midtjylland;2025-08-26;2;
1081;Nordjylland;2025-08-26;2;
1085;Sjælland;2025-08-26;3;
1083;Syddanmark;2025-08-26;2;
1084;Hovedstaden;2025-08-27;21;
1082;Midtjylland;2025-08-27;1;
1085;Sjælland;2025-08-27;2;
1083;Syddanmark;2025-08-27;6;
1084;Hovedstaden;2025-08-28;9;
1082;Midtjylland;2025-08-28;8;
1085;Sjælland;2025-08-28;2;
1083;Syddanmark;2025-08-28;2;
1084;Hovedstaden;2025-08-29;24;
1082;Midtjylland;2025-08-29;3;
1081;Nordjylland;2025-08-29;3;
1085;Sjælland;2025-08-29;2;
1083;Syddanmark;2025-08-29;9;
1084;Hovedstaden;2025-08-30;11;
1082;Midtjylland;2025-08-30;1;
1085;Sjælland;2025-08-30;3;
1083;Syddanmark;2025-08-30;5;
1084;Hovedstaden;2025-08-31;6;
1082;Midtjylland;2025-08-31;2;
1081;Nordjylland;2025-08-31;4;
1085;Sjælland;2025-08-31;1;
1084;Hovedstaden;2025-09-01;31;
1082;Midtjylland;2025-09-01;5;
1081;Nordjylland;2025-09-01;4;
1085;Sjælland;2025-09-01;1;
1083;Syddanmark;2025-09-01;4;
1084;Hovedstaden;2025-09-02;19;
1082;Midtjylland;2025-09-02;3;
1081;Nordjylland;2025-09-02;2;
1085;Sjælland;2025-09-02;3;
1083;Syddanmark;2025-09-02;3;
1084;Hovedstaden;2025-09-03;26;
1082;Midtjylland;2025-09-03;2;
1081;Nordjylland;2025-09-03;2;
1085;Sjælland;2025-09-03;5;
1083;Syddanmark;2025-09-03;2;
1084;Hovedstaden;2025-09-04;19;
1082;Midtjylland;2025-09-04;6;
1081;Nordjylland;2025-09-04;4;
1085;Sjælland;2025-09-04;4;
1083;Syddanmark;2025-09-04;2;
1084;Hovedstaden;2025-09-05;17;
1082;Midtjylland;2025-09-05;4;
1081;Nordjylland;2025-09-05;8;
1085;Sjælland;2025-09-05;6;
1083;Syddanmark;2025-09-05;3;
1084;Hovedstaden;2025-09-06;5;
1082;Midtjylland;2025-09-06;3;
1081;Nordjylland;2025-09-06;2;
1085;Sjælland;2025-09-06;2;
1083;Syddanmark;2025-09-06;4;
1084;Hovedstaden;2025-09-07;5;
1082;Midtjylland;2025-09-07;1;
1081;Nordjylland;2025-09-07;3;
1085;Sjælland;2025-09-07;2;
1083;Syddanmark;2025-09-07;7;
1084;Hovedstaden;2025-09-08;15;
1082;Midtjylland;2025-09-08;4;
1081;Nordjylland;2025-09-08;7;
1085;Sjælland;2025-09-08;2;
1083;Syddanmark;2025-09-08;8;
1084;Hovedstaden;2025-09-09;19;
1082;Midtjylland;2025-09-09;4;
1081;Nordjylland;2025-09-09;5;
1085;Sjælland;2025-09-09;3;
1083;Syddanmark;2025-09-09;3;
1084;Hovedstaden;2025-09-10;14;
1082;Midtjylland;2025-09-10;1;
1081;Nordjylland;2025-09-10;5;
1085;Sjælland;2025-09-10;2;
1083;Syddanmark;2025-09-10;3;
1084;Hovedstaden;2025-09-11;20;
1082;Midtjylland;2025-09-11;4;
1081;Nordjylland;2025-09-11;4;
1085;Sjælland;2025-09-11;2;
1083;Syddanmark;2025-09-11;10;
1084;Hovedstaden;2025-09-12;8;
1081;Nordjylland;2025-09-12;1;
1085;Sjælland;2025-09-12;3;
1083;Syddanmark;2025-09-12;3;
1084;Hovedstaden;2025-09-13;5;
1082;Midtjylland;2025-09-13;1;
1081;Nordjylland;2025-09-13;1;
1085;Sjælland;2025-09-13;3;
1083;Syddanmark;2025-09-13;1;
1084;Hovedstaden;2025-09-14;6;
1082;Midtjylland;2025-09-14;3;
1081;Nordjylland;2025-09-14;2;
1085;Sjælland;2025-09-14;2;
1083;Syddanmark;2025-09-14;4;
1084;Hovedstaden;2025-09-15;22;
1082;Midtjylland;2025-09-15;4;
1081;Nordjylland;2025-09-15;1;
1085;Sjælland;2025-09-15;2;
1083;Syddanmark;2025-09-15;6;
1084;Hovedstaden;2025-09-16;23;
1082;Midtjylland;2025-09-16;4;
1081;Nordjylland;2025-09-16;3;
1085;Sjælland;2025-09-16;3;
1083;Syddanmark;2025-09-16;2;
1084;Hovedstaden;2025-09-17;24;
1082;Midtjylland;2025-09-17;2;
1081;Nordjylland;2025-09-17;4;
1085;Sjælland;2025-09-17;3;
1083;Syddanmark;2025-09-17;7;
1084;Hovedstaden;2025-09-18;17;
1082;Midtjylland;2025-09-18;4;
1081;Nordjylland;2025-09-18;2;
1085;Sjælland;2025-09-18;3;
1083;Syddanmark;2025-09-18;1;
1084;Hovedstaden;2025-09-19;10;
1082;Midtjylland;2025-09-19;2;
1085;Sjælland;2025-09-19;3;
1083;Syddanmark;2025-09-19;9;
1084;Hovedstaden;2025-09-20;7;
1082;Midtjylland;2025-09-20;2;
1081;Nordjylland;2025-09-20;4;
1085;Sjælland;2025-09-20;3;
1083;Syddanmark;2025-09-20;2;
1084;Hovedstaden;2025-09-21;2;
1082;Midtjylland;2025-09-21;3;
1081;Nordjylland;2025-09-21;2;
1085;Sjælland;2025-09-21;5;
1083;Syddanmark;2025-09-21;4;
1084;Hovedstaden;2025-09-22;17;
1082;Midtjylland;2025-09-22;1;
1081;Nordjylland;2025-09-22;4;
1085;Sjælland;2025-09-22;3;
1083;Syddanmark;2025-09-22;6;
1084;Hovedstaden;2025-09-23;15;
1082;Midtjylland;2025-09-23;2;
1081;Nordjylland;2025-09-23;2;
1085;Sjælland;2025-09-23;3;
1083;Syddanmark;2025-09-23;7;
1084;Hovedstaden;2025-09-24;17;
1082;Midtjylland;2025-09-24;1;
1081;Nordjylland;2025-09-24;1;
1085;Sjælland;2025-09-24;3;
1083;Syddanmark;2025-09-24;6;
1084;Hovedstaden;2025-09-25;20;
1082;Midtjylland;2025-09-25;5;
1081;Nordjylland;2025-09-25;6;
1085;Sjælland;2025-09-25;3;
1083;Syddanmark;2025-09-25;5;
1084;Hovedstaden;2025-09-26;19;
1082;Midtjylland;2025-09-26;2;
1081;Nordjylland;2025-09-26;6;
1085;Sjælland;2025-09-26;6;
1083;Syddanmark;2025-09-26;3;
1084;Hovedstaden;2025-09-27;4;
1082;Midtjylland;2025-09-27;1;
1081;Nordjylland;2025-09-27;6;
1085;Sjælland;2025-09-27;2;
1083;Syddanmark;2025-09-27;1;
1084;Hovedstaden;2025-09-28;10;
1081;Nordjylland;2025-09-28;3;
1085;Sjælland;2025-09-28;1;
1083;Syddanmark;2025-09-28;5;
1084;Hovedstaden;2025-09-29;18;
1082;Midtjylland;2025-09-29;6;
1081;Nordjylland;2025-09-29;3;
1085;Sjælland;2025-09-29;3;
1083;Syddanmark;2025-09-29;5;
1084;Hovedstaden;2025-09-30;22;
1082;Midtjylland;2025-09-30;8;
1081;Nordjylland;2025-09-30;5;
1085;Sjælland;2025-09-30;4;
1084;Hovedstaden;2025-10-01;11;
1082;Midtjylland;2025-10-01;3;
1081;Nordjylland;2025-10-01;6;
1083;Syddanmark;2025-10-01;5;
1084;Hovedstaden;2025-10-02;18;
1082;Midtjylland;2025-10-02;1;
1081;Nordjylland;2025-10-02;4;
1085;Sjælland;2025-10-02;1;
1083;Syddanmark;2025-10-02;6;
1084;Hovedstaden;2025-10-03;21;
1082;Midtjylland;2025-10-03;1;
1081;Nordjylland;2025-10-03;2;
1085;Sjælland;2025-10-03;1;
1083;Syddanmark;2025-10-03;6;
1084;Hovedstaden;2025-10-04;10;
1082;Midtjylland;2025-10-04;2;
1081;Nordjylland;2025-10-04;1;
1085;Sjælland;2025-10-04;2;
1083;Syddanmark;2025-10-04;2;
1084;Hovedstaden;2025-10-05;9;
1082;Midtjylland;2025-10-05;1;
1081;Nordjylland;2025-10-05;6;
1085;Sjælland;2025-10-05;2;
1083;Syddanmark;2025-10-05;5;
1084;Hovedstaden;2025-10-06;30;
1082;Midtjylland;2025-10-06;5;
1081;Nordjylland;2025-10-06;6;
1085;Sjælland;2025-10-06;6;
1083;Syddanmark;2025-10-06;12;
1084;Hovedstaden;2025-10-07;32;
1082;Midtjylland;2025-10-07;6;
1081;Nordjylland;2025-10-07;1;
1085;Sjælland;2025-10-07;2;
1083;Syddanmark;2025-10-07;4;
1084;Hovedstaden;2025-10-08;21;
1085;Sjælland;2025-10-08;4;
1083;Syddanmark;2025-10-08;2;
1084;Hovedstaden;2025-10-09;20;
1082;Midtjylland;2025-10-09;2;
1081;Nordjylland;2025-10-09;3;
1085;Sjælland;2025-10-09;4;
1083;Syddanmark;2025-10-09;5;
1084;Hovedstaden;2025-10-10;21;
1082;Midtjylland;2025-10-10;6;
1081;Nordjylland;2025-10-10;4;
1085;Sjælland;2025-10-10;5;
1083;Syddanmark;2025-10-10;3;
1084;Hovedstaden;2025-10-11;13;
1081;Nordjylland;2025-10-11;3;
1085;Sjælland;2025-10-11;1;
1083;Syddanmark;2025-10-11;2;
1084;Hovedstaden;2025-10-12;5;
1081;Nordjylland;2025-10-12;5;
1085;Sjælland;2025-10-12;3;
1083;Syddanmark;2025-10-12;7;
1084;Hovedstaden;2025-10-13;25;
1082;Midtjylland;2025-10-13;5;
1081;Nordjylland;2025-10-13;8;
1085;Sjælland;2025-10-13;3;
1083;Syddanmark;2025-10-13;5;
1084;Hovedstaden;2025-10-14;16;
1082;Midtjylland;2025-10-14;5;
1081;Nordjylland;2025-10-14;3;
1085;Sjælland;2025-10-14;4;
1083;Syddanmark;2025-10-14;8;
1084;Hovedstaden;2025-10-15;17;
1082;Midtjylland;2025-10-15;3;
1081;Nordjylland;2025-10-15;1;
1085;Sjælland;2025-10-15;4;
1083;Syddanmark;2025-10-15;7;
1084;Hovedstaden;2025-10-16;30;
1082;Midtjylland;2025-10-16;2;
1081;Nordjylland;2025-10-16;1;
1085;Sjælland;2025-10-16;1;
1083;Syddanmark;2025-10-16;4;
1084;Hovedstaden;2025-10-17;19;
1082;Midtjylland;2025-10-17;3;
1081;Nordjylland;2025-10-17;4;
1085;Sjælland;2025-10-17;1;
1083;Syddanmark;2025-10-17;8;
1084;Hovedstaden;2025-10-18;6;
1082;Midtjylland;2025-10-18;1;
1081;Nordjylland;2025-10-18;2;
1085;Sjælland;2025-10-18;4;
1083;Syddanmark;2025-10-18;3;
1084;Hovedstaden;2025-10-19;7;
1082;Midtjylland;2025-10-19;1;
1081;Nordjylland;2025-10-19;3;
1085;Sjælland;2025-10-19;1;
1083;Syddanmark;2025-10-19;5;
1084;Hovedstaden;2025-10-20;10;
1085;Sjælland;2025-10-20;1;
